ticker,trade_date,raw_close,shares_out,legal_shares_out,normalized_shares_out,quoted_nominal_units_out,total_nominal_value_try,market_cap,price_basis,price_quote_unit_basis,share_basis,action_evidence_sha256
A1YEN,2026-09-23,1.7899999618530271,600000000.0,600000000,600000000.0,600000000.0,600000000,1073999977.1118162,POINT_IN_TIME_MARKET_CLOSE_V1,BORSA_CLOSE_PER_1_TRY_NOMINAL_V1,POINT_IN_TIME_MARKET_CLOSE_SHARES_V1,0242460c13524fddf9d51461869568f73ebef39623a4ddc9813cc618996d1cfd
AAGYO,2026-09-23,8.600000381469727,701000000.0,701000000,701000000.0,701000000.0,701000000,6028600267.410278,POINT_IN_TIME_MARKET_CLOSE_V1,BORSA_CLOSE_PER_1_TRY_NOMINAL_V1,POINT_IN_TIME_MARKET_CLOSE_SHARES_V1,8c1981b2ab6b0ecee500dd547554158e4d5a31fd15d02cf42c324d487bfba049
ACSEL,2026-09-23,97.0999984741211,10721700.0,10721700,10721700.0,10721700.0,10721700,1041077053.6399841,POINT_IN_TIME_MARKET_CLOSE_V1,BORSA_CLOSE_PER_1_TRY_NOMINAL_V1,POINT_IN_TIME_MARKET_CLOSE_SHARES_V1,2a777535e8dd91f94da603ed5ad73e9de20568e456d40750f24535357a552203
ADEL,2026-09-23,27.15999984741211,259875000.0,259875000,259875000.0,259875000.0,259875000,7058204960.346222,POINT_IN_TIME_MARKET_CLOSE_V1,BORSA_CLOSE_PER_1_TRY_NOMINAL_V1,POINT_IN_TIME_MARKET_CLOSE_SHARES_V1,9b73e3e4147c02d73acdfed265eceb79b110bd9cfe0cd62dad7382dc68e510ac
ADESE,2026-09-23,0.7099999785423279,5040000000.0,5040000000,5040000000.0,5040000000.0,5040000000,3578399891.8533325,POINT_IN_TIME_MARKET_CLOSE_V1,BORSA_CLOSE_PER_1_TRY_NOMINAL_V1,POINT_IN_TIME_MARKET_CLOSE_SHARES_V1,26195b8ce7232a9f9e9682f3a6cdcddd11f969c278870a959b439b2328abc178
AEFES,2026-09-23,18.81999969482422,5921052630.0,5921052630,5921052630.0,5921052630.0,5921052630,111434208689.63814,POINT_IN_TIME_MARKET_CLOSE_V1,BORSA_CLOSE_PER_1_TRY_NOMINAL_V1,POINT_IN_TIME_MARKET_CLOSE_SHARES_V1,62d7edf177f6d06df7ea34030ad14f4fdc141ec9f0a114325f2c2098747b62fc
AFYON,2026-09-23,11.25,400000000.0,40000000000,400000000.0,400000000.0,400000000,4500000000.0,POINT_IN_TIME_MARKET_CLOSE_V1,BORSA_CLOSE_PER_1_TRY_NOMINAL_V1,POINT_IN_TIME_MARKET_CLOSE_SHARES_V1,9db0c6a7d9b25750acb06a55eb3ef442ee58cbdcb633717f4faaf08bb87e02e8
AGROT,2026-09-23,1.5299999713897705,2400000000.0,2400000000,2400000000.0,2400000000.0,2400000000,3671999931.335449,POINT_IN_TIME_MARKET_CLOSE_V1,BORSA_CLOSE_PER_1_TRY_NOMINAL_V1,POINT_IN_TIME_MARKET_CLOSE_SHARES_V1,c0582390064f1df6bbfd09a2db1040afc09da3ab9e1085b0b58ba07407e9a42d
AGYO,2026-09-23,7.050000190734863,263340000.0,2,263340000.0,263340000.0,263340000,1856547050.228119,POINT_IN_TIME_MARKET_CLOSE_V1,BORSA_CLOSE_PER_1_TRY_NOMINAL_V1,POINT_IN_TIME_MARKET_CLOSE_SHARES_V1,91752d1b7ebe85acaf0307fe54654123f70b9e3ce1e2bf6380fe1b8972146ad0
AHSGY,2026-09-23,11.770000457763672,721500000.0,721500000,721500000.0,721500000.0,721500000,8492055330.276489,POINT_IN_TIME_MARKET_CLOSE_V1,BORSA_CLOSE_PER_1_TRY_NOMINAL_V1,POINT_IN_TIME_MARKET_CLOSE_SHARES_V1,121d803f8e33a6bd93051e308cbd0aa646f74f5cb814c8c8d8ee15b7a4385fa1
AKBNK,2026-09-23,72.94999694824219,5200000000.0,520000000000,5200000000.0,5200000000.0,5200000000,379339984130.8594,POINT_IN_TIME_MARKET_CLOSE_V1,BORSA_CLOSE_PER_1_TRY_NOMINAL_V1,POINT_IN_TIME_MARKET_CLOSE_SHARES_V1,3bb4fa60a55947dbea5f58acf932667278bd5691d69996f6c46f28a221cf1adb
AKCNS,2026-09-23,209.0,191447068.25,19144706825,191447068.25,191447068.25,191447068.25,40012437264.25,POINT_IN_TIME_MARKET_CLOSE_V1,BORSA_CLOSE_PER_1_TRY_NOMINAL_V1,POINT_IN_TIME_MARKET_CLOSE_SHARES_V1,0e9a2abb81ea7fa2e7c92b0d8d26275335811ba8618b7ec08a67050023e921e6
AKENR,2026-09-23,9.239999771118164,729164000.0,72916400000,729164000.0,729164000.0,729164000,6737475193.107605,POINT_IN_TIME_MARKET_CLOSE_V1,BORSA_CLOSE_PER_1_TRY_NOMINAL_V1,POINT_IN_TIME_MARKET_CLOSE_SHARES_V1,d08f9479ed4324dadc4177434c4b672adc3891531a2d359bdff60209e148c4db
AKFIS,2026-09-23,14.460000038146973,3819504468.0,3819504468,3819504468.0,3819504468.0,3819504468,55230034752.98253,POINT_IN_TIME_MARKET_CLOSE_V1,BORSA_CLOSE_PER_1_TRY_NOMINAL_V1,POINT_IN_TIME_MARKET_CLOSE_SHARES_V1,3cdeb6bb28f8c03727753b03003947b86626915898ffce8f9fae515969006287
AKFYE,2026-09-23,3.539999961853028,1196962446.0,1196962446,1196962446.0,1196962446.0,1196962446,4237247013.179507,POINT_IN_TIME_MARKET_CLOSE_V1,BORSA_CLOSE_PER_1_TRY_NOMINAL_V1,POINT_IN_TIME_MARKET_CLOSE_SHARES_V1,92b866a47a379f7eb842b6b1e8d27602d3620e2c09cee4deb02e9eb48424b485
AKMGY,2026-09-23,226.8999938964844,37264000.0,4,37264000.0,37264000.0,37264000,8455201372.558595,POINT_IN_TIME_MARKET_CLOSE_V1,BORSA_CLOSE_PER_1_TRY_NOMINAL_V1,POINT_IN_TIME_MARKET_CLOSE_SHARES_V1,15ec7d84889e5d595e6c4a3138365bc788c73384c33c39dcf390a61ba2c01933
AKSA,2026-09-23,11.0,3885000000.0,388500000000,3885000000.0,3885000000.0,3885000000,42735000000.0,POINT_IN_TIME_MARKET_CLOSE_V1,BORSA_CLOSE_PER_1_TRY_NOMINAL_V1,POINT_IN_TIME_MARKET_CLOSE_SHARES_V1,af027cb01f3d29517859beb1da6a272471f36977c376f033b77354f1daabb5ca
AKSEN,2026-09-23,70.80000305175781,1226338236.0,1226338236,1226338236.0,1226338236.0,1226338236,86824750851.2873,POINT_IN_TIME_MARKET_CLOSE_V1,BORSA_CLOSE_PER_1_TRY_NOMINAL_V1,POINT_IN_TIME_MARKET_CLOSE_SHARES_V1,64c1336467f51e9c8c6088750415a678a7136ccf7f96b43e98e6ae5e080c7040
AKSGY,2026-09-23,9.470000267028809,2415000000.0,2415000000,2415000000.0,2415000000.0,2415000000.000,22870050644.874573,POINT_IN_TIME_MARKET_CLOSE_V1,BORSA_CLOSE_PER_1_TRY_NOMINAL_V1,POINT_IN_TIME_MARKET_CLOSE_SHARES_V1,1e5fcf46f1ee33d5b604fdabd8712d2aebafdd8cb573d1fa15e90f5d26e1df9b
AKSUE,2026-09-23,18.809999465942383,66000000.0,2,66000000.0,66000000.0,66000000.00,1241459964.7521973,POINT_IN_TIME_MARKET_CLOSE_V1,BORSA_CLOSE_PER_1_TRY_NOMINAL_V1,POINT_IN_TIME_MARKET_CLOSE_SHARES_V1,fc5fae67d6172cf63dbcfd6e74492583fc90129b4421292877bc8b145ba05576
ALARK,2026-09-23,109.1999969482422,417000000.0,41700000000,417000000.0,417000000.0,417000000,45536398727.417,POINT_IN_TIME_MARKET_CLOSE_V1,BORSA_CLOSE_PER_1_TRY_NOMINAL_V1,POINT_IN_TIME_MARKET_CLOSE_SHARES_V1,d4c727412575320a875c1d3fa3c55900ca63fa914004e0811d48f8a77e99bb52
ALBTN,2026-09-23,23.86000061035156,250000000.0,250000000,250000000.0,250000000.0,250000000,5965000152.58789,POINT_IN_TIME_MARKET_CLOSE_V1,BORSA_CLOSE_PER_1_TRY_NOMINAL_V1,POINT_IN_TIME_MARKET_CLOSE_SHARES_V1,640f3157b988b8a4c1b86b81f27835b41b3d7a958ff3d5e05c79526efab8a03f
ALCAR,2026-09-23,656.0,10800000.0,1080000000,10800000.0,10800000.0,10800000,7084800000.0,POINT_IN_TIME_MARKET_CLOSE_V1,BORSA_CLOSE_PER_1_TRY_NOMINAL_V1,POINT_IN_TIME_MARKET_CLOSE_SHARES_V1,334ef4394e32976161fc689ec78ad4cbc550b4f2ab27769e66a4ac3cd8da2c2a
ALCTL,2026-09-23,93.0,38700772.0,3870077200,38700772.0,38700772.0,38700772,3599171796.0,POINT_IN_TIME_MARKET_CLOSE_V1,BORSA_CLOSE_PER_1_TRY_NOMINAL_V1,POINT_IN_TIME_MARKET_CLOSE_SHARES_V1,ad0fb53c9decb5854222e761c53682af9b60098d47f3a367a334aa86ac4cccc5
ALFAS,2026-09-23,33.7599983215332,368000000.0,368000000,368000000.0,368000000.0,368000000,12423679382.324219,POINT_IN_TIME_MARKET_CLOSE_V1,BORSA_CLOSE_PER_1_TRY_NOMINAL_V1,POINT_IN_TIME_MARKET_CLOSE_SHARES_V1,809fc597a8667cb64906e685f38721f3c4b38f6117f594cf187360fa970eed0b
ALGYO,2026-09-23,3.140000104904175,2028600000.0,202860000000,2028600000.0,2028600000.0,2028600000,6369804212.808609,POINT_IN_TIME_MARKET_CLOSE_V1,BORSA_CLOSE_PER_1_TRY_NOMINAL_V1,POINT_IN_TIME_MARKET_CLOSE_SHARES_V1,0f78ef75b4c26a853585ada5ca106eb1eaa92e7b643a6eeb52d0bac12f008d19
ALKA,2026-09-23,6.769999980926514,735000000.0,73500000000,735000000.0,735000000.0,735000000,4975949985.980988,POINT_IN_TIME_MARKET_CLOSE_V1,BORSA_CLOSE_PER_1_TRY_NOMINAL_V1,POINT_IN_TIME_MARKET_CLOSE_SHARES_V1,79deb1bb49ed9dae32c18fe0a90e19ea5fb57de129dcd3607328e40d872bece8
ALKIM,2026-09-23,13.09000015258789,300000000.0,30000000000,300000000.0,300000000.0,300000000.00,3927000045.776367,POINT_IN_TIME_MARKET_CLOSE_V1,BORSA_CLOSE_PER_1_TRY_NOMINAL_V1,POINT_IN_TIME_MARKET_CLOSE_SHARES_V1,6b6aae7da0a356ba9b049f8c7590601bfdd5bdf754e4abc03163632e86711cf7
ALVES,2026-09-23,0.6200000047683716,1600000000.0,1600000000,1600000000.0,1600000000.0,1600000000,992000007.6293945,POINT_IN_TIME_MARKET_CLOSE_V1,BORSA_CLOSE_PER_1_TRY_NOMINAL_V1,POINT_IN_TIME_MARKET_CLOSE_SHARES_V1,b5a5633272457d236b116e43110bf40eedf453c671abada80addec863bbaaf73
ANELE,2026-09-23,76.6500015258789,265000000.0,265000000,265000000.0,265000000.0,265000000.000,20312250404.35791,POINT_IN_TIME_MARKET_CLOSE_V1,BORSA_CLOSE_PER_1_TRY_NOMINAL_V1,POINT_IN_TIME_MARKET_CLOSE_SHARES_V1,0608a75b488033deac093295278362f80586115275d8636db11aee68760caa9c
ANGEN,2026-09-23,7.309999942779541,220000000.0,220000000,220000000.0,220000000.0,220000000,1608199987.411499,POINT_IN_TIME_MARKET_CLOSE_V1,BORSA_CLOSE_PER_1_TRY_NOMINAL_V1,POINT_IN_TIME_MARKET_CLOSE_SHARES_V1,607d54ab26197278d40a42ea2fa90a0603680765ffe768ea80e25954f241e86b
ANHYT,2026-09-23,102.5,430000000.0,43000000000,430000000.0,430000000.0,430000000,44075000000.0,POINT_IN_TIME_MARKET_CLOSE_V1,BORSA_CLOSE_PER_1_TRY_NOMINAL_V1,POINT_IN_TIME_MARKET_CLOSE_SHARES_V1,be56b921400c4053954791b47be506d25d0211135dec0ce168420c589f5380b6
ANSGR,2026-09-23,25.81999969482422,2000000000.0,200000000000,2000000000.0,2000000000.0,2000000000,51639999389.64844,POINT_IN_TIME_MARKET_CLOSE_V1,BORSA_CLOSE_PER_1_TRY_NOMINAL_V1,POINT_IN_TIME_MARKET_CLOSE_SHARES_V1,68456a25b7bef8aed53cbf736897d98a49bb3170f482e91f3cec3a4fd19b5313
ARASE,2026-09-23,100.0,250000000.0,250000000,250000000.0,250000000.0,250000000.00,25000000000.0,POINT_IN_TIME_MARKET_CLOSE_V1,BORSA_CLOSE_PER_1_TRY_NOMINAL_V1,POINT_IN_TIME_MARKET_CLOSE_SHARES_V1,8e2131b8bd5ccc3c76d0708d73f1bcb7d8e82601be7ab83f88aa353f9a09ae05
ARCLK,2026-09-23,88.30000305175781,675728205.0,67572820500,675728205.0,675728205.0,675728205,59666802563.65883,POINT_IN_TIME_MARKET_CLOSE_V1,BORSA_CLOSE_PER_1_TRY_NOMINAL_V1,POINT_IN_TIME_MARKET_CLOSE_SHARES_V1,4ff3cf1c49c9bff80a5a7fce3aaf8846bef1e18189e63cb96582c57ddff8e9c8
ARENA,2026-09-23,16.420000076293945,100000000.0,10000000000,100000000.0,100000000.0,100000000,1642000007.6293945,POINT_IN_TIME_MARKET_CLOSE_V1,BORSA_CLOSE_PER_1_TRY_NOMINAL_V1,POINT_IN_TIME_MARKET_CLOSE_SHARES_V1,f32e976d89b18e9da6630a22ab88843a71e330150ad57ab81bfb1acfdacc6131
ARFYE,2026-09-23,14.3100004196167,182837401.0,182837401,182837401.0,182837401.0,182837401,2616403285.0316267,POINT_IN_TIME_MARKET_CLOSE_V1,BORSA_CLOSE_PER_1_TRY_NOMINAL_V1,POINT_IN_TIME_MARKET_CLOSE_SHARES_V1,99b90846e132dcf227477f3d9665fab9e1a5670e18697406249af6fd8b2cf0cb
ARMGD,2026-09-23,121.5,263980843.0,2,263980843.0,263980843.0,263980843,32073672424.5,POINT_IN_TIME_MARKET_CLOSE_V1,BORSA_CLOSE_PER_1_TRY_NOMINAL_V1,POINT_IN_TIME_MARKET_CLOSE_SHARES_V1,772675a87e3bc0eece32f424273f6db5d3780d401e2c8bc15817dfcbb4297e52
ARSAN,2026-09-23,3.849999904632568,1762000000.0,1762000000,1762000000.0,1762000000.0,1762000000,6783699831.9625845,POINT_IN_TIME_MARKET_CLOSE_V1,BORSA_CLOSE_PER_1_TRY_NOMINAL_V1,POINT_IN_TIME_MARKET_CLOSE_SHARES_V1,c805f68c0f460988454b98fd93c9f8cb3078e92ba9dc9f9a9edd7c5a0c839ce4
ARZUM,2026-09-23,1.25,600000000.0,600000000,600000000.0,600000000.0,600000000,750000000.0,POINT_IN_TIME_MARKET_CLOSE_V1,BORSA_CLOSE_PER_1_TRY_NOMINAL_V1,POINT_IN_TIME_MARKET_CLOSE_SHARES_V1,e3d8de5fb6dd70e2be8c29c0066a6218ee7083ce5792811e13704d85d35add10
ASELS,2026-09-23,381.5,4560000000.0,4560000000,4560000000.0,4560000000.0,4560000000.000,1739640000000.0,POINT_IN_TIME_MARKET_CLOSE_V1,BORSA_CLOSE_PER_1_TRY_NOMINAL_V1,POINT_IN_TIME_MARKET_CLOSE_SHARES_V1,0b016faf73e59280053aa2cc8fa0a42f28a6942c87053653102e27dc263306b4
ASGYO,2026-09-23,9.880000114440918,659000000.0,659000000,659000000.0,659000000.0,659000000,6510920075.416565,POINT_IN_TIME_MARKET_CLOSE_V1,BORSA_CLOSE_PER_1_TRY_NOMINAL_V1,POINT_IN_TIME_MARKET_CLOSE_SHARES_V1,072d3c90128458cbbee3744dbb5a8c6697a377bbb099843716c2291fb7ae62c2
ASTOR,2026-09-23,266.0,998000000.0,998000000,998000000.0,998000000.0,998000000,265468000000.0,POINT_IN_TIME_MARKET_CLOSE_V1,BORSA_CLOSE_PER_1_TRY_NOMINAL_V1,POINT_IN_TIME_MARKET_CLOSE_SHARES_V1,f133d055716573a83e0ce7cb11918761ff26e7bb362cf9d5ff948bd23233149e
ASUZU,2026-09-23,45.0,252000000.0,25200000000,252000000.0,252000000.0,252000000.000,11340000000.0,POINT_IN_TIME_MARKET_CLOSE_V1,BORSA_CLOSE_PER_1_TRY_NOMINAL_V1,POINT_IN_TIME_MARKET_CLOSE_SHARES_V1,2853dc31a511a0003eae658836de95820505c5bbe1820a1039ae58fe90a0d21f
ATAKP,2026-09-23,35.97999954223633,138768000.0,138768000,138768000.0,138768000.0,138768000,4992872576.477051,POINT_IN_TIME_MARKET_CLOSE_V1,BORSA_CLOSE_PER_1_TRY_NOMINAL_V1,POINT_IN_TIME_MARKET_CLOSE_SHARES_V1,de208d1c1a15488ac78cb2f6533e3e810ca5dd4c802c984e8bf170926584bed7
ATATP,2026-09-23,254.75,93750000.0,93750000,93750000.0,93750000.0,93750000,23882812500.0,POINT_IN_TIME_MARKET_CLOSE_V1,BORSA_CLOSE_PER_1_TRY_NOMINAL_V1,POINT_IN_TIME_MARKET_CLOSE_SHARES_V1,df2f54af48865fbca816097d4f0c79987d62bc752c79289132aea2b1b1d8971d
ATATR,2026-09-23,6.760000228881836,802845890.0,802845890,802845890.0,802845890.0,802845890,5427238400.156841,POINT_IN_TIME_MARKET_CLOSE_V1,BORSA_CLOSE_PER_1_TRY_NOMINAL_V1,POINT_IN_TIME_MARKET_CLOSE_SHARES_V1,6aaf3a50c0e70be036a16b1f9de1c898ced531af61c64330a7da125e126d3500
ATEKS,2026-09-23,92.4000015258789,25200000.0,3,25200000.0,25200000.0,25200000,2328480038.4521484,POINT_IN_TIME_MARKET_CLOSE_V1,BORSA_CLOSE_PER_1_TRY_NOMINAL_V1,POINT_IN_TIME_MARKET_CLOSE_SHARES_V1,2c77cd8b5c0b0ba1b4f01ca9bd5432c9d00416f5d7ff14f394ab06ebe343c691
ATLAS,2026-09-23,5.5,60000000.0,6000000000,60000000.0,60000000.0,60000000.000,330000000.0,POINT_IN_TIME_MARKET_CLOSE_V1,BORSA_CLOSE_PER_1_TRY_NOMINAL_V1,POINT_IN_TIME_MARKET_CLOSE_SHARES_V1,e4cc1d81a85b966a90ecadb9ca3c683647b923cdf502da451bf47fd965a31bfc
ATSYH,2026-09-23,82.4000015258789,8000000.0,800000000,8000000.0,8000000.0,8000000,659200012.2070312,POINT_IN_TIME_MARKET_CLOSE_V1,BORSA_CLOSE_PER_1_TRY_NOMINAL_V1,POINT_IN_TIME_MARKET_CLOSE_SHARES_V1,21ee5116909b6e723049cfb3ab60f6cc60ffe8ed8405192455da968a776fa9e2
AVGYO,2026-09-23,16.010000228881836,111600000.0,11160000000,111600000.0,111600000.0,111600000,1786716025.543213,POINT_IN_TIME_MARKET_CLOSE_V1,BORSA_CLOSE_PER_1_TRY_NOMINAL_V1,POINT_IN_TIME_MARKET_CLOSE_SHARES_V1,1cd5d7316363735b2911ef2130c6bef5a333c6716745a83ef424f29722b44b89
AVHOL,2026-09-23,27.07999992370605,37250000.0,3725000000,37250000.0,37250000.0,37250000,1008729997.1580504,POINT_IN_TIME_MARKET_CLOSE_V1,BORSA_CLOSE_PER_1_TRY_NOMINAL_V1,POINT_IN_TIME_MARKET_CLOSE_SHARES_V1,4d4f01392f31748822bcbba80e1fc2b788e27fa143a3d1736f8a61ce63f657db
AVOD,2026-09-23,3.369999885559082,270000000.0,27000000000,270000000.0,270000000.0,270000000.000,909899969.1009521,POINT_IN_TIME_MARKET_CLOSE_V1,BORSA_CLOSE_PER_1_TRY_NOMINAL_V1,POINT_IN_TIME_MARKET_CLOSE_SHARES_V1,b8fbd9c52dbdbedd99941bdb3388fe6d5f048e2a6641678a7925988f08ebd706
AVTUR,2026-09-23,10.670000076293944,45000000.0,4500000000,45000000.0,45000000.0,45000000,480150003.4332275,POINT_IN_TIME_MARKET_CLOSE_V1,BORSA_CLOSE_PER_1_TRY_NOMINAL_V1,POINT_IN_TIME_MARKET_CLOSE_SHARES_V1,8f9e57eb9e10997c99aec486995b8cd40a8fcef1f2d538a2332ba705cfb76207
AYCES,2026-09-23,401.25,25000000.0,2500000000,25000000.0,25000000.0,25000000.000,10031250000.0,POINT_IN_TIME_MARKET_CLOSE_V1,BORSA_CLOSE_PER_1_TRY_NOMINAL_V1,POINT_IN_TIME_MARKET_CLOSE_SHARES_V1,fd69aa0235730c6b5fa19d70f20e6f0e70fb19099cd2d602344fdb6d0a537b28
AYDEM,2026-09-23,24.0,705000000.0,705000000,705000000.0,705000000.0,705000000,16920000000.0,POINT_IN_TIME_MARKET_CLOSE_V1,BORSA_CLOSE_PER_1_TRY_NOMINAL_V1,POINT_IN_TIME_MARKET_CLOSE_SHARES_V1,96f36bec00dfee5ec38ca0c12c036449dd1cef29478594cca09c1a40c096d536
AYEN,2026-09-23,27.780000686645508,277500000.0,27750000000,277500000.0,277500000.0,277500000.00,7708950190.544128,POINT_IN_TIME_MARKET_CLOSE_V1,BORSA_CLOSE_PER_1_TRY_NOMINAL_V1,POINT_IN_TIME_MARKET_CLOSE_SHARES_V1,78c02c9e749e6dadadd3d0f917399b1870e2e755b6d26f5d8e2d2711c4a00714
AYES,2026-09-23,23.57999992370605,150000000.0,150000000,150000000.0,150000000.0,150000000,3536999988.5559077,POINT_IN_TIME_MARKET_CLOSE_V1,BORSA_CLOSE_PER_1_TRY_NOMINAL_V1,POINT_IN_TIME_MARKET_CLOSE_SHARES_V1,71c113afb24d734338558d004bbdc284c15a6e499b5e15528cf5a1227c66ce41
AYGAZ,2026-09-23,309.0,219800767.0,21980076700,219800767.0,219800767.0,219800767,67918437003.0,POINT_IN_TIME_MARKET_CLOSE_V1,BORSA_CLOSE_PER_1_TRY_NOMINAL_V1,POINT_IN_TIME_MARKET_CLOSE_SHARES_V1,d0f8e0dc1b20b9067f6ba23e915c99303373afb9533ee337d0173518c9ebfdf0
AZTEK,2026-09-23,3.4800000190734863,1000000000.0,1000000000,1000000000.0,1000000000.0,1000000000,3480000019.0734863,POINT_IN_TIME_MARKET_CLOSE_V1,BORSA_CLOSE_PER_1_TRY_NOMINAL_V1,POINT_IN_TIME_MARKET_CLOSE_SHARES_V1,24d1fca018c74ba05d0c57f333b5500198a4cc46a92721284b914b4e5ce50595
BAGFS,2026-09-23,23.81999969482422,135000000.0,13500000000,135000000.0,135000000.0,135000000,3215699958.8012695,POINT_IN_TIME_MARKET_CLOSE_V1,BORSA_CLOSE_PER_1_TRY_NOMINAL_V1,POINT_IN_TIME_MARKET_CLOSE_SHARES_V1,40416627004fd6cf660caaf41fea6144925212e6c5cb10e679af262c7648d426
BAHKM,2026-09-23,192.0,55000000.0,55000000,55000000.0,55000000.0,55000000,10560000000.0,POINT_IN_TIME_MARKET_CLOSE_V1,BORSA_CLOSE_PER_1_TRY_NOMINAL_V1,POINT_IN_TIME_MARKET_CLOSE_SHARES_V1,57bf50146a5b76bbf0017465c472b2d78cf9250c89b35f597aacc9d3fe41a24a
BAKAB,2026-09-23,33.97999954223633,72000000.0,7200000000,72000000.0,72000000.0,72000000,2446559967.0410156,POINT_IN_TIME_MARKET_CLOSE_V1,BORSA_CLOSE_PER_1_TRY_NOMINAL_V1,POINT_IN_TIME_MARKET_CLOSE_SHARES_V1,9e460867843fa8e30d3844a4ead2a23c3896a2f91fb2493170cb9515b1405f31
BALSU,2026-09-23,6.889999866485596,1112000000.0,1112000000,1112000000.0,1112000000.0,1112000000,7661679851.531982,POINT_IN_TIME_MARKET_CLOSE_V1,BORSA_CLOSE_PER_1_TRY_NOMINAL_V1,POINT_IN_TIME_MARKET_CLOSE_SHARES_V1,dc0b2bdb7d9d8a6195ee8ab12daf847ac86a512907b1443a30362497ccc2b144
BANVT,2026-09-23,135.8000030517578,100023579.0,100023579,100023579.0,100023579.0,100023579,13583202333.447739,POINT_IN_TIME_MARKET_CLOSE_V1,BORSA_CLOSE_PER_1_TRY_NOMINAL_V1,POINT_IN_TIME_MARKET_CLOSE_SHARES_V1,c9fcbbf0d22d4761c434a0ebbe9475e4a386efb2d0c30d6994b7083d7ade62ba
BARMA,2026-09-23,7.460000038146973,262500000.0,262500000,262500000.0,262500000.0,262500000,1958250010.0135803,POINT_IN_TIME_MARKET_CLOSE_V1,BORSA_CLOSE_PER_1_TRY_NOMINAL_V1,POINT_IN_TIME_MARKET_CLOSE_SHARES_V1,494a1ca42d1cb52b2a221fbd59904b73538f64b7e049ef6a90084e238dbfcf07
BASGZ,2026-09-23,41.5,700000000.0,700000000,700000000.0,700000000.0,700000000,29050000000.0,POINT_IN_TIME_MARKET_CLOSE_V1,BORSA_CLOSE_PER_1_TRY_NOMINAL_V1,POINT_IN_TIME_MARKET_CLOSE_SHARES_V1,c593836dbc54b142953a114c8a7cb51fd39d6e8506e492c8729c2039b25ac822
BAYRK,2026-09-23,3.059999942779541,249999992.0,249999992,249999992.0,249999992.0,249999992,764999961.2148857,POINT_IN_TIME_MARKET_CLOSE_V1,BORSA_CLOSE_PER_1_TRY_NOMINAL_V1,POINT_IN_TIME_MARKET_CLOSE_SHARES_V1,5ff924d1678bca74cd775a8af01b78c3f7c33e66c20c797c30e6e470c7f249e6
BEGYO,2026-09-23,2.880000114440918,815000000.0,815000000,815000000.0,815000000.0,815000000,2347200093.269348,POINT_IN_TIME_MARKET_CLOSE_V1,BORSA_CLOSE_PER_1_TRY_NOMINAL_V1,POINT_IN_TIME_MARKET_CLOSE_SHARES_V1,49a858c06adfceb630e67f83d33a7c1d7c9db5cba89f3efd8433b5558f41c474
BESTE,2026-09-23,22.76000022888184,188205000.0,188205000,188205000.0,188205000.0,188205000,4283545843.0767064,POINT_IN_TIME_MARKET_CLOSE_V1,BORSA_CLOSE_PER_1_TRY_NOMINAL_V1,POINT_IN_TIME_MARKET_CLOSE_SHARES_V1,cb9dc834f3099556cda4430f8ca5f858b5b8bc5c65c799e7ad88800e5276b870
BETAE,2026-09-23,61.25,405000000.0,405000000,405000000.0,405000000.0,405000000,24806250000.0,POINT_IN_TIME_MARKET_CLOSE_V1,BORSA_CLOSE_PER_1_TRY_NOMINAL_V1,POINT_IN_TIME_MARKET_CLOSE_SHARES_V1,270c61b0deb8746db5c231c789ea0e29ea22fee5cc25a1a0c8ba112cebe318a0
BEYAZ,2026-09-23,19.59000015258789,99687500.0,99687500,99687500.0,99687500.0,99687500,1952878140.2111053,POINT_IN_TIME_MARKET_CLOSE_V1,BORSA_CLOSE_PER_1_TRY_NOMINAL_V1,POINT_IN_TIME_MARKET_CLOSE_SHARES_V1,4a3cbf24cfbe50a009a626ec39060d475fb30a77e3ee0e2b4a41c39b768d93a5
BFREN,2026-09-23,114.4000015258789,122522806.0,12252280600,122522806.0,122522806.0,122522806.000,14016609193.354965,POINT_IN_TIME_MARKET_CLOSE_V1,BORSA_CLOSE_PER_1_TRY_NOMINAL_V1,POINT_IN_TIME_MARKET_CLOSE_SHARES_V1,c921b9a42b1e75744b4479d866fe7a02c36973d89202fe6f9a291caa52318010
BIENY,2026-09-23,16.6299991607666,361000000.0,361000000,361000000.0,361000000.0,361000000,6003429697.036743,POINT_IN_TIME_MARKET_CLOSE_V1,BORSA_CLOSE_PER_1_TRY_NOMINAL_V1,POINT_IN_TIME_MARKET_CLOSE_SHARES_V1,d427385916eb1abb1ed1159487bc454555c7c0d9bc6b65b45c28e31d29eca844
BIGCH,2026-09-23,4.159999847412109,535000000.0,535000000,535000000.0,535000000.0,535000000,2225599918.3654785,POINT_IN_TIME_MARKET_CLOSE_V1,BORSA_CLOSE_PER_1_TRY_NOMINAL_V1,POINT_IN_TIME_MARKET_CLOSE_SHARES_V1,95b3bbf36b642db86e3a8095fe898599246aab26377f42c1ba87b3c262fbd3c1
BIGEN,2026-09-23,83.55000305175781,577000000.0,2,577000000.0,577000000.0,577000000,48208351760.86426,POINT_IN_TIME_MARKET_CLOSE_V1,BORSA_CLOSE_PER_1_TRY_NOMINAL_V1,POINT_IN_TIME_MARKET_CLOSE_SHARES_V1,3ec9fa4f866f76db6e347833b731ad67c92e185ca79c50fff37f47331965aa99
BIMAS,2026-09-23,433.75,1200000000.0,1200000000,1200000000.0,1200000000.0,1200000000,520500000000.0,POINT_IN_TIME_MARKET_CLOSE_V1,BORSA_CLOSE_PER_1_TRY_NOMINAL_V1,POINT_IN_TIME_MARKET_CLOSE_SHARES_V1,a5113d15ebd4c39ab95d17896defbc6e84ffe07b4415ec733a8d4a3563c920c0
BINBN,2026-09-23,99.0999984741211,112000000.0,112000000,112000000.0,112000000.0,112000000,11099199829.101562,POINT_IN_TIME_MARKET_CLOSE_V1,BORSA_CLOSE_PER_1_TRY_NOMINAL_V1,POINT_IN_TIME_MARKET_CLOSE_SHARES_V1,1585c3c73582ef273ce446bb30e8dbdec98ea0459b0fce3467a69151c3fdd3b9
BINHO,2026-09-23,7.079999923706055,1290150000.0,1290150000,1290150000.0,1290150000.0,1290150000,9134261901.569366,POINT_IN_TIME_MARKET_CLOSE_V1,BORSA_CLOSE_PER_1_TRY_NOMINAL_V1,POINT_IN_TIME_MARKET_CLOSE_SHARES_V1,78dfc99ab9808fd6b46d1d12055f7f04ee0feaf136d5b4a47c76760ee68b019e
BIOEN,2026-09-23,10.56999969482422,500000000.0,500000000,500000000.0,500000000.0,500000000,5284999847.41211,POINT_IN_TIME_MARKET_CLOSE_V1,BORSA_CLOSE_PER_1_TRY_NOMINAL_V1,POINT_IN_TIME_MARKET_CLOSE_SHARES_V1,75af5421f255bdd62e42438d1096cdf2fe370c1deba746bd70ab05a30785f700
BIZIM,2026-09-23,21.100000381469727,80476074.0,80476074,80476074.0,80476074.0,80476074,1698045192.099186,POINT_IN_TIME_MARKET_CLOSE_V1,BORSA_CLOSE_PER_1_TRY_NOMINAL_V1,POINT_IN_TIME_MARKET_CLOSE_SHARES_V1,cbe9a7a2864adb700ee47072c10e8463816f4fc5d62d29229ad9940ef1b45f7d
BJKAS,2026-09-23,1.7000000476837158,4364569202.0,4364569202,4364569202.0,4364569202.0,4364569202,7419767851.518877,POINT_IN_TIME_MARKET_CLOSE_V1,BORSA_CLOSE_PER_1_TRY_NOMINAL_V1,POINT_IN_TIME_MARKET_CLOSE_SHARES_V1,8c0add39d1553645f058e40de2954ed851a1b5e66323bf07277faf6aa95e75c9
BLCYT,2026-09-23,1.6299999952316284,100000000.0,100000000,100000000.0,100000000.0,100000000,162999999.52316284,POINT_IN_TIME_MARKET_CLOSE_V1,BORSA_CLOSE_PER_1_TRY_NOMINAL_V1,POINT_IN_TIME_MARKET_CLOSE_SHARES_V1,5ef7a57fc472e9e5e049c9aa14d50e4ce7bdec0dce48618bc24c7c8d100305e9
BMSCH,2026-09-23,9.329999923706056,100000000.0,100000000,100000000.0,100000000.0,100000000.000,932999992.3706056,POINT_IN_TIME_MARKET_CLOSE_V1,BORSA_CLOSE_PER_1_TRY_NOMINAL_V1,POINT_IN_TIME_MARKET_CLOSE_SHARES_V1,41db4a1a0b3b2e3ddfb6a67eb568c6f4f032ff93067d98aadd2569f31ec47116
BNTAS,2026-09-23,5.480000019073486,241875000.0,2,241875000.0,241875000.0,241875000,1325475004.6133995,POINT_IN_TIME_MARKET_CLOSE_V1,BORSA_CLOSE_PER_1_TRY_NOMINAL_V1,POINT_IN_TIME_MARKET_CLOSE_SHARES_V1,d08175e6c0b2d1741bde514abf77e6020bdc2c245ffafa02656522fceb28edd4
BOBET,2026-09-23,17.020000457763672,380000000.0,380000000,380000000.0,380000000.0,380000000,6467600173.950195,POINT_IN_TIME_MARKET_CLOSE_V1,BORSA_CLOSE_PER_1_TRY_NOMINAL_V1,POINT_IN_TIME_MARKET_CLOSE_SHARES_V1,bbbe23d7ef575ce61a56f2193d89e7aece442fec219df93684249133ebbe0027
BORLS,2026-09-23,2.069999933242798,700000000.0,700000000,700000000.0,700000000.0,700000000,1448999953.2699585,POINT_IN_TIME_MARKET_CLOSE_V1,BORSA_CLOSE_PER_1_TRY_NOMINAL_V1,POINT_IN_TIME_MARKET_CLOSE_SHARES_V1,06567562943cfc94553a8aeb2fe47b608b72f623f36ae7bc4330839b0f50826b
BOSSA,2026-09-23,6.420000076293945,1300000000.0,130000000000,1300000000.0,1300000000.0,1300000000,8346000099.182129,POINT_IN_TIME_MARKET_CLOSE_V1,BORSA_CLOSE_PER_1_TRY_NOMINAL_V1,POINT_IN_TIME_MARKET_CLOSE_SHARES_V1,958ea8fde4ed094f8089d645cabf3a4809de507b5fe0c7c70ad8fff8ca3a808e
BRKO,2026-09-23,6.989999771118164,140000000.0,14000000000,140000000.0,140000000.0,140000000,978599967.956543,POINT_IN_TIME_MARKET_CLOSE_V1,BORSA_CLOSE_PER_1_TRY_NOMINAL_V1,POINT_IN_TIME_MARKET_CLOSE_SHARES_V1,752f30c29dce2b9da12fb73744aa9501fa040290beea7db14df692f49e8a8835
BRKSN,2026-09-23,6.760000228881836,93600000.0,93600000,93600000.0,93600000.0,93600000,632736021.4233398,POINT_IN_TIME_MARKET_CLOSE_V1,BORSA_CLOSE_PER_1_TRY_NOMINAL_V1,POINT_IN_TIME_MARKET_CLOSE_SHARES_V1,64de0448e5eff9a7554b98f20c774ab3b4e95a3d4c80dd7751165f20fab21759
BRLSM,2026-09-23,13.25,224000000.0,2,224000000.0,224000000.0,224000000.00,2968000000.0,POINT_IN_TIME_MARKET_CLOSE_V1,BORSA_CLOSE_PER_1_TRY_NOMINAL_V1,POINT_IN_TIME_MARKET_CLOSE_SHARES_V1,164639ed5f0b46365b8e056c4b5ca2c79d5541b3d8d6815796de3c6d87d55ea7
BRMEN,2026-09-23,7.400000095367432,89254042.64,8925404264,89254042.64,89254042.64,89254042.64,660479924.0479288,POINT_IN_TIME_MARKET_CLOSE_V1,BORSA_CLOSE_PER_1_TRY_NOMINAL_V1,POINT_IN_TIME_MARKET_CLOSE_SHARES_V1,9f436d4e601686a9e399e5c6d87a2cbcfd9d6fc82c28da2e2fb124abc50ee59c
BRSAN,2026-09-23,667.5,141771582.28,14177158228,141771582.28,141771582.28,141771582.28,94632531171.9,POINT_IN_TIME_MARKET_CLOSE_V1,BORSA_CLOSE_PER_1_TRY_NOMINAL_V1,POINT_IN_TIME_MARKET_CLOSE_SHARES_V1,c2601da670e971eb872aaba66ec5d43c49507a2447ea121cdb3d1c5749048e87
BRYAT,2026-09-23,1563.0,28125000.0,2812500000,28125000.0,28125000.0,28125000,43959375000.0,POINT_IN_TIME_MARKET_CLOSE_V1,BORSA_CLOSE_PER_1_TRY_NOMINAL_V1,POINT_IN_TIME_MARKET_CLOSE_SHARES_V1,5acf606386c6f66ff4990bacc1cedc69f3ecc9419f1d7f38cf1e981264ec3413
BSOKE,2026-09-23,10.4399995803833,1600000000.0,160000000000,1600000000.0,1600000000.0,1600000000.00,16703999328.613281,POINT_IN_TIME_MARKET_CLOSE_V1,BORSA_CLOSE_PER_1_TRY_NOMINAL_V1,POINT_IN_TIME_MARKET_CLOSE_SHARES_V1,b670436cc66c8a05acf1a1dbb8c88f80b81c60762b69e28aded917e082588ea8
BTCIM,2026-09-23,2.369999885559082,5580000000.0,558000000000,5580000000.0,5580000000.0,5580000000,13224599361.419678,POINT_IN_TIME_MARKET_CLOSE_V1,BORSA_CLOSE_PER_1_TRY_NOMINAL_V1,POINT_IN_TIME_MARKET_CLOSE_SHARES_V1,44258ef79dce411270b4070fddcead94836856c334ad44d0323b7f0f1f3f04d1
BUCIM,2026-09-23,5.170000076293945,1500000000.0,150000000000,1500000000.0,1500000000.0,1500000000,7755000114.440918,POINT_IN_TIME_MARKET_CLOSE_V1,BORSA_CLOSE_PER_1_TRY_NOMINAL_V1,POINT_IN_TIME_MARKET_CLOSE_SHARES_V1,81394c132fee512e14cb05bfac1e111cb8b61b4d94e2fb72c021ae12c70c711a
BULGS,2026-09-23,15.369999885559082,268000000.0,268000000,268000000.0,268000000.0,268000000,4119159969.329834,POINT_IN_TIME_MARKET_CLOSE_V1,BORSA_CLOSE_PER_1_TRY_NOMINAL_V1,POINT_IN_TIME_MARKET_CLOSE_SHARES_V1,e9b473759df706cdacae84ba84359784835abd23230c0039adaa57985869461e
BURCE,2026-09-23,27.68000030517578,84240000.0,8424000000,84240000.0,84240000.0,84240000,2331763225.708008,POINT_IN_TIME_MARKET_CLOSE_V1,BORSA_CLOSE_PER_1_TRY_NOMINAL_V1,POINT_IN_TIME_MARKET_CLOSE_SHARES_V1,90cce725223fc42a8ee4fc31bf7c7ba552fedbf57f5a67a007131e4befaa5757
BURVA,2026-09-23,503.5,7347672.0,7347672,7347672.0,7347672.0,7347672,3699552852.0,POINT_IN_TIME_MARKET_CLOSE_V1,BORSA_CLOSE_PER_1_TRY_NOMINAL_V1,POINT_IN_TIME_MARKET_CLOSE_SHARES_V1,bc53a12e7e2933e7bf0aebf314e4a9ba824290537932bdc80bef1885905f978c
BYDNR,2026-09-23,21.21999931335449,84000000.0,2,84000000.0,84000000.0,84000000,1782479942.321777,POINT_IN_TIME_MARKET_CLOSE_V1,BORSA_CLOSE_PER_1_TRY_NOMINAL_V1,POINT_IN_TIME_MARKET_CLOSE_SHARES_V1,d74eddd6f2256e48c8445eec3871eac3db2580bfaea4b5c02884a009e27e5da8
CANTE,2026-09-23,1.1699999570846558,10000000000.0,10000000000,10000000000.0,10000000000.0,10000000000,11699999570.846558,POINT_IN_TIME_MARKET_CLOSE_V1,BORSA_CLOSE_PER_1_TRY_NOMINAL_V1,POINT_IN_TIME_MARKET_CLOSE_SHARES_V1,d45b2b5a73813110638faf03e8ff2ac149ae0f3bbe381302cdd76cb7bd628e9c
CASA,2026-09-23,55.0,4900000.0,4900000,4900000.0,4900000.0,4900000,269500000.0,POINT_IN_TIME_MARKET_CLOSE_V1,BORSA_CLOSE_PER_1_TRY_NOMINAL_V1,POINT_IN_TIME_MARKET_CLOSE_SHARES_V1,dda5394554accf64b32f0d6e6926ba9e962ce58cc2003b948478695eba7ab27e
CATES,2026-09-23,33.540000915527344,165200000.0,165200000,165200000.0,165200000.0,165200000,5540808151.245117,POINT_IN_TIME_MARKET_CLOSE_V1,BORSA_CLOSE_PER_1_TRY_NOMINAL_V1,POINT_IN_TIME_MARKET_CLOSE_SHARES_V1,31a414ae9e8c9a3d21444cc61f1c839eea123f86b18837dde206fa189dafd8b5
CCOLA,2026-09-23,77.8499984741211,2798078602.0,279807860200,2798078602.0,2798078602.0,2798078602.000,217830414896.1709,POINT_IN_TIME_MARKET_CLOSE_V1,BORSA_CLOSE_PER_1_TRY_NOMINAL_V1,POINT_IN_TIME_MARKET_CLOSE_SHARES_V1,e5b108e4fdbf5ac65cd7ae142db5a7b4177447da3d357364d9c5ba87735fe09f
CELHA,2026-09-23,26.65999984741211,385499653.0,385499653,385499653.0,385499653.0,385499653,10277420690.157421,POINT_IN_TIME_MARKET_CLOSE_V1,BORSA_CLOSE_PER_1_TRY_NOMINAL_V1,POINT_IN_TIME_MARKET_CLOSE_SHARES_V1,c475904480af4610f1400702a6546f45f9633e291114ae1c176771d64dd0deae
CEMAS,2026-09-23,3.5199999809265137,791000000.0,791000000,791000000.0,791000000.0,791000000,2784319984.9128723,POINT_IN_TIME_MARKET_CLOSE_V1,BORSA_CLOSE_PER_1_TRY_NOMINAL_V1,POINT_IN_TIME_MARKET_CLOSE_SHARES_V1,2698c9fc32fd88361ed0f6315e9b8d9b44d780e64530bb49a29771a9e982e430
CEMTS,2026-09-23,8.100000381469727,500000000.0,50000000000,500000000.0,500000000.0,500000000,4050000190.7348633,POINT_IN_TIME_MARKET_CLOSE_V1,BORSA_CLOSE_PER_1_TRY_NOMINAL_V1,POINT_IN_TIME_MARKET_CLOSE_SHARES_V1,e2575f6a35052c277a1cc17cdcd2c500abd4836f1c6c063638c8af71dc0d98d1
CGCAM,2026-09-23,23.6200008392334,168000000.0,168000000,168000000.0,168000000.0,168000000,3968160140.991211,POINT_IN_TIME_MARKET_CLOSE_V1,BORSA_CLOSE_PER_1_TRY_NOMINAL_V1,POINT_IN_TIME_MARKET_CLOSE_SHARES_V1,f6f171c71f7f4f98a3d665a0adb4f59c1d8c27067f951e5662bf5b0501c4eba6
CIMSA,2026-09-23,42.7400016784668,945591094.0,94559109400,945591094.0,945591094.0,945591094,40414564944.703255,POINT_IN_TIME_MARKET_CLOSE_V1,BORSA_CLOSE_PER_1_TRY_NOMINAL_V1,POINT_IN_TIME_MARKET_CLOSE_SHARES_V1,3088c7ea31b8111a926b5bb14e0af56a058370c78ce1a01e861c180351a52cb8
CITAS,2026-09-23,84.5999984741211,180000000.0,180000000,180000000.0,180000000.0,180000000,15227999725.341797,POINT_IN_TIME_MARKET_CLOSE_V1,BORSA_CLOSE_PER_1_TRY_NOMINAL_V1,POINT_IN_TIME_MARKET_CLOSE_SHARES_V1,77b44ed30312d51ead2bd2a53cc52bc05e76fdf43eb05f8f45fc34ac6336ab82
CMBTN,2026-09-23,1454.0,1770000.0,177000000,1770000.0,1770000.0,1770000,2573580000.0,POINT_IN_TIME_MARKET_CLOSE_V1,BORSA_CLOSE_PER_1_TRY_NOMINAL_V1,POINT_IN_TIME_MARKET_CLOSE_SHARES_V1,cfde5a68de11fc5c99a449e2f19f835d4c165b5503fa8024d28ffa9a8fbbe42a
CMENT,2026-09-23,226.5,87112463.2,8711246320,87112463.2,87112463.2,87112463.2,19730972914.8,POINT_IN_TIME_MARKET_CLOSE_V1,BORSA_CLOSE_PER_1_TRY_NOMINAL_V1,POINT_IN_TIME_MARKET_CLOSE_SHARES_V1,454e44a926c089e30bea24c5fbc6b43b1c1896aaf9d3a0f88eb2c40283619bea
CONSE,2026-09-23,1.7999999523162842,771000000.0,771000000,771000000.0,771000000.0,771000000,1387799963.235855,POINT_IN_TIME_MARKET_CLOSE_V1,BORSA_CLOSE_PER_1_TRY_NOMINAL_V1,POINT_IN_TIME_MARKET_CLOSE_SHARES_V1,7a69b383719951a0b00800405cbddc52a7716a1ebc897abe95bfcc1374690e45
COSMO,2026-09-23,92.0,6917538.0,6917538,6917538.0,6917538.0,6917538,636413496.0,POINT_IN_TIME_MARKET_CLOSE_V1,BORSA_CLOSE_PER_1_TRY_NOMINAL_V1,POINT_IN_TIME_MARKET_CLOSE_SHARES_V1,4c59f61438d4375115c6fd394bc1b5aec8706ecaf48f8b235c0c8e62de2fadc1
CRDFA,2026-09-23,12.289999961853027,300000000.0,3000000000,300000000.0,300000000.0,300000000,3686999988.555908,POINT_IN_TIME_MARKET_CLOSE_V1,BORSA_CLOSE_PER_1_TRY_NOMINAL_V1,POINT_IN_TIME_MARKET_CLOSE_SHARES_V1,682174b9c4fa7cfd0eedd35f585d54a617020d9b8ec4030bbf66de6cbc27dae7
CRFSA,2026-09-23,264.25,127773765.72,12777376572,127773765.72,127773765.72,127773765.72,33764217591.51,POINT_IN_TIME_MARKET_CLOSE_V1,BORSA_CLOSE_PER_1_TRY_NOMINAL_V1,POINT_IN_TIME_MARKET_CLOSE_SHARES_V1,92d052e9870c15555c1234113bee1b4c34b38fdfd7099d2e4a99afc0941a7671
CUSAN,2026-09-23,19.56999969482422,71250000.0,71250000,71250000.0,71250000.0,71250000,1394362478.2562256,POINT_IN_TIME_MARKET_CLOSE_V1,BORSA_CLOSE_PER_1_TRY_NOMINAL_V1,POINT_IN_TIME_MARKET_CLOSE_SHARES_V1,c30b5750165457fae0cf6888929623cc529f8dbd89b7e237e85b58b054986c5e
CVKMD,2026-09-23,13.800000190734863,3780000000.0,3780000000,3780000000.0,3780000000.0,3780000000.000,52164000720.97778,POINT_IN_TIME_MARKET_CLOSE_V1,BORSA_CLOSE_PER_1_TRY_NOMINAL_V1,POINT_IN_TIME_MARKET_CLOSE_SHARES_V1,ad8d9be72d24bf7b9ecdbae5157845bf25a1e10d1fb97ed5793b0562c0d3d12a
CWENE,2026-09-23,25.71999931335449,1078290009.0,1078290009,1078290009.0,1078290009.0,1078290009.00,27733618291.077003,POINT_IN_TIME_MARKET_CLOSE_V1,BORSA_CLOSE_PER_1_TRY_NOMINAL_V1,POINT_IN_TIME_MARKET_CLOSE_SHARES_V1,95e1c5d84902a7b38c961d017711517cae7853f0950cfa0d2132d6e896b1540e
DAGI,2026-09-23,6.099999904632568,400000000.0,40000000000,400000000.0,400000000.0,400000000.00,2439999961.8530273,POINT_IN_TIME_MARKET_CLOSE_V1,BORSA_CLOSE_PER_1_TRY_NOMINAL_V1,POINT_IN_TIME_MARKET_CLOSE_SHARES_V1,bdc3f010944bc34664792d421b2f11780216a0608e101cc79778d302ecdf8901
DAPGM,2026-09-23,4.369999885559082,2650000000.0,2650000000,2650000000.0,2650000000.0,2650000000.000,11580499696.731567,POINT_IN_TIME_MARKET_CLOSE_V1,BORSA_CLOSE_PER_1_TRY_NOMINAL_V1,POINT_IN_TIME_MARKET_CLOSE_SHARES_V1,f2d50b36091d88c1c6108ac0004b0e0cddb048dce8d9de151d8085c6735fc60a
DARDL,2026-09-23,1.2699999809265137,2344397132.0,2344397132,2344397132.0,2344397132.0,2344397132,2977384312.9241734,POINT_IN_TIME_MARKET_CLOSE_V1,BORSA_CLOSE_PER_1_TRY_NOMINAL_V1,POINT_IN_TIME_MARKET_CLOSE_SHARES_V1,3e1bb4a33272032e8784458d33328d747d5fd82064bc8150bd64333f584d99cf
DCTTR,2026-09-23,3.859999895095825,390000000.0,390000000,390000000.0,390000000.0,390000000,1505399959.0873718,POINT_IN_TIME_MARKET_CLOSE_V1,BORSA_CLOSE_PER_1_TRY_NOMINAL_V1,POINT_IN_TIME_MARKET_CLOSE_SHARES_V1,292c98a2d64dc128ccbb1b99ce2028dd19cc645035b4abd942654d86c489d929
DENGE,2026-09-23,1.950000047683716,600000000.0,600000000,600000000.0,600000000.0,600000000,1170000028.6102297,POINT_IN_TIME_MARKET_CLOSE_V1,BORSA_CLOSE_PER_1_TRY_NOMINAL_V1,POINT_IN_TIME_MARKET_CLOSE_SHARES_V1,f6b379d7028950a4a83f860e8150d6469ac37f37984109724aad890d7d606f38
DERHL,2026-09-23,1.6399999856948853,197281323.0,197281323,197281323.0,197281323.0,197281323,323541366.89786804,POINT_IN_TIME_MARKET_CLOSE_V1,BORSA_CLOSE_PER_1_TRY_NOMINAL_V1,POINT_IN_TIME_MARKET_CLOSE_SHARES_V1,396c1940dcbab8bc3f98e657d61b2f9be41e3312e9dbf9e5a20b929a44bfb6d1
DERIM,2026-09-23,29.700000762939453,54000000.0,5400000000,54000000.0,54000000.0,54000000,1603800041.1987305,POINT_IN_TIME_MARKET_CLOSE_V1,BORSA_CLOSE_PER_1_TRY_NOMINAL_V1,POINT_IN_TIME_MARKET_CLOSE_SHARES_V1,43d2f1a7bb0111beda73ea73b7f574c85dbfeb24855427f5a2256e0053d651fe
DESA,2026-09-23,9.0,490000000.0,49000000000,490000000.0,490000000.0,490000000,4410000000.0,POINT_IN_TIME_MARKET_CLOSE_V1,BORSA_CLOSE_PER_1_TRY_NOMINAL_V1,POINT_IN_TIME_MARKET_CLOSE_SHARES_V1,4ec1b9a3f9d683e72842dbddd47bf810345e0ebea299255c29f7454c7cf11212
DESPC,2026-09-23,32.2400016784668,23000000.0,23000000,23000000.0,23000000.0,23000000,741520038.6047363,POINT_IN_TIME_MARKET_CLOSE_V1,BORSA_CLOSE_PER_1_TRY_NOMINAL_V1,POINT_IN_TIME_MARKET_CLOSE_SHARES_V1,49a3cf8a82607dbe930c81c8641b55efb696c884a0c49a484e77771cdbd7ae97
DEVA,2026-09-23,101.4000015258789,200019287.78,20001928778,200019287.78,200019287.78,200019287.78,20281956086.097214,POINT_IN_TIME_MARKET_CLOSE_V1,BORSA_CLOSE_PER_1_TRY_NOMINAL_V1,POINT_IN_TIME_MARKET_CLOSE_SHARES_V1,cfcc70ef53508821e4d44a5a64b82943ddf22ad0a06f8dc0c9566abff92fa552
DGATE,2026-09-23,62.5,30000000.0,30000000,30000000.0,30000000.0,30000000.000,1875000000.0,POINT_IN_TIME_MARKET_CLOSE_V1,BORSA_CLOSE_PER_1_TRY_NOMINAL_V1,POINT_IN_TIME_MARKET_CLOSE_SHARES_V1,45c6ffddc306bd71474ec4ed8ef23d44b1eea95951327b786717ac8f4500dcec
DGGYO,2026-09-23,28.479999542236328,332007786.0,332007786,332007786.0,332007786.0,332007786.000,9455581593.298897,POINT_IN_TIME_MARKET_CLOSE_V1,BORSA_CLOSE_PER_1_TRY_NOMINAL_V1,POINT_IN_TIME_MARKET_CLOSE_SHARES_V1,91a36eb82fcadbe781e262eb93e5ae51f7ac8247d39a173ae52b89c48b85a59f
DGNMO,2026-09-23,4.840000152587891,350000000.0,35000000000,350000000.0,350000000.0,350000000,1694000053.4057617,POINT_IN_TIME_MARKET_CLOSE_V1,BORSA_CLOSE_PER_1_TRY_NOMINAL_V1,POINT_IN_TIME_MARKET_CLOSE_SHARES_V1,77b4f7698cfef0ce5ed6eba6ff890089da819110b77b8ddf40d8625a0d58ab89
DIRIT,2026-09-23,21.959999084472656,10650000.0,1065000000,10650000.0,10650000.0,10650000,233873990.2496338,POINT_IN_TIME_MARKET_CLOSE_V1,BORSA_CLOSE_PER_1_TRY_NOMINAL_V1,POINT_IN_TIME_MARKET_CLOSE_SHARES_V1,a45cb4d5afc3144d012fccc7f44143f949257157c1f15537fa3f0862f6e110c3
DITAS,2026-09-23,10.890000343322754,170000000.0,170000000,170000000.0,170000000.0,170000000,1851300058.3648682,POINT_IN_TIME_MARKET_CLOSE_V1,BORSA_CLOSE_PER_1_TRY_NOMINAL_V1,POINT_IN_TIME_MARKET_CLOSE_SHARES_V1,1c540045c71f0b1f07b46dba2e7d0a6e96b09e9f9c01690c0165343e3877987f
DMRGD,2026-09-23,9.119999885559082,1482400000.0,1482400000,1482400000.0,1482400000.0,1482400000,13519487830.352783,POINT_IN_TIME_MARKET_CLOSE_V1,BORSA_CLOSE_PER_1_TRY_NOMINAL_V1,POINT_IN_TIME_MARKET_CLOSE_SHARES_V1,c29c6104b1aa54de59f797e10daeefc580cf481791e5f89623c98853cee56785
DMSAS,2026-09-23,5.239999771118164,200000000.0,200000000,200000000.0,200000000.0,200000000,1047999954.2236328,POINT_IN_TIME_MARKET_CLOSE_V1,BORSA_CLOSE_PER_1_TRY_NOMINAL_V1,POINT_IN_TIME_MARKET_CLOSE_SHARES_V1,db9891e3cfda4d18723f6224d666e2fa73de39619dec25e2bb69c7aa7289474a
DNISI,2026-09-23,4.150000095367432,119728125.0,119728125,119728125.0,119728125.0,119728125,496871730.1681638,POINT_IN_TIME_MARKET_CLOSE_V1,BORSA_CLOSE_PER_1_TRY_NOMINAL_V1,POINT_IN_TIME_MARKET_CLOSE_SHARES_V1,eb52549f49cf514a75b0ad3c815635e2b04448bfd6807ed51ecf600f393094be
DOAS,2026-09-23,158.10000610351562,220000000.0,220000000,220000000.0,220000000.0,220000000,34782001342.77344,POINT_IN_TIME_MARKET_CLOSE_V1,BORSA_CLOSE_PER_1_TRY_NOMINAL_V1,POINT_IN_TIME_MARKET_CLOSE_SHARES_V1,71af43ad168101deffb454bc7843832b80becb4df81e93010a6013c0a9227e9b
DOFER,2026-09-23,22.959999084472656,55750000.0,55750000,55750000.0,55750000.0,55750000,1280019948.9593506,POINT_IN_TIME_MARKET_CLOSE_V1,BORSA_CLOSE_PER_1_TRY_NOMINAL_V1,POINT_IN_TIME_MARKET_CLOSE_SHARES_V1,47121774c30c78ca2fa75811d70ee5bcffbec93fe529762c4c7a017e5b84fa82
DOFRB,2026-09-23,85.75,155000000.0,155000000,155000000.0,155000000.0,155000000,13291250000.0,POINT_IN_TIME_MARKET_CLOSE_V1,BORSA_CLOSE_PER_1_TRY_NOMINAL_V1,POINT_IN_TIME_MARKET_CLOSE_SHARES_V1,69144f42dd8d67a753a60a232ec42628612833475a0f85aa744ab0ba9becf8f2
DOHOL,2026-09-23,20.239999771118164,2616996091.0,2616996091,2616996091.0,2616996091.0,2616996091,52968000282.85713,POINT_IN_TIME_MARKET_CLOSE_V1,BORSA_CLOSE_PER_1_TRY_NOMINAL_V1,POINT_IN_TIME_MARKET_CLOSE_SHARES_V1,bc8a78728ed8fb9dd38460fe256461f10e262219f3a4c8da089a839f9de3dab8
DOKTA,2026-09-23,19.299999237060547,324000000.0,32400000000,324000000.0,324000000.0,324000000,6253199752.807617,POINT_IN_TIME_MARKET_CLOSE_V1,BORSA_CLOSE_PER_1_TRY_NOMINAL_V1,POINT_IN_TIME_MARKET_CLOSE_SHARES_V1,ad6af6dd57c9d542a9b988b4f041c9652c81b46af49e706e858847dca4f6d159
DSTKF,2026-09-23,1448.0,333333333.0,333333333,333333333.0,333333333.0,333333333,482666666184.0,POINT_IN_TIME_MARKET_CLOSE_V1,BORSA_CLOSE_PER_1_TRY_NOMINAL_V1,POINT_IN_TIME_MARKET_CLOSE_SHARES_V1,c13905a57edd1bf7dbedab06e4814a31cbcf240f9293b8f89d4a31c855d44325
DURDO,2026-09-23,4.619999885559082,500000000.0,500000000,500000000.0,500000000.0,500000000,2309999942.779541,POINT_IN_TIME_MARKET_CLOSE_V1,BORSA_CLOSE_PER_1_TRY_NOMINAL_V1,POINT_IN_TIME_MARKET_CLOSE_SHARES_V1,0b3346dc31ec8e03f0f29961d037982729b91c406b1619bb0faaccaa957f9ee7
DURKN,2026-09-23,12.710000038146973,132500000.0,2,132500000.0,132500000.0,132500000,1684075005.0544739,POINT_IN_TIME_MARKET_CLOSE_V1,BORSA_CLOSE_PER_1_TRY_NOMINAL_V1,POINT_IN_TIME_MARKET_CLOSE_SHARES_V1,9f8c3a2ffb3cabdd2911013e7cb55e85d664515ef1230ccc45ec9b3496b3dbb5
DYOBY,2026-09-23,11.220000267028809,300000000.0,30000000000,300000000.0,300000000.0,300000000.000,3366000080.1086426,POINT_IN_TIME_MARKET_CLOSE_V1,BORSA_CLOSE_PER_1_TRY_NOMINAL_V1,POINT_IN_TIME_MARKET_CLOSE_SHARES_V1,847ec03d50bbfeff18ff0d5660b93d0eefaccb9563598015b1f00bbaa297e46b
DZGYO,2026-09-23,6.820000171661377,400000000.0,2,400000000.0,400000000.0,400000000,2728000068.664551,POINT_IN_TIME_MARKET_CLOSE_V1,BORSA_CLOSE_PER_1_TRY_NOMINAL_V1,POINT_IN_TIME_MARKET_CLOSE_SHARES_V1,52cae755376b493a30aaaa9dbdc0a81dff79db09a319cb87476c592251b9f92f
EBEBK,2026-09-23,82.69999694824219,160000000.0,2,160000000.0,160000000.0,160000000,13231999511.71875,POINT_IN_TIME_MARKET_CLOSE_V1,BORSA_CLOSE_PER_1_TRY_NOMINAL_V1,POINT_IN_TIME_MARKET_CLOSE_SHARES_V1,e1e79670e1f64e7e57bec5bcec4e96adf5f5622baa8a8c0d701980d94406dd3c
ECILC,2026-09-23,63.75,685260000.0,68526000000,685260000.0,685260000.0,685260000,43685325000.0,POINT_IN_TIME_MARKET_CLOSE_V1,BORSA_CLOSE_PER_1_TRY_NOMINAL_V1,POINT_IN_TIME_MARKET_CLOSE_SHARES_V1,bb9f5d023fd3198d341bedb07be9b02e82f7983351ea169adf3719bd8550e020
ECOGR,2026-09-23,30.5,540000000.0,540000000,540000000.0,540000000.0,540000000,16470000000.0,POINT_IN_TIME_MARKET_CLOSE_V1,BORSA_CLOSE_PER_1_TRY_NOMINAL_V1,POINT_IN_TIME_MARKET_CLOSE_SHARES_V1,3143e87b05ddecb3af69349199d07c56754027751c83e5c4d0e560558dac8d72
ECZYT,2026-09-23,231.6000061035156,105000000.0,105000000,105000000.0,105000000.0,105000000,24318000640.869137,POINT_IN_TIME_MARKET_CLOSE_V1,BORSA_CLOSE_PER_1_TRY_NOMINAL_V1,POINT_IN_TIME_MARKET_CLOSE_SHARES_V1,0fa16b9766ef2b6fd2d48decd996c84abb62d7cd26a206a75f526659e70888b9
EDATA,2026-09-23,9.09000015258789,402170000.0,402170000,402170000.0,402170000.0,402170000,3655725361.366272,POINT_IN_TIME_MARKET_CLOSE_V1,BORSA_CLOSE_PER_1_TRY_NOMINAL_V1,POINT_IN_TIME_MARKET_CLOSE_SHARES_V1,5e27f47e632b23fde02b6cc6c3a3c6ba9af794af0b0b6025866df52e463f4f8e
EDIP,2026-09-23,31.76000022888184,65000000.0,6500000000,65000000.0,65000000.0,65000000,2064400014.8773196,POINT_IN_TIME_MARKET_CLOSE_V1,BORSA_CLOSE_PER_1_TRY_NOMINAL_V1,POINT_IN_TIME_MARKET_CLOSE_SHARES_V1,22dcf450720de6f9664fb60f9ba6054b0407601faed379901343e4fe716df8d5
EFOR,2026-09-23,14.260000228881836,2178000000.0,2178000000,2178000000.0,2178000000.0,2178000000,31058280498.50464,POINT_IN_TIME_MARKET_CLOSE_V1,BORSA_CLOSE_PER_1_TRY_NOMINAL_V1,POINT_IN_TIME_MARKET_CLOSE_SHARES_V1,ab69661d570a5d462503302508c70e19d6bc6561237d814839d3c0efa11e8c3f
EGEEN,2026-09-23,5670.0,3150000.0,315000000,3150000.0,3150000.0,3150000.000,17860500000.0,POINT_IN_TIME_MARKET_CLOSE_V1,BORSA_CLOSE_PER_1_TRY_NOMINAL_V1,POINT_IN_TIME_MARKET_CLOSE_SHARES_V1,bcf2bb4f11b2acce8dbc5f6c58689c010c5325f07ef1ba4450b406dd07973d4d
EGGUB,2026-09-23,102.1999969482422,100000000.0,100000000,100000000.0,100000000.0,100000000,10219999694.82422,POINT_IN_TIME_MARKET_CLOSE_V1,BORSA_CLOSE_PER_1_TRY_NOMINAL_V1,POINT_IN_TIME_MARKET_CLOSE_SHARES_V1,98290c0d7be0881dfc99f71d1aec9552bc5fd3404d0dd1d6a6c9a26cee13e5d5
EGPRO,2026-09-23,34.5,545000000.0,545000000,545000000.0,545000000.0,545000000,18802500000.0,POINT_IN_TIME_MARKET_CLOSE_V1,BORSA_CLOSE_PER_1_TRY_NOMINAL_V1,POINT_IN_TIME_MARKET_CLOSE_SHARES_V1,888014fa05a942dd5112c9d843c4b4521a3e7a594cb2a979ac72b5feeb252e08
EGSER,2026-09-23,2.7100000381469727,720000000.0,72000000000,720000000.0,720000000.0,720000000,1951200027.4658203,POINT_IN_TIME_MARKET_CLOSE_V1,BORSA_CLOSE_PER_1_TRY_NOMINAL_V1,POINT_IN_TIME_MARKET_CLOSE_SHARES_V1,5de01a05bc1e89c54643e350b4f0124b8d3521f37e77105be0d441ec0e53f272
EKDMR,2026-09-23,34.959999084472656,320000000.0,320000000,320000000.0,320000000.0,320000000,11187199707.03125,POINT_IN_TIME_MARKET_CLOSE_V1,BORSA_CLOSE_PER_1_TRY_NOMINAL_V1,POINT_IN_TIME_MARKET_CLOSE_SHARES_V1,3300ac39bfd395b6045086ec4b6a40562647293396f2c90ae1208e59e6a865ec
EKGYO,2026-09-23,19.899999618530277,3800000000.0,380000000000,3800000000.0,3800000000.0,3800000000,75619998550.41505,POINT_IN_TIME_MARKET_CLOSE_V1,BORSA_CLOSE_PER_1_TRY_NOMINAL_V1,POINT_IN_TIME_MARKET_CLOSE_SHARES_V1,b3c1df9c3bb654c81e1d297f13eb66fa77c0989a0a39f045a58c8014a1e5e521
EKIM,2026-09-23,13.920000076293944,832000000.0,83200000000,832000000.0,832000000.0,832000000.00,11581440063.47656,POINT_IN_TIME_MARKET_CLOSE_V1,BORSA_CLOSE_PER_1_TRY_NOMINAL_V1,POINT_IN_TIME_MARKET_CLOSE_SHARES_V1,353ff6ca4db0ed86ccb445b648ed7de4e68885b5f6d204d084193bc7240c62ca
EKIZ,2026-09-23,45.0,9284470.0,2,9284470.0,9284470.0,9284470,417801150.0,POINT_IN_TIME_MARKET_CLOSE_V1,BORSA_CLOSE_PER_1_TRY_NOMINAL_V1,POINT_IN_TIME_MARKET_CLOSE_SHARES_V1,2a7c10ade899f04c6fb359d1a676f5effba4f2419f42c1e0b43dcdda6377809e
EKOS,2026-09-23,3.859999895095825,1120000000.0,1120000000,1120000000.0,1120000000.0,1120000000,4323199882.507324,POINT_IN_TIME_MARKET_CLOSE_V1,BORSA_CLOSE_PER_1_TRY_NOMINAL_V1,POINT_IN_TIME_MARKET_CLOSE_SHARES_V1,84746a988b7b737bc67a11b0fec7b6685620ecc1fdf9cd93d525218dd6382612
EKSUN,2026-09-23,4.690000057220459,600000000.0,600000000,600000000.0,600000000.0,600000000.000,2814000034.3322754,POINT_IN_TIME_MARKET_CLOSE_V1,BORSA_CLOSE_PER_1_TRY_NOMINAL_V1,POINT_IN_TIME_MARKET_CLOSE_SHARES_V1,89fbf003869f8b55d9c979bdc0d953876f43fe371c5856fc68e3c0a286925268
ELITE,2026-09-23,21.0,129600000.0,129600000,129600000.0,129600000.0,129600000,2721600000.0,POINT_IN_TIME_MARKET_CLOSE_V1,BORSA_CLOSE_PER_1_TRY_NOMINAL_V1,POINT_IN_TIME_MARKET_CLOSE_SHARES_V1,7b4c9693203f856b7ab12274e7737bd1976de312c22248fb53bad6d0b1141575
EMKEL,2026-09-23,8.609999656677246,150000000.0,150000000,150000000.0,150000000.0,150000000,1291499948.501587,POINT_IN_TIME_MARKET_CLOSE_V1,BORSA_CLOSE_PER_1_TRY_NOMINAL_V1,POINT_IN_TIME_MARKET_CLOSE_SHARES_V1,b23f2a6dd59a1520baee346f8b21e27e44689f0847439344840435e3c74433b4
EMNIS,2026-09-23,143.6999969482422,6200000.0,620000000,6200000.0,6200000.0,6200000,890939981.0791016,POINT_IN_TIME_MARKET_CLOSE_V1,BORSA_CLOSE_PER_1_TRY_NOMINAL_V1,POINT_IN_TIME_MARKET_CLOSE_SHARES_V1,53043dff30addfab58fb724a4f3340a401dd101476d57a51887f2aded4b8813c
EMPAE,2026-09-23,48.84000015258789,170000000.0,170000000,170000000.0,170000000.0,170000000,8302800025.939941,POINT_IN_TIME_MARKET_CLOSE_V1,BORSA_CLOSE_PER_1_TRY_NOMINAL_V1,POINT_IN_TIME_MARKET_CLOSE_SHARES_V1,9d2521b480e9fccb8f7073376b9973c9cdb42a918e93bbc62caeea4ffa8fe20b
ENERY,2026-09-23,13.029999732971191,9000000000.0,9000000000,9000000000.0,9000000000.0,9000000000.00,117269997596.74072,POINT_IN_TIME_MARKET_CLOSE_V1,BORSA_CLOSE_PER_1_TRY_NOMINAL_V1,POINT_IN_TIME_MARKET_CLOSE_SHARES_V1,247b44f76fe4f82cda31f532d05403731ebf59a66d95659df1c3a6a8e95317cf
ENKAI,2026-09-23,88.44999694824219,6000000000.0,6000000000,6000000000.0,6000000000.0,6000000000,530699981689.4531,POINT_IN_TIME_MARKET_CLOSE_V1,BORSA_CLOSE_PER_1_TRY_NOMINAL_V1,POINT_IN_TIME_MARKET_CLOSE_SHARES_V1,65aeb316ae0f2feafca784a3fed63c9c744998f97e8ce95dab29fe79a1ad1f40
ENPRA,2026-09-23,42.7400016784668,12475290004.0,12475290004,12475290004.0,12475290004.0,12475290004,533193915710.32007,POINT_IN_TIME_MARKET_CLOSE_V1,BORSA_CLOSE_PER_1_TRY_NOMINAL_V1,POINT_IN_TIME_MARKET_CLOSE_SHARES_V1,8b1122e41ea154576d5a8965995c3d779f181610be5abd5e26327c0dd73540fd
ENSRI,2026-09-23,3.3299999237060547,546000000.0,546000000,546000000.0,546000000.0,546000000.00,1818179958.3435059,POINT_IN_TIME_MARKET_CLOSE_V1,BORSA_CLOSE_PER_1_TRY_NOMINAL_V1,POINT_IN_TIME_MARKET_CLOSE_SHARES_V1,5ad99a46e167ae3f3e2c35dfb033f560ccc4d45b7405aac70a2e93c1632fbe46
ENTRA,2026-09-23,4.150000095367432,4040550000.0,4040550000,4040550000.0,4040550000.0,4040550000.00,16768282885.336876,POINT_IN_TIME_MARKET_CLOSE_V1,BORSA_CLOSE_PER_1_TRY_NOMINAL_V1,POINT_IN_TIME_MARKET_CLOSE_SHARES_V1,f43d5f762d2af56a29d4c5b35e7c6f73a718d8ca973d90133d929f967f9083af
EPLAS,2026-09-23,5.380000114440918,190615223.0,2,190615223.0,190615223.0,190615223,1025509921.5541811,POINT_IN_TIME_MARKET_CLOSE_V1,BORSA_CLOSE_PER_1_TRY_NOMINAL_V1,POINT_IN_TIME_MARKET_CLOSE_SHARES_V1,8e9d590c514de338e6b41a404ca5b8349e7b957968dddc9726b857991093293a
ERBOS,2026-09-23,126.5,20000000.0,2000000000,20000000.0,20000000.0,20000000.00,2530000000.0,POINT_IN_TIME_MARKET_CLOSE_V1,BORSA_CLOSE_PER_1_TRY_NOMINAL_V1,POINT_IN_TIME_MARKET_CLOSE_SHARES_V1,6f3793352e346ded79d5ef3e912291a9fe3e06e6c4d6cd591b2f177eea20191b
EREGL,2026-09-23,38.540000915527344,7000000000.0,700000000000,7000000000.0,7000000000.0,7000000000.00,269780006408.6914,POINT_IN_TIME_MARKET_CLOSE_V1,BORSA_CLOSE_PER_1_TRY_NOMINAL_V1,POINT_IN_TIME_MARKET_CLOSE_SHARES_V1,92d0c3d0d502e8bf87903f4f9fe1facf073e7b7d265109005b929476d86e44db
ESCAR,2026-09-23,24.520000457763672,500000000.0,500000000,500000000.0,500000000.0,500000000.00,12260000228.881836,POINT_IN_TIME_MARKET_CLOSE_V1,BORSA_CLOSE_PER_1_TRY_NOMINAL_V1,POINT_IN_TIME_MARKET_CLOSE_SHARES_V1,99bcb79cb7fae033f124eb07e1ce53e19bd8676856d1a68c5cf6b6ffed6d0f83
ESCOM,2026-09-23,4.710000038146973,49992100.0,4999210000,49992100.0,49992100.0,49992100,235462792.90704727,POINT_IN_TIME_MARKET_CLOSE_V1,BORSA_CLOSE_PER_1_TRY_NOMINAL_V1,POINT_IN_TIME_MARKET_CLOSE_SHARES_V1,29d491418fdc7512477d74bb0459cae7a4c9aacd9de8b8a287c8a92da8f84989
ESEN,2026-09-23,2.809999942779541,1820000000.0,1820000000,1820000000.0,1820000000.0,1820000000,5114199895.858765,POINT_IN_TIME_MARKET_CLOSE_V1,BORSA_CLOSE_PER_1_TRY_NOMINAL_V1,POINT_IN_TIME_MARKET_CLOSE_SHARES_V1,c97bd8f20887e5e39d6dee193447b35a157a19981a041811ba72ad412afb7067
ETILR,2026-09-23,6.289999961853027,240000000.0,240000000,240000000.0,240000000.0,240000000,1509599990.8447266,POINT_IN_TIME_MARKET_CLOSE_V1,BORSA_CLOSE_PER_1_TRY_NOMINAL_V1,POINT_IN_TIME_MARKET_CLOSE_SHARES_V1,7e06b804180aa6cec734c8469bf5cee5ef53f3d9511621ab678c492f9318347e
ETYAT,2026-09-23,8.319999694824219,60000000.0,60000000,60000000.0,60000000.0,60000000.0,499199981.6894531,POINT_IN_TIME_MARKET_CLOSE_V1,BORSA_CLOSE_PER_1_TRY_NOMINAL_V1,POINT_IN_TIME_MARKET_CLOSE_SHARES_V1,d28ee76222bcdf0ad85a93a6a64cf9e7238c01fc5d3976bc18c0125666c5aca7
EUHOL,2026-09-23,7.860000133514404,150000000.0,5,150000000.0,150000000.0,150000000,1179000020.0271606,POINT_IN_TIME_MARKET_CLOSE_V1,BORSA_CLOSE_PER_1_TRY_NOMINAL_V1,POINT_IN_TIME_MARKET_CLOSE_SHARES_V1,28a1026d665477a8f16907dea1ff67d6a683edbb3716db103a19af34da8df78c
EUKYO,2026-09-23,10.600000381469728,60000000.0,60000000,60000000.0,60000000.0,60000000,636000022.8881837,POINT_IN_TIME_MARKET_CLOSE_V1,BORSA_CLOSE_PER_1_TRY_NOMINAL_V1,POINT_IN_TIME_MARKET_CLOSE_SHARES_V1,13967f09da2ddb95b36da5990fe413593e92b1f6be504a1eb93aa042256cb0be
EUYO,2026-09-23,3.7300000190734863,60000000.0,60000000,60000000.0,60000000.0,60000000.000,223800001.14440918,POINT_IN_TIME_MARKET_CLOSE_V1,BORSA_CLOSE_PER_1_TRY_NOMINAL_V1,POINT_IN_TIME_MARKET_CLOSE_SHARES_V1,cc1f73152695ffc9f6f69764bb5f3a719ccfb6b38b86b1d54611f3349f18d068
EYGYO,2026-09-23,2.0899999141693115,700000000.0,700000000,700000000.0,700000000.0,700000000.00,1462999939.918518,POINT_IN_TIME_MARKET_CLOSE_V1,BORSA_CLOSE_PER_1_TRY_NOMINAL_V1,POINT_IN_TIME_MARKET_CLOSE_SHARES_V1,3acee5b8ac2c8664ab8fd0ccda6c7835d25d1dbfd8be68f94fd3d11dda28f081
FADE,2026-09-23,12.399999618530272,83895000.0,83895000,83895000.0,83895000.0,83895000,1040297967.9965972,POINT_IN_TIME_MARKET_CLOSE_V1,BORSA_CLOSE_PER_1_TRY_NOMINAL_V1,POINT_IN_TIME_MARKET_CLOSE_SHARES_V1,fc6bf79059f7c678b14e4044c4852fc992de885fea2d642adb5acd7353e9c562
FENER,2026-09-23,2.509999990463257,6250000000.0,6250000000,6250000000.0,6250000000.0,6250000000,15687499940.395355,POINT_IN_TIME_MARKET_CLOSE_V1,BORSA_CLOSE_PER_1_TRY_NOMINAL_V1,POINT_IN_TIME_MARKET_CLOSE_SHARES_V1,a90adb5c1c01a58ce1616424962cacd1f9d4d1b937c637d8ae133a0ac9ac600a
FLAP,2026-09-23,12.1899995803833,93750000.0,93750000,93750000.0,93750000.0,93750000,1142812460.6609344,POINT_IN_TIME_MARKET_CLOSE_V1,BORSA_CLOSE_PER_1_TRY_NOMINAL_V1,POINT_IN_TIME_MARKET_CLOSE_SHARES_V1,42423ab48d5448815efe9847f93e0a23a895c505cc4c69b4c28fb2414e56dfce
FONET,2026-09-23,4.239999771118164,936000000.0,936000000,936000000.0,936000000.0,936000000.000,3968639785.7666016,POINT_IN_TIME_MARKET_CLOSE_V1,BORSA_CLOSE_PER_1_TRY_NOMINAL_V1,POINT_IN_TIME_MARKET_CLOSE_SHARES_V1,e3d9d3e041b1f606d03b499119170cc3c25a0ecc294680fd8f9b215daf8b10aa
FORTE,2026-09-23,99.4000015258789,67000000.0,67000000,67000000.0,67000000.0,67000000,6659800102.233887,POINT_IN_TIME_MARKET_CLOSE_V1,BORSA_CLOSE_PER_1_TRY_NOMINAL_V1,POINT_IN_TIME_MARKET_CLOSE_SHARES_V1,9cc743b16a8a23da5ca86dd8793c7e19c401eb8de978e06a2d6ea5c5353b6967
FRIGO,2026-09-23,1.659999966621399,850000000.0,850000000,850000000.0,850000000.0,850000000.00,1410999971.628189,POINT_IN_TIME_MARKET_CLOSE_V1,BORSA_CLOSE_PER_1_TRY_NOMINAL_V1,POINT_IN_TIME_MARKET_CLOSE_SHARES_V1,cb5cfc65632b51d05f16d11bd9e9cfe006fadb6cf4debbe192dfb566595e1659
FROTO,2026-09-23,78.5,3509100000.0,350910000000,3509100000.0,3509100000.0,3509100000.0,275464350000.0,POINT_IN_TIME_MARKET_CLOSE_V1,BORSA_CLOSE_PER_1_TRY_NOMINAL_V1,POINT_IN_TIME_MARKET_CLOSE_SHARES_V1,0c17560c34f5a2587b99a03778f27750b861719d8bcec8c4b07868062950b949
FZLGY,2026-09-23,6.900000095367432,1250000000.0,1250000000,1250000000.0,1250000000.0,1250000000.00,8625000119.20929,POINT_IN_TIME_MARKET_CLOSE_V1,BORSA_CLOSE_PER_1_TRY_NOMINAL_V1,POINT_IN_TIME_MARKET_CLOSE_SHARES_V1,598e73efb555ca466828566a8c6e73e34c2f44732915ff7959fef1f388b44199
GARFA,2026-09-23,24.440000534057617,397500000.0,39750000000,397500000.0,397500000.0,397500000.00,9714900212.287903,POINT_IN_TIME_MARKET_CLOSE_V1,BORSA_CLOSE_PER_1_TRY_NOMINAL_V1,POINT_IN_TIME_MARKET_CLOSE_SHARES_V1,4ea05c7275890c3570bfb10ec8bdeb458b6275675c83dc01fe9bdc7423656c23
GATEG,2026-09-23,159.3000030517578,11320341.0,11320341,11320341.0,11320341.0,11320341,1803330355.846939,POINT_IN_TIME_MARKET_CLOSE_V1,BORSA_CLOSE_PER_1_TRY_NOMINAL_V1,POINT_IN_TIME_MARKET_CLOSE_SHARES_V1,0b4229775defbae46d0829d1f495a4f03844a305930b706eec17b04c2638bacf
GEDIK,2026-09-23,5.21999979019165,2000000000.0,2000000000,2000000000.0,2000000000.0,2000000000,10439999580.3833,POINT_IN_TIME_MARKET_CLOSE_V1,BORSA_CLOSE_PER_1_TRY_NOMINAL_V1,POINT_IN_TIME_MARKET_CLOSE_SHARES_V1,e33751a73d31a2b7952395a381a722b377540f3d85b5b6a97a164d31bb417631
GEDZA,2026-09-23,23.799999237060547,46656000.0,46656000,46656000.0,46656000.0,46656000,1110412764.4042969,POINT_IN_TIME_MARKET_CLOSE_V1,BORSA_CLOSE_PER_1_TRY_NOMINAL_V1,POINT_IN_TIME_MARKET_CLOSE_SHARES_V1,5a76339d391b88291ad2a9d91aaf7fc047008fee73f781c35834add6c370d3c7
GENKM,2026-09-23,8.109999656677246,609000000.0,609000000,609000000.0,609000000.0,609000000,4938989790.916443,POINT_IN_TIME_MARKET_CLOSE_V1,BORSA_CLOSE_PER_1_TRY_NOMINAL_V1,POINT_IN_TIME_MARKET_CLOSE_SHARES_V1,82ef7d6e31135535d379673764c8bf4d00608120af0efdcb99d43372f83661e2
GENTS,2026-09-23,4.489999771118164,750000000.0,75000000000,750000000.0,750000000.0,750000000,3367499828.338623,POINT_IN_TIME_MARKET_CLOSE_V1,BORSA_CLOSE_PER_1_TRY_NOMINAL_V1,POINT_IN_TIME_MARKET_CLOSE_SHARES_V1,4d70b3f6394b3bdb7cae850ab6dcb624ce702a256c8414d4a5e509305842136e
GEREL,2026-09-23,25.31999969482422,372475397.0,372475397,372475397.0,372475397.0,372475397,9431076938.36953,POINT_IN_TIME_MARKET_CLOSE_V1,BORSA_CLOSE_PER_1_TRY_NOMINAL_V1,POINT_IN_TIME_MARKET_CLOSE_SHARES_V1,00c61dab8ccfa19de41ec82c1327df3aa4e4b8142e5c74b0aa57901c0f806d8c
GESAN,2026-09-23,48.02000045776367,460000000.0,460000000,460000000.0,460000000.0,460000000,22089200210.57129,POINT_IN_TIME_MARKET_CLOSE_V1,BORSA_CLOSE_PER_1_TRY_NOMINAL_V1,POINT_IN_TIME_MARKET_CLOSE_SHARES_V1,93c361f8f9958884bddd78c8a53e5c5ffa7d918a333458151b355218a8ed0586
GIPTA,2026-09-23,36.459999084472656,132000000.0,132000000,132000000.0,132000000.0,132000000,4812719879.150391,POINT_IN_TIME_MARKET_CLOSE_V1,BORSA_CLOSE_PER_1_TRY_NOMINAL_V1,POINT_IN_TIME_MARKET_CLOSE_SHARES_V1,d4e732cb1349444a1b7cc3772f74a1260b1ffab0f8dafc044c6b32bdfa6d043f
GLRYH,2026-09-23,1.899999976158142,600000000.0,600000000,600000000.0,600000000.0,600000000,1139999985.6948853,POINT_IN_TIME_MARKET_CLOSE_V1,BORSA_CLOSE_PER_1_TRY_NOMINAL_V1,POINT_IN_TIME_MARKET_CLOSE_SHARES_V1,0884897a0d3e8fce1a30e5083e209626e0ad8e05bdc8045898564c565c03c9ea
GLYHO,2026-09-23,15.760000228881836,1950000000.0,195000000000,1950000000.0,1950000000.0,1950000000.0,30732000446.31958,POINT_IN_TIME_MARKET_CLOSE_V1,BORSA_CLOSE_PER_1_TRY_NOMINAL_V1,POINT_IN_TIME_MARKET_CLOSE_SHARES_V1,14712ed710efa8e85023fac043e12fc73d8efffc9b305c761b4603ff217f96c8
GMTAS,2026-09-23,49.02000045776367,300000000.0,300000000,300000000.0,300000000.0,300000000,14706000137.329102,POINT_IN_TIME_MARKET_CLOSE_V1,BORSA_CLOSE_PER_1_TRY_NOMINAL_V1,POINT_IN_TIME_MARKET_CLOSE_SHARES_V1,3872ea93157a3d752567a4da553fdf6ca95e762f78075ff2e81075bf4a5fbc0d
GOKNR,2026-09-23,15.800000190734863,350000000.0,350000000,350000000.0,350000000.0,350000000,5530000066.757202,POINT_IN_TIME_MARKET_CLOSE_V1,BORSA_CLOSE_PER_1_TRY_NOMINAL_V1,POINT_IN_TIME_MARKET_CLOSE_SHARES_V1,f0ae4a7ebb26b3795fcd0f0e705845c63eadb9dc29d693eaaf02cddfd47c7448
GOLDA,2026-09-23,9.369999885559082,250000000.0,250000000,250000000.0,250000000.0,250000000,2342499971.3897705,POINT_IN_TIME_MARKET_CLOSE_V1,BORSA_CLOSE_PER_1_TRY_NOMINAL_V1,POINT_IN_TIME_MARKET_CLOSE_SHARES_V1,261df8aed938b7d8d33cc22e10401869f31a21b1b5e6eb71258783efd060e6eb
GOLTS,2026-09-23,264.5,18000000.0,1800000000,18000000.0,18000000.0,18000000,4761000000.0,POINT_IN_TIME_MARKET_CLOSE_V1,BORSA_CLOSE_PER_1_TRY_NOMINAL_V1,POINT_IN_TIME_MARKET_CLOSE_SHARES_V1,2c4c1aece310c56974c049a1d0228d3311a36d389ff660d219d2dfd494467a4c
GOODY,2026-09-23,2.259999990463257,1520000000.0,152000000000,1520000000.0,1520000000.0,1520000000,3435199985.5041504,POINT_IN_TIME_MARKET_CLOSE_V1,BORSA_CLOSE_PER_1_TRY_NOMINAL_V1,POINT_IN_TIME_MARKET_CLOSE_SHARES_V1,560eb17f7a75d0fe5314e578b42a8504b8d948b175921b3a2c27a03bcfbc9501
GOZDE,2026-09-23,19.770000457763672,385000000.0,385000000,385000000.0,385000000.0,385000000,7611450176.239014,POINT_IN_TIME_MARKET_CLOSE_V1,BORSA_CLOSE_PER_1_TRY_NOMINAL_V1,POINT_IN_TIME_MARKET_CLOSE_SHARES_V1,5e07214fb36e9959110f6db87804e7c57b74e53302ba60b697579935891cdf7e
GRNYO,2026-09-23,8.359999656677246,37500000.0,37500000,37500000.0,37500000.0,37500000.000,313499987.1253967,POINT_IN_TIME_MARKET_CLOSE_V1,BORSA_CLOSE_PER_1_TRY_NOMINAL_V1,POINT_IN_TIME_MARKET_CLOSE_SHARES_V1,f95a066ecf7bd9e371d2b111d9ff017e0f7daaab56cf779f790179b0969d1eb6
GRSEL,2026-09-23,275.0,102000000.0,102000000,102000000.0,102000000.0,102000000,28050000000.0,POINT_IN_TIME_MARKET_CLOSE_V1,BORSA_CLOSE_PER_1_TRY_NOMINAL_V1,POINT_IN_TIME_MARKET_CLOSE_SHARES_V1,3f879df1401ce81659c7da6250d54301e9817f6c85428ac355f61b70f0c45193
GRTHO,2026-09-23,117.3000030517578,125000000.0,125000000,125000000.0,125000000.0,125000000,14662500381.469725,POINT_IN_TIME_MARKET_CLOSE_V1,BORSA_CLOSE_PER_1_TRY_NOMINAL_V1,POINT_IN_TIME_MARKET_CLOSE_SHARES_V1,6cf190ee7a7b72cbb8246272aa2d1c1138b25a174f1deec6e160ad5bc255f81f
GSDDE,2026-09-23,12.25,150000000.0,15000000000,150000000.0,150000000.0,150000000.00,1837500000.0,POINT_IN_TIME_MARKET_CLOSE_V1,BORSA_CLOSE_PER_1_TRY_NOMINAL_V1,POINT_IN_TIME_MARKET_CLOSE_SHARES_V1,e702f189bc6832f5c7184bfdb63732b13ef8dc0b6d850621ee90cbed459aef23
GSDHO,2026-09-23,4.090000152587891,1000000000.0,100000000000,1000000000.0,1000000000.0,1000000000.0,4090000152.5878906,POINT_IN_TIME_MARKET_CLOSE_V1,BORSA_CLOSE_PER_1_TRY_NOMINAL_V1,POINT_IN_TIME_MARKET_CLOSE_SHARES_V1,23d71abc2496b1b64fe79601bfbafcbf9b888e6623a4bb15ef4d25e3e105d8e3
GSRAY,2026-09-23,0.8999999761581421,13500000000.0,1350000000000,13500000000.0,13500000000.0,13500000000,12149999678.134918,POINT_IN_TIME_MARKET_CLOSE_V1,BORSA_CLOSE_PER_1_TRY_NOMINAL_V1,POINT_IN_TIME_MARKET_CLOSE_SHARES_V1,6cca7d9e1f6ecb453a0b517c670b78a66969c71e539afa246c4d63ad402da2e5
GUBRF,2026-09-23,448.25,334000000.0,33400000000,334000000.0,334000000.0,334000000,149715500000.0,POINT_IN_TIME_MARKET_CLOSE_V1,BORSA_CLOSE_PER_1_TRY_NOMINAL_V1,POINT_IN_TIME_MARKET_CLOSE_SHARES_V1,618e2e91b829716bd9689ec9230d4a9029940e4ee372239e51ea4fc94c804765
GWIND,2026-09-23,21.1200008392334,540000000.0,540000000,540000000.0,540000000.0,540000000,11404800453.186035,POINT_IN_TIME_MARKET_CLOSE_V1,BORSA_CLOSE_PER_1_TRY_NOMINAL_V1,POINT_IN_TIME_MARKET_CLOSE_SHARES_V1,40128542fef2cd7aec7bc2449cd464de6e7e7fc2418f7ab29af45168712a5662
GZNMI,2026-09-23,35.0,65000000.0,65000000,65000000.0,65000000.0,65000000,2275000000.0,POINT_IN_TIME_MARKET_CLOSE_V1,BORSA_CLOSE_PER_1_TRY_NOMINAL_V1,POINT_IN_TIME_MARKET_CLOSE_SHARES_V1,17d0b8b12e76e1db15e6ffeb4d47b81dcecdd49190152e55c31cd35aa1ebc648
HATSN,2026-09-23,35.279998779296875,221500000.0,221500000,221500000.0,221500000.0,221500000,7814519729.614258,POINT_IN_TIME_MARKET_CLOSE_V1,BORSA_CLOSE_PER_1_TRY_NOMINAL_V1,POINT_IN_TIME_MARKET_CLOSE_SHARES_V1,d44e230cf9c8905e9a907f3b9420f76518e3f1695e76db12fe27f7415b1af684
HDFGS,2026-09-23,1.1299999952316284,1130000000.0,1130000000,1130000000.0,1130000000.0,1130000000,1276899994.61174,POINT_IN_TIME_MARKET_CLOSE_V1,BORSA_CLOSE_PER_1_TRY_NOMINAL_V1,POINT_IN_TIME_MARKET_CLOSE_SHARES_V1,9f298b29a89fc3279b2224776be00824cc231e4e82b29b6d8db20a687f7bde81
HEDEF,2026-09-23,14.119999885559082,3000000000.0,3000000000,3000000000.0,3000000000.0,3000000000.00,42359999656.677246,POINT_IN_TIME_MARKET_CLOSE_V1,BORSA_CLOSE_PER_1_TRY_NOMINAL_V1,POINT_IN_TIME_MARKET_CLOSE_SHARES_V1,7c7e544593afa550bbdb07d6016d7c8969845204ea1f27e06e70e01b306e443e
HEKTS,2026-09-23,2.2699999809265137,8430000000.0,843000000000,8430000000.0,8430000000.0,8430000000,19136099839.21051,POINT_IN_TIME_MARKET_CLOSE_V1,BORSA_CLOSE_PER_1_TRY_NOMINAL_V1,POINT_IN_TIME_MARKET_CLOSE_SHARES_V1,371392e77a7264343326efa00441806ad45ad97207b2ad0441639c9bc8b02365
HKTM,2026-09-23,10.510000228881836,105000000.0,105000000,105000000.0,105000000.0,105000000,1103550024.0325928,POINT_IN_TIME_MARKET_CLOSE_V1,BORSA_CLOSE_PER_1_TRY_NOMINAL_V1,POINT_IN_TIME_MARKET_CLOSE_SHARES_V1,ec5528083084375738314a9b6bbe80940fa01c17e41208bfabe40fe29724c40c
HLGYO,2026-09-23,4.190000057220459,3840000000.0,3840000000,3840000000.0,3840000000.0,3840000000.000,16089600219.726562,POINT_IN_TIME_MARKET_CLOSE_V1,BORSA_CLOSE_PER_1_TRY_NOMINAL_V1,POINT_IN_TIME_MARKET_CLOSE_SHARES_V1,b062616eaa9e8419adbf3205d415e7ccce7c165016afc014382f070f25d60fa1
HOROZ,2026-09-23,47.13999938964844,90488084.0,90488084,90488084.0,90488084.0,90488084,4265608224.5304565,POINT_IN_TIME_MARKET_CLOSE_V1,BORSA_CLOSE_PER_1_TRY_NOMINAL_V1,POINT_IN_TIME_MARKET_CLOSE_SHARES_V1,b384fbbb2b81d4cad9a4fb8ad40bdfae3e610730e7e2bc3dcd2cf59f730c73f0
HRKET,2026-09-23,7.929999828338623,115200000.0,115200000,115200000.0,115200000.0,115200000,913535980.2246094,POINT_IN_TIME_MARKET_CLOSE_V1,BORSA_CLOSE_PER_1_TRY_NOMINAL_V1,POINT_IN_TIME_MARKET_CLOSE_SHARES_V1,e3438165bedd71e27e9688934b8d9140d8302b7253817c1dd2b24ac9740bd5d3
HTTBT,2026-09-23,31.13999938964844,300000000.0,300000000,300000000.0,300000000.0,300000000,9341999816.894533,POINT_IN_TIME_MARKET_CLOSE_V1,BORSA_CLOSE_PER_1_TRY_NOMINAL_V1,POINT_IN_TIME_MARKET_CLOSE_SHARES_V1,66d9df26e1e4d702091720fd79c3466684655ce04db528040da9f445fb390ce7
HUBVC,2026-09-23,1.649999976158142,280000000.0,280000000,280000000.0,280000000.0,280000000,461999993.3242798,POINT_IN_TIME_MARKET_CLOSE_V1,BORSA_CLOSE_PER_1_TRY_NOMINAL_V1,POINT_IN_TIME_MARKET_CLOSE_SHARES_V1,a77e782f5fd4cab1c694dda2c9b72f5ad7d2040d085b4d6549788e2c1816c130
HUNER,2026-09-23,4.110000133514404,1000000000.0,1000000000,1000000000.0,1000000000.0,1000000000,4110000133.5144043,POINT_IN_TIME_MARKET_CLOSE_V1,BORSA_CLOSE_PER_1_TRY_NOMINAL_V1,POINT_IN_TIME_MARKET_CLOSE_SHARES_V1,0cd0dc0024b45e0ea75074b4c08648ff358f465ddacdf114e78b6866aeb5b786
ICUGS,2026-09-23,2.2300000190734863,347500000.0,347500000,347500000.0,347500000.0,347500000,774925006.6280365,POINT_IN_TIME_MARKET_CLOSE_V1,BORSA_CLOSE_PER_1_TRY_NOMINAL_V1,POINT_IN_TIME_MARKET_CLOSE_SHARES_V1,be13501454eb96ff22fd672558f2983df2f43f5f22fc94ca9b05d376e041b0d4
IDGYO,2026-09-23,2.299999952316284,150000000.0,2,150000000.0,150000000.0,150000000,344999992.8474426,POINT_IN_TIME_MARKET_CLOSE_V1,BORSA_CLOSE_PER_1_TRY_NOMINAL_V1,POINT_IN_TIME_MARKET_CLOSE_SHARES_V1,32517800f000985a2e963b4dc9853997e6b16e57dcf12966aeb3a3b41b7b78a1
IHEVA,2026-09-23,1.6799999475479126,350500000.0,350500000,350500000.0,350500000.0,350500000.000,588839981.6155434,POINT_IN_TIME_MARKET_CLOSE_V1,BORSA_CLOSE_PER_1_TRY_NOMINAL_V1,POINT_IN_TIME_MARKET_CLOSE_SHARES_V1,677b24be2dddbaeea99dfffd0fa563f805b54ca223c23a28102975018392b242
IHGZT,2026-09-23,1.0800000429153442,800000000.0,800000000,800000000.0,800000000.0,800000000,864000034.3322754,POINT_IN_TIME_MARKET_CLOSE_V1,BORSA_CLOSE_PER_1_TRY_NOMINAL_V1,POINT_IN_TIME_MARKET_CLOSE_SHARES_V1,51312a5450a8a0756a405bdc8711a93b7fddb7f0cfff9e5b0d65432025ac552a
IHLAS,2026-09-23,0.959999978542328,3000000000.0,300000000000,3000000000.0,3000000000.0,3000000000.000,2879999935.626984,POINT_IN_TIME_MARKET_CLOSE_V1,BORSA_CLOSE_PER_1_TRY_NOMINAL_V1,POINT_IN_TIME_MARKET_CLOSE_SHARES_V1,d5aa71c6ad24d8ede60be2a2436646aa73e1b3c57426918184b6149991a1fb8f
IHLGM,2026-09-23,1.340000033378601,1000000000.0,100000000000,1000000000.0,1000000000.0,1000000000,1340000033.378601,POINT_IN_TIME_MARKET_CLOSE_V1,BORSA_CLOSE_PER_1_TRY_NOMINAL_V1,POINT_IN_TIME_MARKET_CLOSE_SHARES_V1,3640c41382e2a3014ba51e4e45da446639733d984b715edc29dd721fe8969239
IHYAY,2026-09-23,1.0800000429153442,450000000.0,450000000,450000000.0,450000000.0,450000000,486000019.3119049,POINT_IN_TIME_MARKET_CLOSE_V1,BORSA_CLOSE_PER_1_TRY_NOMINAL_V1,POINT_IN_TIME_MARKET_CLOSE_SHARES_V1,6c1dff597091f89b814ffb948a7d50300f4be8188e65e5dc9560befb36159ed4
INDES,2026-09-23,10.729999542236328,750000000.0,750000000,750000000.0,750000000.0,750000000.000,8047499656.677246,POINT_IN_TIME_MARKET_CLOSE_V1,BORSA_CLOSE_PER_1_TRY_NOMINAL_V1,POINT_IN_TIME_MARKET_CLOSE_SHARES_V1,a5e2084fede36c25dffd9ca56b93e4c04d97767a2f8e5d91408479495e454472
INGRM,2026-09-23,321.25,24000000.0,2400000000,24000000.0,24000000.0,24000000.00,7710000000.0,POINT_IN_TIME_MARKET_CLOSE_V1,BORSA_CLOSE_PER_1_TRY_NOMINAL_V1,POINT_IN_TIME_MARKET_CLOSE_SHARES_V1,3e8f491d2931ff2705b8eae8ff16b69331930105c8307f913502b883437436ce
INTEK,2026-09-23,180.6000061035156,8000000.0,800000000,8000000.0,8000000.0,8000000.00,1444800048.8281248,POINT_IN_TIME_MARKET_CLOSE_V1,BORSA_CLOSE_PER_1_TRY_NOMINAL_V1,POINT_IN_TIME_MARKET_CLOSE_SHARES_V1,c72c8eb5fddeb1101808a5c7c5dea0042437397946fa9ee035dc19a0c77a1ebc
INTEM,2026-09-23,216.5,19440000.0,1944000000,19440000.0,19440000.0,19440000,4208760000.0,POINT_IN_TIME_MARKET_CLOSE_V1,BORSA_CLOSE_PER_1_TRY_NOMINAL_V1,POINT_IN_TIME_MARKET_CLOSE_SHARES_V1,07b7145dac74e14fe49440a12d20500fc50623de34c49ddf268e87a1f8aa8f3d
INTET,2026-09-23,52.04999923706055,160000000.0,160000000,160000000.0,160000000.0,160000000,8327999877.9296875,POINT_IN_TIME_MARKET_CLOSE_V1,BORSA_CLOSE_PER_1_TRY_NOMINAL_V1,POINT_IN_TIME_MARKET_CLOSE_SHARES_V1,09151d33951222ccc07f262f7ca06b46804e4a7d688065fb3a9791525e07cb84
INVEO,2026-09-23,6.25,1000000000.0,1000000000,1000000000.0,1000000000.0,1000000000,6250000000.0,POINT_IN_TIME_MARKET_CLOSE_V1,BORSA_CLOSE_PER_1_TRY_NOMINAL_V1,POINT_IN_TIME_MARKET_CLOSE_SHARES_V1,a0ccfda91546e0917137808183fb98338e660766bc1e954228382f2245d9688a
INVES,2026-09-23,744.0,187500000.0,187500000,187500000.0,187500000.0,187500000,139500000000.0,POINT_IN_TIME_MARKET_CLOSE_V1,BORSA_CLOSE_PER_1_TRY_NOMINAL_V1,POINT_IN_TIME_MARKET_CLOSE_SHARES_V1,db2aec588d2ab5f1f2b5deb768c728e2c704e87d972248457714249a6429cba5
ISBIR,2026-09-23,63.59999847412109,32387040.0,3238704000,32387040.0,32387040.0,32387040,2059815694.5812986,POINT_IN_TIME_MARKET_CLOSE_V1,BORSA_CLOSE_PER_1_TRY_NOMINAL_V1,POINT_IN_TIME_MARKET_CLOSE_SHARES_V1,a2eb95485c458f0cda20b2346d0f96d39dbbefcdfa4630dd1f8cb087004f3d79
ISDMR,2026-09-23,63.09999847412109,2900000000.0,290000000000,2900000000.0,2900000000.0,2900000000,182989995574.95114,POINT_IN_TIME_MARKET_CLOSE_V1,BORSA_CLOSE_PER_1_TRY_NOMINAL_V1,POINT_IN_TIME_MARKET_CLOSE_SHARES_V1,01923b39fd95b21ba36aec30aeb490f83b5bb97721d14e6fabe540ddbe272250
ISFIN,2026-09-23,18.799999237060547,695302645.0,69530264500,695302645.0,695302645.0,695302645,13071689195.52618,POINT_IN_TIME_MARKET_CLOSE_V1,BORSA_CLOSE_PER_1_TRY_NOMINAL_V1,POINT_IN_TIME_MARKET_CLOSE_SHARES_V1,ce79481b97ab8d503acdeb74b9e184358f71f36ab0eb73c0649d1c647f8b90fc
ISGSY,2026-09-23,13.9399995803833,500000000.0,50000000000,500000000.0,500000000.0,500000000.0,6969999790.19165,POINT_IN_TIME_MARKET_CLOSE_V1,BORSA_CLOSE_PER_1_TRY_NOMINAL_V1,POINT_IN_TIME_MARKET_CLOSE_SHARES_V1,9f8597da6bc77855aae706bb1f0a349037384cf5ada1831572c475b4bc413aed
ISGYO,2026-09-23,24.26000022888184,958750000.0,95875000000,958750000.0,958750000.0,958750000.000,23259275219.440464,POINT_IN_TIME_MARKET_CLOSE_V1,BORSA_CLOSE_PER_1_TRY_NOMINAL_V1,POINT_IN_TIME_MARKET_CLOSE_SHARES_V1,7aad4d8de8f167721b56eff905e0d3e23f6863a0353389ffb32f8fc3da7e91d5
ISKPL,2026-09-23,3.470000028610229,1500000000.0,1500000000,1500000000.0,1500000000.0,1500000000,5205000042.915343,POINT_IN_TIME_MARKET_CLOSE_V1,BORSA_CLOSE_PER_1_TRY_NOMINAL_V1,POINT_IN_TIME_MARKET_CLOSE_SHARES_V1,d7d9f3308e0f0b7dbded3075005dc8b964cdb401764cc02f24151ad80f5b0a7d
ISSEN,2026-09-23,5.929999828338623,424397981.76,42439798176,424397981.76,424397981.76,424397981.76,2516679958.984058,POINT_IN_TIME_MARKET_CLOSE_V1,BORSA_CLOSE_PER_1_TRY_NOMINAL_V1,POINT_IN_TIME_MARKET_CLOSE_SHARES_V1,7687b1da054d5df5c885ac95e0b07994bf34475abea6d20f0d02fe018c7b0edb
ISVEA,2026-09-23,51.75,280000000.0,280000000,280000000.0,280000000.0,280000000,14490000000.0,POINT_IN_TIME_MARKET_CLOSE_V1,BORSA_CLOSE_PER_1_TRY_NOMINAL_V1,POINT_IN_TIME_MARKET_CLOSE_SHARES_V1,9d421025e6463ef853840468d2f626043b18215235468e85d6681266867665a8
ISYAT,2026-09-23,6.900000095367432,160599284.0,16059928400,160599284.0,160599284.0,160599284,1108135074.9159412,POINT_IN_TIME_MARKET_CLOSE_V1,BORSA_CLOSE_PER_1_TRY_NOMINAL_V1,POINT_IN_TIME_MARKET_CLOSE_SHARES_V1,c38542b5c509db95b995e50f2466e6d7acdb1fdd02461b570911a3a124cb5188
IZENR,2026-09-23,4.150000095367432,2443750000.0,2443750000,2443750000.0,2443750000.0,2443750000,10141562733.054161,POINT_IN_TIME_MARKET_CLOSE_V1,BORSA_CLOSE_PER_1_TRY_NOMINAL_V1,POINT_IN_TIME_MARKET_CLOSE_SHARES_V1,6cb3057e581a32d53c31b0d55b6b5d29c533c072b9f094bcb8e24d7c5ceb00c2
IZFAS,2026-09-23,27.13999938964844,177187500.0,177187500,177187500.0,177187500.0,177187500,4808868641.853333,POINT_IN_TIME_MARKET_CLOSE_V1,BORSA_CLOSE_PER_1_TRY_NOMINAL_V1,POINT_IN_TIME_MARKET_CLOSE_SHARES_V1,bd7b98f13566ae1a3ca9dd609e5cb507fddd29662ae71f3eed925515904b93ae
IZINV,2026-09-23,33.900001525878906,17512456.0,17512456,17512456.0,17512456.0,17512456,593672285.1218872,POINT_IN_TIME_MARKET_CLOSE_V1,BORSA_CLOSE_PER_1_TRY_NOMINAL_V1,POINT_IN_TIME_MARKET_CLOSE_SHARES_V1,b949f0f74d94775f618c3d8e7b6bb246fe9f5bcd5c98cf3d150f972aa2c04c2b
IZMDC,2026-09-23,7.329999923706055,1500000000.0,150000000000,1500000000.0,1500000000.0,1500000000,10994999885.559082,POINT_IN_TIME_MARKET_CLOSE_V1,BORSA_CLOSE_PER_1_TRY_NOMINAL_V1,POINT_IN_TIME_MARKET_CLOSE_SHARES_V1,35efebb16d69ff99d88e22dbabf22b0e7bcbec40221ec6167ccee028679f86b4
JANTS,2026-09-23,14.899999618530272,700000000.0,2,700000000.0,700000000.0,700000000,10429999732.97119,POINT_IN_TIME_MARKET_CLOSE_V1,BORSA_CLOSE_PER_1_TRY_NOMINAL_V1,POINT_IN_TIME_MARKET_CLOSE_SHARES_V1,f05714c65b0dccbf6168dc4fe3ff53e8a181aac904a4c5a91c42f02995cf8ac3
KAPLM,2026-09-23,178.1999969482422,20000000.0,2000000000,20000000.0,20000000.0,20000000,3563999938.9648438,POINT_IN_TIME_MARKET_CLOSE_V1,BORSA_CLOSE_PER_1_TRY_NOMINAL_V1,POINT_IN_TIME_MARKET_CLOSE_SHARES_V1,3fa96312d17c33998f9c424e5689069131b6d42279e1c75a29e51c39eb0f7ad5
KARCL,2026-09-23,124.0,830000000.0,830000000,830000000.0,830000000.0,830000000,102920000000.0,POINT_IN_TIME_MARKET_CLOSE_V1,BORSA_CLOSE_PER_1_TRY_NOMINAL_V1,POINT_IN_TIME_MARKET_CLOSE_SHARES_V1,dba2c9f7f1dbf2ccfcbe6a93e430aaf4b8cd6eb21b4456fc80e00f695555a9b3
KARSN,2026-09-23,9.699999809265137,900000000.0,90000000000,900000000.0,900000000.0,900000000.000,8729999828.338623,POINT_IN_TIME_MARKET_CLOSE_V1,BORSA_CLOSE_PER_1_TRY_NOMINAL_V1,POINT_IN_TIME_MARKET_CLOSE_SHARES_V1,14f4356df9e5c088528b7f002bb777ef93a41500856f5376baa393064b9dab6c
KARTN,2026-09-23,111.4000015258789,75000000.0,7500000000,75000000.0,75000000.0,75000000.000,8355000114.440918,POINT_IN_TIME_MARKET_CLOSE_V1,BORSA_CLOSE_PER_1_TRY_NOMINAL_V1,POINT_IN_TIME_MARKET_CLOSE_SHARES_V1,2413155fc737232ee400bc3eba752410e9ba0b33b4ecb7eba1adfca629b1e174
KATMR,2026-09-23,1.6399999856948853,2153250000.0,2153250000,2153250000.0,2153250000.0,2153250000,3531329969.1975117,POINT_IN_TIME_MARKET_CLOSE_V1,BORSA_CLOSE_PER_1_TRY_NOMINAL_V1,POINT_IN_TIME_MARKET_CLOSE_SHARES_V1,28f6541bcd4c06553abd42559d3296240d741f65028da97240ea20a07013053c
KAYSE,2026-09-23,3.3499999046325684,3000000000.0,3000000000,3000000000.0,3000000000.0,3000000000,10049999713.897705,POINT_IN_TIME_MARKET_CLOSE_V1,BORSA_CLOSE_PER_1_TRY_NOMINAL_V1,POINT_IN_TIME_MARKET_CLOSE_SHARES_V1,155a8242fec0b9b134e3553d2dd50bff6517bc90b5961c5bc3379ce1c41c54b2
KBORU,2026-09-23,13.4399995803833,600000000.0,600000000,600000000.0,600000000.0,600000000,8063999748.22998,POINT_IN_TIME_MARKET_CLOSE_V1,BORSA_CLOSE_PER_1_TRY_NOMINAL_V1,POINT_IN_TIME_MARKET_CLOSE_SHARES_V1,15c91d7e7ca39c3418c6766b47b86e1c303f6fa916c6ff85e2ddfde213eeea5e
KCAER,2026-09-23,11.479999542236328,1915000000.0,1915000000,1915000000.0,1915000000.0,1915000000,21984199123.38257,POINT_IN_TIME_MARKET_CLOSE_V1,BORSA_CLOSE_PER_1_TRY_NOMINAL_V1,POINT_IN_TIME_MARKET_CLOSE_SHARES_V1,8a2fe09b0469be6addd99dfba38bf014d678651e4fe769d057c4ee52b5d18c91
KCHOL,2026-09-23,221.1000061035156,2535898050.0,253589805000,2535898050.0,2535898050.0,2535898050.000,560687074332.8933,POINT_IN_TIME_MARKET_CLOSE_V1,BORSA_CLOSE_PER_1_TRY_NOMINAL_V1,POINT_IN_TIME_MARKET_CLOSE_SHARES_V1,94997dede5530fe479ac445f9670fe2e9ff7b34a0d303373833a84f33a97ed07
KENT,2026-09-23,298.5,220000000.0,220000000,220000000.0,220000000.0,220000000,65670000000.0,POINT_IN_TIME_MARKET_CLOSE_V1,BORSA_CLOSE_PER_1_TRY_NOMINAL_V1,POINT_IN_TIME_MARKET_CLOSE_SHARES_V1,65dc1fa2d7797f95317d8e8d69024f2797b39dd310e9eecc07b1feb8686717de
KERVN,2026-09-23,8.399999618530273,588505080.0,58850508000,588505080.0,588505080.0,588505080,4943442447.503128,POINT_IN_TIME_MARKET_CLOSE_V1,BORSA_CLOSE_PER_1_TRY_NOMINAL_V1,POINT_IN_TIME_MARKET_CLOSE_SHARES_V1,c09b7cef0e7794508ce4c6b40f7fcbac811644a6bace9318773eff34321d96c9
KFEIN,2026-09-23,6.210000038146973,197500000.0,197500000,197500000.0,197500000.0,197500000,1226475007.534027,POINT_IN_TIME_MARKET_CLOSE_V1,BORSA_CLOSE_PER_1_TRY_NOMINAL_V1,POINT_IN_TIME_MARKET_CLOSE_SHARES_V1,d630728a5187023023f43c22673476e038346fe2657241ba865149da9db00cb2
KGYO,2026-09-23,8.609999656677246,1000000000.0,1000000000,1000000000.0,1000000000.0,1000000000,8609999656.677246,POINT_IN_TIME_MARKET_CLOSE_V1,BORSA_CLOSE_PER_1_TRY_NOMINAL_V1,POINT_IN_TIME_MARKET_CLOSE_SHARES_V1,92b81b1c5f46e4fab66adcb266d0a21013a084a5dc6fbef292830df89394c07e
KLGYO,2026-09-23,3.930000066757202,1395000000.0,1395000000,1395000000.0,1395000000.0,1395000000,5482350093.126297,POINT_IN_TIME_MARKET_CLOSE_V1,BORSA_CLOSE_PER_1_TRY_NOMINAL_V1,POINT_IN_TIME_MARKET_CLOSE_SHARES_V1,163c4faccf0429c0716bb81ab32708ecdfcd7e7049532212bde5bf01b69a7159
KLKIM,2026-09-23,23.700000762939453,460000000.0,46000000000,460000000.0,460000000.0,460000000,10902000350.952148,POINT_IN_TIME_MARKET_CLOSE_V1,BORSA_CLOSE_PER_1_TRY_NOMINAL_V1,POINT_IN_TIME_MARKET_CLOSE_SHARES_V1,1298097a5c6b89578b0fbe921f2cb84d99bca97f60e6f2216912c67e39ef8cbf
KLRHO,2026-09-23,30.899999618530277,1625000000.0,1625000000,1625000000.0,1625000000.0,1625000000,50212499380.1117,POINT_IN_TIME_MARKET_CLOSE_V1,BORSA_CLOSE_PER_1_TRY_NOMINAL_V1,POINT_IN_TIME_MARKET_CLOSE_SHARES_V1,ef7402ca2ff88e423dfb6aa35f0fd2932638411fb465245b1b613d5aea3770aa
KLSYN,2026-09-23,14.06999969482422,431419816.0,431419816,431419816.0,431419816.0,431419816,6070076679.461122,POINT_IN_TIME_MARKET_CLOSE_V1,BORSA_CLOSE_PER_1_TRY_NOMINAL_V1,POINT_IN_TIME_MARKET_CLOSE_SHARES_V1,163acf310c06fcdeda9ef3f4653fb522ea8a3d1f7ac6dd6115c83dc698cf00fe
KMPUR,2026-09-23,16.399999618530273,486200000.0,486200000,486200000.0,486200000.0,486200000,7973679814.529419,POINT_IN_TIME_MARKET_CLOSE_V1,BORSA_CLOSE_PER_1_TRY_NOMINAL_V1,POINT_IN_TIME_MARKET_CLOSE_SHARES_V1,140833fd7756dba2a4e7f2412902049b599949306ef2664e12c4b099719ce61b
KNFRT,2026-09-23,11.329999923706056,264000000.0,26400000000,264000000.0,264000000.0,264000000,2991119979.858399,POINT_IN_TIME_MARKET_CLOSE_V1,BORSA_CLOSE_PER_1_TRY_NOMINAL_V1,POINT_IN_TIME_MARKET_CLOSE_SHARES_V1,183b58eeb42474a2ccb8ec315c849d75d534fc6234452aab75cfff4486d9d91b
KOCMT,2026-09-23,2.759999990463257,2500000000.0,2500000000,2500000000.0,2500000000.0,2500000000.000,6899999976.158142,POINT_IN_TIME_MARKET_CLOSE_V1,BORSA_CLOSE_PER_1_TRY_NOMINAL_V1,POINT_IN_TIME_MARKET_CLOSE_SHARES_V1,229c8afefa7952179840ca3d3002ef1d6a40af18cf0762987dfba267f41ab0b9
KONKA,2026-09-23,7.75,390000000.0,390000000,390000000.0,390000000.0,390000000,3022500000.0,POINT_IN_TIME_MARKET_CLOSE_V1,BORSA_CLOSE_PER_1_TRY_NOMINAL_V1,POINT_IN_TIME_MARKET_CLOSE_SHARES_V1,67b7f2665ecba67a3e11fd71b8fe1ab254b21413e186f2ef3fda3192f8ac05fb
KONTR,2026-09-23,2.539999961853028,1300000000.0,1300000000,1300000000.0,1300000000.0,1300000000,3301999950.408936,POINT_IN_TIME_MARKET_CLOSE_V1,BORSA_CLOSE_PER_1_TRY_NOMINAL_V1,POINT_IN_TIME_MARKET_CLOSE_SHARES_V1,5e66d6527d5e4de05e87e15416e723b5a19c5128a20004b6f37cb29f49c28ca0
KONYA,2026-09-23,3925.0,4873440.0,487344000,4873440.0,4873440.0,4873440,19128252000.0,POINT_IN_TIME_MARKET_CLOSE_V1,BORSA_CLOSE_PER_1_TRY_NOMINAL_V1,POINT_IN_TIME_MARKET_CLOSE_SHARES_V1,d39c4a23177f94e0d18699ec4d270903901e90d0a4c83ac27a22bcae5f43b0f0
KOPOL,2026-09-23,3.5899999141693115,1296960000.0,1296960000,1296960000.0,1296960000.0,1296960000,4656086288.68103,POINT_IN_TIME_MARKET_CLOSE_V1,BORSA_CLOSE_PER_1_TRY_NOMINAL_V1,POINT_IN_TIME_MARKET_CLOSE_SHARES_V1,5a70eb928df5788947b1ffad0e0894a37e9287bbb78ba773683e8b92e5b06b6a
KORDS,2026-09-23,3.049999952316284,194529076.0,1,194529076.0,194529076.0,194529076,593313672.5241308,POINT_IN_TIME_MARKET_CLOSE_V1,BORSA_CLOSE_PER_1_TRY_NOMINAL_V1,POINT_IN_TIME_MARKET_CLOSE_SHARES_V1,5c695c66f4640cae07a1b4363c1a559ea874ab97faa0d8e5188cd1d581cfd770
KPEKS,2026-09-23,63.400001525878906,125100000.0,125100000,125100000.0,125100000.0,125100000,7931340190.887451,POINT_IN_TIME_MARKET_CLOSE_V1,BORSA_CLOSE_PER_1_TRY_NOMINAL_V1,POINT_IN_TIME_MARKET_CLOSE_SHARES_V1,c83f01c6c6a51b3852ca33d0d50feb52a4dd18ffa6dd2507fe18a7515ff74896
KRGYO,2026-09-23,3.289999961853028,990000000.0,990000000,990000000.0,990000000.0,990000000,3257099962.2344975,POINT_IN_TIME_MARKET_CLOSE_V1,BORSA_CLOSE_PER_1_TRY_NOMINAL_V1,POINT_IN_TIME_MARKET_CLOSE_SHARES_V1,30b176717a677f5914e8cd14c99d64de40a0efa56b8e1d478f72a8b41ca7a2e8
KRONT,2026-09-23,18.8799991607666,171222156.0,171222156,171222156.0,171222156.0,171222156,3232674161.584648,POINT_IN_TIME_MARKET_CLOSE_V1,BORSA_CLOSE_PER_1_TRY_NOMINAL_V1,POINT_IN_TIME_MARKET_CLOSE_SHARES_V1,3d67c1ebf6fd79e8d9cc7c79d3052f1e4036a895ad795b7a1892e6232ee01253
KRPLS,2026-09-23,12.449999809265137,174600000.0,174600000,174600000.0,174600000.0,174600000,2173769966.697693,POINT_IN_TIME_MARKET_CLOSE_V1,BORSA_CLOSE_PER_1_TRY_NOMINAL_V1,POINT_IN_TIME_MARKET_CLOSE_SHARES_V1,40881a6c3e08f5aea2b5e5511d2d5fb7ae6977375cd6e8fee9fefa9f194f0415
KRSTL,2026-09-23,8.010000228881836,192000000.0,2,192000000.0,192000000.0,192000000,1537920043.9453125,POINT_IN_TIME_MARKET_CLOSE_V1,BORSA_CLOSE_PER_1_TRY_NOMINAL_V1,POINT_IN_TIME_MARKET_CLOSE_SHARES_V1,79cb50e007d5361874abdf3b233831865508510e61e01517b6439cab1ba479e7
KRTEK,2026-09-23,6.289999961853027,35100498.42,3510049842,35100498.42,35100498.42,35100498.42,220782133.72282225,POINT_IN_TIME_MARKET_CLOSE_V1,BORSA_CLOSE_PER_1_TRY_NOMINAL_V1,POINT_IN_TIME_MARKET_CLOSE_SHARES_V1,95d1ba27ca157996eff5805ed4c73ddd8e631533f27e691e5bffd0b622a822c0
KRVGD,2026-09-23,2.0999999046325684,2160000000.0,2160000000,2160000000.0,2160000000.0,2160000000,4535999794.006348,POINT_IN_TIME_MARKET_CLOSE_V1,BORSA_CLOSE_PER_1_TRY_NOMINAL_V1,POINT_IN_TIME_MARKET_CLOSE_SHARES_V1,73b467f05a46141c5b97f114fbca528b394a9b9b1ff3d420f63272fa1328e8c6
KTLEV,2026-09-23,16.239999771118164,7000000000.0,7000000000,7000000000.0,7000000000.0,7000000000,113679998397.82715,POINT_IN_TIME_MARKET_CLOSE_V1,BORSA_CLOSE_PER_1_TRY_NOMINAL_V1,POINT_IN_TIME_MARKET_CLOSE_SHARES_V1,ffd0979f8d78b9f9a03ce3938c816a6b71b8e24ba4cbc6c1236fbaeef086a1db
KUTPO,2026-09-23,71.1500015258789,39916800.0,3991680000,39916800.0,39916800.0,39916800,2840080380.908203,POINT_IN_TIME_MARKET_CLOSE_V1,BORSA_CLOSE_PER_1_TRY_NOMINAL_V1,POINT_IN_TIME_MARKET_CLOSE_SHARES_V1,cfa80fc8f500ae171d3689103be8e70abaae909f9a1d993f3f454271580a43fb
KUYAS,2026-09-23,37.09999847412109,400000000.0,400000000,400000000.0,400000000.0,400000000,14839999389.648436,POINT_IN_TIME_MARKET_CLOSE_V1,BORSA_CLOSE_PER_1_TRY_NOMINAL_V1,POINT_IN_TIME_MARKET_CLOSE_SHARES_V1,0b89ccaf6abf5014536635df4fced9740aeb31f9904661e562855ab1590f9501
KZBGY,2026-09-23,1.4900000095367432,4000000000.0,4000000000,4000000000.0,4000000000.0,4000000000.00,5960000038.146973,POINT_IN_TIME_MARKET_CLOSE_V1,BORSA_CLOSE_PER_1_TRY_NOMINAL_V1,POINT_IN_TIME_MARKET_CLOSE_SHARES_V1,2dc97d7a0d6200a3a07e1d51aaaea56b1bbb5650b090c636bd19aef5d00bb868
KZGYO,2026-09-23,16.0,200000000.0,200000000,200000000.0,200000000.0,200000000,3200000000.0,POINT_IN_TIME_MARKET_CLOSE_V1,BORSA_CLOSE_PER_1_TRY_NOMINAL_V1,POINT_IN_TIME_MARKET_CLOSE_SHARES_V1,3e8c2e41495e487842b67bb3065b372ad6d42b5b8f374302a29af2adfd700b2a
LIDER,2026-09-23,11.520000457763672,825000000.0,825000000,825000000.0,825000000.0,825000000,9504000377.65503,POINT_IN_TIME_MARKET_CLOSE_V1,BORSA_CLOSE_PER_1_TRY_NOMINAL_V1,POINT_IN_TIME_MARKET_CLOSE_SHARES_V1,6c127ce021b6331516336860d34f2e31ea704004ef5a9a63e057129aa3e2da83
LIDFA,2026-09-23,1.6399999856948853,1088802000.0,1088802000,1088802000.0,1088802000.0,1088802000,1785635264.4245625,POINT_IN_TIME_MARKET_CLOSE_V1,BORSA_CLOSE_PER_1_TRY_NOMINAL_V1,POINT_IN_TIME_MARKET_CLOSE_SHARES_V1,753a56374e8a1eeab6c80ed369e17500e995f92ad1cdb382e950c7aff840c45b
LILAK,2026-09-23,25.520000457763672,590000000.0,2,590000000.0,590000000.0,590000000,15056800270.080566,POINT_IN_TIME_MARKET_CLOSE_V1,BORSA_CLOSE_PER_1_TRY_NOMINAL_V1,POINT_IN_TIME_MARKET_CLOSE_SHARES_V1,bb86844f631a8f0c7ec23cc1050ee4d50c099a03e39c15b11cce29bb820fe69b
LINK,2026-09-23,4.130000114440918,891754956.08,89175495608,891754956.08,891754956.08,891754956.08,3682948070.6636558,POINT_IN_TIME_MARKET_CLOSE_V1,BORSA_CLOSE_PER_1_TRY_NOMINAL_V1,POINT_IN_TIME_MARKET_CLOSE_SHARES_V1,9896228b636313bc1c6fc52c5721721a928450538c6b6fc87ca02613906e3736
LKMNH,2026-09-23,12.109999656677246,216000000.0,2,216000000.0,216000000.0,216000000.000,2615759925.842285,POINT_IN_TIME_MARKET_CLOSE_V1,BORSA_CLOSE_PER_1_TRY_NOMINAL_V1,POINT_IN_TIME_MARKET_CLOSE_SHARES_V1,0dc1632c5716d7c3fadd767dc85d5eec7da5bff4f57bd8ac35a9485b1c750a5c
LOGO,2026-09-23,143.5,95000000.0,9500000000,95000000.0,95000000.0,95000000,13632500000.0,POINT_IN_TIME_MARKET_CLOSE_V1,BORSA_CLOSE_PER_1_TRY_NOMINAL_V1,POINT_IN_TIME_MARKET_CLOSE_SHARES_V1,035334d989415ddbb6f1de08cd3c6da6e23e216e1370f724d238b872d9f1fc9c
LRSHO,2026-09-23,2.0299999713897705,768000000.0,768000000,768000000.0,768000000.0,768000000,1559039978.0273438,POINT_IN_TIME_MARKET_CLOSE_V1,BORSA_CLOSE_PER_1_TRY_NOMINAL_V1,POINT_IN_TIME_MARKET_CLOSE_SHARES_V1,857ae2c7e2b1aafd9d17121bc3f8f9404189dde06908b99e358e7c8347d9fd18
LXGYO,2026-09-23,7.0,330000000.0,330000000,330000000.0,330000000.0,330000000,2310000000.0,POINT_IN_TIME_MARKET_CLOSE_V1,BORSA_CLOSE_PER_1_TRY_NOMINAL_V1,POINT_IN_TIME_MARKET_CLOSE_SHARES_V1,7c1abc91331638531a446c673fe08cf614f3af6b0e89f31083cdcbd888b698bd
MAALT,2026-09-23,930.0,8640048.0,864004800,8640048.0,8640048.0,8640048,8035244640.0,POINT_IN_TIME_MARKET_CLOSE_V1,BORSA_CLOSE_PER_1_TRY_NOMINAL_V1,POINT_IN_TIME_MARKET_CLOSE_SHARES_V1,437783da1d92e563cfed4e668b031ce9e0bd653e2d8e47b98a7ac2ffd1351c44
MACKO,2026-09-23,27.780000686645508,100000000.0,100000000,100000000.0,100000000.0,100000000,2778000068.664551,POINT_IN_TIME_MARKET_CLOSE_V1,BORSA_CLOSE_PER_1_TRY_NOMINAL_V1,POINT_IN_TIME_MARKET_CLOSE_SHARES_V1,6f998780b6bc0729776c4cb1b9b1cbbd235567bbfa9cbbdc9fc00815a4d3d170
MAGEN,2026-09-23,19.8799991607666,2950000000.0,2950000000,2950000000.0,2950000000.0,2950000000.000,58645997524.261475,POINT_IN_TIME_MARKET_CLOSE_V1,BORSA_CLOSE_PER_1_TRY_NOMINAL_V1,POINT_IN_TIME_MARKET_CLOSE_SHARES_V1,138ee09c6f5b39d669d8a3c42ab972f24a7a3f98c1949d0230375c10bde40e1e
MAKIM,2026-09-23,13.0,112000000.0,112000000,112000000.0,112000000.0,112000000,1456000000.0,POINT_IN_TIME_MARKET_CLOSE_V1,BORSA_CLOSE_PER_1_TRY_NOMINAL_V1,POINT_IN_TIME_MARKET_CLOSE_SHARES_V1,34956cbf08ee06988636af7ca0776b52b26ef2d12f781860194c0c79c1e32abc
MAKTK,2026-09-23,7.199999809265137,200000000.0,20000000000,200000000.0,200000000.0,200000000,1439999961.8530273,POINT_IN_TIME_MARKET_CLOSE_V1,BORSA_CLOSE_PER_1_TRY_NOMINAL_V1,POINT_IN_TIME_MARKET_CLOSE_SHARES_V1,0c045385ba64df0e2ebea778298aa2baadecb484224ad9f690b940d2be400181
MANAS,2026-09-23,17.799999237060547,331056000.0,331056000,331056000.0,331056000.0,331056000,5892796547.424316,POINT_IN_TIME_MARKET_CLOSE_V1,BORSA_CLOSE_PER_1_TRY_NOMINAL_V1,POINT_IN_TIME_MARKET_CLOSE_SHARES_V1,02139271542288ea0a14f9b11ac2a82459d3f128fd87b23f598d01d175aee372
MARBL,2026-09-23,10.0,228600000.0,4,228600000.0,228600000.0,228600000,2286000000.0,POINT_IN_TIME_MARKET_CLOSE_V1,BORSA_CLOSE_PER_1_TRY_NOMINAL_V1,POINT_IN_TIME_MARKET_CLOSE_SHARES_V1,c3362fdf8dcfd876175273aaa60af5050d9faaa28f3849240e7374f0fdf31a1c
MARMR,2026-09-23,1.590000033378601,3016276170.0,3016276170,3016276170.0,3016276170.0,3016276170,4795879210.979079,POINT_IN_TIME_MARKET_CLOSE_V1,BORSA_CLOSE_PER_1_TRY_NOMINAL_V1,POINT_IN_TIME_MARKET_CLOSE_SHARES_V1,52dd1500d01524296f37ef93fdb79f75e37c5d6255e9d0dd4928036f0332e5bd
MARTI,2026-09-23,1.6299999952316284,1500000000.0,150000000000,1500000000.0,1500000000.0,1500000000,2444999992.8474426,POINT_IN_TIME_MARKET_CLOSE_V1,BORSA_CLOSE_PER_1_TRY_NOMINAL_V1,POINT_IN_TIME_MARKET_CLOSE_SHARES_V1,ca3c89e52d397b6b7bfdb731bd96e529a69c00def0cd67e56a556db98740df0d
MAVI,2026-09-23,38.77999877929688,794512000.0,794512000,794512000.0,794512000.0,794512000,30811174390.136723,POINT_IN_TIME_MARKET_CLOSE_V1,BORSA_CLOSE_PER_1_TRY_NOMINAL_V1,POINT_IN_TIME_MARKET_CLOSE_SHARES_V1,f09175364b9c42782dda8ac6fc2fae16d08ba886978ec9c25ea2ef94778d1ebe
MEDTR,2026-09-23,19.899999618530277,119000000.0,119000000,119000000.0,119000000.0,119000000,2368099954.605103,POINT_IN_TIME_MARKET_CLOSE_V1,BORSA_CLOSE_PER_1_TRY_NOMINAL_V1,POINT_IN_TIME_MARKET_CLOSE_SHARES_V1,19ddd7437a9ce4291314d5a7fc04de42715101580fb4b066deb61ce33f9b1628
MEGAP,2026-09-23,1.399999976158142,275000000.0,275000000,275000000.0,275000000.0,275000000.00,384999993.4434891,POINT_IN_TIME_MARKET_CLOSE_V1,BORSA_CLOSE_PER_1_TRY_NOMINAL_V1,POINT_IN_TIME_MARKET_CLOSE_SHARES_V1,0b944631d4159127ed2c691e7ec32369697f1ee7498df9755940cf368ef069cd
MEGMT,2026-09-23,3.559999942779541,265000000.0,265000000,265000000.0,265000000.0,265000000,943399984.8365784,POINT_IN_TIME_MARKET_CLOSE_V1,BORSA_CLOSE_PER_1_TRY_NOMINAL_V1,POINT_IN_TIME_MARKET_CLOSE_SHARES_V1,8bbe63e3fea500d54037aa7758b7a0aaf2450c3c1c4de5c59c3bdec4485bc61c
MEKAG,2026-09-23,2.299999952316284,800000000.0,800000000,800000000.0,800000000.0,800000000,1839999961.8530273,POINT_IN_TIME_MARKET_CLOSE_V1,BORSA_CLOSE_PER_1_TRY_NOMINAL_V1,POINT_IN_TIME_MARKET_CLOSE_SHARES_V1,9dfb7f85d8f3d7ad9889fd1d10ca58c8b353ae47864d3cd5e7120c648a8c6563
MEPET,2026-09-23,21.899999618530277,75350000.0,7535000000,75350000.0,75350000.0,75350000,1650164971.2562563,POINT_IN_TIME_MARKET_CLOSE_V1,BORSA_CLOSE_PER_1_TRY_NOMINAL_V1,POINT_IN_TIME_MARKET_CLOSE_SHARES_V1,c273677a0ae736460040922a84ecc56db0d85cca2a3c8b9c0a77ab4e6b922e5a
MERIT,2026-09-23,14.43000030517578,336600000.0,3366000000,336600000.0,336600000.0,336600000.0,4857138102.722167,POINT_IN_TIME_MARKET_CLOSE_V1,BORSA_CLOSE_PER_1_TRY_NOMINAL_V1,POINT_IN_TIME_MARKET_CLOSE_SHARES_V1,e7f982d10058851f0b0d057848bc5074a1cd616e145a0b66106e56944d89ca67
METEN,2026-09-23,18.07999992370605,635000000.0,635000000,635000000.0,635000000.0,635000000,11480799951.553343,POINT_IN_TIME_MARKET_CLOSE_V1,BORSA_CLOSE_PER_1_TRY_NOMINAL_V1,POINT_IN_TIME_MARKET_CLOSE_SHARES_V1,6e64ee8a664c1caeabdcc12c14e38c6e577dafaff9dd920a52f1eb94ff2c3527
METRO,2026-09-23,6.800000190734863,540000000.0,54000000000,540000000.0,540000000.0,540000000,3672000102.996826,POINT_IN_TIME_MARKET_CLOSE_V1,BORSA_CLOSE_PER_1_TRY_NOMINAL_V1,POINT_IN_TIME_MARKET_CLOSE_SHARES_V1,5365a80f5b455778208320e2cb1b260fba5ba34c427cb2060288df2a11ee3476
MGROS,2026-09-23,537.0,181054233.0,18105423300,181054233.0,181054233.0,181054233,97226123121.0,POINT_IN_TIME_MARKET_CLOSE_V1,BORSA_CLOSE_PER_1_TRY_NOMINAL_V1,POINT_IN_TIME_MARKET_CLOSE_SHARES_V1,c0caad4f779bc9a9d0c4635e7de0876d8f9833e38da081ae04500e6f875de47e
MHRGY,2026-09-23,1.8600000143051147,1860750000.0,1860750000,1860750000.0,1860750000.0,1860750000,3460995026.6182423,POINT_IN_TIME_MARKET_CLOSE_V1,BORSA_CLOSE_PER_1_TRY_NOMINAL_V1,POINT_IN_TIME_MARKET_CLOSE_SHARES_V1,11527601952354e59b91987fd1832175e50a8e9e2f118cef02e0b6be265650a8
MIATK,2026-09-23,22.559999465942383,494000000.0,494000000,494000000.0,494000000.0,494000000,11144639736.175537,POINT_IN_TIME_MARKET_CLOSE_V1,BORSA_CLOSE_PER_1_TRY_NOMINAL_V1,POINT_IN_TIME_MARKET_CLOSE_SHARES_V1,11eaac9ec73df2cea30ca01f675472adec2200a1d16e0f2e05754551eda21e0a
MMCAS,2026-09-23,20.700000762939453,13336879.0,13336879,13336879.0,13336879.0,13336879.000,276073405.4752312,POINT_IN_TIME_MARKET_CLOSE_V1,BORSA_CLOSE_PER_1_TRY_NOMINAL_V1,POINT_IN_TIME_MARKET_CLOSE_SHARES_V1,19c32cf748b67113b5b5569311e61fcb35879255957f5fabd484f2a102f33d83
MNDRS,2026-09-23,10.020000457763672,277292576.42,27729257642,277292576.42,277292576.42,277292576.42,2778471742.662868,POINT_IN_TIME_MARKET_CLOSE_V1,BORSA_CLOSE_PER_1_TRY_NOMINAL_V1,POINT_IN_TIME_MARKET_CLOSE_SHARES_V1,0f0c2a4a03b5e2e6b26b1fe8b0c30ffb832675e7b9d39855d5b7419564a4c4f6
MNDTR,2026-09-23,4.309999942779541,1049040805.98,104904080598,1049040805.98,1049040805.98,1049040805.98,4521365813.747204,POINT_IN_TIME_MARKET_CLOSE_V1,BORSA_CLOSE_PER_1_TRY_NOMINAL_V1,POINT_IN_TIME_MARKET_CLOSE_SHARES_V1,4333ff514588c46c184f96f5f14211fb8196e0c3d89b4729d3a50e0e2868b838
MOBTL,2026-09-23,10.34000015258789,1025000000.0,1025000000,1025000000.0,1025000000.0,1025000000,10598500156.402588,POINT_IN_TIME_MARKET_CLOSE_V1,BORSA_CLOSE_PER_1_TRY_NOMINAL_V1,POINT_IN_TIME_MARKET_CLOSE_SHARES_V1,0cd438051b00da318cf872997836da7e67bf8844b560667366d8e3a5bdf0a910
MOGAN,2026-09-23,9.0,2440108000.0,2,2440108000.0,2440108000.0,2440108000,21960972000.0,POINT_IN_TIME_MARKET_CLOSE_V1,BORSA_CLOSE_PER_1_TRY_NOMINAL_V1,POINT_IN_TIME_MARKET_CLOSE_SHARES_V1,e39e415649837ca4dbfd18231e88e2d3255947c26386285fc5d6435e453ab350
MOPAS,2026-09-23,20.63999938964844,273000000.0,273000000,273000000.0,273000000.0,273000000,5634719833.374024,POINT_IN_TIME_MARKET_CLOSE_V1,BORSA_CLOSE_PER_1_TRY_NOMINAL_V1,POINT_IN_TIME_MARKET_CLOSE_SHARES_V1,b9f4948d139b2cadd440af83b8804f03832577c3a49526b499faef60cae9eab4
MPARK,2026-09-23,433.25,191012202.0,191012202,191012202.0,191012202.0,191012202,82756036516.5,POINT_IN_TIME_MARKET_CLOSE_V1,BORSA_CLOSE_PER_1_TRY_NOMINAL_V1,POINT_IN_TIME_MARKET_CLOSE_SHARES_V1,0817c43784bb448cc424ea77b884aee392c98f6adac3cf209287229846bb3859
MRGYO,2026-09-23,1.2699999809265137,1090980000.0,1090980000,1090980000.0,1090980000.0,1090980000,1385544579.191208,POINT_IN_TIME_MARKET_CLOSE_V1,BORSA_CLOSE_PER_1_TRY_NOMINAL_V1,POINT_IN_TIME_MARKET_CLOSE_SHARES_V1,a246a01cb39536c627c7fe945ee0d719913932eae0eacee9e100afa004b548a2
MRSHL,2026-09-23,1540.0,10994134.0,1099413400,10994134.0,10994134.0,10994134,16930966360.0,POINT_IN_TIME_MARKET_CLOSE_V1,BORSA_CLOSE_PER_1_TRY_NOMINAL_V1,POINT_IN_TIME_MARKET_CLOSE_SHARES_V1,ec954cc8afc6b55d9edec19522d00558201c4ef2c05a2ed9cbd6dfafe9472ba4
MTRKS,2026-09-23,22.6200008392334,100500000.0,100500000,100500000.0,100500000.0,100500000,2273310084.3429565,POINT_IN_TIME_MARKET_CLOSE_V1,BORSA_CLOSE_PER_1_TRY_NOMINAL_V1,POINT_IN_TIME_MARKET_CLOSE_SHARES_V1,718b66f482874e5636e95b39cf2f3e8bf22d182ea169d27421285aea8394752f
MTRYO,2026-09-23,8.800000190734863,42000000.0,42000000,42000000.0,42000000.0,42000000,369600008.01086426,POINT_IN_TIME_MARKET_CLOSE_V1,BORSA_CLOSE_PER_1_TRY_NOMINAL_V1,POINT_IN_TIME_MARKET_CLOSE_SHARES_V1,061cdb8972d244462dc3b1307a105cc60247a045c359d7f502c65af0560898f7
MZHLD,2026-09-23,4.75,108559000.0,3,108559000.0,108559000.0,108559000,515655250.0,POINT_IN_TIME_MARKET_CLOSE_V1,BORSA_CLOSE_PER_1_TRY_NOMINAL_V1,POINT_IN_TIME_MARKET_CLOSE_SHARES_V1,98e49df5b0ab3e9ac91a6bb8eb747c2ea72a7a357cb86198aad7e2d7adf4b1f7
NATEN,2026-09-23,4.460000038146973,825000000.0,825000000,825000000.0,825000000.0,825000000,3679500031.4712524,POINT_IN_TIME_MARKET_CLOSE_V1,BORSA_CLOSE_PER_1_TRY_NOMINAL_V1,POINT_IN_TIME_MARKET_CLOSE_SHARES_V1,359a21f334ea49a2efa164d085b00437d9d9bc12495c541ad0409e616d805e45
NETAS,2026-09-23,77.8499984741211,64864800.0,64864800,64864800.0,64864800.0,64864800,5049724581.02417,POINT_IN_TIME_MARKET_CLOSE_V1,BORSA_CLOSE_PER_1_TRY_NOMINAL_V1,POINT_IN_TIME_MARKET_CLOSE_SHARES_V1,5c1a3d6fd67ce5f948d8c39b4b79ddd3ae325f179bf3020e6abae285985253d7
NIBAS,2026-09-23,3.309999942779541,324000000.0,324000000,324000000.0,324000000.0,324000000,1072439981.4605713,POINT_IN_TIME_MARKET_CLOSE_V1,BORSA_CLOSE_PER_1_TRY_NOMINAL_V1,POINT_IN_TIME_MARKET_CLOSE_SHARES_V1,cb289a2b46da5321c26bebb27a9e058cfaf0da226d3c4a6e768486fb7f2b463c
NTGAZ,2026-09-23,10.630000114440918,690000000.0,690000000,690000000.0,690000000.0,690000000,7334700078.964233,POINT_IN_TIME_MARKET_CLOSE_V1,BORSA_CLOSE_PER_1_TRY_NOMINAL_V1,POINT_IN_TIME_MARKET_CLOSE_SHARES_V1,d6fd2238d29806f01b4e9edef8d670a5155b99c5a04062ecd0c839895717882a
NTHOL,2026-09-23,38.2400016784668,500000000.0,10000000000,500000000.0,500000000.0,500000000.000,19120000839.2334,POINT_IN_TIME_MARKET_CLOSE_V1,BORSA_CLOSE_PER_1_TRY_NOMINAL_V1,POINT_IN_TIME_MARKET_CLOSE_SHARES_V1,d0a2021401d2f07b351156000da354fca1765948ab03bfb15d7f9b8ad33b2040
NUGYO,2026-09-23,7.849999904632568,335348000.0,335348000,335348000.0,335348000.0,335348000,2632481768.0187225,POINT_IN_TIME_MARKET_CLOSE_V1,BORSA_CLOSE_PER_1_TRY_NOMINAL_V1,POINT_IN_TIME_MARKET_CLOSE_SHARES_V1,32c19404ff2cc1426a6f6d83671049a249940ff4823aa8c4626e79f1e78b7657
NUHCM,2026-09-23,205.3000030517578,150213600.0,150213600,150213600.0,150213600.0,150213600,30838852538.415527,POINT_IN_TIME_MARKET_CLOSE_V1,BORSA_CLOSE_PER_1_TRY_NOMINAL_V1,POINT_IN_TIME_MARKET_CLOSE_SHARES_V1,4a3de2cb30e33f100bfd346bbe619eb02733406ecab7163cf3520943bd2459dd
OBAMS,2026-09-23,4.480000019073486,2876530554.0,2876530554,2876530554.0,2876530554.0,2876530554,12886856936.785465,POINT_IN_TIME_MARKET_CLOSE_V1,BORSA_CLOSE_PER_1_TRY_NOMINAL_V1,POINT_IN_TIME_MARKET_CLOSE_SHARES_V1,9c149b148dfd2cab70552e5e4d05e19c5c5e81dd8f8e3a7aa500fc45bcbf0112
OBASE,2026-09-23,28.68000030517578,45500000.0,45500000,45500000.0,45500000.0,45500000,1304940013.885498,POINT_IN_TIME_MARKET_CLOSE_V1,BORSA_CLOSE_PER_1_TRY_NOMINAL_V1,POINT_IN_TIME_MARKET_CLOSE_SHARES_V1,4ac068bef8774516c16a55c7558df8d5e707e7a3818b3d6535bc5420a314ff55
ODAS,2026-09-23,6.900000095367432,1400000000.0,2,1400000000.0,1400000000.0,1400000000,9660000133.514404,POINT_IN_TIME_MARKET_CLOSE_V1,BORSA_CLOSE_PER_1_TRY_NOMINAL_V1,POINT_IN_TIME_MARKET_CLOSE_SHARES_V1,05efa2541e9b82e05037c3d864daa6af07143f2ae24afdbe239a121fc6a78d10
ODINE,2026-09-23,337.5,110500000.0,110500000,110500000.0,110500000.0,110500000,37293750000.0,POINT_IN_TIME_MARKET_CLOSE_V1,BORSA_CLOSE_PER_1_TRY_NOMINAL_V1,POINT_IN_TIME_MARKET_CLOSE_SHARES_V1,1e81c24180347a5c4f84c9e28808690ca01a687c143981d60db1d77be6f1dfae
OFSYM,2026-09-23,59.45000076293945,146250000.0,146250000,146250000.0,146250000.0,146250000,8694562611.579895,POINT_IN_TIME_MARKET_CLOSE_V1,BORSA_CLOSE_PER_1_TRY_NOMINAL_V1,POINT_IN_TIME_MARKET_CLOSE_SHARES_V1,c8cc411ab390752097a6519732090dd5111ec142f477e6a72e0561eae7cb96fd
ONCSM,2026-09-23,84.3499984741211,23850000.0,23850000,23850000.0,23850000.0,23850000,2011747463.607788,POINT_IN_TIME_MARKET_CLOSE_V1,BORSA_CLOSE_PER_1_TRY_NOMINAL_V1,POINT_IN_TIME_MARKET_CLOSE_SHARES_V1,ba1e21b4258b5383abeadb00cedaeed0979ec2326565e7524e34be55e2cb0c7f
ONRYT,2026-09-23,10.68000030517578,251320000.0,251320000,251320000.0,251320000.0,251320000,2684097676.696777,POINT_IN_TIME_MARKET_CLOSE_V1,BORSA_CLOSE_PER_1_TRY_NOMINAL_V1,POINT_IN_TIME_MARKET_CLOSE_SHARES_V1,871b1e8bd5628ebc1082e6047da2e96296ea05d435c98cc65ecbb272648c45a1
ORGE,2026-09-23,22.899999618530277,400000000.0,400000000,400000000.0,400000000.0,400000000,9159999847.412111,POINT_IN_TIME_MARKET_CLOSE_V1,BORSA_CLOSE_PER_1_TRY_NOMINAL_V1,POINT_IN_TIME_MARKET_CLOSE_SHARES_V1,c761cb19e1890040ce47b3c6b273517be059e5627e0cb45d32332a6299f0b655
ORMA,2026-09-23,132.0,27200000.0,2720000000,27200000.0,27200000.0,27200000,3590400000.0,POINT_IN_TIME_MARKET_CLOSE_V1,BORSA_CLOSE_PER_1_TRY_NOMINAL_V1,POINT_IN_TIME_MARKET_CLOSE_SHARES_V1,8f9690d378ce0f41b43fae67d57b278b2cbf08bffa3c46d4d8ebbc4b7ff61096
ORZAX,2026-09-23,76.5999984741211,338500000.0,338500000,338500000.0,338500000.0,338500000,25929099483.48999,POINT_IN_TIME_MARKET_CLOSE_V1,BORSA_CLOSE_PER_1_TRY_NOMINAL_V1,POINT_IN_TIME_MARKET_CLOSE_SHARES_V1,64b3ce9ab53c7483519cffe4159a8b34ae5f1c781b198f654f7bbf58ab410be9
OSTIM,2026-09-23,1.399999976158142,796500000.0,796500000,796500000.0,796500000.0,796500000.000,1115099981.0099602,POINT_IN_TIME_MARKET_CLOSE_V1,BORSA_CLOSE_PER_1_TRY_NOMINAL_V1,POINT_IN_TIME_MARKET_CLOSE_SHARES_V1,cd0def1d28c459d557f22991e7363c565ac301ab6e50063dab67ccd42f7f25f9
OTTO,2026-09-23,91.25,7635461.0,7635461,7635461.0,7635461.0,7635461,696735816.25,POINT_IN_TIME_MARKET_CLOSE_V1,BORSA_CLOSE_PER_1_TRY_NOMINAL_V1,POINT_IN_TIME_MARKET_CLOSE_SHARES_V1,c913265c17eea3dbd356a47a3e4457f76a7e9256078cd40ea454b8edad90bdf9
OYAYO,2026-09-23,38.2400016784668,20000000.0,20000000,20000000.0,20000000.0,20000000.0,764800033.5693359,POINT_IN_TIME_MARKET_CLOSE_V1,BORSA_CLOSE_PER_1_TRY_NOMINAL_V1,POINT_IN_TIME_MARKET_CLOSE_SHARES_V1,8cfd9760f15064040e35ccfde499b05f7763f10960d8cdabe556e318eee48f58
OYLUM,2026-09-23,6.28000020980835,85000000.0,85000000,85000000.0,85000000.0,85000000.00,533800017.8337097,POINT_IN_TIME_MARKET_CLOSE_V1,BORSA_CLOSE_PER_1_TRY_NOMINAL_V1,POINT_IN_TIME_MARKET_CLOSE_SHARES_V1,f5129a06124aba8595edeee8fa3140731bb4bce2dfba989d7433480b364877cd
OZATD,2026-09-23,2652.5,71350000.0,71350000,71350000.0,71350000.0,71350000,189255875000.0,POINT_IN_TIME_MARKET_CLOSE_V1,BORSA_CLOSE_PER_1_TRY_NOMINAL_V1,POINT_IN_TIME_MARKET_CLOSE_SHARES_V1,2872c602067cc83df84ac8bc97cf64e6b6379e8b3af0a63a453287d5da57c833
OZGYO,2026-09-23,1.7000000476837158,1000000000.0,1000000000,1000000000.0,1000000000.0,1000000000,1700000047.6837158,POINT_IN_TIME_MARKET_CLOSE_V1,BORSA_CLOSE_PER_1_TRY_NOMINAL_V1,POINT_IN_TIME_MARKET_CLOSE_SHARES_V1,e5887f06443c5afb5db3668b520efadfe89e2a3555c30d0b74153d39d81d0a03
OZKGY,2026-09-23,12.350000381469728,1456000000.0,1456000000,1456000000.0,1456000000.0,1456000000.000,17981600555.419926,POINT_IN_TIME_MARKET_CLOSE_V1,BORSA_CLOSE_PER_1_TRY_NOMINAL_V1,POINT_IN_TIME_MARKET_CLOSE_SHARES_V1,f83d08f071dd0bb25ad21ff5995416b73b0b3a0e9bc33dbad1c8bcc6c325f824
OZSUB,2026-09-23,39.040000915527344,120000000.0,120000000,120000000.0,120000000.0,120000000,4684800109.863281,POINT_IN_TIME_MARKET_CLOSE_V1,BORSA_CLOSE_PER_1_TRY_NOMINAL_V1,POINT_IN_TIME_MARKET_CLOSE_SHARES_V1,2601c26515ceb5ed68f932232295f48df61a4b5de609c28d5f8aa2dbbaad7a1e
PAGYO,2026-09-23,124.1999969482422,87000000.0,87000000,87000000.0,87000000.0,87000000,10805399734.497072,POINT_IN_TIME_MARKET_CLOSE_V1,BORSA_CLOSE_PER_1_TRY_NOMINAL_V1,POINT_IN_TIME_MARKET_CLOSE_SHARES_V1,d72d1c1732c55a90e0dcbe5fe84d2f259eb392c78a6c3bf61e42f2b81032ff52
PAHOL,2026-09-23,0.9900000095367432,20000000000.0,20000000000,20000000000.0,20000000000.0,20000000000,19800000190.734863,POINT_IN_TIME_MARKET_CLOSE_V1,BORSA_CLOSE_PER_1_TRY_NOMINAL_V1,POINT_IN_TIME_MARKET_CLOSE_SHARES_V1,8cf7eb5c30d036e4e13b5364cf4f199a5bd5a9ec9c01064d0b5c150cea00dc3e
PAMEL,2026-09-23,51.95000076293945,31095331.0,31095331,31095331.0,31095331.0,31095331,1615402469.1738548,POINT_IN_TIME_MARKET_CLOSE_V1,BORSA_CLOSE_PER_1_TRY_NOMINAL_V1,POINT_IN_TIME_MARKET_CLOSE_SHARES_V1,20ae2967c2da0b79cb713eba7dda81541f82d83aa275149a8dffd509fbcb315a
PAPIL,2026-09-23,8.739999771118164,206250000.0,206250000,206250000.0,206250000.0,206250000,1802624952.7931213,POINT_IN_TIME_MARKET_CLOSE_V1,BORSA_CLOSE_PER_1_TRY_NOMINAL_V1,POINT_IN_TIME_MARKET_CLOSE_SHARES_V1,54c04151771428a92091d538c61883b72ca22ecea7888283531fa4b174c33ce9
PARSN,2026-09-23,63.20000076293945,86788722.0,8678872200,86788722.0,86788722.0,86788722,5485047296.61454,POINT_IN_TIME_MARKET_CLOSE_V1,BORSA_CLOSE_PER_1_TRY_NOMINAL_V1,POINT_IN_TIME_MARKET_CLOSE_SHARES_V1,f5bd2b11631b18f4255c346f3baa00bc14c71f43fb54e96eb8862c4bfa91864b
PASEU,2026-09-23,40.459999084472656,672000000.0,672000000,672000000.0,672000000.0,672000000,27189119384.765625,POINT_IN_TIME_MARKET_CLOSE_V1,BORSA_CLOSE_PER_1_TRY_NOMINAL_V1,POINT_IN_TIME_MARKET_CLOSE_SHARES_V1,e23099248d998925af9bb9c57c9e66283181c13407205e46d5b6bc304ff466d3
PATEK,2026-09-23,15.229999542236328,674934432.0,674934432,674934432.0,674934432.0,674934432.00,10279251090.399536,POINT_IN_TIME_MARKET_CLOSE_V1,BORSA_CLOSE_PER_1_TRY_NOMINAL_V1,POINT_IN_TIME_MARKET_CLOSE_SHARES_V1,bc86674ae28e6152f7a2bc675a62e6d0ad3e7f07781bb8243bce4ba85f3388ce
PCILT,2026-09-23,30.84000015258789,118350000.0,118350000,118350000.0,118350000.0,118350000,3649914018.058777,POINT_IN_TIME_MARKET_CLOSE_V1,BORSA_CLOSE_PER_1_TRY_NOMINAL_V1,POINT_IN_TIME_MARKET_CLOSE_SHARES_V1,2aa04c04dde004aa9ab0fcc6b79349f342aca85154734f5af840d29028accc7f
PEKGY,2026-09-23,6.239999771118164,5000000000.0,5000000000,5000000000.0,5000000000.0,5000000000.0,31199998855.59082,POINT_IN_TIME_MARKET_CLOSE_V1,BORSA_CLOSE_PER_1_TRY_NOMINAL_V1,POINT_IN_TIME_MARKET_CLOSE_SHARES_V1,77d9a55e07ebddb1c2ee36706d73946236320f11dc6e6e3b27a84226d4084429
PENGD,2026-09-23,7.889999866485596,175000000.0,175000000,175000000.0,175000000.0,175000000.000,1380749976.6349792,POINT_IN_TIME_MARKET_CLOSE_V1,BORSA_CLOSE_PER_1_TRY_NOMINAL_V1,POINT_IN_TIME_MARKET_CLOSE_SHARES_V1,50acc45e891bd35c8201e430586d97821bc86925bd993667a505a21a906cf780
PETKM,2026-09-23,23.0,2534400000.0,253440000000,2534400000.0,2534400000.0,2534400000.000,58291200000.0,POINT_IN_TIME_MARKET_CLOSE_V1,BORSA_CLOSE_PER_1_TRY_NOMINAL_V1,POINT_IN_TIME_MARKET_CLOSE_SHARES_V1,fbae03223969268bf5f32f4075c0e6445e66d58e353e6140d6e997d8fbb4124e
PETUN,2026-09-23,10.859999656677246,303345000.0,30334500000,303345000.0,303345000.0,303345000,3294326595.854759,POINT_IN_TIME_MARKET_CLOSE_V1,BORSA_CLOSE_PER_1_TRY_NOMINAL_V1,POINT_IN_TIME_MARKET_CLOSE_SHARES_V1,283e76fad2e3d1944a2990e8ec1e310d48025332b7ca4a7b2513e4ae0913a842
PGSUS,2026-09-23,150.3000030517578,500000000.0,500000000,500000000.0,500000000.0,500000000,75150001525.8789,POINT_IN_TIME_MARKET_CLOSE_V1,BORSA_CLOSE_PER_1_TRY_NOMINAL_V1,POINT_IN_TIME_MARKET_CLOSE_SHARES_V1,147e22272aaaf27a159222172cd833003374efead967a5d4da72d6c9ac5e0ec3
PLTUR,2026-09-23,16.979999542236328,244750000.0,244750000,244750000.0,244750000.0,244750000,4155854887.9623413,POINT_IN_TIME_MARKET_CLOSE_V1,BORSA_CLOSE_PER_1_TRY_NOMINAL_V1,POINT_IN_TIME_MARKET_CLOSE_SHARES_V1,d7cbf59f47d405a09a5c7f11161c54a1b79fd25f27996883f8016ffa8f2a90cb
PNLSN,2026-09-23,33.959999084472656,75000000.0,75000000,75000000.0,75000000.0,75000000,2546999931.335449,POINT_IN_TIME_MARKET_CLOSE_V1,BORSA_CLOSE_PER_1_TRY_NOMINAL_V1,POINT_IN_TIME_MARKET_CLOSE_SHARES_V1,c49fc8ab0677287fdd683b98ee232bc919b17b3a3ae0194895a73772249db775
PNSUT,2026-09-23,10.899999618530272,314657358.75,31465735875,314657358.75,314657358.75,314657358.75,3429765090.342743,POINT_IN_TIME_MARKET_CLOSE_V1,BORSA_CLOSE_PER_1_TRY_NOMINAL_V1,POINT_IN_TIME_MARKET_CLOSE_SHARES_V1,4e3335e613e192c2dd257dc975b74513a41d7bc10b42ac9ab508f7500f266ce5
POLHO,2026-09-23,19.489999771118164,758500000.0,758500000,758500000.0,758500000.0,758500000,14783164826.393127,POINT_IN_TIME_MARKET_CLOSE_V1,BORSA_CLOSE_PER_1_TRY_NOMINAL_V1,POINT_IN_TIME_MARKET_CLOSE_SHARES_V1,72b1c2646b97b73425f8aa5ae8a7d05d617c89ad1c5e8741b92c12c0666d2508
POLTK,2026-09-23,3325.0,3750000.0,3750000,3750000.0,3750000.0,3750000,12468750000.0,POINT_IN_TIME_MARKET_CLOSE_V1,BORSA_CLOSE_PER_1_TRY_NOMINAL_V1,POINT_IN_TIME_MARKET_CLOSE_SHARES_V1,471a59c8dc0300a31fa6285ac02e06941fced6e5a4573bab593095ecfd248f87
PRDGS,2026-09-23,4.050000190734863,196000000.0,196000000,196000000.0,196000000.0,196000000,793800037.3840332,POINT_IN_TIME_MARKET_CLOSE_V1,BORSA_CLOSE_PER_1_TRY_NOMINAL_V1,POINT_IN_TIME_MARKET_CLOSE_SHARES_V1,a300dd0bf95b3aae97ac9fb7b21fae3dca300e8813a72e710fe9a41149e76467
PRKME,2026-09-23,15.800000190734863,148867243.0,14886724300,148867243.0,148867243.0,148867243.0,2352102467.7941732,POINT_IN_TIME_MARKET_CLOSE_V1,BORSA_CLOSE_PER_1_TRY_NOMINAL_V1,POINT_IN_TIME_MARKET_CLOSE_SHARES_V1,1201ea373206d22a4b468b33921bd80d58df2ed8e7e594dc765464252ec82e83
PRZMA,2026-09-23,37.20000076293945,77449591.0,77449591,77449591.0,77449591.0,77449591.00,2881124844.2893486,POINT_IN_TIME_MARKET_CLOSE_V1,BORSA_CLOSE_PER_1_TRY_NOMINAL_V1,POINT_IN_TIME_MARKET_CLOSE_SHARES_V1,c6401c7e488073336670b4e3268a7fb8095d685ce4b3d3fc96b2871a0bcef65c
PSDTC,2026-09-23,101.6999969482422,7425000.0,7425000,7425000.0,7425000.0,7425000,755122477.3406984,POINT_IN_TIME_MARKET_CLOSE_V1,BORSA_CLOSE_PER_1_TRY_NOMINAL_V1,POINT_IN_TIME_MARKET_CLOSE_SHARES_V1,e8441a7b88e306ff2f6b0b60354b9744a2380a25d492c76b53819d94a70d40ba
PSGYO,2026-09-23,1.8799999952316284,6900847276.0,6900847276,6900847276.0,6900847276.0,6900847276.00,12973592845.974195,POINT_IN_TIME_MARKET_CLOSE_V1,BORSA_CLOSE_PER_1_TRY_NOMINAL_V1,POINT_IN_TIME_MARKET_CLOSE_SHARES_V1,ea5e034ac6d71aabace7852abbf8cfb1228311f9fa89b3765777643c4a29276e
QNBFK,2026-09-23,37.43999862670898,2500000000.0,250000000000,2500000000.0,2500000000.0,2500000000,93599996566.77245,POINT_IN_TIME_MARKET_CLOSE_V1,BORSA_CLOSE_PER_1_TRY_NOMINAL_V1,POINT_IN_TIME_MARKET_CLOSE_SHARES_V1,896cd792f5141bfc16d9ee48b4bbef4069fbc3be0850d9450dae22b6b1dff136
QUAGR,2026-09-23,2.2799999713897705,2640000000.0,2640000000,2640000000.0,2640000000.0,2640000000,6019199924.468994,POINT_IN_TIME_MARKET_CLOSE_V1,BORSA_CLOSE_PER_1_TRY_NOMINAL_V1,POINT_IN_TIME_MARKET_CLOSE_SHARES_V1,08e54227e058e396afb2332fa6201a40d346a0f7d00e4ac921d7593f4ec6efb4
QUICK,2026-09-23,49.040000915527344,481612950.0,481612950,481612950.0,481612950.0,481612950,23618299508.929825,POINT_IN_TIME_MARKET_CLOSE_V1,BORSA_CLOSE_PER_1_TRY_NOMINAL_V1,POINT_IN_TIME_MARKET_CLOSE_SHARES_V1,01a14d42967902b018ce4da7f7ea872312522d6880ba1bbd04dd7b4d9410e3da
RALYH,2026-09-23,144.39999389648438,333000000.0,333000000,333000000.0,333000000.0,333000000,48085197967.5293,POINT_IN_TIME_MARKET_CLOSE_V1,BORSA_CLOSE_PER_1_TRY_NOMINAL_V1,POINT_IN_TIME_MARKET_CLOSE_SHARES_V1,6ddaf958e5b8736c07a4812728e9d74e89c9a68a463d0de2c263bad0c2e1958d
RGYAS,2026-09-23,197.6000061035156,331000000.0,331000000,331000000.0,331000000.0,331000000,65405602020.263664,POINT_IN_TIME_MARKET_CLOSE_V1,BORSA_CLOSE_PER_1_TRY_NOMINAL_V1,POINT_IN_TIME_MARKET_CLOSE_SHARES_V1,becfa9c11ac0f0db2ccceb785912abc68678ae20b196a8106f8c2e6817c0ce2b
RNPOL,2026-09-23,1.950000047683716,600000000.0,600000000,600000000.0,600000000.0,600000000,1170000028.6102297,POINT_IN_TIME_MARKET_CLOSE_V1,BORSA_CLOSE_PER_1_TRY_NOMINAL_V1,POINT_IN_TIME_MARKET_CLOSE_SHARES_V1,a23275326d21af53998ae57fa61290cb62c1ce3778abf625d9aa6c09239ed1dc
RODRG,2026-09-23,17.899999618530273,28340000.0,2,28340000.0,28340000.0,28340000,507285989.18914795,POINT_IN_TIME_MARKET_CLOSE_V1,BORSA_CLOSE_PER_1_TRY_NOMINAL_V1,POINT_IN_TIME_MARKET_CLOSE_SHARES_V1,88dcba7920d354740673ca376241a7e820e60bdaec98a83ceb7eb916668c7d47
RTALB,2026-09-23,2.119999885559082,500000000.0,500000000,500000000.0,500000000.0,500000000,1059999942.779541,POINT_IN_TIME_MARKET_CLOSE_V1,BORSA_CLOSE_PER_1_TRY_NOMINAL_V1,POINT_IN_TIME_MARKET_CLOSE_SHARES_V1,d8447b85f818065ee178b5e05f91eee64908b5fd6b567914a3cf85873731f859
RUBNS,2026-09-23,23.940000534057617,81950000.0,81950000,81950000.0,81950000.0,81950000,1961883043.7660217,POINT_IN_TIME_MARKET_CLOSE_V1,BORSA_CLOSE_PER_1_TRY_NOMINAL_V1,POINT_IN_TIME_MARKET_CLOSE_SHARES_V1,7a8fe4861943da14ae20c4dcf8b25dc6e8d2638e3efe6d9d617cd3ebeb6f133c
RUZYE,2026-09-23,5.579999923706055,275000000.0,27500000000,275000000.0,275000000.0,275000000,1534499979.019165,POINT_IN_TIME_MARKET_CLOSE_V1,BORSA_CLOSE_PER_1_TRY_NOMINAL_V1,POINT_IN_TIME_MARKET_CLOSE_SHARES_V1,ed3007e999075d8a51e735385c5c47e7b3ad54db4bb5f5ed9d205abe059daaef
RYGYO,2026-09-23,49.31999969482422,2000000000.0,2000000000,2000000000.0,2000000000.0,2000000000.000,98639999389.64844,POINT_IN_TIME_MARKET_CLOSE_V1,BORSA_CLOSE_PER_1_TRY_NOMINAL_V1,POINT_IN_TIME_MARKET_CLOSE_SHARES_V1,c04dae7f5a57e5ee1942a014ddba0efae7dc2814d410ca7502c50a125b89bfe6
RYSAS,2026-09-23,27.020000457763672,2000000000.0,2000000000,2000000000.0,2000000000.0,2000000000,54040000915.52734,POINT_IN_TIME_MARKET_CLOSE_V1,BORSA_CLOSE_PER_1_TRY_NOMINAL_V1,POINT_IN_TIME_MARKET_CLOSE_SHARES_V1,0768b6e2b5e6d86d75f83aa62fa8e58bc8f1b7b061526471b8fa698457fd6b46
SAFKR,2026-09-23,10.81999969482422,200000000.0,200000000,200000000.0,200000000.0,200000000.00,2163999938.964844,POINT_IN_TIME_MARKET_CLOSE_V1,BORSA_CLOSE_PER_1_TRY_NOMINAL_V1,POINT_IN_TIME_MARKET_CLOSE_SHARES_V1,5ab81008b93148c080792341f8c302377ee5249c2dbcd1c6467d16a07bcc35b7
SAHOL,2026-09-23,91.0999984741211,2100375969.18,210037596918,2100375969.18,2100375969.18,2100375969.18,191344247587.37863,POINT_IN_TIME_MARKET_CLOSE_V1,BORSA_CLOSE_PER_1_TRY_NOMINAL_V1,POINT_IN_TIME_MARKET_CLOSE_SHARES_V1,4f224934dad7349c7fba94c2006899e38f5fe81a40963bb8defb18fa9878e298
SAMAT,2026-09-23,4.550000190734863,112400000.0,112400000,112400000.0,112400000.0,112400000.00,511420021.43859863,POINT_IN_TIME_MARKET_CLOSE_V1,BORSA_CLOSE_PER_1_TRY_NOMINAL_V1,POINT_IN_TIME_MARKET_CLOSE_SHARES_V1,866d19c02a63296984e4d6cc302741806e4fc51bd4f13af91e0985e9be569100
SANEL,2026-09-23,43.52000045776367,18255333.0,18255333,18255333.0,18255333.0,18255333.000,794472100.5166283,POINT_IN_TIME_MARKET_CLOSE_V1,BORSA_CLOSE_PER_1_TRY_NOMINAL_V1,POINT_IN_TIME_MARKET_CLOSE_SHARES_V1,f8ad0f59b97468a024f21ca78cb088e00791a08f5df8c5d55dac56bb2871270b
SANFM,2026-09-23,4.860000133514404,375000000.0,375000000,375000000.0,375000000.0,375000000.0,1822500050.0679016,POINT_IN_TIME_MARKET_CLOSE_V1,BORSA_CLOSE_PER_1_TRY_NOMINAL_V1,POINT_IN_TIME_MARKET_CLOSE_SHARES_V1,b1eca57b598e9b3fe270b1c8c27ee2476d8baba0f4238002f789771f508d9e64
SANKO,2026-09-23,18.31999969482422,150000000.0,150000000,150000000.0,150000000.0,150000000.00,2747999954.223633,POINT_IN_TIME_MARKET_CLOSE_V1,BORSA_CLOSE_PER_1_TRY_NOMINAL_V1,POINT_IN_TIME_MARKET_CLOSE_SHARES_V1,6e11f373cfad7f73d8441295326c955e698e6ea6d82a4379fab5b1d635826f3f
SARAE,2026-09-23,48.09999847412109,444500000.0,444500000,444500000.0,444500000.0,444500000,21380449321.746822,POINT_IN_TIME_MARKET_CLOSE_V1,BORSA_CLOSE_PER_1_TRY_NOMINAL_V1,POINT_IN_TIME_MARKET_CLOSE_SHARES_V1,14f7d7f930306bd21e0d3c81726c9bc4a7d63bfc1c82c85b16dee50a9c6bc537
SARKY,2026-09-23,22.18000030517578,1000000000.0,100000000000,1000000000.0,1000000000.0,1000000000,22180000305.17578,POINT_IN_TIME_MARKET_CLOSE_V1,BORSA_CLOSE_PER_1_TRY_NOMINAL_V1,POINT_IN_TIME_MARKET_CLOSE_SHARES_V1,ed74b4cb66883a073c85eea19ab6f71105fa981535381faf13aad4087db8044b
SASA,2026-09-23,2.259999990463257,52501931146.27,5250193114627,52501931146.27,52501931146.27,52501931146.27,118654363889.87276,POINT_IN_TIME_MARKET_CLOSE_V1,BORSA_CLOSE_PER_1_TRY_NOMINAL_V1,POINT_IN_TIME_MARKET_CLOSE_SHARES_V1,400991218cfc7debacc8de64bcb2ad2c7434f89602466082d675fc5808a049fd
SAYAS,2026-09-23,46.97999954223633,77250000.0,2,77250000.0,77250000.0,77250000.000,3629204964.6377563,POINT_IN_TIME_MARKET_CLOSE_V1,BORSA_CLOSE_PER_1_TRY_NOMINAL_V1,POINT_IN_TIME_MARKET_CLOSE_SHARES_V1,ee9b156d4aaa25484d1162e03e1dbee40fee1dc25ddc9f5e1c0d1ebbe700771d
SDTTR,2026-09-23,17.34000015258789,638000000.0,638000000,638000000.0,638000000.0,638000000,11062920097.351074,POINT_IN_TIME_MARKET_CLOSE_V1,BORSA_CLOSE_PER_1_TRY_NOMINAL_V1,POINT_IN_TIME_MARKET_CLOSE_SHARES_V1,6b072bb880c0260832682a0158fa8fabe5169ae532a59bbeabdd7701fc9db161
SEGMN,2026-09-23,27.5,179000000.0,2,179000000.0,179000000.0,179000000,4922500000.0,POINT_IN_TIME_MARKET_CLOSE_V1,BORSA_CLOSE_PER_1_TRY_NOMINAL_V1,POINT_IN_TIME_MARKET_CLOSE_SHARES_V1,cf88e60603a46bb1de45a062fc1deb094de31ba5c05cd0ac263b9ab44e0b093e
SEGYO,2026-09-23,2.990000009536743,813555283.0,813555283,813555283.0,813555283.0,813555283,2432530303.928668,POINT_IN_TIME_MARKET_CLOSE_V1,BORSA_CLOSE_PER_1_TRY_NOMINAL_V1,POINT_IN_TIME_MARKET_CLOSE_SHARES_V1,56563dfb3effa39153ce4689afe2cca3db34b834d0c681196d17db0d2216d965
SEKFK,2026-09-23,4.170000076293945,100000000.0,100000000,100000000.0,100000000.0,100000000,417000007.62939453,POINT_IN_TIME_MARKET_CLOSE_V1,BORSA_CLOSE_PER_1_TRY_NOMINAL_V1,POINT_IN_TIME_MARKET_CLOSE_SHARES_V1,0306b5995d0247b8f84a3c726dca791dcc837b2554f34c0fb208256e53863768
SEKUR,2026-09-23,4.849999904632568,187641391.0,1,187641391.0,187641391.0,187641391,910060728.4551225,POINT_IN_TIME_MARKET_CLOSE_V1,BORSA_CLOSE_PER_1_TRY_NOMINAL_V1,POINT_IN_TIME_MARKET_CLOSE_SHARES_V1,3e0452a304360f1daf49b9204d34ca70b49d0d1eee2f0ae2915094537d9bd153
SELEC,2026-09-23,155.39999389648438,621000000.0,621000000,621000000.0,621000000.0,621000000,96503396209.7168,POINT_IN_TIME_MARKET_CLOSE_V1,BORSA_CLOSE_PER_1_TRY_NOMINAL_V1,POINT_IN_TIME_MARKET_CLOSE_SHARES_V1,ee200e3acfbe1244f07f38122b9a6206b2d4d8d873027d3f131e5605f9b8cb91
SERNT,2026-09-23,5.800000190734863,413000000.0,413000000,413000000.0,413000000.0,413000000,2395400078.7734985,POINT_IN_TIME_MARKET_CLOSE_V1,BORSA_CLOSE_PER_1_TRY_NOMINAL_V1,POINT_IN_TIME_MARKET_CLOSE_SHARES_V1,afbbf17699e56760e6132643fabac2ce358f77a155fcac50f713524c8d255b9b
SEYKM,2026-09-23,3.0199999809265137,200000000.0,200000000,200000000.0,200000000.0,200000000.000,603999996.1853027,POINT_IN_TIME_MARKET_CLOSE_V1,BORSA_CLOSE_PER_1_TRY_NOMINAL_V1,POINT_IN_TIME_MARKET_CLOSE_SHARES_V1,59b23b955b4d7815e3061d77c5af09bf15adcffd71ea5cd625740ba1bea9b23b
SILVR,2026-09-23,1.7999999523162842,350000000.0,350000000,350000000.0,350000000.0,350000000.00,629999983.3106995,POINT_IN_TIME_MARKET_CLOSE_V1,BORSA_CLOSE_PER_1_TRY_NOMINAL_V1,POINT_IN_TIME_MARKET_CLOSE_SHARES_V1,277b0bc13003a107646645cd2e754c88a59e1ad4213c6a92cdeec336faf39713
SISE,2026-09-23,40.400001525878906,3063214056.17,306321405617,3063214056.17,3063214056.17,3063214056.17,123753852543.36171,POINT_IN_TIME_MARKET_CLOSE_V1,BORSA_CLOSE_PER_1_TRY_NOMINAL_V1,POINT_IN_TIME_MARKET_CLOSE_SHARES_V1,9bb89a940b21b89a955fc9d234492c3ac6db6f0e2835dabb276afab1b4b5df21
SKTAS,2026-09-23,2.609999895095825,500000000.0,50000000000,500000000.0,500000000.0,500000000.00,1304999947.5479126,POINT_IN_TIME_MARKET_CLOSE_V1,BORSA_CLOSE_PER_1_TRY_NOMINAL_V1,POINT_IN_TIME_MARKET_CLOSE_SHARES_V1,fad573a66e59109a53b0437bc5672f5b2dde0a703997aec03e15c5fe29b06d62
SKYLP,2026-09-23,84.05000305175781,9500000.0,9500000,9500000.0,9500000.0,9500000,798475028.9916992,POINT_IN_TIME_MARKET_CLOSE_V1,BORSA_CLOSE_PER_1_TRY_NOMINAL_V1,POINT_IN_TIME_MARKET_CLOSE_SHARES_V1,a1d5a2625a375fa07bbf00e567182593dca3dbef9f9a0dbea439592b88df364a
SMART,2026-09-23,17.850000381469727,31862500.0,31862500,31862500.0,31862500.0,31862500,568745637.1545792,POINT_IN_TIME_MARKET_CLOSE_V1,BORSA_CLOSE_PER_1_TRY_NOMINAL_V1,POINT_IN_TIME_MARKET_CLOSE_SHARES_V1,08e67ba0e68e4b4e3d985d1a138af18fd1203d99539c6a447103678ec4f6e1ee
SMRTG,2026-09-23,5.440000057220459,1817640000.0,1817640000,1817640000.0,1817640000.0,1817640000,9887961704.006195,POINT_IN_TIME_MARKET_CLOSE_V1,BORSA_CLOSE_PER_1_TRY_NOMINAL_V1,POINT_IN_TIME_MARKET_CLOSE_SHARES_V1,2784ad00521b3fb5f878da7f44c13a4c1e826e188efbd6d917d3ebb7418d5f2f
SMRVA,2026-09-23,7.579999923706055,600000000.0,600000000,600000000.0,600000000.0,600000000,4547999954.223633,POINT_IN_TIME_MARKET_CLOSE_V1,BORSA_CLOSE_PER_1_TRY_NOMINAL_V1,POINT_IN_TIME_MARKET_CLOSE_SHARES_V1,5787b71d7635e9ac89594d8d4d3a380d72861ec96a9f615df292b11d439ace38
SNGYO,2026-09-23,2.789999961853028,4000000000.0,4000000000,4000000000.0,4000000000.0,4000000000.000,11159999847.412111,POINT_IN_TIME_MARKET_CLOSE_V1,BORSA_CLOSE_PER_1_TRY_NOMINAL_V1,POINT_IN_TIME_MARKET_CLOSE_SHARES_V1,9d59815d5a5e0c552586df22e72752a1c0c0e639169bb8a2bc1467668102f255
SNICA,2026-09-23,2.5799999237060547,600000000.0,600000000,600000000.0,600000000.0,600000000.00,1547999954.2236328,POINT_IN_TIME_MARKET_CLOSE_V1,BORSA_CLOSE_PER_1_TRY_NOMINAL_V1,POINT_IN_TIME_MARKET_CLOSE_SHARES_V1,94f16faf9f49de333a168562e93d3d1cc89ca4a9ad0f0605b6edab24c4c877b7
SODSN,2026-09-23,6.119999885559082,120000000.0,12000000000,120000000.0,120000000.0,120000000,734399986.2670898,POINT_IN_TIME_MARKET_CLOSE_V1,BORSA_CLOSE_PER_1_TRY_NOMINAL_V1,POINT_IN_TIME_MARKET_CLOSE_SHARES_V1,2c560d23d3e7e9219c2f07f21574dd5956dab8d86ad0a13a15f605d0b2f763b5
SSAAT,2026-09-23,28.5,660388991.0,2,660388991.0,660388991.0,660388991,18821086243.5,POINT_IN_TIME_MARKET_CLOSE_V1,BORSA_CLOSE_PER_1_TRY_NOMINAL_V1,POINT_IN_TIME_MARKET_CLOSE_SHARES_V1,ecaf7337ec121f8311a1358c40618acb0e726b6c81259c32d004092fe0d01c44
SUMAS,2026-09-23,210.0,6224400.0,622440000,6224400.0,6224400.0,6224400,1307124000.0,POINT_IN_TIME_MARKET_CLOSE_V1,BORSA_CLOSE_PER_1_TRY_NOMINAL_V1,POINT_IN_TIME_MARKET_CLOSE_SHARES_V1,e504962f6c3b4922a84f4eb71e8a2eb4b8423ad5da15c2b6fd03288e33dd3505
SUNTK,2026-09-23,26.479999542236328,474600000.0,474600000,474600000.0,474600000.0,474600000,12567407782.745361,POINT_IN_TIME_MARKET_CLOSE_V1,BORSA_CLOSE_PER_1_TRY_NOMINAL_V1,POINT_IN_TIME_MARKET_CLOSE_SHARES_V1,233946dde22ac171099ef4c70b966b70c9ceacb15231e3faa81a7cddc101544f
SURGY,2026-09-23,23.280000686645508,167500000.0,167500000,167500000.0,167500000.0,167500000.00,3899400115.0131226,POINT_IN_TIME_MARKET_CLOSE_V1,BORSA_CLOSE_PER_1_TRY_NOMINAL_V1,POINT_IN_TIME_MARKET_CLOSE_SHARES_V1,e006fd19890b2669ad1f65c4772b8e19bebf2c699164f9dafe1948ce3762fa59
SUWEN,2026-09-23,5.159999847412109,560000000.0,560000000,560000000.0,560000000.0,560000000,2889599914.5507812,POINT_IN_TIME_MARKET_CLOSE_V1,BORSA_CLOSE_PER_1_TRY_NOMINAL_V1,POINT_IN_TIME_MARKET_CLOSE_SHARES_V1,64449b2db6307d7d5111d5f800d65caf28b043ac50754fa28a76c04a720856d4
TABGD,2026-09-23,222.5,261292000.0,2,261292000.0,261292000.0,261292000,58137470000.0,POINT_IN_TIME_MARKET_CLOSE_V1,BORSA_CLOSE_PER_1_TRY_NOMINAL_V1,POINT_IN_TIME_MARKET_CLOSE_SHARES_V1,547883a02964d701c16e81a64abd43ebf265004cc25b87aea6eb451becbb5c28
TATEN,2026-09-23,5.010000228881836,1122000000.0,1122000000,1122000000.0,1122000000.0,1122000000,5621220256.80542,POINT_IN_TIME_MARKET_CLOSE_V1,BORSA_CLOSE_PER_1_TRY_NOMINAL_V1,POINT_IN_TIME_MARKET_CLOSE_SHARES_V1,9dffce33a17dfbb7c96f2629a545bd661fd70c52c939206ebb2a16ff752c4df2
TATGD,2026-09-23,17.020000457763672,244800000.0,24480000000,244800000.0,244800000.0,244800000,4166496112.060547,POINT_IN_TIME_MARKET_CLOSE_V1,BORSA_CLOSE_PER_1_TRY_NOMINAL_V1,POINT_IN_TIME_MARKET_CLOSE_SHARES_V1,951162b7660b91410925bcee8d708f79fec2f4cce1fff3bc8dfbb7f70b05398c
TAVHL,2026-09-23,281.0,363281250.0,363281250,363281250.0,363281250.0,363281250,102082031250.0,POINT_IN_TIME_MARKET_CLOSE_V1,BORSA_CLOSE_PER_1_TRY_NOMINAL_V1,POINT_IN_TIME_MARKET_CLOSE_SHARES_V1,defc057075b6aa733841a8b9091f2a7475cf03f638d9e11b263bb95ede6a4c9f
TBORG,2026-09-23,128.0,322508253.0,322508253,322508253.0,322508253.0,322508253,41281056384.0,POINT_IN_TIME_MARKET_CLOSE_V1,BORSA_CLOSE_PER_1_TRY_NOMINAL_V1,POINT_IN_TIME_MARKET_CLOSE_SHARES_V1,4b58e1dcefdf575a97a4ca51d855c6924a8db11ff8c0825a15ca389994740b68
TCELL,2026-09-23,100.8000030517578,2200000000.0,2200000000,2200000000.0,2200000000.0,2200000000,221760006713.86716,POINT_IN_TIME_MARKET_CLOSE_V1,BORSA_CLOSE_PER_1_TRY_NOMINAL_V1,POINT_IN_TIME_MARKET_CLOSE_SHARES_V1,fb1dcbc50871e9bb40c7f2f3d29d3d7532075dcc844ea2892ad0d16699dc06cf
TCKRC,2026-09-23,128.8000030517578,170000000.0,170000000,170000000.0,170000000.0,170000000,21896000518.79883,POINT_IN_TIME_MARKET_CLOSE_V1,BORSA_CLOSE_PER_1_TRY_NOMINAL_V1,POINT_IN_TIME_MARKET_CLOSE_SHARES_V1,81f1eb8a481d562c61fb4bd33b9cce8f90e4a77bd9721539a562f60a735b1b90
TDGYO,2026-09-23,12.0,69000000.0,6900000000,69000000.0,69000000.0,69000000,828000000.0,POINT_IN_TIME_MARKET_CLOSE_V1,BORSA_CLOSE_PER_1_TRY_NOMINAL_V1,POINT_IN_TIME_MARKET_CLOSE_SHARES_V1,83996dd8726dbee0f08b4e3dcf8e72c2908e6d8d5d4b3c0b2d34112339d75a67
TEHOL,2026-09-23,25.440000534057617,1995840000.0,1995840000,1995840000.0,1995840000.0,1995840000,50774170665.893555,POINT_IN_TIME_MARKET_CLOSE_V1,BORSA_CLOSE_PER_1_TRY_NOMINAL_V1,POINT_IN_TIME_MARKET_CLOSE_SHARES_V1,699a1294aa99a0c4d9b4cb33a2694e6398bc5799ae5b29661c28d6a27b3942b8
TEZOL,2026-09-23,7.849999904632568,500000000.0,500000000,500000000.0,500000000.0,500000000,3924999952.316284,POINT_IN_TIME_MARKET_CLOSE_V1,BORSA_CLOSE_PER_1_TRY_NOMINAL_V1,POINT_IN_TIME_MARKET_CLOSE_SHARES_V1,3636b95ffa8c47a87ed33d0786a0684b704812a9174556ca439f5ca31175bdea
TGSAS,2026-09-23,110.0,15000000.0,1500000000,15000000.0,15000000.0,15000000,1650000000.0,POINT_IN_TIME_MARKET_CLOSE_V1,BORSA_CLOSE_PER_1_TRY_NOMINAL_V1,POINT_IN_TIME_MARKET_CLOSE_SHARES_V1,c3328d87e3db86b236b329475880a59453845c40294a10ab4fdd92cb9b4f063a
THYAO,2026-09-23,298.5,1380000000.0,138000000000,1380000000.0,1380000000.0,1380000000.00,411930000000.0,POINT_IN_TIME_MARKET_CLOSE_V1,BORSA_CLOSE_PER_1_TRY_NOMINAL_V1,POINT_IN_TIME_MARKET_CLOSE_SHARES_V1,46e19a03ef1af28167fc7494859c0d09c1c4be5aa317affc54b408398689810b
TKFEN,2026-09-23,266.0,370000000.0,370000000,370000000.0,370000000.0,370000000,98420000000.0,POINT_IN_TIME_MARKET_CLOSE_V1,BORSA_CLOSE_PER_1_TRY_NOMINAL_V1,POINT_IN_TIME_MARKET_CLOSE_SHARES_V1,c280076acd8b72d6a9b5cebe9705a670cf6293a699b2b08633dda3d64a6d1743
TKNSA,2026-09-23,14.630000114440918,201000000.0,20100000000,201000000.0,201000000.0,201000000,2940630023.0026245,POINT_IN_TIME_MARKET_CLOSE_V1,BORSA_CLOSE_PER_1_TRY_NOMINAL_V1,POINT_IN_TIME_MARKET_CLOSE_SHARES_V1,0ce72d60a5f4026a3c9c1bc32d652c331b2c4907ef73bf74628d8a1c3fbedfd9
TLMAN,2026-09-23,66.80000305175781,21000000.0,21000000,21000000.0,21000000.0,21000000,1402800064.086914,POINT_IN_TIME_MARKET_CLOSE_V1,BORSA_CLOSE_PER_1_TRY_NOMINAL_V1,POINT_IN_TIME_MARKET_CLOSE_SHARES_V1,91c2ee58c73c4c5995e6af3d279d3643a8791b9a8fc3b2f48a102417bd0b1463
TMPOL,2026-09-23,153.39999389648438,14175000.0,14175000,14175000.0,14175000.0,14175000,2174444913.482666,POINT_IN_TIME_MARKET_CLOSE_V1,BORSA_CLOSE_PER_1_TRY_NOMINAL_V1,POINT_IN_TIME_MARKET_CLOSE_SHARES_V1,663b5848ecb284f5cf9c11f538539f5a22a184e6b277a5d876452dcce7500159
TMSN,2026-09-23,64.19999694824219,115000000.0,115000000,115000000.0,115000000.0,115000000,7382999649.047852,POINT_IN_TIME_MARKET_CLOSE_V1,BORSA_CLOSE_PER_1_TRY_NOMINAL_V1,POINT_IN_TIME_MARKET_CLOSE_SHARES_V1,4bb20aa6367429739193bd0010583e1ac842daa14dada63ea4956bac9f9a2b6d
TNZTP,2026-09-23,28.6200008392334,400000000.0,400000000,400000000.0,400000000.0,400000000.00,11448000335.69336,POINT_IN_TIME_MARKET_CLOSE_V1,BORSA_CLOSE_PER_1_TRY_NOMINAL_V1,POINT_IN_TIME_MARKET_CLOSE_SHARES_V1,7373e36121baaf5990a7c5aab9050bda6c0917d853e4de348390b317b963f994
TOASO,2026-09-23,279.0,500000000.0,500000000,500000000.0,500000000.0,500000000.00,139500000000.0,POINT_IN_TIME_MARKET_CLOSE_V1,BORSA_CLOSE_PER_1_TRY_NOMINAL_V1,POINT_IN_TIME_MARKET_CLOSE_SHARES_V1,eafa84a0e28620c307eef1b66efb1646a9c9efad678dd73d6ce021b450184454
TRALT,2026-09-23,50.150001525878906,3202500000.0,320250000000,3202500000.0,3202500000.0,3202500000.000,160605379886.6272,POINT_IN_TIME_MARKET_CLOSE_V1,BORSA_CLOSE_PER_1_TRY_NOMINAL_V1,POINT_IN_TIME_MARKET_CLOSE_SHARES_V1,97ff29bb1e8f548562a62d5398ccddc81f620392b8e4b9349d4c03aab29b2d16
TRCAS,2026-09-23,46.09999847412109,255600000.0,255600000,255600000.0,255600000.0,255600000.0,11783159609.98535,POINT_IN_TIME_MARKET_CLOSE_V1,BORSA_CLOSE_PER_1_TRY_NOMINAL_V1,POINT_IN_TIME_MARKET_CLOSE_SHARES_V1,c15073613110503bfb09df77a30835188d111a53879c20589ceda594b2790ac3
TRGYO,2026-09-23,92.5999984741211,1000000000.0,1000000000,1000000000.0,1000000000.0,1000000000.000,92599998474.1211,POINT_IN_TIME_MARKET_CLOSE_V1,BORSA_CLOSE_PER_1_TRY_NOMINAL_V1,POINT_IN_TIME_MARKET_CLOSE_SHARES_V1,c1e1bac8d33615a9972883b10630462cf4627321b8f9f075644392ecb335f5a6
TRHOL,2026-09-23,2394.0,30000000.0,3000000000,30000000.0,30000000.0,30000000,71820000000.0,POINT_IN_TIME_MARKET_CLOSE_V1,BORSA_CLOSE_PER_1_TRY_NOMINAL_V1,POINT_IN_TIME_MARKET_CLOSE_SHARES_V1,1a136f2bb71bc859fdd6e8609979e88814b0505ee1a1192168e5103005025540
TRILC,2026-09-23,0.9300000071525574,1037000000.0,1037000000,1037000000.0,1037000000.0,1037000000.00,964410007.417202,POINT_IN_TIME_MARKET_CLOSE_V1,BORSA_CLOSE_PER_1_TRY_NOMINAL_V1,POINT_IN_TIME_MARKET_CLOSE_SHARES_V1,ee33a71b5a74a348621e544cbdc97296145724c565dd5b58b6e838f489d0fb77
TRMET,2026-09-23,142.8000030517578,388080000.0,38808000000,388080000.0,388080000.0,388080000,55417825184.32617,POINT_IN_TIME_MARKET_CLOSE_V1,BORSA_CLOSE_PER_1_TRY_NOMINAL_V1,POINT_IN_TIME_MARKET_CLOSE_SHARES_V1,3135e1e1951847ceb5321c21a9e60dbedcb03309f2b99ded43b648efeb04cd0e
TSGYO,2026-09-23,5.199999809265137,650000000.0,650000000,650000000.0,650000000.0,650000000.000,3379999876.022339,POINT_IN_TIME_MARKET_CLOSE_V1,BORSA_CLOSE_PER_1_TRY_NOMINAL_V1,POINT_IN_TIME_MARKET_CLOSE_SHARES_V1,d74e7b5a271fb2bcde00951425267b739fa3bf088f91579714bc9858bf151fc4
TSPOR,2026-09-23,0.8999999761581421,7500000000.0,7500000000,7500000000.0,7500000000.0,7500000000.0,6749999821.186066,POINT_IN_TIME_MARKET_CLOSE_V1,BORSA_CLOSE_PER_1_TRY_NOMINAL_V1,POINT_IN_TIME_MARKET_CLOSE_SHARES_V1,9867d07fee2ce8816b19c39001f4a9353499657d8a7bc701f31d990ffca7ae5a
TTKOM,2026-09-23,54.5,3500000000.0,350000000000,3500000000.0,3500000000.0,3500000000.00,190750000000.0,POINT_IN_TIME_MARKET_CLOSE_V1,BORSA_CLOSE_PER_1_TRY_NOMINAL_V1,POINT_IN_TIME_MARKET_CLOSE_SHARES_V1,30670b2c7eecafc1a3fc7acc4bbe5eb7378d5a4bae0cda3345ab0ca33d8e8924
TTRAK,2026-09-23,413.75,100066875.0,10006687500,100066875.0,100066875.0,100066875.000,41402669531.25,POINT_IN_TIME_MARKET_CLOSE_V1,BORSA_CLOSE_PER_1_TRY_NOMINAL_V1,POINT_IN_TIME_MARKET_CLOSE_SHARES_V1,fce339cfe0fe8112d925b503b580da216edc4d0355affa3bed617f9c0c0e6c6e
TUCLK,2026-09-23,4.090000152587891,360000000.0,360000000,360000000.0,360000000.0,360000000,1472400054.9316406,POINT_IN_TIME_MARKET_CLOSE_V1,BORSA_CLOSE_PER_1_TRY_NOMINAL_V1,POINT_IN_TIME_MARKET_CLOSE_SHARES_V1,408e52b2d87ddbe81a17dd8fa06ffe7459384c0d016f4abd079e11009b4b814c
TUKAS,2026-09-23,2.3399999141693115,4500000000.0,450000000000,4500000000.0,4500000000.0,4500000000,10529999613.761902,POINT_IN_TIME_MARKET_CLOSE_V1,BORSA_CLOSE_PER_1_TRY_NOMINAL_V1,POINT_IN_TIME_MARKET_CLOSE_SHARES_V1,ab5ad26a6ffb6f62ac26b704b12a71f8376b131b7fe2d8491609cf4098f3fc40
TUPRS,2026-09-23,411.0,1926795598.0,192679559800,1926795598.0,1926795598.0,1926795598.00,791912990778.0,POINT_IN_TIME_MARKET_CLOSE_V1,BORSA_CLOSE_PER_1_TRY_NOMINAL_V1,POINT_IN_TIME_MARKET_CLOSE_SHARES_V1,7d7e138b6e6162def5e27c839126af090f15519e930ab094aecff0c43aece7f8
TUREX,2026-09-23,5.579999923706055,1080000000.0,40,1080000000.0,1080000000.0,1080000000,6026399917.602539,POINT_IN_TIME_MARKET_CLOSE_V1,BORSA_CLOSE_PER_1_TRY_NOMINAL_V1,POINT_IN_TIME_MARKET_CLOSE_SHARES_V1,9e01426902b60eeb4c6d541c18b9ea852773749a74b06100aaf8dec98a4fa229
TURGG,2026-09-23,26.5,128172525.48,12817252548,128172525.48,128172525.48,128172525.48,3396571925.2200003,POINT_IN_TIME_MARKET_CLOSE_V1,BORSA_CLOSE_PER_1_TRY_NOMINAL_V1,POINT_IN_TIME_MARKET_CLOSE_SHARES_V1,54df46223a90b09bf8fd1bc0280f10bfd9cf038daafa3f79cf9eedd9f4755700
TURSG,2026-09-23,6.019999980926514,20000000000.0,20000000000,20000000000.0,20000000000.0,20000000000,120399999618.53027,POINT_IN_TIME_MARKET_CLOSE_V1,BORSA_CLOSE_PER_1_TRY_NOMINAL_V1,POINT_IN_TIME_MARKET_CLOSE_SHARES_V1,df538da6962874deb22a319e714bfbd10cf7bf716a078c26b5dabc346d770961
ULAS,2026-09-23,17.049999237060547,25382175.0,25382175,25382175.0,25382175.0,25382175,432766064.3849373,POINT_IN_TIME_MARKET_CLOSE_V1,BORSA_CLOSE_PER_1_TRY_NOMINAL_V1,POINT_IN_TIME_MARKET_CLOSE_SHARES_V1,ccb16302a44d90e0ac657b5e62ff19ea4fcb120eaceb7dae260fdeb38543daf8
ULKER,2026-09-23,90.1500015258789,369275855.0,36927585500,369275855.0,369275855.0,369275855,33290218891.720238,POINT_IN_TIME_MARKET_CLOSE_V1,BORSA_CLOSE_PER_1_TRY_NOMINAL_V1,POINT_IN_TIME_MARKET_CLOSE_SHARES_V1,f37250d3fdca81b105089c3fcec6585479b08f95bf8fc344ed27bec5e66d2a8a
ULUUN,2026-09-23,7.119999885559082,750000000.0,750000000,750000000.0,750000000.0,750000000.00,5339999914.169312,POINT_IN_TIME_MARKET_CLOSE_V1,BORSA_CLOSE_PER_1_TRY_NOMINAL_V1,POINT_IN_TIME_MARKET_CLOSE_SHARES_V1,17820d737a68131607dbeb4dd7e2f191525ded8970a03d716f109ed6ba3b710c
UMPAS,2026-09-22,9.300000190734863,42000000.0,42000000,42000000.0,42000000.0,42000000,390600008.01086426,POINT_IN_TIME_MARKET_CLOSE_V1,BORSA_CLOSE_PER_1_TRY_NOMINAL_V1,POINT_IN_TIME_MARKET_CLOSE_SHARES_V1,72cc2be8a7b4963076d80ee3f8318d1d20dddde267686f1883d79c69ad5e2416
UNLU,2026-09-23,13.359999656677246,175740000.0,175740000,175740000.0,175740000.0,175740000,2347886339.664459,POINT_IN_TIME_MARKET_CLOSE_V1,BORSA_CLOSE_PER_1_TRY_NOMINAL_V1,POINT_IN_TIME_MARKET_CLOSE_SHARES_V1,744e3d9d6ff9954aa760ff32e8f02576438c9e6d558c4544e24748e099c06fe4
USHOL,2026-09-23,64.5999984741211,20990000.0,20990000,20990000.0,20990000.0,20990000,1355953967.9718018,POINT_IN_TIME_MARKET_CLOSE_V1,BORSA_CLOSE_PER_1_TRY_NOMINAL_V1,POINT_IN_TIME_MARKET_CLOSE_SHARES_V1,e9a1cb0b671bd61bcb5c6d117bd26450452028819b4cd73222a3a3aedee6162e
VAKFN,2026-09-23,1.0199999809265137,6000000000.0,600000000000,6000000000.0,6000000000.0,6000000000,6119999885.559082,POINT_IN_TIME_MARKET_CLOSE_V1,BORSA_CLOSE_PER_1_TRY_NOMINAL_V1,POINT_IN_TIME_MARKET_CLOSE_SHARES_V1,d8046fd875aea4034c9e42bc4a30bed299ee9180a53caac33611e76e1f0cb459
VAKKO,2026-09-23,63.84999847412109,160000000.0,160000000,160000000.0,160000000.0,160000000,10215999755.859373,POINT_IN_TIME_MARKET_CLOSE_V1,BORSA_CLOSE_PER_1_TRY_NOMINAL_V1,POINT_IN_TIME_MARKET_CLOSE_SHARES_V1,2aa2e00cb67e793518220b292b4ca621ca645a948dc30b0bb1a3468d5dc5183c
VANGD,2026-09-23,62.75,25000000.0,2500000000,25000000.0,25000000.0,25000000,1568750000.0,POINT_IN_TIME_MARKET_CLOSE_V1,BORSA_CLOSE_PER_1_TRY_NOMINAL_V1,POINT_IN_TIME_MARKET_CLOSE_SHARES_V1,a2b63e9e2d3f32ae2a337592f8fd60366db161346199b9b7cf26a92e79311615
VBTYZ,2026-09-23,28.540000915527344,117000000.0,117000000,117000000.0,117000000.0,117000000,3339180107.116699,POINT_IN_TIME_MARKET_CLOSE_V1,BORSA_CLOSE_PER_1_TRY_NOMINAL_V1,POINT_IN_TIME_MARKET_CLOSE_SHARES_V1,dd50ae9fd19f72f9443384f3f4cd4349802a88263f0e615d67819fb1a82405a8
VERTU,2026-09-23,27.559999465942383,52000000.0,52000000,52000000.0,52000000.0,52000000,1433119972.229004,POINT_IN_TIME_MARKET_CLOSE_V1,BORSA_CLOSE_PER_1_TRY_NOMINAL_V1,POINT_IN_TIME_MARKET_CLOSE_SHARES_V1,e5f02fdf472cd923dfb8f8218df8149b867332136e7743a74723770859d66f98
VERUS,2026-09-23,423.25,70000000.0,70000000,70000000.0,70000000.0,70000000,29627500000.0,POINT_IN_TIME_MARKET_CLOSE_V1,BORSA_CLOSE_PER_1_TRY_NOMINAL_V1,POINT_IN_TIME_MARKET_CLOSE_SHARES_V1,72e6ce17254fffa5a2ed81a5c00057cc2a7f43ef5d4755fe675bc59bdee18b11
VESBE,2026-09-23,4.909999847412109,1600000000.0,1600000000,1600000000.0,1600000000.0,1600000000,7855999755.859375,POINT_IN_TIME_MARKET_CLOSE_V1,BORSA_CLOSE_PER_1_TRY_NOMINAL_V1,POINT_IN_TIME_MARKET_CLOSE_SHARES_V1,cd796f41af39b40ca746604e410cc5b019632ae7baa28de16a248b78501887c5
VESTL,2026-09-23,22.280000686645508,335456275.0,33545627500,335456275.0,335456275.0,335456275,7473966037.339544,POINT_IN_TIME_MARKET_CLOSE_V1,BORSA_CLOSE_PER_1_TRY_NOMINAL_V1,POINT_IN_TIME_MARKET_CLOSE_SHARES_V1,47a9c004c44a144fcaff80e63e2a36045aea60d4c610b3639770a96d0f322bde
VKFYO,2026-09-23,19.020000457763672,30000000.0,30000000,30000000.0,30000000.0,30000000,570600013.7329102,POINT_IN_TIME_MARKET_CLOSE_V1,BORSA_CLOSE_PER_1_TRY_NOMINAL_V1,POINT_IN_TIME_MARKET_CLOSE_SHARES_V1,cc77159c25e4c43a53d5b7024a7867fd1348a5215107b6b9f44ed80c2fd52e9f
VKGYO,2026-09-23,1.75,4400000000.0,440000000000,4400000000.0,4400000000.0,4400000000.000,7700000000.0,POINT_IN_TIME_MARKET_CLOSE_V1,BORSA_CLOSE_PER_1_TRY_NOMINAL_V1,POINT_IN_TIME_MARKET_CLOSE_SHARES_V1,b0b899d02e643c61989ccbb04b8f7658330b666c2fa5d81f62b4f3dd967d92ec
VKING,2026-09-23,16.709999084472656,42000000.0,4200000000,42000000.0,42000000.0,42000000,701819961.5478516,POINT_IN_TIME_MARKET_CLOSE_V1,BORSA_CLOSE_PER_1_TRY_NOMINAL_V1,POINT_IN_TIME_MARKET_CLOSE_SHARES_V1,a453d45927f698364aeddc9edd557c19f565a3a507488438b1cc826c2d13bf0d
VRGYO,2026-09-23,1.2000000476837158,820000000.0,820000000,820000000.0,820000000.0,820000000,984000039.100647,POINT_IN_TIME_MARKET_CLOSE_V1,BORSA_CLOSE_PER_1_TRY_NOMINAL_V1,POINT_IN_TIME_MARKET_CLOSE_SHARES_V1,7115ed493902021931ee005b725ee190ef685e941cb690a6b7d4573854bc2d15
VSNMD,2026-09-23,31.76000022888184,181350000.0,181350000,181350000.0,181350000.0,181350000,5759676041.507722,POINT_IN_TIME_MARKET_CLOSE_V1,BORSA_CLOSE_PER_1_TRY_NOMINAL_V1,POINT_IN_TIME_MARKET_CLOSE_SHARES_V1,7afa0fc8339a93898d2b9cc02c526aaa0fa134d3b816e884de8bbe40a37987cf
YAPRK,2026-09-23,9.649999618530272,298200000.0,298200000,298200000.0,298200000.0,298200000,2877629886.245727,POINT_IN_TIME_MARKET_CLOSE_V1,BORSA_CLOSE_PER_1_TRY_NOMINAL_V1,POINT_IN_TIME_MARKET_CLOSE_SHARES_V1,cf93470d1ec64458e6df4cc81ccbb6c18224e9538565fa4f3d69c1bcbaf887d6
YATAS,2026-09-23,27.21999931335449,149798932.5,14979893250,149798932.5,149798932.5,149798932.5,4077526839.7912354,POINT_IN_TIME_MARKET_CLOSE_V1,BORSA_CLOSE_PER_1_TRY_NOMINAL_V1,POINT_IN_TIME_MARKET_CLOSE_SHARES_V1,1418af4a10ca9a37b584e0ed246aaea7f308fff0de9eb42122707e6a8ed96139
YAYLA,2026-09-23,16.25,49875000.0,49875000,49875000.0,49875000.0,49875000,810468750.0,POINT_IN_TIME_MARKET_CLOSE_V1,BORSA_CLOSE_PER_1_TRY_NOMINAL_V1,POINT_IN_TIME_MARKET_CLOSE_SHARES_V1,d37bb47e940b892da84a930786cfd70f9edd5c32b1ab8b3fc1772bcadd66948b
YBTAS,2026-09-23,11.119999885559082,300000000.0,30000000000,300000000.0,300000000.0,300000000,3335999965.6677246,POINT_IN_TIME_MARKET_CLOSE_V1,BORSA_CLOSE_PER_1_TRY_NOMINAL_V1,POINT_IN_TIME_MARKET_CLOSE_SHARES_V1,d4ef8db8cccc49c7f43546ab5ea2a17f1246c0737166389e6478f87c459034eb
YEOTK,2026-09-23,32.400001525878906,355000000.0,3,355000000.0,355000000.0,355000000.00,11502000541.687012,POINT_IN_TIME_MARKET_CLOSE_V1,BORSA_CLOSE_PER_1_TRY_NOMINAL_V1,POINT_IN_TIME_MARKET_CLOSE_SHARES_V1,d1eaadd13c4907652d26c163f9eb789f27c9660865561fcfc5823df72012792b
YESIL,2026-09-23,0.9200000166893004,645000000.0,645000000,645000000.0,645000000.0,645000000.000,593400010.7645987,POINT_IN_TIME_MARKET_CLOSE_V1,BORSA_CLOSE_PER_1_TRY_NOMINAL_V1,POINT_IN_TIME_MARKET_CLOSE_SHARES_V1,cfe598ca5fa65ccef2dc432ba012cfc02ea04c349fc6c7f217b286e599150f18
YGGYO,2026-09-23,216.8000030517578,241920000.0,241920000,241920000.0,241920000.0,241920000,52448256738.28125,POINT_IN_TIME_MARKET_CLOSE_V1,BORSA_CLOSE_PER_1_TRY_NOMINAL_V1,POINT_IN_TIME_MARKET_CLOSE_SHARES_V1,bcdee0212739dd8067e4aca96c456013fc9352f33993684b110e1298d9d315f2
YIGIT,2026-09-23,18.32999992370605,300500000.0,300500000,300500000.0,300500000.0,300500000,5508164977.0736685,POINT_IN_TIME_MARKET_CLOSE_V1,BORSA_CLOSE_PER_1_TRY_NOMINAL_V1,POINT_IN_TIME_MARKET_CLOSE_SHARES_V1,86b2798cbba46fe113713c4bdc71f156f1efabe7b938701a6f3713020c5c352d
YKSLN,2026-09-23,2.720000028610229,500000000.0,500000000,500000000.0,500000000.0,500000000,1360000014.3051145,POINT_IN_TIME_MARKET_CLOSE_V1,BORSA_CLOSE_PER_1_TRY_NOMINAL_V1,POINT_IN_TIME_MARKET_CLOSE_SHARES_V1,92b6038f5ecfdfff85155a10d45ca0deace06676052276f4c440cb51c891ec27
YONGA,2026-09-23,34.08000183105469,16800000.0,16800000,16800000.0,16800000.0,16800000,572544030.7617188,POINT_IN_TIME_MARKET_CLOSE_V1,BORSA_CLOSE_PER_1_TRY_NOMINAL_V1,POINT_IN_TIME_MARKET_CLOSE_SHARES_V1,c464107339ad6c11476e492495f48e7fa3d002c9f684f95587cbb1de7524e3af
YUNSA,2026-09-23,6.739999771118164,480000000.0,48000000000,480000000.0,480000000.0,480000000,3235199890.1367188,POINT_IN_TIME_MARKET_CLOSE_V1,BORSA_CLOSE_PER_1_TRY_NOMINAL_V1,POINT_IN_TIME_MARKET_CLOSE_SHARES_V1,a58f834e79a5dd88a62e778251043883aeaae67083e026dae82df66ddbbdd244
YYLGD,2026-09-23,8.90999984741211,1086980000.0,1086980000,1086980000.0,1086980000.0,1086980000,9684991634.140015,POINT_IN_TIME_MARKET_CLOSE_V1,BORSA_CLOSE_PER_1_TRY_NOMINAL_V1,POINT_IN_TIME_MARKET_CLOSE_SHARES_V1,09660bbb1365f096d5ab6c4d7f0823180d9d0fed339830448a879fba1409f98d
ZEDUR,2026-09-23,6.150000095367432,174750000.0,174750000,174750000.0,174750000.0,174750000,1074712516.6654587,POINT_IN_TIME_MARKET_CLOSE_V1,BORSA_CLOSE_PER_1_TRY_NOMINAL_V1,POINT_IN_TIME_MARKET_CLOSE_SHARES_V1,e534ee46d5df66ef61431fed563ed0492ff1d0fab6d41de606231e4dcbce6808
ZERGY,2026-09-23,7.800000190734863,626000000.0,626000000,626000000.0,626000000.0,626000000,4882800119.400024,POINT_IN_TIME_MARKET_CLOSE_V1,BORSA_CLOSE_PER_1_TRY_NOMINAL_V1,POINT_IN_TIME_MARKET_CLOSE_SHARES_V1,a062fa3bf537711e6211d8f9aa346394d53f637c7843da6681c40697903aae6d
ZOREN,2026-09-23,2.190000057220459,5000000000.0,5000000000,5000000000.0,5000000000.0,5000000000,10950000286.102295,POINT_IN_TIME_MARKET_CLOSE_V1,BORSA_CLOSE_PER_1_TRY_NOMINAL_V1,POINT_IN_TIME_MARKET_CLOSE_SHARES_V1,05366aa8db0fce839eb253db9abfab06d9cbb7d25206e918873cf49acc6c0740
ZRGYO,2026-09-23,18.950000762939453,4693620000.0,4693620000,4693620000.0,4693620000.0,4693620000,88944102580.94788,POINT_IN_TIME_MARKET_CLOSE_V1,BORSA_CLOSE_PER_1_TRY_NOMINAL_V1,POINT_IN_TIME_MARKET_CLOSE_SHARES_V1,4b5e0c27f20d9ac869b6ed9d016c66260945ed87c9b7694b8c8adfb94bca6dd2
