month,signal_date,index_code,ticker,status,reason,source_audit
2021-08,2021-08-02,XU100,AEFES,REJECTED_AT_SOURCE_PREFLIGHT,ORIGINAL_FINANCIAL_CATALOG_BYTES_MISSING,source_inventory.json
2021-08,2021-08-02,XU100,AFYON,REJECTED_AT_SOURCE_PREFLIGHT,ORIGINAL_FINANCIAL_CATALOG_BYTES_MISSING,source_inventory.json
2021-08,2021-08-02,XU100,AKBNK,REJECTED_AT_SOURCE_PREFLIGHT,ORIGINAL_FINANCIAL_CATALOG_BYTES_MISSING,source_inventory.json
2021-08,2021-08-02,XU100,AKSA,REJECTED_AT_SOURCE_PREFLIGHT,ORIGINAL_FINANCIAL_CATALOG_BYTES_MISSING,source_inventory.json
2021-08,2021-08-02,XU100,AKSEN,REJECTED_AT_SOURCE_PREFLIGHT,ORIGINAL_FINANCIAL_CATALOG_BYTES_MISSING,source_inventory.json
2021-08,2021-08-02,XU100,ALARK,REJECTED_AT_SOURCE_PREFLIGHT,ORIGINAL_FINANCIAL_CATALOG_BYTES_MISSING,source_inventory.json
2021-08,2021-08-02,XU100,ALBRK,REJECTED_AT_SOURCE_PREFLIGHT,ORIGINAL_FINANCIAL_CATALOG_BYTES_MISSING,source_inventory.json
2021-08,2021-08-02,XU100,ALGYO,REJECTED_AT_SOURCE_PREFLIGHT,ORIGINAL_FINANCIAL_CATALOG_BYTES_MISSING,source_inventory.json
2021-08,2021-08-02,XU100,ALKIM,REJECTED_AT_SOURCE_PREFLIGHT,ORIGINAL_FINANCIAL_CATALOG_BYTES_MISSING,source_inventory.json
2021-08,2021-08-02,XU100,ARCLK,REJECTED_AT_SOURCE_PREFLIGHT,ORIGINAL_FINANCIAL_CATALOG_BYTES_MISSING,source_inventory.json
2021-08,2021-08-02,XU100,ASELS,REJECTED_AT_SOURCE_PREFLIGHT,ORIGINAL_FINANCIAL_CATALOG_BYTES_MISSING,source_inventory.json
2021-08,2021-08-02,XU100,BERA,REJECTED_AT_SOURCE_PREFLIGHT,ORIGINAL_FINANCIAL_CATALOG_BYTES_MISSING,source_inventory.json
2021-08,2021-08-02,XU100,BIMAS,REJECTED_AT_SOURCE_PREFLIGHT,ORIGINAL_FINANCIAL_CATALOG_BYTES_MISSING,source_inventory.json
2021-08,2021-08-02,XU100,BRISA,REJECTED_AT_SOURCE_PREFLIGHT,ORIGINAL_FINANCIAL_CATALOG_BYTES_MISSING,source_inventory.json
2021-08,2021-08-02,XU100,BRSAN,REJECTED_AT_SOURCE_PREFLIGHT,ORIGINAL_FINANCIAL_CATALOG_BYTES_MISSING,source_inventory.json
2021-08,2021-08-02,XU100,BRYAT,REJECTED_AT_SOURCE_PREFLIGHT,ORIGINAL_FINANCIAL_CATALOG_BYTES_MISSING,source_inventory.json
2021-08,2021-08-02,XU100,CCOLA,REJECTED_AT_SOURCE_PREFLIGHT,ORIGINAL_FINANCIAL_CATALOG_BYTES_MISSING,source_inventory.json
2021-08,2021-08-02,XU100,CEMAS,REJECTED_AT_SOURCE_PREFLIGHT,ORIGINAL_FINANCIAL_CATALOG_BYTES_MISSING,source_inventory.json
2021-08,2021-08-02,XU100,CEMTS,REJECTED_AT_SOURCE_PREFLIGHT,ORIGINAL_FINANCIAL_CATALOG_BYTES_MISSING,source_inventory.json
2021-08,2021-08-02,XU100,CIMSA,REJECTED_AT_SOURCE_PREFLIGHT,ORIGINAL_FINANCIAL_CATALOG_BYTES_MISSING,source_inventory.json
2021-08,2021-08-02,XU100,DEVA,REJECTED_AT_SOURCE_PREFLIGHT,ORIGINAL_FINANCIAL_CATALOG_BYTES_MISSING,source_inventory.json
2021-08,2021-08-02,XU100,DOAS,REJECTED_AT_SOURCE_PREFLIGHT,ORIGINAL_FINANCIAL_CATALOG_BYTES_MISSING,source_inventory.json
2021-08,2021-08-02,XU100,DOHOL,REJECTED_AT_SOURCE_PREFLIGHT,ORIGINAL_FINANCIAL_CATALOG_BYTES_MISSING,source_inventory.json
2021-08,2021-08-02,XU100,ECILC,REJECTED_AT_SOURCE_PREFLIGHT,ORIGINAL_FINANCIAL_CATALOG_BYTES_MISSING,source_inventory.json
2021-08,2021-08-02,XU100,ECZYT,REJECTED_AT_SOURCE_PREFLIGHT,ORIGINAL_FINANCIAL_CATALOG_BYTES_MISSING,source_inventory.json
2021-08,2021-08-02,XU100,EGEEN,REJECTED_AT_SOURCE_PREFLIGHT,ORIGINAL_FINANCIAL_CATALOG_BYTES_MISSING,source_inventory.json
2021-08,2021-08-02,XU100,EGGUB,REJECTED_AT_SOURCE_PREFLIGHT,ORIGINAL_FINANCIAL_CATALOG_BYTES_MISSING,source_inventory.json
2021-08,2021-08-02,XU100,EKGYO,REJECTED_AT_SOURCE_PREFLIGHT,ORIGINAL_FINANCIAL_CATALOG_BYTES_MISSING,source_inventory.json
2021-08,2021-08-02,XU100,ENJSA,REJECTED_AT_SOURCE_PREFLIGHT,ORIGINAL_FINANCIAL_CATALOG_BYTES_MISSING,source_inventory.json
2021-08,2021-08-02,XU100,ENKAI,REJECTED_AT_SOURCE_PREFLIGHT,ORIGINAL_FINANCIAL_CATALOG_BYTES_MISSING,source_inventory.json
2021-08,2021-08-02,XU100,ERBOS,REJECTED_AT_SOURCE_PREFLIGHT,ORIGINAL_FINANCIAL_CATALOG_BYTES_MISSING,source_inventory.json
2021-08,2021-08-02,XU100,EREGL,REJECTED_AT_SOURCE_PREFLIGHT,ORIGINAL_FINANCIAL_CATALOG_BYTES_MISSING,source_inventory.json
2021-08,2021-08-02,XU100,ESEN,REJECTED_AT_SOURCE_PREFLIGHT,ORIGINAL_FINANCIAL_CATALOG_BYTES_MISSING,source_inventory.json
2021-08,2021-08-02,XU100,FENER,REJECTED_AT_SOURCE_PREFLIGHT,ORIGINAL_FINANCIAL_CATALOG_BYTES_MISSING,source_inventory.json
2021-08,2021-08-02,XU100,FROTO,REJECTED_AT_SOURCE_PREFLIGHT,ORIGINAL_FINANCIAL_CATALOG_BYTES_MISSING,source_inventory.json
2021-08,2021-08-02,XU100,GARAN,REJECTED_AT_SOURCE_PREFLIGHT,ORIGINAL_FINANCIAL_CATALOG_BYTES_MISSING,source_inventory.json
2021-08,2021-08-02,XU100,GLYHO,REJECTED_AT_SOURCE_PREFLIGHT,ORIGINAL_FINANCIAL_CATALOG_BYTES_MISSING,source_inventory.json
2021-08,2021-08-02,XU100,GOZDE,REJECTED_AT_SOURCE_PREFLIGHT,ORIGINAL_FINANCIAL_CATALOG_BYTES_MISSING,source_inventory.json
2021-08,2021-08-02,XU100,GSRAY,REJECTED_AT_SOURCE_PREFLIGHT,ORIGINAL_FINANCIAL_CATALOG_BYTES_MISSING,source_inventory.json
2021-08,2021-08-02,XU100,GUBRF,REJECTED_AT_SOURCE_PREFLIGHT,ORIGINAL_FINANCIAL_CATALOG_BYTES_MISSING,source_inventory.json
2021-08,2021-08-02,XU100,HALKB,REJECTED_AT_SOURCE_PREFLIGHT,ORIGINAL_FINANCIAL_CATALOG_BYTES_MISSING,source_inventory.json
2021-08,2021-08-02,XU100,HDFGS,REJECTED_AT_SOURCE_PREFLIGHT,ORIGINAL_FINANCIAL_CATALOG_BYTES_MISSING,source_inventory.json
2021-08,2021-08-02,XU100,HEKTS,REJECTED_AT_SOURCE_PREFLIGHT,ORIGINAL_FINANCIAL_CATALOG_BYTES_MISSING,source_inventory.json
2021-08,2021-08-02,XU100,IHLAS,REJECTED_AT_SOURCE_PREFLIGHT,ORIGINAL_FINANCIAL_CATALOG_BYTES_MISSING,source_inventory.json
2021-08,2021-08-02,XU100,IHLGM,REJECTED_AT_SOURCE_PREFLIGHT,ORIGINAL_FINANCIAL_CATALOG_BYTES_MISSING,source_inventory.json
2021-08,2021-08-02,XU100,INDES,REJECTED_AT_SOURCE_PREFLIGHT,ORIGINAL_FINANCIAL_CATALOG_BYTES_MISSING,source_inventory.json
2021-08,2021-08-02,XU100,IPEKE,REJECTED_AT_SOURCE_PREFLIGHT,ORIGINAL_FINANCIAL_CATALOG_BYTES_MISSING,source_inventory.json
2021-08,2021-08-02,XU100,ISCTR,REJECTED_AT_SOURCE_PREFLIGHT,ORIGINAL_FINANCIAL_CATALOG_BYTES_MISSING,source_inventory.json
2021-08,2021-08-02,XU100,ISFIN,REJECTED_AT_SOURCE_PREFLIGHT,ORIGINAL_FINANCIAL_CATALOG_BYTES_MISSING,source_inventory.json
2021-08,2021-08-02,XU100,ISGYO,REJECTED_AT_SOURCE_PREFLIGHT,ORIGINAL_FINANCIAL_CATALOG_BYTES_MISSING,source_inventory.json
2021-08,2021-08-02,XU100,ISMEN,REJECTED_AT_SOURCE_PREFLIGHT,ORIGINAL_FINANCIAL_CATALOG_BYTES_MISSING,source_inventory.json
2021-08,2021-08-02,XU100,JANTS,REJECTED_AT_SOURCE_PREFLIGHT,ORIGINAL_FINANCIAL_CATALOG_BYTES_MISSING,source_inventory.json
2021-08,2021-08-02,XU100,KARSN,REJECTED_AT_SOURCE_PREFLIGHT,ORIGINAL_FINANCIAL_CATALOG_BYTES_MISSING,source_inventory.json
2021-08,2021-08-02,XU100,KARTN,REJECTED_AT_SOURCE_PREFLIGHT,ORIGINAL_FINANCIAL_CATALOG_BYTES_MISSING,source_inventory.json
2021-08,2021-08-02,XU100,KCHOL,REJECTED_AT_SOURCE_PREFLIGHT,ORIGINAL_FINANCIAL_CATALOG_BYTES_MISSING,source_inventory.json
2021-08,2021-08-02,XU100,KERVT,REJECTED_AT_SOURCE_PREFLIGHT,ORIGINAL_FINANCIAL_CATALOG_BYTES_MISSING,source_inventory.json
2021-08,2021-08-02,XU100,KONYA,REJECTED_AT_SOURCE_PREFLIGHT,ORIGINAL_FINANCIAL_CATALOG_BYTES_MISSING,source_inventory.json
2021-08,2021-08-02,XU100,KORDS,REJECTED_AT_SOURCE_PREFLIGHT,ORIGINAL_FINANCIAL_CATALOG_BYTES_MISSING,source_inventory.json
2021-08,2021-08-02,XU100,KOZAA,REJECTED_AT_SOURCE_PREFLIGHT,ORIGINAL_FINANCIAL_CATALOG_BYTES_MISSING,source_inventory.json
2021-08,2021-08-02,XU100,KOZAL,REJECTED_AT_SOURCE_PREFLIGHT,ORIGINAL_FINANCIAL_CATALOG_BYTES_MISSING,source_inventory.json
2021-08,2021-08-02,XU100,KRDMD,REJECTED_AT_SOURCE_PREFLIGHT,ORIGINAL_FINANCIAL_CATALOG_BYTES_MISSING,source_inventory.json
2021-08,2021-08-02,XU100,KRVGD,REJECTED_AT_SOURCE_PREFLIGHT,ORIGINAL_FINANCIAL_CATALOG_BYTES_MISSING,source_inventory.json
2021-08,2021-08-02,XU100,LOGO,REJECTED_AT_SOURCE_PREFLIGHT,ORIGINAL_FINANCIAL_CATALOG_BYTES_MISSING,source_inventory.json
2021-08,2021-08-02,XU100,MGROS,REJECTED_AT_SOURCE_PREFLIGHT,ORIGINAL_FINANCIAL_CATALOG_BYTES_MISSING,source_inventory.json
2021-08,2021-08-02,XU100,MPARK,REJECTED_AT_SOURCE_PREFLIGHT,ORIGINAL_FINANCIAL_CATALOG_BYTES_MISSING,source_inventory.json
2021-08,2021-08-02,XU100,NETAS,REJECTED_AT_SOURCE_PREFLIGHT,ORIGINAL_FINANCIAL_CATALOG_BYTES_MISSING,source_inventory.json
2021-08,2021-08-02,XU100,NTHOL,REJECTED_AT_SOURCE_PREFLIGHT,ORIGINAL_FINANCIAL_CATALOG_BYTES_MISSING,source_inventory.json
2021-08,2021-08-02,XU100,NUHCM,REJECTED_AT_SOURCE_PREFLIGHT,ORIGINAL_FINANCIAL_CATALOG_BYTES_MISSING,source_inventory.json
2021-08,2021-08-02,XU100,ODAS,REJECTED_AT_SOURCE_PREFLIGHT,ORIGINAL_FINANCIAL_CATALOG_BYTES_MISSING,source_inventory.json
2021-08,2021-08-02,XU100,OTKAR,REJECTED_AT_SOURCE_PREFLIGHT,ORIGINAL_FINANCIAL_CATALOG_BYTES_MISSING,source_inventory.json
2021-08,2021-08-02,XU100,OYAKC,REJECTED_AT_SOURCE_PREFLIGHT,ORIGINAL_FINANCIAL_CATALOG_BYTES_MISSING,source_inventory.json
2021-08,2021-08-02,XU100,PARSN,REJECTED_AT_SOURCE_PREFLIGHT,ORIGINAL_FINANCIAL_CATALOG_BYTES_MISSING,source_inventory.json
2021-08,2021-08-02,XU100,PETKM,REJECTED_AT_SOURCE_PREFLIGHT,ORIGINAL_FINANCIAL_CATALOG_BYTES_MISSING,source_inventory.json
2021-08,2021-08-02,XU100,PGSUS,REJECTED_AT_SOURCE_PREFLIGHT,ORIGINAL_FINANCIAL_CATALOG_BYTES_MISSING,source_inventory.json
2021-08,2021-08-02,XU100,RTALB,REJECTED_AT_SOURCE_PREFLIGHT,ORIGINAL_FINANCIAL_CATALOG_BYTES_MISSING,source_inventory.json
2021-08,2021-08-02,XU100,SAHOL,REJECTED_AT_SOURCE_PREFLIGHT,ORIGINAL_FINANCIAL_CATALOG_BYTES_MISSING,source_inventory.json
2021-08,2021-08-02,XU100,SASA,REJECTED_AT_SOURCE_PREFLIGHT,ORIGINAL_FINANCIAL_CATALOG_BYTES_MISSING,source_inventory.json
2021-08,2021-08-02,XU100,SELEC,REJECTED_AT_SOURCE_PREFLIGHT,ORIGINAL_FINANCIAL_CATALOG_BYTES_MISSING,source_inventory.json
2021-08,2021-08-02,XU100,SISE,REJECTED_AT_SOURCE_PREFLIGHT,ORIGINAL_FINANCIAL_CATALOG_BYTES_MISSING,source_inventory.json
2021-08,2021-08-02,XU100,SKBNK,REJECTED_AT_SOURCE_PREFLIGHT,ORIGINAL_FINANCIAL_CATALOG_BYTES_MISSING,source_inventory.json
2021-08,2021-08-02,XU100,SOKM,REJECTED_AT_SOURCE_PREFLIGHT,ORIGINAL_FINANCIAL_CATALOG_BYTES_MISSING,source_inventory.json
2021-08,2021-08-02,XU100,TAVHL,REJECTED_AT_SOURCE_PREFLIGHT,ORIGINAL_FINANCIAL_CATALOG_BYTES_MISSING,source_inventory.json
2021-08,2021-08-02,XU100,TCELL,REJECTED_AT_SOURCE_PREFLIGHT,ORIGINAL_FINANCIAL_CATALOG_BYTES_MISSING,source_inventory.json
2021-08,2021-08-02,XU100,THYAO,REJECTED_AT_SOURCE_PREFLIGHT,ORIGINAL_FINANCIAL_CATALOG_BYTES_MISSING,source_inventory.json
2021-08,2021-08-02,XU100,TKFEN,REJECTED_AT_SOURCE_PREFLIGHT,ORIGINAL_FINANCIAL_CATALOG_BYTES_MISSING,source_inventory.json
2021-08,2021-08-02,XU100,TKNSA,REJECTED_AT_SOURCE_PREFLIGHT,ORIGINAL_FINANCIAL_CATALOG_BYTES_MISSING,source_inventory.json
2021-08,2021-08-02,XU100,TOASO,REJECTED_AT_SOURCE_PREFLIGHT,ORIGINAL_FINANCIAL_CATALOG_BYTES_MISSING,source_inventory.json
2021-08,2021-08-02,XU100,TRGYO,REJECTED_AT_SOURCE_PREFLIGHT,ORIGINAL_FINANCIAL_CATALOG_BYTES_MISSING,source_inventory.json
2021-08,2021-08-02,XU100,TSKB,REJECTED_AT_SOURCE_PREFLIGHT,ORIGINAL_FINANCIAL_CATALOG_BYTES_MISSING,source_inventory.json
2021-08,2021-08-02,XU100,TTKOM,REJECTED_AT_SOURCE_PREFLIGHT,ORIGINAL_FINANCIAL_CATALOG_BYTES_MISSING,source_inventory.json
2021-08,2021-08-02,XU100,TTRAK,REJECTED_AT_SOURCE_PREFLIGHT,ORIGINAL_FINANCIAL_CATALOG_BYTES_MISSING,source_inventory.json
2021-08,2021-08-02,XU100,TUPRS,REJECTED_AT_SOURCE_PREFLIGHT,ORIGINAL_FINANCIAL_CATALOG_BYTES_MISSING,source_inventory.json
2021-08,2021-08-02,XU100,TURSG,REJECTED_AT_SOURCE_PREFLIGHT,ORIGINAL_FINANCIAL_CATALOG_BYTES_MISSING,source_inventory.json
2021-08,2021-08-02,XU100,ULKER,REJECTED_AT_SOURCE_PREFLIGHT,ORIGINAL_FINANCIAL_CATALOG_BYTES_MISSING,source_inventory.json
2021-08,2021-08-02,XU100,VAKBN,REJECTED_AT_SOURCE_PREFLIGHT,ORIGINAL_FINANCIAL_CATALOG_BYTES_MISSING,source_inventory.json
2021-08,2021-08-02,XU100,VERUS,REJECTED_AT_SOURCE_PREFLIGHT,ORIGINAL_FINANCIAL_CATALOG_BYTES_MISSING,source_inventory.json
2021-08,2021-08-02,XU100,VESBE,REJECTED_AT_SOURCE_PREFLIGHT,ORIGINAL_FINANCIAL_CATALOG_BYTES_MISSING,source_inventory.json
2021-08,2021-08-02,XU100,VESTL,REJECTED_AT_SOURCE_PREFLIGHT,ORIGINAL_FINANCIAL_CATALOG_BYTES_MISSING,source_inventory.json
2021-08,2021-08-02,XU100,YKBNK,REJECTED_AT_SOURCE_PREFLIGHT,ORIGINAL_FINANCIAL_CATALOG_BYTES_MISSING,source_inventory.json
2021-08,2021-08-02,XU100,ZOREN,REJECTED_AT_SOURCE_PREFLIGHT,ORIGINAL_FINANCIAL_CATALOG_BYTES_MISSING,source_inventory.json
2021-09,2021-09-01,XU100,AEFES,REJECTED_AT_SOURCE_PREFLIGHT,ORIGINAL_FINANCIAL_CATALOG_BYTES_MISSING,source_inventory.json
2021-09,2021-09-01,XU100,AFYON,REJECTED_AT_SOURCE_PREFLIGHT,ORIGINAL_FINANCIAL_CATALOG_BYTES_MISSING,source_inventory.json
2021-09,2021-09-01,XU100,AKBNK,REJECTED_AT_SOURCE_PREFLIGHT,ORIGINAL_FINANCIAL_CATALOG_BYTES_MISSING,source_inventory.json
2021-09,2021-09-01,XU100,AKSA,REJECTED_AT_SOURCE_PREFLIGHT,ORIGINAL_FINANCIAL_CATALOG_BYTES_MISSING,source_inventory.json
2021-09,2021-09-01,XU100,AKSEN,REJECTED_AT_SOURCE_PREFLIGHT,ORIGINAL_FINANCIAL_CATALOG_BYTES_MISSING,source_inventory.json
2021-09,2021-09-01,XU100,ALARK,REJECTED_AT_SOURCE_PREFLIGHT,ORIGINAL_FINANCIAL_CATALOG_BYTES_MISSING,source_inventory.json
2021-09,2021-09-01,XU100,ALBRK,REJECTED_AT_SOURCE_PREFLIGHT,ORIGINAL_FINANCIAL_CATALOG_BYTES_MISSING,source_inventory.json
2021-09,2021-09-01,XU100,ALGYO,REJECTED_AT_SOURCE_PREFLIGHT,ORIGINAL_FINANCIAL_CATALOG_BYTES_MISSING,source_inventory.json
2021-09,2021-09-01,XU100,ALKIM,REJECTED_AT_SOURCE_PREFLIGHT,ORIGINAL_FINANCIAL_CATALOG_BYTES_MISSING,source_inventory.json
2021-09,2021-09-01,XU100,ARCLK,REJECTED_AT_SOURCE_PREFLIGHT,ORIGINAL_FINANCIAL_CATALOG_BYTES_MISSING,source_inventory.json
2021-09,2021-09-01,XU100,ASELS,REJECTED_AT_SOURCE_PREFLIGHT,ORIGINAL_FINANCIAL_CATALOG_BYTES_MISSING,source_inventory.json
2021-09,2021-09-01,XU100,BERA,REJECTED_AT_SOURCE_PREFLIGHT,ORIGINAL_FINANCIAL_CATALOG_BYTES_MISSING,source_inventory.json
2021-09,2021-09-01,XU100,BIMAS,REJECTED_AT_SOURCE_PREFLIGHT,ORIGINAL_FINANCIAL_CATALOG_BYTES_MISSING,source_inventory.json
2021-09,2021-09-01,XU100,BRISA,REJECTED_AT_SOURCE_PREFLIGHT,ORIGINAL_FINANCIAL_CATALOG_BYTES_MISSING,source_inventory.json
2021-09,2021-09-01,XU100,BRSAN,REJECTED_AT_SOURCE_PREFLIGHT,ORIGINAL_FINANCIAL_CATALOG_BYTES_MISSING,source_inventory.json
2021-09,2021-09-01,XU100,BRYAT,REJECTED_AT_SOURCE_PREFLIGHT,ORIGINAL_FINANCIAL_CATALOG_BYTES_MISSING,source_inventory.json
2021-09,2021-09-01,XU100,CCOLA,REJECTED_AT_SOURCE_PREFLIGHT,ORIGINAL_FINANCIAL_CATALOG_BYTES_MISSING,source_inventory.json
2021-09,2021-09-01,XU100,CEMAS,REJECTED_AT_SOURCE_PREFLIGHT,ORIGINAL_FINANCIAL_CATALOG_BYTES_MISSING,source_inventory.json
2021-09,2021-09-01,XU100,CEMTS,REJECTED_AT_SOURCE_PREFLIGHT,ORIGINAL_FINANCIAL_CATALOG_BYTES_MISSING,source_inventory.json
2021-09,2021-09-01,XU100,CIMSA,REJECTED_AT_SOURCE_PREFLIGHT,ORIGINAL_FINANCIAL_CATALOG_BYTES_MISSING,source_inventory.json
2021-09,2021-09-01,XU100,DEVA,REJECTED_AT_SOURCE_PREFLIGHT,ORIGINAL_FINANCIAL_CATALOG_BYTES_MISSING,source_inventory.json
2021-09,2021-09-01,XU100,DOAS,REJECTED_AT_SOURCE_PREFLIGHT,ORIGINAL_FINANCIAL_CATALOG_BYTES_MISSING,source_inventory.json
2021-09,2021-09-01,XU100,DOHOL,REJECTED_AT_SOURCE_PREFLIGHT,ORIGINAL_FINANCIAL_CATALOG_BYTES_MISSING,source_inventory.json
2021-09,2021-09-01,XU100,ECILC,REJECTED_AT_SOURCE_PREFLIGHT,ORIGINAL_FINANCIAL_CATALOG_BYTES_MISSING,source_inventory.json
2021-09,2021-09-01,XU100,ECZYT,REJECTED_AT_SOURCE_PREFLIGHT,ORIGINAL_FINANCIAL_CATALOG_BYTES_MISSING,source_inventory.json
2021-09,2021-09-01,XU100,EGEEN,REJECTED_AT_SOURCE_PREFLIGHT,ORIGINAL_FINANCIAL_CATALOG_BYTES_MISSING,source_inventory.json
2021-09,2021-09-01,XU100,EGGUB,REJECTED_AT_SOURCE_PREFLIGHT,ORIGINAL_FINANCIAL_CATALOG_BYTES_MISSING,source_inventory.json
2021-09,2021-09-01,XU100,EKGYO,REJECTED_AT_SOURCE_PREFLIGHT,ORIGINAL_FINANCIAL_CATALOG_BYTES_MISSING,source_inventory.json
2021-09,2021-09-01,XU100,ENJSA,REJECTED_AT_SOURCE_PREFLIGHT,ORIGINAL_FINANCIAL_CATALOG_BYTES_MISSING,source_inventory.json
2021-09,2021-09-01,XU100,ENKAI,REJECTED_AT_SOURCE_PREFLIGHT,ORIGINAL_FINANCIAL_CATALOG_BYTES_MISSING,source_inventory.json
2021-09,2021-09-01,XU100,ERBOS,REJECTED_AT_SOURCE_PREFLIGHT,ORIGINAL_FINANCIAL_CATALOG_BYTES_MISSING,source_inventory.json
2021-09,2021-09-01,XU100,EREGL,REJECTED_AT_SOURCE_PREFLIGHT,ORIGINAL_FINANCIAL_CATALOG_BYTES_MISSING,source_inventory.json
2021-09,2021-09-01,XU100,ESEN,REJECTED_AT_SOURCE_PREFLIGHT,ORIGINAL_FINANCIAL_CATALOG_BYTES_MISSING,source_inventory.json
2021-09,2021-09-01,XU100,FENER,REJECTED_AT_SOURCE_PREFLIGHT,ORIGINAL_FINANCIAL_CATALOG_BYTES_MISSING,source_inventory.json
2021-09,2021-09-01,XU100,FROTO,REJECTED_AT_SOURCE_PREFLIGHT,ORIGINAL_FINANCIAL_CATALOG_BYTES_MISSING,source_inventory.json
2021-09,2021-09-01,XU100,GARAN,REJECTED_AT_SOURCE_PREFLIGHT,ORIGINAL_FINANCIAL_CATALOG_BYTES_MISSING,source_inventory.json
2021-09,2021-09-01,XU100,GLYHO,REJECTED_AT_SOURCE_PREFLIGHT,ORIGINAL_FINANCIAL_CATALOG_BYTES_MISSING,source_inventory.json
2021-09,2021-09-01,XU100,GOZDE,REJECTED_AT_SOURCE_PREFLIGHT,ORIGINAL_FINANCIAL_CATALOG_BYTES_MISSING,source_inventory.json
2021-09,2021-09-01,XU100,GSRAY,REJECTED_AT_SOURCE_PREFLIGHT,ORIGINAL_FINANCIAL_CATALOG_BYTES_MISSING,source_inventory.json
2021-09,2021-09-01,XU100,GUBRF,REJECTED_AT_SOURCE_PREFLIGHT,ORIGINAL_FINANCIAL_CATALOG_BYTES_MISSING,source_inventory.json
2021-09,2021-09-01,XU100,HALKB,REJECTED_AT_SOURCE_PREFLIGHT,ORIGINAL_FINANCIAL_CATALOG_BYTES_MISSING,source_inventory.json
2021-09,2021-09-01,XU100,HDFGS,REJECTED_AT_SOURCE_PREFLIGHT,ORIGINAL_FINANCIAL_CATALOG_BYTES_MISSING,source_inventory.json
2021-09,2021-09-01,XU100,HEKTS,REJECTED_AT_SOURCE_PREFLIGHT,ORIGINAL_FINANCIAL_CATALOG_BYTES_MISSING,source_inventory.json
2021-09,2021-09-01,XU100,IHLAS,REJECTED_AT_SOURCE_PREFLIGHT,ORIGINAL_FINANCIAL_CATALOG_BYTES_MISSING,source_inventory.json
2021-09,2021-09-01,XU100,IHLGM,REJECTED_AT_SOURCE_PREFLIGHT,ORIGINAL_FINANCIAL_CATALOG_BYTES_MISSING,source_inventory.json
2021-09,2021-09-01,XU100,INDES,REJECTED_AT_SOURCE_PREFLIGHT,ORIGINAL_FINANCIAL_CATALOG_BYTES_MISSING,source_inventory.json
2021-09,2021-09-01,XU100,IPEKE,REJECTED_AT_SOURCE_PREFLIGHT,ORIGINAL_FINANCIAL_CATALOG_BYTES_MISSING,source_inventory.json
2021-09,2021-09-01,XU100,ISCTR,REJECTED_AT_SOURCE_PREFLIGHT,ORIGINAL_FINANCIAL_CATALOG_BYTES_MISSING,source_inventory.json
2021-09,2021-09-01,XU100,ISFIN,REJECTED_AT_SOURCE_PREFLIGHT,ORIGINAL_FINANCIAL_CATALOG_BYTES_MISSING,source_inventory.json
2021-09,2021-09-01,XU100,ISGYO,REJECTED_AT_SOURCE_PREFLIGHT,ORIGINAL_FINANCIAL_CATALOG_BYTES_MISSING,source_inventory.json
2021-09,2021-09-01,XU100,ISMEN,REJECTED_AT_SOURCE_PREFLIGHT,ORIGINAL_FINANCIAL_CATALOG_BYTES_MISSING,source_inventory.json
2021-09,2021-09-01,XU100,JANTS,REJECTED_AT_SOURCE_PREFLIGHT,ORIGINAL_FINANCIAL_CATALOG_BYTES_MISSING,source_inventory.json
2021-09,2021-09-01,XU100,KARSN,REJECTED_AT_SOURCE_PREFLIGHT,ORIGINAL_FINANCIAL_CATALOG_BYTES_MISSING,source_inventory.json
2021-09,2021-09-01,XU100,KARTN,REJECTED_AT_SOURCE_PREFLIGHT,ORIGINAL_FINANCIAL_CATALOG_BYTES_MISSING,source_inventory.json
2021-09,2021-09-01,XU100,KCHOL,REJECTED_AT_SOURCE_PREFLIGHT,ORIGINAL_FINANCIAL_CATALOG_BYTES_MISSING,source_inventory.json
2021-09,2021-09-01,XU100,KERVT,REJECTED_AT_SOURCE_PREFLIGHT,ORIGINAL_FINANCIAL_CATALOG_BYTES_MISSING,source_inventory.json
2021-09,2021-09-01,XU100,KONYA,REJECTED_AT_SOURCE_PREFLIGHT,ORIGINAL_FINANCIAL_CATALOG_BYTES_MISSING,source_inventory.json
2021-09,2021-09-01,XU100,KORDS,REJECTED_AT_SOURCE_PREFLIGHT,ORIGINAL_FINANCIAL_CATALOG_BYTES_MISSING,source_inventory.json
2021-09,2021-09-01,XU100,KOZAA,REJECTED_AT_SOURCE_PREFLIGHT,ORIGINAL_FINANCIAL_CATALOG_BYTES_MISSING,source_inventory.json
2021-09,2021-09-01,XU100,KOZAL,REJECTED_AT_SOURCE_PREFLIGHT,ORIGINAL_FINANCIAL_CATALOG_BYTES_MISSING,source_inventory.json
2021-09,2021-09-01,XU100,KRDMD,REJECTED_AT_SOURCE_PREFLIGHT,ORIGINAL_FINANCIAL_CATALOG_BYTES_MISSING,source_inventory.json
2021-09,2021-09-01,XU100,KRVGD,REJECTED_AT_SOURCE_PREFLIGHT,ORIGINAL_FINANCIAL_CATALOG_BYTES_MISSING,source_inventory.json
2021-09,2021-09-01,XU100,LOGO,REJECTED_AT_SOURCE_PREFLIGHT,ORIGINAL_FINANCIAL_CATALOG_BYTES_MISSING,source_inventory.json
2021-09,2021-09-01,XU100,MGROS,REJECTED_AT_SOURCE_PREFLIGHT,ORIGINAL_FINANCIAL_CATALOG_BYTES_MISSING,source_inventory.json
2021-09,2021-09-01,XU100,MPARK,REJECTED_AT_SOURCE_PREFLIGHT,ORIGINAL_FINANCIAL_CATALOG_BYTES_MISSING,source_inventory.json
2021-09,2021-09-01,XU100,NETAS,REJECTED_AT_SOURCE_PREFLIGHT,ORIGINAL_FINANCIAL_CATALOG_BYTES_MISSING,source_inventory.json
2021-09,2021-09-01,XU100,NTHOL,REJECTED_AT_SOURCE_PREFLIGHT,ORIGINAL_FINANCIAL_CATALOG_BYTES_MISSING,source_inventory.json
2021-09,2021-09-01,XU100,NUHCM,REJECTED_AT_SOURCE_PREFLIGHT,ORIGINAL_FINANCIAL_CATALOG_BYTES_MISSING,source_inventory.json
2021-09,2021-09-01,XU100,ODAS,REJECTED_AT_SOURCE_PREFLIGHT,ORIGINAL_FINANCIAL_CATALOG_BYTES_MISSING,source_inventory.json
2021-09,2021-09-01,XU100,OTKAR,REJECTED_AT_SOURCE_PREFLIGHT,ORIGINAL_FINANCIAL_CATALOG_BYTES_MISSING,source_inventory.json
2021-09,2021-09-01,XU100,OYAKC,REJECTED_AT_SOURCE_PREFLIGHT,ORIGINAL_FINANCIAL_CATALOG_BYTES_MISSING,source_inventory.json
2021-09,2021-09-01,XU100,PARSN,REJECTED_AT_SOURCE_PREFLIGHT,ORIGINAL_FINANCIAL_CATALOG_BYTES_MISSING,source_inventory.json
2021-09,2021-09-01,XU100,PETKM,REJECTED_AT_SOURCE_PREFLIGHT,ORIGINAL_FINANCIAL_CATALOG_BYTES_MISSING,source_inventory.json
2021-09,2021-09-01,XU100,PGSUS,REJECTED_AT_SOURCE_PREFLIGHT,ORIGINAL_FINANCIAL_CATALOG_BYTES_MISSING,source_inventory.json
2021-09,2021-09-01,XU100,RTALB,REJECTED_AT_SOURCE_PREFLIGHT,ORIGINAL_FINANCIAL_CATALOG_BYTES_MISSING,source_inventory.json
2021-09,2021-09-01,XU100,SAHOL,REJECTED_AT_SOURCE_PREFLIGHT,ORIGINAL_FINANCIAL_CATALOG_BYTES_MISSING,source_inventory.json
2021-09,2021-09-01,XU100,SASA,REJECTED_AT_SOURCE_PREFLIGHT,ORIGINAL_FINANCIAL_CATALOG_BYTES_MISSING,source_inventory.json
2021-09,2021-09-01,XU100,SELEC,REJECTED_AT_SOURCE_PREFLIGHT,ORIGINAL_FINANCIAL_CATALOG_BYTES_MISSING,source_inventory.json
2021-09,2021-09-01,XU100,SISE,REJECTED_AT_SOURCE_PREFLIGHT,ORIGINAL_FINANCIAL_CATALOG_BYTES_MISSING,source_inventory.json
2021-09,2021-09-01,XU100,SKBNK,REJECTED_AT_SOURCE_PREFLIGHT,ORIGINAL_FINANCIAL_CATALOG_BYTES_MISSING,source_inventory.json
2021-09,2021-09-01,XU100,SOKM,REJECTED_AT_SOURCE_PREFLIGHT,ORIGINAL_FINANCIAL_CATALOG_BYTES_MISSING,source_inventory.json
2021-09,2021-09-01,XU100,TAVHL,REJECTED_AT_SOURCE_PREFLIGHT,ORIGINAL_FINANCIAL_CATALOG_BYTES_MISSING,source_inventory.json
2021-09,2021-09-01,XU100,TCELL,REJECTED_AT_SOURCE_PREFLIGHT,ORIGINAL_FINANCIAL_CATALOG_BYTES_MISSING,source_inventory.json
2021-09,2021-09-01,XU100,THYAO,REJECTED_AT_SOURCE_PREFLIGHT,ORIGINAL_FINANCIAL_CATALOG_BYTES_MISSING,source_inventory.json
2021-09,2021-09-01,XU100,TKFEN,REJECTED_AT_SOURCE_PREFLIGHT,ORIGINAL_FINANCIAL_CATALOG_BYTES_MISSING,source_inventory.json
2021-09,2021-09-01,XU100,TKNSA,REJECTED_AT_SOURCE_PREFLIGHT,ORIGINAL_FINANCIAL_CATALOG_BYTES_MISSING,source_inventory.json
2021-09,2021-09-01,XU100,TOASO,REJECTED_AT_SOURCE_PREFLIGHT,ORIGINAL_FINANCIAL_CATALOG_BYTES_MISSING,source_inventory.json
2021-09,2021-09-01,XU100,TRGYO,REJECTED_AT_SOURCE_PREFLIGHT,ORIGINAL_FINANCIAL_CATALOG_BYTES_MISSING,source_inventory.json
2021-09,2021-09-01,XU100,TSKB,REJECTED_AT_SOURCE_PREFLIGHT,ORIGINAL_FINANCIAL_CATALOG_BYTES_MISSING,source_inventory.json
2021-09,2021-09-01,XU100,TTKOM,REJECTED_AT_SOURCE_PREFLIGHT,ORIGINAL_FINANCIAL_CATALOG_BYTES_MISSING,source_inventory.json
2021-09,2021-09-01,XU100,TTRAK,REJECTED_AT_SOURCE_PREFLIGHT,ORIGINAL_FINANCIAL_CATALOG_BYTES_MISSING,source_inventory.json
2021-09,2021-09-01,XU100,TUPRS,REJECTED_AT_SOURCE_PREFLIGHT,ORIGINAL_FINANCIAL_CATALOG_BYTES_MISSING,source_inventory.json
2021-09,2021-09-01,XU100,TURSG,REJECTED_AT_SOURCE_PREFLIGHT,ORIGINAL_FINANCIAL_CATALOG_BYTES_MISSING,source_inventory.json
2021-09,2021-09-01,XU100,ULKER,REJECTED_AT_SOURCE_PREFLIGHT,ORIGINAL_FINANCIAL_CATALOG_BYTES_MISSING,source_inventory.json
2021-09,2021-09-01,XU100,VAKBN,REJECTED_AT_SOURCE_PREFLIGHT,ORIGINAL_FINANCIAL_CATALOG_BYTES_MISSING,source_inventory.json
2021-09,2021-09-01,XU100,VERUS,REJECTED_AT_SOURCE_PREFLIGHT,ORIGINAL_FINANCIAL_CATALOG_BYTES_MISSING,source_inventory.json
2021-09,2021-09-01,XU100,VESBE,REJECTED_AT_SOURCE_PREFLIGHT,ORIGINAL_FINANCIAL_CATALOG_BYTES_MISSING,source_inventory.json
2021-09,2021-09-01,XU100,VESTL,REJECTED_AT_SOURCE_PREFLIGHT,ORIGINAL_FINANCIAL_CATALOG_BYTES_MISSING,source_inventory.json
2021-09,2021-09-01,XU100,YKBNK,REJECTED_AT_SOURCE_PREFLIGHT,ORIGINAL_FINANCIAL_CATALOG_BYTES_MISSING,source_inventory.json
2021-09,2021-09-01,XU100,ZOREN,REJECTED_AT_SOURCE_PREFLIGHT,ORIGINAL_FINANCIAL_CATALOG_BYTES_MISSING,source_inventory.json
2021-10,2021-10-01,XU100,AEFES,REJECTED_AT_SOURCE_PREFLIGHT,ORIGINAL_FINANCIAL_CATALOG_BYTES_MISSING,source_inventory.json
2021-10,2021-10-01,XU100,AGHOL,REJECTED_AT_SOURCE_PREFLIGHT,ORIGINAL_FINANCIAL_CATALOG_BYTES_MISSING,source_inventory.json
2021-10,2021-10-01,XU100,AKBNK,REJECTED_AT_SOURCE_PREFLIGHT,ORIGINAL_FINANCIAL_CATALOG_BYTES_MISSING,source_inventory.json
2021-10,2021-10-01,XU100,AKCNS,REJECTED_AT_SOURCE_PREFLIGHT,ORIGINAL_FINANCIAL_CATALOG_BYTES_MISSING,source_inventory.json
2021-10,2021-10-01,XU100,AKSA,REJECTED_AT_SOURCE_PREFLIGHT,ORIGINAL_FINANCIAL_CATALOG_BYTES_MISSING,source_inventory.json
2021-10,2021-10-01,XU100,AKSEN,REJECTED_AT_SOURCE_PREFLIGHT,ORIGINAL_FINANCIAL_CATALOG_BYTES_MISSING,source_inventory.json
2021-10,2021-10-01,XU100,ALARK,REJECTED_AT_SOURCE_PREFLIGHT,ORIGINAL_FINANCIAL_CATALOG_BYTES_MISSING,source_inventory.json
2021-10,2021-10-01,XU100,ALBRK,REJECTED_AT_SOURCE_PREFLIGHT,ORIGINAL_FINANCIAL_CATALOG_BYTES_MISSING,source_inventory.json
2021-10,2021-10-01,XU100,ALGYO,REJECTED_AT_SOURCE_PREFLIGHT,ORIGINAL_FINANCIAL_CATALOG_BYTES_MISSING,source_inventory.json
2021-10,2021-10-01,XU100,ALKIM,REJECTED_AT_SOURCE_PREFLIGHT,ORIGINAL_FINANCIAL_CATALOG_BYTES_MISSING,source_inventory.json
2021-10,2021-10-01,XU100,ARCLK,REJECTED_AT_SOURCE_PREFLIGHT,ORIGINAL_FINANCIAL_CATALOG_BYTES_MISSING,source_inventory.json
2021-10,2021-10-01,XU100,ARDYZ,REJECTED_AT_SOURCE_PREFLIGHT,ORIGINAL_FINANCIAL_CATALOG_BYTES_MISSING,source_inventory.json
2021-10,2021-10-01,XU100,ASELS,REJECTED_AT_SOURCE_PREFLIGHT,ORIGINAL_FINANCIAL_CATALOG_BYTES_MISSING,source_inventory.json
2021-10,2021-10-01,XU100,AYDEM,REJECTED_AT_SOURCE_PREFLIGHT,ORIGINAL_FINANCIAL_CATALOG_BYTES_MISSING,source_inventory.json
2021-10,2021-10-01,XU100,AYGAZ,REJECTED_AT_SOURCE_PREFLIGHT,ORIGINAL_FINANCIAL_CATALOG_BYTES_MISSING,source_inventory.json
2021-10,2021-10-01,XU100,BERA,REJECTED_AT_SOURCE_PREFLIGHT,ORIGINAL_FINANCIAL_CATALOG_BYTES_MISSING,source_inventory.json
2021-10,2021-10-01,XU100,BIMAS,REJECTED_AT_SOURCE_PREFLIGHT,ORIGINAL_FINANCIAL_CATALOG_BYTES_MISSING,source_inventory.json
2021-10,2021-10-01,XU100,BIOEN,REJECTED_AT_SOURCE_PREFLIGHT,ORIGINAL_FINANCIAL_CATALOG_BYTES_MISSING,source_inventory.json
2021-10,2021-10-01,XU100,BRISA,REJECTED_AT_SOURCE_PREFLIGHT,ORIGINAL_FINANCIAL_CATALOG_BYTES_MISSING,source_inventory.json
2021-10,2021-10-01,XU100,CANTE,REJECTED_AT_SOURCE_PREFLIGHT,ORIGINAL_FINANCIAL_CATALOG_BYTES_MISSING,source_inventory.json
2021-10,2021-10-01,XU100,CCOLA,REJECTED_AT_SOURCE_PREFLIGHT,ORIGINAL_FINANCIAL_CATALOG_BYTES_MISSING,source_inventory.json
2021-10,2021-10-01,XU100,CEMTS,REJECTED_AT_SOURCE_PREFLIGHT,ORIGINAL_FINANCIAL_CATALOG_BYTES_MISSING,source_inventory.json
2021-10,2021-10-01,XU100,CIMSA,REJECTED_AT_SOURCE_PREFLIGHT,ORIGINAL_FINANCIAL_CATALOG_BYTES_MISSING,source_inventory.json
2021-10,2021-10-01,XU100,DEVA,REJECTED_AT_SOURCE_PREFLIGHT,ORIGINAL_FINANCIAL_CATALOG_BYTES_MISSING,source_inventory.json
2021-10,2021-10-01,XU100,DOAS,REJECTED_AT_SOURCE_PREFLIGHT,ORIGINAL_FINANCIAL_CATALOG_BYTES_MISSING,source_inventory.json
2021-10,2021-10-01,XU100,DOHOL,REJECTED_AT_SOURCE_PREFLIGHT,ORIGINAL_FINANCIAL_CATALOG_BYTES_MISSING,source_inventory.json
2021-10,2021-10-01,XU100,ECILC,REJECTED_AT_SOURCE_PREFLIGHT,ORIGINAL_FINANCIAL_CATALOG_BYTES_MISSING,source_inventory.json
2021-10,2021-10-01,XU100,EGEEN,REJECTED_AT_SOURCE_PREFLIGHT,ORIGINAL_FINANCIAL_CATALOG_BYTES_MISSING,source_inventory.json
2021-10,2021-10-01,XU100,EKGYO,REJECTED_AT_SOURCE_PREFLIGHT,ORIGINAL_FINANCIAL_CATALOG_BYTES_MISSING,source_inventory.json
2021-10,2021-10-01,XU100,ENJSA,REJECTED_AT_SOURCE_PREFLIGHT,ORIGINAL_FINANCIAL_CATALOG_BYTES_MISSING,source_inventory.json
2021-10,2021-10-01,XU100,ENKAI,REJECTED_AT_SOURCE_PREFLIGHT,ORIGINAL_FINANCIAL_CATALOG_BYTES_MISSING,source_inventory.json
2021-10,2021-10-01,XU100,ERBOS,REJECTED_AT_SOURCE_PREFLIGHT,ORIGINAL_FINANCIAL_CATALOG_BYTES_MISSING,source_inventory.json
2021-10,2021-10-01,XU100,EREGL,REJECTED_AT_SOURCE_PREFLIGHT,ORIGINAL_FINANCIAL_CATALOG_BYTES_MISSING,source_inventory.json
2021-10,2021-10-01,XU100,ESEN,REJECTED_AT_SOURCE_PREFLIGHT,ORIGINAL_FINANCIAL_CATALOG_BYTES_MISSING,source_inventory.json
2021-10,2021-10-01,XU100,FROTO,REJECTED_AT_SOURCE_PREFLIGHT,ORIGINAL_FINANCIAL_CATALOG_BYTES_MISSING,source_inventory.json
2021-10,2021-10-01,XU100,GARAN,REJECTED_AT_SOURCE_PREFLIGHT,ORIGINAL_FINANCIAL_CATALOG_BYTES_MISSING,source_inventory.json
2021-10,2021-10-01,XU100,GLYHO,REJECTED_AT_SOURCE_PREFLIGHT,ORIGINAL_FINANCIAL_CATALOG_BYTES_MISSING,source_inventory.json
2021-10,2021-10-01,XU100,GOZDE,REJECTED_AT_SOURCE_PREFLIGHT,ORIGINAL_FINANCIAL_CATALOG_BYTES_MISSING,source_inventory.json
2021-10,2021-10-01,XU100,GUBRF,REJECTED_AT_SOURCE_PREFLIGHT,ORIGINAL_FINANCIAL_CATALOG_BYTES_MISSING,source_inventory.json
2021-10,2021-10-01,XU100,HALKB,REJECTED_AT_SOURCE_PREFLIGHT,ORIGINAL_FINANCIAL_CATALOG_BYTES_MISSING,source_inventory.json
2021-10,2021-10-01,XU100,HEKTS,REJECTED_AT_SOURCE_PREFLIGHT,ORIGINAL_FINANCIAL_CATALOG_BYTES_MISSING,source_inventory.json
2021-10,2021-10-01,XU100,HLGYO,REJECTED_AT_SOURCE_PREFLIGHT,ORIGINAL_FINANCIAL_CATALOG_BYTES_MISSING,source_inventory.json
2021-10,2021-10-01,XU100,INDES,REJECTED_AT_SOURCE_PREFLIGHT,ORIGINAL_FINANCIAL_CATALOG_BYTES_MISSING,source_inventory.json
2021-10,2021-10-01,XU100,ISCTR,REJECTED_AT_SOURCE_PREFLIGHT,ORIGINAL_FINANCIAL_CATALOG_BYTES_MISSING,source_inventory.json
2021-10,2021-10-01,XU100,ISDMR,REJECTED_AT_SOURCE_PREFLIGHT,ORIGINAL_FINANCIAL_CATALOG_BYTES_MISSING,source_inventory.json
2021-10,2021-10-01,XU100,ISFIN,REJECTED_AT_SOURCE_PREFLIGHT,ORIGINAL_FINANCIAL_CATALOG_BYTES_MISSING,source_inventory.json
2021-10,2021-10-01,XU100,ISGYO,REJECTED_AT_SOURCE_PREFLIGHT,ORIGINAL_FINANCIAL_CATALOG_BYTES_MISSING,source_inventory.json
2021-10,2021-10-01,XU100,ISMEN,REJECTED_AT_SOURCE_PREFLIGHT,ORIGINAL_FINANCIAL_CATALOG_BYTES_MISSING,source_inventory.json
2021-10,2021-10-01,XU100,IZMDC,REJECTED_AT_SOURCE_PREFLIGHT,ORIGINAL_FINANCIAL_CATALOG_BYTES_MISSING,source_inventory.json
2021-10,2021-10-01,XU100,KARSN,REJECTED_AT_SOURCE_PREFLIGHT,ORIGINAL_FINANCIAL_CATALOG_BYTES_MISSING,source_inventory.json
2021-10,2021-10-01,XU100,KARTN,REJECTED_AT_SOURCE_PREFLIGHT,ORIGINAL_FINANCIAL_CATALOG_BYTES_MISSING,source_inventory.json
2021-10,2021-10-01,XU100,KCHOL,REJECTED_AT_SOURCE_PREFLIGHT,ORIGINAL_FINANCIAL_CATALOG_BYTES_MISSING,source_inventory.json
2021-10,2021-10-01,XU100,KERVT,REJECTED_AT_SOURCE_PREFLIGHT,ORIGINAL_FINANCIAL_CATALOG_BYTES_MISSING,source_inventory.json
2021-10,2021-10-01,XU100,KORDS,REJECTED_AT_SOURCE_PREFLIGHT,ORIGINAL_FINANCIAL_CATALOG_BYTES_MISSING,source_inventory.json
2021-10,2021-10-01,XU100,KOZAA,REJECTED_AT_SOURCE_PREFLIGHT,ORIGINAL_FINANCIAL_CATALOG_BYTES_MISSING,source_inventory.json
2021-10,2021-10-01,XU100,KOZAL,REJECTED_AT_SOURCE_PREFLIGHT,ORIGINAL_FINANCIAL_CATALOG_BYTES_MISSING,source_inventory.json
2021-10,2021-10-01,XU100,KRDMD,REJECTED_AT_SOURCE_PREFLIGHT,ORIGINAL_FINANCIAL_CATALOG_BYTES_MISSING,source_inventory.json
2021-10,2021-10-01,XU100,KRVGD,REJECTED_AT_SOURCE_PREFLIGHT,ORIGINAL_FINANCIAL_CATALOG_BYTES_MISSING,source_inventory.json
2021-10,2021-10-01,XU100,LOGO,REJECTED_AT_SOURCE_PREFLIGHT,ORIGINAL_FINANCIAL_CATALOG_BYTES_MISSING,source_inventory.json
2021-10,2021-10-01,XU100,MAVI,REJECTED_AT_SOURCE_PREFLIGHT,ORIGINAL_FINANCIAL_CATALOG_BYTES_MISSING,source_inventory.json
2021-10,2021-10-01,XU100,MGROS,REJECTED_AT_SOURCE_PREFLIGHT,ORIGINAL_FINANCIAL_CATALOG_BYTES_MISSING,source_inventory.json
2021-10,2021-10-01,XU100,MPARK,REJECTED_AT_SOURCE_PREFLIGHT,ORIGINAL_FINANCIAL_CATALOG_BYTES_MISSING,source_inventory.json
2021-10,2021-10-01,XU100,NETAS,REJECTED_AT_SOURCE_PREFLIGHT,ORIGINAL_FINANCIAL_CATALOG_BYTES_MISSING,source_inventory.json
2021-10,2021-10-01,XU100,ODAS,REJECTED_AT_SOURCE_PREFLIGHT,ORIGINAL_FINANCIAL_CATALOG_BYTES_MISSING,source_inventory.json
2021-10,2021-10-01,XU100,OTKAR,REJECTED_AT_SOURCE_PREFLIGHT,ORIGINAL_FINANCIAL_CATALOG_BYTES_MISSING,source_inventory.json
2021-10,2021-10-01,XU100,OYAKC,REJECTED_AT_SOURCE_PREFLIGHT,ORIGINAL_FINANCIAL_CATALOG_BYTES_MISSING,source_inventory.json
2021-10,2021-10-01,XU100,PARSN,REJECTED_AT_SOURCE_PREFLIGHT,ORIGINAL_FINANCIAL_CATALOG_BYTES_MISSING,source_inventory.json
2021-10,2021-10-01,XU100,PETKM,REJECTED_AT_SOURCE_PREFLIGHT,ORIGINAL_FINANCIAL_CATALOG_BYTES_MISSING,source_inventory.json
2021-10,2021-10-01,XU100,PGSUS,REJECTED_AT_SOURCE_PREFLIGHT,ORIGINAL_FINANCIAL_CATALOG_BYTES_MISSING,source_inventory.json
2021-10,2021-10-01,XU100,QUAGR,REJECTED_AT_SOURCE_PREFLIGHT,ORIGINAL_FINANCIAL_CATALOG_BYTES_MISSING,source_inventory.json
2021-10,2021-10-01,XU100,SAHOL,REJECTED_AT_SOURCE_PREFLIGHT,ORIGINAL_FINANCIAL_CATALOG_BYTES_MISSING,source_inventory.json
2021-10,2021-10-01,XU100,SARKY,REJECTED_AT_SOURCE_PREFLIGHT,ORIGINAL_FINANCIAL_CATALOG_BYTES_MISSING,source_inventory.json
2021-10,2021-10-01,XU100,SASA,REJECTED_AT_SOURCE_PREFLIGHT,ORIGINAL_FINANCIAL_CATALOG_BYTES_MISSING,source_inventory.json
2021-10,2021-10-01,XU100,SELEC,REJECTED_AT_SOURCE_PREFLIGHT,ORIGINAL_FINANCIAL_CATALOG_BYTES_MISSING,source_inventory.json
2021-10,2021-10-01,XU100,SISE,REJECTED_AT_SOURCE_PREFLIGHT,ORIGINAL_FINANCIAL_CATALOG_BYTES_MISSING,source_inventory.json
2021-10,2021-10-01,XU100,SKBNK,REJECTED_AT_SOURCE_PREFLIGHT,ORIGINAL_FINANCIAL_CATALOG_BYTES_MISSING,source_inventory.json
2021-10,2021-10-01,XU100,SOKM,REJECTED_AT_SOURCE_PREFLIGHT,ORIGINAL_FINANCIAL_CATALOG_BYTES_MISSING,source_inventory.json
2021-10,2021-10-01,XU100,TAVHL,REJECTED_AT_SOURCE_PREFLIGHT,ORIGINAL_FINANCIAL_CATALOG_BYTES_MISSING,source_inventory.json
2021-10,2021-10-01,XU100,TCELL,REJECTED_AT_SOURCE_PREFLIGHT,ORIGINAL_FINANCIAL_CATALOG_BYTES_MISSING,source_inventory.json
2021-10,2021-10-01,XU100,THYAO,REJECTED_AT_SOURCE_PREFLIGHT,ORIGINAL_FINANCIAL_CATALOG_BYTES_MISSING,source_inventory.json
2021-10,2021-10-01,XU100,TKFEN,REJECTED_AT_SOURCE_PREFLIGHT,ORIGINAL_FINANCIAL_CATALOG_BYTES_MISSING,source_inventory.json
2021-10,2021-10-01,XU100,TKNSA,REJECTED_AT_SOURCE_PREFLIGHT,ORIGINAL_FINANCIAL_CATALOG_BYTES_MISSING,source_inventory.json
2021-10,2021-10-01,XU100,TMSN,REJECTED_AT_SOURCE_PREFLIGHT,ORIGINAL_FINANCIAL_CATALOG_BYTES_MISSING,source_inventory.json
2021-10,2021-10-01,XU100,TOASO,REJECTED_AT_SOURCE_PREFLIGHT,ORIGINAL_FINANCIAL_CATALOG_BYTES_MISSING,source_inventory.json
2021-10,2021-10-01,XU100,TRGYO,REJECTED_AT_SOURCE_PREFLIGHT,ORIGINAL_FINANCIAL_CATALOG_BYTES_MISSING,source_inventory.json
2021-10,2021-10-01,XU100,TRILC,REJECTED_AT_SOURCE_PREFLIGHT,ORIGINAL_FINANCIAL_CATALOG_BYTES_MISSING,source_inventory.json
2021-10,2021-10-01,XU100,TSKB,REJECTED_AT_SOURCE_PREFLIGHT,ORIGINAL_FINANCIAL_CATALOG_BYTES_MISSING,source_inventory.json
2021-10,2021-10-01,XU100,TTKOM,REJECTED_AT_SOURCE_PREFLIGHT,ORIGINAL_FINANCIAL_CATALOG_BYTES_MISSING,source_inventory.json
2021-10,2021-10-01,XU100,TTRAK,REJECTED_AT_SOURCE_PREFLIGHT,ORIGINAL_FINANCIAL_CATALOG_BYTES_MISSING,source_inventory.json
2021-10,2021-10-01,XU100,TUPRS,REJECTED_AT_SOURCE_PREFLIGHT,ORIGINAL_FINANCIAL_CATALOG_BYTES_MISSING,source_inventory.json
2021-10,2021-10-01,XU100,TURSG,REJECTED_AT_SOURCE_PREFLIGHT,ORIGINAL_FINANCIAL_CATALOG_BYTES_MISSING,source_inventory.json
2021-10,2021-10-01,XU100,ULKER,REJECTED_AT_SOURCE_PREFLIGHT,ORIGINAL_FINANCIAL_CATALOG_BYTES_MISSING,source_inventory.json
2021-10,2021-10-01,XU100,VAKBN,REJECTED_AT_SOURCE_PREFLIGHT,ORIGINAL_FINANCIAL_CATALOG_BYTES_MISSING,source_inventory.json
2021-10,2021-10-01,XU100,VERUS,REJECTED_AT_SOURCE_PREFLIGHT,ORIGINAL_FINANCIAL_CATALOG_BYTES_MISSING,source_inventory.json
2021-10,2021-10-01,XU100,VESBE,REJECTED_AT_SOURCE_PREFLIGHT,ORIGINAL_FINANCIAL_CATALOG_BYTES_MISSING,source_inventory.json
2021-10,2021-10-01,XU100,VESTL,REJECTED_AT_SOURCE_PREFLIGHT,ORIGINAL_FINANCIAL_CATALOG_BYTES_MISSING,source_inventory.json
2021-10,2021-10-01,XU100,YATAS,REJECTED_AT_SOURCE_PREFLIGHT,ORIGINAL_FINANCIAL_CATALOG_BYTES_MISSING,source_inventory.json
2021-10,2021-10-01,XU100,YKBNK,REJECTED_AT_SOURCE_PREFLIGHT,ORIGINAL_FINANCIAL_CATALOG_BYTES_MISSING,source_inventory.json
2021-10,2021-10-01,XU100,ZOREN,REJECTED_AT_SOURCE_PREFLIGHT,ORIGINAL_FINANCIAL_CATALOG_BYTES_MISSING,source_inventory.json
2021-10,2021-10-01,XU100,ZRGYO,REJECTED_AT_SOURCE_PREFLIGHT,ORIGINAL_FINANCIAL_CATALOG_BYTES_MISSING,source_inventory.json
2021-11,2021-11-01,XU100,AEFES,REJECTED_AT_SOURCE_PREFLIGHT,ORIGINAL_FINANCIAL_CATALOG_BYTES_MISSING,source_inventory.json
2021-11,2021-11-01,XU100,AGHOL,REJECTED_AT_SOURCE_PREFLIGHT,ORIGINAL_FINANCIAL_CATALOG_BYTES_MISSING,source_inventory.json
2021-11,2021-11-01,XU100,AKBNK,REJECTED_AT_SOURCE_PREFLIGHT,ORIGINAL_FINANCIAL_CATALOG_BYTES_MISSING,source_inventory.json
2021-11,2021-11-01,XU100,AKCNS,REJECTED_AT_SOURCE_PREFLIGHT,ORIGINAL_FINANCIAL_CATALOG_BYTES_MISSING,source_inventory.json
2021-11,2021-11-01,XU100,AKSA,REJECTED_AT_SOURCE_PREFLIGHT,ORIGINAL_FINANCIAL_CATALOG_BYTES_MISSING,source_inventory.json
2021-11,2021-11-01,XU100,AKSEN,REJECTED_AT_SOURCE_PREFLIGHT,ORIGINAL_FINANCIAL_CATALOG_BYTES_MISSING,source_inventory.json
2021-11,2021-11-01,XU100,ALARK,REJECTED_AT_SOURCE_PREFLIGHT,ORIGINAL_FINANCIAL_CATALOG_BYTES_MISSING,source_inventory.json
2021-11,2021-11-01,XU100,ALBRK,REJECTED_AT_SOURCE_PREFLIGHT,ORIGINAL_FINANCIAL_CATALOG_BYTES_MISSING,source_inventory.json
2021-11,2021-11-01,XU100,ALGYO,REJECTED_AT_SOURCE_PREFLIGHT,ORIGINAL_FINANCIAL_CATALOG_BYTES_MISSING,source_inventory.json
2021-11,2021-11-01,XU100,ALKIM,REJECTED_AT_SOURCE_PREFLIGHT,ORIGINAL_FINANCIAL_CATALOG_BYTES_MISSING,source_inventory.json
2021-11,2021-11-01,XU100,ARCLK,REJECTED_AT_SOURCE_PREFLIGHT,ORIGINAL_FINANCIAL_CATALOG_BYTES_MISSING,source_inventory.json
2021-11,2021-11-01,XU100,ARDYZ,REJECTED_AT_SOURCE_PREFLIGHT,ORIGINAL_FINANCIAL_CATALOG_BYTES_MISSING,source_inventory.json
2021-11,2021-11-01,XU100,ASELS,REJECTED_AT_SOURCE_PREFLIGHT,ORIGINAL_FINANCIAL_CATALOG_BYTES_MISSING,source_inventory.json
2021-11,2021-11-01,XU100,AYDEM,REJECTED_AT_SOURCE_PREFLIGHT,ORIGINAL_FINANCIAL_CATALOG_BYTES_MISSING,source_inventory.json
2021-11,2021-11-01,XU100,AYGAZ,REJECTED_AT_SOURCE_PREFLIGHT,ORIGINAL_FINANCIAL_CATALOG_BYTES_MISSING,source_inventory.json
2021-11,2021-11-01,XU100,BERA,REJECTED_AT_SOURCE_PREFLIGHT,ORIGINAL_FINANCIAL_CATALOG_BYTES_MISSING,source_inventory.json
2021-11,2021-11-01,XU100,BIMAS,REJECTED_AT_SOURCE_PREFLIGHT,ORIGINAL_FINANCIAL_CATALOG_BYTES_MISSING,source_inventory.json
2021-11,2021-11-01,XU100,BIOEN,REJECTED_AT_SOURCE_PREFLIGHT,ORIGINAL_FINANCIAL_CATALOG_BYTES_MISSING,source_inventory.json
2021-11,2021-11-01,XU100,BRISA,REJECTED_AT_SOURCE_PREFLIGHT,ORIGINAL_FINANCIAL_CATALOG_BYTES_MISSING,source_inventory.json
2021-11,2021-11-01,XU100,CANTE,REJECTED_AT_SOURCE_PREFLIGHT,ORIGINAL_FINANCIAL_CATALOG_BYTES_MISSING,source_inventory.json
2021-11,2021-11-01,XU100,CCOLA,REJECTED_AT_SOURCE_PREFLIGHT,ORIGINAL_FINANCIAL_CATALOG_BYTES_MISSING,source_inventory.json
2021-11,2021-11-01,XU100,CEMTS,REJECTED_AT_SOURCE_PREFLIGHT,ORIGINAL_FINANCIAL_CATALOG_BYTES_MISSING,source_inventory.json
2021-11,2021-11-01,XU100,CIMSA,REJECTED_AT_SOURCE_PREFLIGHT,ORIGINAL_FINANCIAL_CATALOG_BYTES_MISSING,source_inventory.json
2021-11,2021-11-01,XU100,DEVA,REJECTED_AT_SOURCE_PREFLIGHT,ORIGINAL_FINANCIAL_CATALOG_BYTES_MISSING,source_inventory.json
2021-11,2021-11-01,XU100,DOAS,REJECTED_AT_SOURCE_PREFLIGHT,ORIGINAL_FINANCIAL_CATALOG_BYTES_MISSING,source_inventory.json
2021-11,2021-11-01,XU100,DOHOL,REJECTED_AT_SOURCE_PREFLIGHT,ORIGINAL_FINANCIAL_CATALOG_BYTES_MISSING,source_inventory.json
2021-11,2021-11-01,XU100,ECILC,REJECTED_AT_SOURCE_PREFLIGHT,ORIGINAL_FINANCIAL_CATALOG_BYTES_MISSING,source_inventory.json
2021-11,2021-11-01,XU100,EGEEN,REJECTED_AT_SOURCE_PREFLIGHT,ORIGINAL_FINANCIAL_CATALOG_BYTES_MISSING,source_inventory.json
2021-11,2021-11-01,XU100,EKGYO,REJECTED_AT_SOURCE_PREFLIGHT,ORIGINAL_FINANCIAL_CATALOG_BYTES_MISSING,source_inventory.json
2021-11,2021-11-01,XU100,ENJSA,REJECTED_AT_SOURCE_PREFLIGHT,ORIGINAL_FINANCIAL_CATALOG_BYTES_MISSING,source_inventory.json
2021-11,2021-11-01,XU100,ENKAI,REJECTED_AT_SOURCE_PREFLIGHT,ORIGINAL_FINANCIAL_CATALOG_BYTES_MISSING,source_inventory.json
2021-11,2021-11-01,XU100,ERBOS,REJECTED_AT_SOURCE_PREFLIGHT,ORIGINAL_FINANCIAL_CATALOG_BYTES_MISSING,source_inventory.json
2021-11,2021-11-01,XU100,EREGL,REJECTED_AT_SOURCE_PREFLIGHT,ORIGINAL_FINANCIAL_CATALOG_BYTES_MISSING,source_inventory.json
2021-11,2021-11-01,XU100,ESEN,REJECTED_AT_SOURCE_PREFLIGHT,ORIGINAL_FINANCIAL_CATALOG_BYTES_MISSING,source_inventory.json
2021-11,2021-11-01,XU100,FROTO,REJECTED_AT_SOURCE_PREFLIGHT,ORIGINAL_FINANCIAL_CATALOG_BYTES_MISSING,source_inventory.json
2021-11,2021-11-01,XU100,GARAN,REJECTED_AT_SOURCE_PREFLIGHT,ORIGINAL_FINANCIAL_CATALOG_BYTES_MISSING,source_inventory.json
2021-11,2021-11-01,XU100,GLYHO,REJECTED_AT_SOURCE_PREFLIGHT,ORIGINAL_FINANCIAL_CATALOG_BYTES_MISSING,source_inventory.json
2021-11,2021-11-01,XU100,GOZDE,REJECTED_AT_SOURCE_PREFLIGHT,ORIGINAL_FINANCIAL_CATALOG_BYTES_MISSING,source_inventory.json
2021-11,2021-11-01,XU100,GUBRF,REJECTED_AT_SOURCE_PREFLIGHT,ORIGINAL_FINANCIAL_CATALOG_BYTES_MISSING,source_inventory.json
2021-11,2021-11-01,XU100,HALKB,REJECTED_AT_SOURCE_PREFLIGHT,ORIGINAL_FINANCIAL_CATALOG_BYTES_MISSING,source_inventory.json
2021-11,2021-11-01,XU100,HEKTS,REJECTED_AT_SOURCE_PREFLIGHT,ORIGINAL_FINANCIAL_CATALOG_BYTES_MISSING,source_inventory.json
2021-11,2021-11-01,XU100,HLGYO,REJECTED_AT_SOURCE_PREFLIGHT,ORIGINAL_FINANCIAL_CATALOG_BYTES_MISSING,source_inventory.json
2021-11,2021-11-01,XU100,INDES,REJECTED_AT_SOURCE_PREFLIGHT,ORIGINAL_FINANCIAL_CATALOG_BYTES_MISSING,source_inventory.json
2021-11,2021-11-01,XU100,ISCTR,REJECTED_AT_SOURCE_PREFLIGHT,ORIGINAL_FINANCIAL_CATALOG_BYTES_MISSING,source_inventory.json
2021-11,2021-11-01,XU100,ISDMR,REJECTED_AT_SOURCE_PREFLIGHT,ORIGINAL_FINANCIAL_CATALOG_BYTES_MISSING,source_inventory.json
2021-11,2021-11-01,XU100,ISFIN,REJECTED_AT_SOURCE_PREFLIGHT,ORIGINAL_FINANCIAL_CATALOG_BYTES_MISSING,source_inventory.json
2021-11,2021-11-01,XU100,ISGYO,REJECTED_AT_SOURCE_PREFLIGHT,ORIGINAL_FINANCIAL_CATALOG_BYTES_MISSING,source_inventory.json
2021-11,2021-11-01,XU100,ISMEN,REJECTED_AT_SOURCE_PREFLIGHT,ORIGINAL_FINANCIAL_CATALOG_BYTES_MISSING,source_inventory.json
2021-11,2021-11-01,XU100,IZMDC,REJECTED_AT_SOURCE_PREFLIGHT,ORIGINAL_FINANCIAL_CATALOG_BYTES_MISSING,source_inventory.json
2021-11,2021-11-01,XU100,KARSN,REJECTED_AT_SOURCE_PREFLIGHT,ORIGINAL_FINANCIAL_CATALOG_BYTES_MISSING,source_inventory.json
2021-11,2021-11-01,XU100,KARTN,REJECTED_AT_SOURCE_PREFLIGHT,ORIGINAL_FINANCIAL_CATALOG_BYTES_MISSING,source_inventory.json
2021-11,2021-11-01,XU100,KCHOL,REJECTED_AT_SOURCE_PREFLIGHT,ORIGINAL_FINANCIAL_CATALOG_BYTES_MISSING,source_inventory.json
2021-11,2021-11-01,XU100,KERVT,REJECTED_AT_SOURCE_PREFLIGHT,ORIGINAL_FINANCIAL_CATALOG_BYTES_MISSING,source_inventory.json
2021-11,2021-11-01,XU100,KORDS,REJECTED_AT_SOURCE_PREFLIGHT,ORIGINAL_FINANCIAL_CATALOG_BYTES_MISSING,source_inventory.json
2021-11,2021-11-01,XU100,KOZAA,REJECTED_AT_SOURCE_PREFLIGHT,ORIGINAL_FINANCIAL_CATALOG_BYTES_MISSING,source_inventory.json
2021-11,2021-11-01,XU100,KOZAL,REJECTED_AT_SOURCE_PREFLIGHT,ORIGINAL_FINANCIAL_CATALOG_BYTES_MISSING,source_inventory.json
2021-11,2021-11-01,XU100,KRDMD,REJECTED_AT_SOURCE_PREFLIGHT,ORIGINAL_FINANCIAL_CATALOG_BYTES_MISSING,source_inventory.json
2021-11,2021-11-01,XU100,KRVGD,REJECTED_AT_SOURCE_PREFLIGHT,ORIGINAL_FINANCIAL_CATALOG_BYTES_MISSING,source_inventory.json
2021-11,2021-11-01,XU100,LOGO,REJECTED_AT_SOURCE_PREFLIGHT,ORIGINAL_FINANCIAL_CATALOG_BYTES_MISSING,source_inventory.json
2021-11,2021-11-01,XU100,MAVI,REJECTED_AT_SOURCE_PREFLIGHT,ORIGINAL_FINANCIAL_CATALOG_BYTES_MISSING,source_inventory.json
2021-11,2021-11-01,XU100,MGROS,REJECTED_AT_SOURCE_PREFLIGHT,ORIGINAL_FINANCIAL_CATALOG_BYTES_MISSING,source_inventory.json
2021-11,2021-11-01,XU100,MPARK,REJECTED_AT_SOURCE_PREFLIGHT,ORIGINAL_FINANCIAL_CATALOG_BYTES_MISSING,source_inventory.json
2021-11,2021-11-01,XU100,NETAS,REJECTED_AT_SOURCE_PREFLIGHT,ORIGINAL_FINANCIAL_CATALOG_BYTES_MISSING,source_inventory.json
2021-11,2021-11-01,XU100,ODAS,REJECTED_AT_SOURCE_PREFLIGHT,ORIGINAL_FINANCIAL_CATALOG_BYTES_MISSING,source_inventory.json
2021-11,2021-11-01,XU100,OTKAR,REJECTED_AT_SOURCE_PREFLIGHT,ORIGINAL_FINANCIAL_CATALOG_BYTES_MISSING,source_inventory.json
2021-11,2021-11-01,XU100,OYAKC,REJECTED_AT_SOURCE_PREFLIGHT,ORIGINAL_FINANCIAL_CATALOG_BYTES_MISSING,source_inventory.json
2021-11,2021-11-01,XU100,PARSN,REJECTED_AT_SOURCE_PREFLIGHT,ORIGINAL_FINANCIAL_CATALOG_BYTES_MISSING,source_inventory.json
2021-11,2021-11-01,XU100,PETKM,REJECTED_AT_SOURCE_PREFLIGHT,ORIGINAL_FINANCIAL_CATALOG_BYTES_MISSING,source_inventory.json
2021-11,2021-11-01,XU100,PGSUS,REJECTED_AT_SOURCE_PREFLIGHT,ORIGINAL_FINANCIAL_CATALOG_BYTES_MISSING,source_inventory.json
2021-11,2021-11-01,XU100,QUAGR,REJECTED_AT_SOURCE_PREFLIGHT,ORIGINAL_FINANCIAL_CATALOG_BYTES_MISSING,source_inventory.json
2021-11,2021-11-01,XU100,SAHOL,REJECTED_AT_SOURCE_PREFLIGHT,ORIGINAL_FINANCIAL_CATALOG_BYTES_MISSING,source_inventory.json
2021-11,2021-11-01,XU100,SARKY,REJECTED_AT_SOURCE_PREFLIGHT,ORIGINAL_FINANCIAL_CATALOG_BYTES_MISSING,source_inventory.json
2021-11,2021-11-01,XU100,SASA,REJECTED_AT_SOURCE_PREFLIGHT,ORIGINAL_FINANCIAL_CATALOG_BYTES_MISSING,source_inventory.json
2021-11,2021-11-01,XU100,SELEC,REJECTED_AT_SOURCE_PREFLIGHT,ORIGINAL_FINANCIAL_CATALOG_BYTES_MISSING,source_inventory.json
2021-11,2021-11-01,XU100,SISE,REJECTED_AT_SOURCE_PREFLIGHT,ORIGINAL_FINANCIAL_CATALOG_BYTES_MISSING,source_inventory.json
2021-11,2021-11-01,XU100,SKBNK,REJECTED_AT_SOURCE_PREFLIGHT,ORIGINAL_FINANCIAL_CATALOG_BYTES_MISSING,source_inventory.json
2021-11,2021-11-01,XU100,SOKM,REJECTED_AT_SOURCE_PREFLIGHT,ORIGINAL_FINANCIAL_CATALOG_BYTES_MISSING,source_inventory.json
2021-11,2021-11-01,XU100,TAVHL,REJECTED_AT_SOURCE_PREFLIGHT,ORIGINAL_FINANCIAL_CATALOG_BYTES_MISSING,source_inventory.json
2021-11,2021-11-01,XU100,TCELL,REJECTED_AT_SOURCE_PREFLIGHT,ORIGINAL_FINANCIAL_CATALOG_BYTES_MISSING,source_inventory.json
2021-11,2021-11-01,XU100,THYAO,REJECTED_AT_SOURCE_PREFLIGHT,ORIGINAL_FINANCIAL_CATALOG_BYTES_MISSING,source_inventory.json
2021-11,2021-11-01,XU100,TKFEN,REJECTED_AT_SOURCE_PREFLIGHT,ORIGINAL_FINANCIAL_CATALOG_BYTES_MISSING,source_inventory.json
2021-11,2021-11-01,XU100,TKNSA,REJECTED_AT_SOURCE_PREFLIGHT,ORIGINAL_FINANCIAL_CATALOG_BYTES_MISSING,source_inventory.json
2021-11,2021-11-01,XU100,TMSN,REJECTED_AT_SOURCE_PREFLIGHT,ORIGINAL_FINANCIAL_CATALOG_BYTES_MISSING,source_inventory.json
2021-11,2021-11-01,XU100,TOASO,REJECTED_AT_SOURCE_PREFLIGHT,ORIGINAL_FINANCIAL_CATALOG_BYTES_MISSING,source_inventory.json
2021-11,2021-11-01,XU100,TRGYO,REJECTED_AT_SOURCE_PREFLIGHT,ORIGINAL_FINANCIAL_CATALOG_BYTES_MISSING,source_inventory.json
2021-11,2021-11-01,XU100,TRILC,REJECTED_AT_SOURCE_PREFLIGHT,ORIGINAL_FINANCIAL_CATALOG_BYTES_MISSING,source_inventory.json
2021-11,2021-11-01,XU100,TSKB,REJECTED_AT_SOURCE_PREFLIGHT,ORIGINAL_FINANCIAL_CATALOG_BYTES_MISSING,source_inventory.json
2021-11,2021-11-01,XU100,TTKOM,REJECTED_AT_SOURCE_PREFLIGHT,ORIGINAL_FINANCIAL_CATALOG_BYTES_MISSING,source_inventory.json
2021-11,2021-11-01,XU100,TTRAK,REJECTED_AT_SOURCE_PREFLIGHT,ORIGINAL_FINANCIAL_CATALOG_BYTES_MISSING,source_inventory.json
2021-11,2021-11-01,XU100,TUPRS,REJECTED_AT_SOURCE_PREFLIGHT,ORIGINAL_FINANCIAL_CATALOG_BYTES_MISSING,source_inventory.json
2021-11,2021-11-01,XU100,TURSG,REJECTED_AT_SOURCE_PREFLIGHT,ORIGINAL_FINANCIAL_CATALOG_BYTES_MISSING,source_inventory.json
2021-11,2021-11-01,XU100,ULKER,REJECTED_AT_SOURCE_PREFLIGHT,ORIGINAL_FINANCIAL_CATALOG_BYTES_MISSING,source_inventory.json
2021-11,2021-11-01,XU100,VAKBN,REJECTED_AT_SOURCE_PREFLIGHT,ORIGINAL_FINANCIAL_CATALOG_BYTES_MISSING,source_inventory.json
2021-11,2021-11-01,XU100,VERUS,REJECTED_AT_SOURCE_PREFLIGHT,ORIGINAL_FINANCIAL_CATALOG_BYTES_MISSING,source_inventory.json
2021-11,2021-11-01,XU100,VESBE,REJECTED_AT_SOURCE_PREFLIGHT,ORIGINAL_FINANCIAL_CATALOG_BYTES_MISSING,source_inventory.json
2021-11,2021-11-01,XU100,VESTL,REJECTED_AT_SOURCE_PREFLIGHT,ORIGINAL_FINANCIAL_CATALOG_BYTES_MISSING,source_inventory.json
2021-11,2021-11-01,XU100,YATAS,REJECTED_AT_SOURCE_PREFLIGHT,ORIGINAL_FINANCIAL_CATALOG_BYTES_MISSING,source_inventory.json
2021-11,2021-11-01,XU100,YKBNK,REJECTED_AT_SOURCE_PREFLIGHT,ORIGINAL_FINANCIAL_CATALOG_BYTES_MISSING,source_inventory.json
2021-11,2021-11-01,XU100,ZOREN,REJECTED_AT_SOURCE_PREFLIGHT,ORIGINAL_FINANCIAL_CATALOG_BYTES_MISSING,source_inventory.json
2021-11,2021-11-01,XU100,ZRGYO,REJECTED_AT_SOURCE_PREFLIGHT,ORIGINAL_FINANCIAL_CATALOG_BYTES_MISSING,source_inventory.json
2021-12,2021-12-01,XU100,AEFES,REJECTED_AT_SOURCE_PREFLIGHT,ORIGINAL_FINANCIAL_CATALOG_BYTES_MISSING,source_inventory.json
2021-12,2021-12-01,XU100,AGHOL,REJECTED_AT_SOURCE_PREFLIGHT,ORIGINAL_FINANCIAL_CATALOG_BYTES_MISSING,source_inventory.json
2021-12,2021-12-01,XU100,AKBNK,REJECTED_AT_SOURCE_PREFLIGHT,ORIGINAL_FINANCIAL_CATALOG_BYTES_MISSING,source_inventory.json
2021-12,2021-12-01,XU100,AKCNS,REJECTED_AT_SOURCE_PREFLIGHT,ORIGINAL_FINANCIAL_CATALOG_BYTES_MISSING,source_inventory.json
2021-12,2021-12-01,XU100,AKSA,REJECTED_AT_SOURCE_PREFLIGHT,ORIGINAL_FINANCIAL_CATALOG_BYTES_MISSING,source_inventory.json
2021-12,2021-12-01,XU100,AKSEN,REJECTED_AT_SOURCE_PREFLIGHT,ORIGINAL_FINANCIAL_CATALOG_BYTES_MISSING,source_inventory.json
2021-12,2021-12-01,XU100,ALARK,REJECTED_AT_SOURCE_PREFLIGHT,ORIGINAL_FINANCIAL_CATALOG_BYTES_MISSING,source_inventory.json
2021-12,2021-12-01,XU100,ALBRK,REJECTED_AT_SOURCE_PREFLIGHT,ORIGINAL_FINANCIAL_CATALOG_BYTES_MISSING,source_inventory.json
2021-12,2021-12-01,XU100,ALGYO,REJECTED_AT_SOURCE_PREFLIGHT,ORIGINAL_FINANCIAL_CATALOG_BYTES_MISSING,source_inventory.json
2021-12,2021-12-01,XU100,ALKIM,REJECTED_AT_SOURCE_PREFLIGHT,ORIGINAL_FINANCIAL_CATALOG_BYTES_MISSING,source_inventory.json
2021-12,2021-12-01,XU100,ARCLK,REJECTED_AT_SOURCE_PREFLIGHT,ORIGINAL_FINANCIAL_CATALOG_BYTES_MISSING,source_inventory.json
2021-12,2021-12-01,XU100,ARDYZ,REJECTED_AT_SOURCE_PREFLIGHT,ORIGINAL_FINANCIAL_CATALOG_BYTES_MISSING,source_inventory.json
2021-12,2021-12-01,XU100,ASELS,REJECTED_AT_SOURCE_PREFLIGHT,ORIGINAL_FINANCIAL_CATALOG_BYTES_MISSING,source_inventory.json
2021-12,2021-12-01,XU100,AYDEM,REJECTED_AT_SOURCE_PREFLIGHT,ORIGINAL_FINANCIAL_CATALOG_BYTES_MISSING,source_inventory.json
2021-12,2021-12-01,XU100,AYGAZ,REJECTED_AT_SOURCE_PREFLIGHT,ORIGINAL_FINANCIAL_CATALOG_BYTES_MISSING,source_inventory.json
2021-12,2021-12-01,XU100,BERA,REJECTED_AT_SOURCE_PREFLIGHT,ORIGINAL_FINANCIAL_CATALOG_BYTES_MISSING,source_inventory.json
2021-12,2021-12-01,XU100,BIMAS,REJECTED_AT_SOURCE_PREFLIGHT,ORIGINAL_FINANCIAL_CATALOG_BYTES_MISSING,source_inventory.json
2021-12,2021-12-01,XU100,BIOEN,REJECTED_AT_SOURCE_PREFLIGHT,ORIGINAL_FINANCIAL_CATALOG_BYTES_MISSING,source_inventory.json
2021-12,2021-12-01,XU100,BRISA,REJECTED_AT_SOURCE_PREFLIGHT,ORIGINAL_FINANCIAL_CATALOG_BYTES_MISSING,source_inventory.json
2021-12,2021-12-01,XU100,CANTE,REJECTED_AT_SOURCE_PREFLIGHT,ORIGINAL_FINANCIAL_CATALOG_BYTES_MISSING,source_inventory.json
2021-12,2021-12-01,XU100,CCOLA,REJECTED_AT_SOURCE_PREFLIGHT,ORIGINAL_FINANCIAL_CATALOG_BYTES_MISSING,source_inventory.json
2021-12,2021-12-01,XU100,CEMTS,REJECTED_AT_SOURCE_PREFLIGHT,ORIGINAL_FINANCIAL_CATALOG_BYTES_MISSING,source_inventory.json
2021-12,2021-12-01,XU100,CIMSA,REJECTED_AT_SOURCE_PREFLIGHT,ORIGINAL_FINANCIAL_CATALOG_BYTES_MISSING,source_inventory.json
2021-12,2021-12-01,XU100,DEVA,REJECTED_AT_SOURCE_PREFLIGHT,ORIGINAL_FINANCIAL_CATALOG_BYTES_MISSING,source_inventory.json
2021-12,2021-12-01,XU100,DOAS,REJECTED_AT_SOURCE_PREFLIGHT,ORIGINAL_FINANCIAL_CATALOG_BYTES_MISSING,source_inventory.json
2021-12,2021-12-01,XU100,DOHOL,REJECTED_AT_SOURCE_PREFLIGHT,ORIGINAL_FINANCIAL_CATALOG_BYTES_MISSING,source_inventory.json
2021-12,2021-12-01,XU100,ECILC,REJECTED_AT_SOURCE_PREFLIGHT,ORIGINAL_FINANCIAL_CATALOG_BYTES_MISSING,source_inventory.json
2021-12,2021-12-01,XU100,EGEEN,REJECTED_AT_SOURCE_PREFLIGHT,ORIGINAL_FINANCIAL_CATALOG_BYTES_MISSING,source_inventory.json
2021-12,2021-12-01,XU100,EKGYO,REJECTED_AT_SOURCE_PREFLIGHT,ORIGINAL_FINANCIAL_CATALOG_BYTES_MISSING,source_inventory.json
2021-12,2021-12-01,XU100,ENJSA,REJECTED_AT_SOURCE_PREFLIGHT,ORIGINAL_FINANCIAL_CATALOG_BYTES_MISSING,source_inventory.json
2021-12,2021-12-01,XU100,ENKAI,REJECTED_AT_SOURCE_PREFLIGHT,ORIGINAL_FINANCIAL_CATALOG_BYTES_MISSING,source_inventory.json
2021-12,2021-12-01,XU100,ERBOS,REJECTED_AT_SOURCE_PREFLIGHT,ORIGINAL_FINANCIAL_CATALOG_BYTES_MISSING,source_inventory.json
2021-12,2021-12-01,XU100,EREGL,REJECTED_AT_SOURCE_PREFLIGHT,ORIGINAL_FINANCIAL_CATALOG_BYTES_MISSING,source_inventory.json
2021-12,2021-12-01,XU100,ESEN,REJECTED_AT_SOURCE_PREFLIGHT,ORIGINAL_FINANCIAL_CATALOG_BYTES_MISSING,source_inventory.json
2021-12,2021-12-01,XU100,FROTO,REJECTED_AT_SOURCE_PREFLIGHT,ORIGINAL_FINANCIAL_CATALOG_BYTES_MISSING,source_inventory.json
2021-12,2021-12-01,XU100,GARAN,REJECTED_AT_SOURCE_PREFLIGHT,ORIGINAL_FINANCIAL_CATALOG_BYTES_MISSING,source_inventory.json
2021-12,2021-12-01,XU100,GLYHO,REJECTED_AT_SOURCE_PREFLIGHT,ORIGINAL_FINANCIAL_CATALOG_BYTES_MISSING,source_inventory.json
2021-12,2021-12-01,XU100,GOZDE,REJECTED_AT_SOURCE_PREFLIGHT,ORIGINAL_FINANCIAL_CATALOG_BYTES_MISSING,source_inventory.json
2021-12,2021-12-01,XU100,GUBRF,REJECTED_AT_SOURCE_PREFLIGHT,ORIGINAL_FINANCIAL_CATALOG_BYTES_MISSING,source_inventory.json
2021-12,2021-12-01,XU100,HALKB,REJECTED_AT_SOURCE_PREFLIGHT,ORIGINAL_FINANCIAL_CATALOG_BYTES_MISSING,source_inventory.json
2021-12,2021-12-01,XU100,HEKTS,REJECTED_AT_SOURCE_PREFLIGHT,ORIGINAL_FINANCIAL_CATALOG_BYTES_MISSING,source_inventory.json
2021-12,2021-12-01,XU100,HLGYO,REJECTED_AT_SOURCE_PREFLIGHT,ORIGINAL_FINANCIAL_CATALOG_BYTES_MISSING,source_inventory.json
2021-12,2021-12-01,XU100,INDES,REJECTED_AT_SOURCE_PREFLIGHT,ORIGINAL_FINANCIAL_CATALOG_BYTES_MISSING,source_inventory.json
2021-12,2021-12-01,XU100,ISCTR,REJECTED_AT_SOURCE_PREFLIGHT,ORIGINAL_FINANCIAL_CATALOG_BYTES_MISSING,source_inventory.json
2021-12,2021-12-01,XU100,ISDMR,REJECTED_AT_SOURCE_PREFLIGHT,ORIGINAL_FINANCIAL_CATALOG_BYTES_MISSING,source_inventory.json
2021-12,2021-12-01,XU100,ISFIN,REJECTED_AT_SOURCE_PREFLIGHT,ORIGINAL_FINANCIAL_CATALOG_BYTES_MISSING,source_inventory.json
2021-12,2021-12-01,XU100,ISGYO,REJECTED_AT_SOURCE_PREFLIGHT,ORIGINAL_FINANCIAL_CATALOG_BYTES_MISSING,source_inventory.json
2021-12,2021-12-01,XU100,ISMEN,REJECTED_AT_SOURCE_PREFLIGHT,ORIGINAL_FINANCIAL_CATALOG_BYTES_MISSING,source_inventory.json
2021-12,2021-12-01,XU100,IZMDC,REJECTED_AT_SOURCE_PREFLIGHT,ORIGINAL_FINANCIAL_CATALOG_BYTES_MISSING,source_inventory.json
2021-12,2021-12-01,XU100,KARSN,REJECTED_AT_SOURCE_PREFLIGHT,ORIGINAL_FINANCIAL_CATALOG_BYTES_MISSING,source_inventory.json
2021-12,2021-12-01,XU100,KARTN,REJECTED_AT_SOURCE_PREFLIGHT,ORIGINAL_FINANCIAL_CATALOG_BYTES_MISSING,source_inventory.json
2021-12,2021-12-01,XU100,KCHOL,REJECTED_AT_SOURCE_PREFLIGHT,ORIGINAL_FINANCIAL_CATALOG_BYTES_MISSING,source_inventory.json
2021-12,2021-12-01,XU100,KERVT,REJECTED_AT_SOURCE_PREFLIGHT,ORIGINAL_FINANCIAL_CATALOG_BYTES_MISSING,source_inventory.json
2021-12,2021-12-01,XU100,KORDS,REJECTED_AT_SOURCE_PREFLIGHT,ORIGINAL_FINANCIAL_CATALOG_BYTES_MISSING,source_inventory.json
2021-12,2021-12-01,XU100,KOZAA,REJECTED_AT_SOURCE_PREFLIGHT,ORIGINAL_FINANCIAL_CATALOG_BYTES_MISSING,source_inventory.json
2021-12,2021-12-01,XU100,KOZAL,REJECTED_AT_SOURCE_PREFLIGHT,ORIGINAL_FINANCIAL_CATALOG_BYTES_MISSING,source_inventory.json
2021-12,2021-12-01,XU100,KRDMD,REJECTED_AT_SOURCE_PREFLIGHT,ORIGINAL_FINANCIAL_CATALOG_BYTES_MISSING,source_inventory.json
2021-12,2021-12-01,XU100,KRVGD,REJECTED_AT_SOURCE_PREFLIGHT,ORIGINAL_FINANCIAL_CATALOG_BYTES_MISSING,source_inventory.json
2021-12,2021-12-01,XU100,LOGO,REJECTED_AT_SOURCE_PREFLIGHT,ORIGINAL_FINANCIAL_CATALOG_BYTES_MISSING,source_inventory.json
2021-12,2021-12-01,XU100,MAVI,REJECTED_AT_SOURCE_PREFLIGHT,ORIGINAL_FINANCIAL_CATALOG_BYTES_MISSING,source_inventory.json
2021-12,2021-12-01,XU100,MGROS,REJECTED_AT_SOURCE_PREFLIGHT,ORIGINAL_FINANCIAL_CATALOG_BYTES_MISSING,source_inventory.json
2021-12,2021-12-01,XU100,MPARK,REJECTED_AT_SOURCE_PREFLIGHT,ORIGINAL_FINANCIAL_CATALOG_BYTES_MISSING,source_inventory.json
2021-12,2021-12-01,XU100,NETAS,REJECTED_AT_SOURCE_PREFLIGHT,ORIGINAL_FINANCIAL_CATALOG_BYTES_MISSING,source_inventory.json
2021-12,2021-12-01,XU100,ODAS,REJECTED_AT_SOURCE_PREFLIGHT,ORIGINAL_FINANCIAL_CATALOG_BYTES_MISSING,source_inventory.json
2021-12,2021-12-01,XU100,OTKAR,REJECTED_AT_SOURCE_PREFLIGHT,ORIGINAL_FINANCIAL_CATALOG_BYTES_MISSING,source_inventory.json
2021-12,2021-12-01,XU100,OYAKC,REJECTED_AT_SOURCE_PREFLIGHT,ORIGINAL_FINANCIAL_CATALOG_BYTES_MISSING,source_inventory.json
2021-12,2021-12-01,XU100,PARSN,REJECTED_AT_SOURCE_PREFLIGHT,ORIGINAL_FINANCIAL_CATALOG_BYTES_MISSING,source_inventory.json
2021-12,2021-12-01,XU100,PETKM,REJECTED_AT_SOURCE_PREFLIGHT,ORIGINAL_FINANCIAL_CATALOG_BYTES_MISSING,source_inventory.json
2021-12,2021-12-01,XU100,PGSUS,REJECTED_AT_SOURCE_PREFLIGHT,ORIGINAL_FINANCIAL_CATALOG_BYTES_MISSING,source_inventory.json
2021-12,2021-12-01,XU100,QUAGR,REJECTED_AT_SOURCE_PREFLIGHT,ORIGINAL_FINANCIAL_CATALOG_BYTES_MISSING,source_inventory.json
2021-12,2021-12-01,XU100,SAHOL,REJECTED_AT_SOURCE_PREFLIGHT,ORIGINAL_FINANCIAL_CATALOG_BYTES_MISSING,source_inventory.json
2021-12,2021-12-01,XU100,SARKY,REJECTED_AT_SOURCE_PREFLIGHT,ORIGINAL_FINANCIAL_CATALOG_BYTES_MISSING,source_inventory.json
2021-12,2021-12-01,XU100,SASA,REJECTED_AT_SOURCE_PREFLIGHT,ORIGINAL_FINANCIAL_CATALOG_BYTES_MISSING,source_inventory.json
2021-12,2021-12-01,XU100,SELEC,REJECTED_AT_SOURCE_PREFLIGHT,ORIGINAL_FINANCIAL_CATALOG_BYTES_MISSING,source_inventory.json
2021-12,2021-12-01,XU100,SISE,REJECTED_AT_SOURCE_PREFLIGHT,ORIGINAL_FINANCIAL_CATALOG_BYTES_MISSING,source_inventory.json
2021-12,2021-12-01,XU100,SKBNK,REJECTED_AT_SOURCE_PREFLIGHT,ORIGINAL_FINANCIAL_CATALOG_BYTES_MISSING,source_inventory.json
2021-12,2021-12-01,XU100,SOKM,REJECTED_AT_SOURCE_PREFLIGHT,ORIGINAL_FINANCIAL_CATALOG_BYTES_MISSING,source_inventory.json
2021-12,2021-12-01,XU100,TAVHL,REJECTED_AT_SOURCE_PREFLIGHT,ORIGINAL_FINANCIAL_CATALOG_BYTES_MISSING,source_inventory.json
2021-12,2021-12-01,XU100,TCELL,REJECTED_AT_SOURCE_PREFLIGHT,ORIGINAL_FINANCIAL_CATALOG_BYTES_MISSING,source_inventory.json
2021-12,2021-12-01,XU100,THYAO,REJECTED_AT_SOURCE_PREFLIGHT,ORIGINAL_FINANCIAL_CATALOG_BYTES_MISSING,source_inventory.json
2021-12,2021-12-01,XU100,TKFEN,REJECTED_AT_SOURCE_PREFLIGHT,ORIGINAL_FINANCIAL_CATALOG_BYTES_MISSING,source_inventory.json
2021-12,2021-12-01,XU100,TKNSA,REJECTED_AT_SOURCE_PREFLIGHT,ORIGINAL_FINANCIAL_CATALOG_BYTES_MISSING,source_inventory.json
2021-12,2021-12-01,XU100,TMSN,REJECTED_AT_SOURCE_PREFLIGHT,ORIGINAL_FINANCIAL_CATALOG_BYTES_MISSING,source_inventory.json
2021-12,2021-12-01,XU100,TOASO,REJECTED_AT_SOURCE_PREFLIGHT,ORIGINAL_FINANCIAL_CATALOG_BYTES_MISSING,source_inventory.json
2021-12,2021-12-01,XU100,TRGYO,REJECTED_AT_SOURCE_PREFLIGHT,ORIGINAL_FINANCIAL_CATALOG_BYTES_MISSING,source_inventory.json
2021-12,2021-12-01,XU100,TRILC,REJECTED_AT_SOURCE_PREFLIGHT,ORIGINAL_FINANCIAL_CATALOG_BYTES_MISSING,source_inventory.json
2021-12,2021-12-01,XU100,TSKB,REJECTED_AT_SOURCE_PREFLIGHT,ORIGINAL_FINANCIAL_CATALOG_BYTES_MISSING,source_inventory.json
2021-12,2021-12-01,XU100,TTKOM,REJECTED_AT_SOURCE_PREFLIGHT,ORIGINAL_FINANCIAL_CATALOG_BYTES_MISSING,source_inventory.json
2021-12,2021-12-01,XU100,TTRAK,REJECTED_AT_SOURCE_PREFLIGHT,ORIGINAL_FINANCIAL_CATALOG_BYTES_MISSING,source_inventory.json
2021-12,2021-12-01,XU100,TUPRS,REJECTED_AT_SOURCE_PREFLIGHT,ORIGINAL_FINANCIAL_CATALOG_BYTES_MISSING,source_inventory.json
2021-12,2021-12-01,XU100,TURSG,REJECTED_AT_SOURCE_PREFLIGHT,ORIGINAL_FINANCIAL_CATALOG_BYTES_MISSING,source_inventory.json
2021-12,2021-12-01,XU100,ULKER,REJECTED_AT_SOURCE_PREFLIGHT,ORIGINAL_FINANCIAL_CATALOG_BYTES_MISSING,source_inventory.json
2021-12,2021-12-01,XU100,VAKBN,REJECTED_AT_SOURCE_PREFLIGHT,ORIGINAL_FINANCIAL_CATALOG_BYTES_MISSING,source_inventory.json
2021-12,2021-12-01,XU100,VERUS,REJECTED_AT_SOURCE_PREFLIGHT,ORIGINAL_FINANCIAL_CATALOG_BYTES_MISSING,source_inventory.json
2021-12,2021-12-01,XU100,VESBE,REJECTED_AT_SOURCE_PREFLIGHT,ORIGINAL_FINANCIAL_CATALOG_BYTES_MISSING,source_inventory.json
2021-12,2021-12-01,XU100,VESTL,REJECTED_AT_SOURCE_PREFLIGHT,ORIGINAL_FINANCIAL_CATALOG_BYTES_MISSING,source_inventory.json
2021-12,2021-12-01,XU100,YATAS,REJECTED_AT_SOURCE_PREFLIGHT,ORIGINAL_FINANCIAL_CATALOG_BYTES_MISSING,source_inventory.json
2021-12,2021-12-01,XU100,YKBNK,REJECTED_AT_SOURCE_PREFLIGHT,ORIGINAL_FINANCIAL_CATALOG_BYTES_MISSING,source_inventory.json
2021-12,2021-12-01,XU100,ZOREN,REJECTED_AT_SOURCE_PREFLIGHT,ORIGINAL_FINANCIAL_CATALOG_BYTES_MISSING,source_inventory.json
2021-12,2021-12-01,XU100,ZRGYO,REJECTED_AT_SOURCE_PREFLIGHT,ORIGINAL_FINANCIAL_CATALOG_BYTES_MISSING,source_inventory.json
2022-01,2022-01-03,XU100,ADESE,REJECTED_AT_SOURCE_PREFLIGHT,ORIGINAL_FINANCIAL_CATALOG_BYTES_MISSING,source_inventory.json
2022-01,2022-01-03,XU100,AEFES,REJECTED_AT_SOURCE_PREFLIGHT,ORIGINAL_FINANCIAL_CATALOG_BYTES_MISSING,source_inventory.json
2022-01,2022-01-03,XU100,AGHOL,REJECTED_AT_SOURCE_PREFLIGHT,ORIGINAL_FINANCIAL_CATALOG_BYTES_MISSING,source_inventory.json
2022-01,2022-01-03,XU100,AKBNK,REJECTED_AT_SOURCE_PREFLIGHT,ORIGINAL_FINANCIAL_CATALOG_BYTES_MISSING,source_inventory.json
2022-01,2022-01-03,XU100,AKSA,REJECTED_AT_SOURCE_PREFLIGHT,ORIGINAL_FINANCIAL_CATALOG_BYTES_MISSING,source_inventory.json
2022-01,2022-01-03,XU100,AKSEN,REJECTED_AT_SOURCE_PREFLIGHT,ORIGINAL_FINANCIAL_CATALOG_BYTES_MISSING,source_inventory.json
2022-01,2022-01-03,XU100,ALARK,REJECTED_AT_SOURCE_PREFLIGHT,ORIGINAL_FINANCIAL_CATALOG_BYTES_MISSING,source_inventory.json
2022-01,2022-01-03,XU100,ALGYO,REJECTED_AT_SOURCE_PREFLIGHT,ORIGINAL_FINANCIAL_CATALOG_BYTES_MISSING,source_inventory.json
2022-01,2022-01-03,XU100,ALKIM,REJECTED_AT_SOURCE_PREFLIGHT,ORIGINAL_FINANCIAL_CATALOG_BYTES_MISSING,source_inventory.json
2022-01,2022-01-03,XU100,ARCLK,REJECTED_AT_SOURCE_PREFLIGHT,ORIGINAL_FINANCIAL_CATALOG_BYTES_MISSING,source_inventory.json
2022-01,2022-01-03,XU100,ARDYZ,REJECTED_AT_SOURCE_PREFLIGHT,ORIGINAL_FINANCIAL_CATALOG_BYTES_MISSING,source_inventory.json
2022-01,2022-01-03,XU100,ASELS,REJECTED_AT_SOURCE_PREFLIGHT,ORIGINAL_FINANCIAL_CATALOG_BYTES_MISSING,source_inventory.json
2022-01,2022-01-03,XU100,AYDEM,REJECTED_AT_SOURCE_PREFLIGHT,ORIGINAL_FINANCIAL_CATALOG_BYTES_MISSING,source_inventory.json
2022-01,2022-01-03,XU100,BASGZ,REJECTED_AT_SOURCE_PREFLIGHT,ORIGINAL_FINANCIAL_CATALOG_BYTES_MISSING,source_inventory.json
2022-01,2022-01-03,XU100,BERA,REJECTED_AT_SOURCE_PREFLIGHT,ORIGINAL_FINANCIAL_CATALOG_BYTES_MISSING,source_inventory.json
2022-01,2022-01-03,XU100,BIMAS,REJECTED_AT_SOURCE_PREFLIGHT,ORIGINAL_FINANCIAL_CATALOG_BYTES_MISSING,source_inventory.json
2022-01,2022-01-03,XU100,BIOEN,REJECTED_AT_SOURCE_PREFLIGHT,ORIGINAL_FINANCIAL_CATALOG_BYTES_MISSING,source_inventory.json
2022-01,2022-01-03,XU100,BRISA,REJECTED_AT_SOURCE_PREFLIGHT,ORIGINAL_FINANCIAL_CATALOG_BYTES_MISSING,source_inventory.json
2022-01,2022-01-03,XU100,BRYAT,REJECTED_AT_SOURCE_PREFLIGHT,ORIGINAL_FINANCIAL_CATALOG_BYTES_MISSING,source_inventory.json
2022-01,2022-01-03,XU100,CANTE,REJECTED_AT_SOURCE_PREFLIGHT,ORIGINAL_FINANCIAL_CATALOG_BYTES_MISSING,source_inventory.json
2022-01,2022-01-03,XU100,CCOLA,REJECTED_AT_SOURCE_PREFLIGHT,ORIGINAL_FINANCIAL_CATALOG_BYTES_MISSING,source_inventory.json
2022-01,2022-01-03,XU100,CEMAS,REJECTED_AT_SOURCE_PREFLIGHT,ORIGINAL_FINANCIAL_CATALOG_BYTES_MISSING,source_inventory.json
2022-01,2022-01-03,XU100,CIMSA,REJECTED_AT_SOURCE_PREFLIGHT,ORIGINAL_FINANCIAL_CATALOG_BYTES_MISSING,source_inventory.json
2022-01,2022-01-03,XU100,DEVA,REJECTED_AT_SOURCE_PREFLIGHT,ORIGINAL_FINANCIAL_CATALOG_BYTES_MISSING,source_inventory.json
2022-01,2022-01-03,XU100,DOAS,REJECTED_AT_SOURCE_PREFLIGHT,ORIGINAL_FINANCIAL_CATALOG_BYTES_MISSING,source_inventory.json
2022-01,2022-01-03,XU100,DOHOL,REJECTED_AT_SOURCE_PREFLIGHT,ORIGINAL_FINANCIAL_CATALOG_BYTES_MISSING,source_inventory.json
2022-01,2022-01-03,XU100,ECILC,REJECTED_AT_SOURCE_PREFLIGHT,ORIGINAL_FINANCIAL_CATALOG_BYTES_MISSING,source_inventory.json
2022-01,2022-01-03,XU100,EGEEN,REJECTED_AT_SOURCE_PREFLIGHT,ORIGINAL_FINANCIAL_CATALOG_BYTES_MISSING,source_inventory.json
2022-01,2022-01-03,XU100,EKGYO,REJECTED_AT_SOURCE_PREFLIGHT,ORIGINAL_FINANCIAL_CATALOG_BYTES_MISSING,source_inventory.json
2022-01,2022-01-03,XU100,ENJSA,REJECTED_AT_SOURCE_PREFLIGHT,ORIGINAL_FINANCIAL_CATALOG_BYTES_MISSING,source_inventory.json
2022-01,2022-01-03,XU100,ENKAI,REJECTED_AT_SOURCE_PREFLIGHT,ORIGINAL_FINANCIAL_CATALOG_BYTES_MISSING,source_inventory.json
2022-01,2022-01-03,XU100,ERBOS,REJECTED_AT_SOURCE_PREFLIGHT,ORIGINAL_FINANCIAL_CATALOG_BYTES_MISSING,source_inventory.json
2022-01,2022-01-03,XU100,EREGL,REJECTED_AT_SOURCE_PREFLIGHT,ORIGINAL_FINANCIAL_CATALOG_BYTES_MISSING,source_inventory.json
2022-01,2022-01-03,XU100,ESEN,REJECTED_AT_SOURCE_PREFLIGHT,ORIGINAL_FINANCIAL_CATALOG_BYTES_MISSING,source_inventory.json
2022-01,2022-01-03,XU100,FROTO,REJECTED_AT_SOURCE_PREFLIGHT,ORIGINAL_FINANCIAL_CATALOG_BYTES_MISSING,source_inventory.json
2022-01,2022-01-03,XU100,GARAN,REJECTED_AT_SOURCE_PREFLIGHT,ORIGINAL_FINANCIAL_CATALOG_BYTES_MISSING,source_inventory.json
2022-01,2022-01-03,XU100,GENIL,REJECTED_AT_SOURCE_PREFLIGHT,ORIGINAL_FINANCIAL_CATALOG_BYTES_MISSING,source_inventory.json
2022-01,2022-01-03,XU100,GESAN,REJECTED_AT_SOURCE_PREFLIGHT,ORIGINAL_FINANCIAL_CATALOG_BYTES_MISSING,source_inventory.json
2022-01,2022-01-03,XU100,GLYHO,REJECTED_AT_SOURCE_PREFLIGHT,ORIGINAL_FINANCIAL_CATALOG_BYTES_MISSING,source_inventory.json
2022-01,2022-01-03,XU100,GOZDE,REJECTED_AT_SOURCE_PREFLIGHT,ORIGINAL_FINANCIAL_CATALOG_BYTES_MISSING,source_inventory.json
2022-01,2022-01-03,XU100,GUBRF,REJECTED_AT_SOURCE_PREFLIGHT,ORIGINAL_FINANCIAL_CATALOG_BYTES_MISSING,source_inventory.json
2022-01,2022-01-03,XU100,HALKB,REJECTED_AT_SOURCE_PREFLIGHT,ORIGINAL_FINANCIAL_CATALOG_BYTES_MISSING,source_inventory.json
2022-01,2022-01-03,XU100,HEKTS,REJECTED_AT_SOURCE_PREFLIGHT,ORIGINAL_FINANCIAL_CATALOG_BYTES_MISSING,source_inventory.json
2022-01,2022-01-03,XU100,INDES,REJECTED_AT_SOURCE_PREFLIGHT,ORIGINAL_FINANCIAL_CATALOG_BYTES_MISSING,source_inventory.json
2022-01,2022-01-03,XU100,IPEKE,REJECTED_AT_SOURCE_PREFLIGHT,ORIGINAL_FINANCIAL_CATALOG_BYTES_MISSING,source_inventory.json
2022-01,2022-01-03,XU100,ISCTR,REJECTED_AT_SOURCE_PREFLIGHT,ORIGINAL_FINANCIAL_CATALOG_BYTES_MISSING,source_inventory.json
2022-01,2022-01-03,XU100,ISDMR,REJECTED_AT_SOURCE_PREFLIGHT,ORIGINAL_FINANCIAL_CATALOG_BYTES_MISSING,source_inventory.json
2022-01,2022-01-03,XU100,ISFIN,REJECTED_AT_SOURCE_PREFLIGHT,ORIGINAL_FINANCIAL_CATALOG_BYTES_MISSING,source_inventory.json
2022-01,2022-01-03,XU100,ISGYO,REJECTED_AT_SOURCE_PREFLIGHT,ORIGINAL_FINANCIAL_CATALOG_BYTES_MISSING,source_inventory.json
2022-01,2022-01-03,XU100,ISMEN,REJECTED_AT_SOURCE_PREFLIGHT,ORIGINAL_FINANCIAL_CATALOG_BYTES_MISSING,source_inventory.json
2022-01,2022-01-03,XU100,IZMDC,REJECTED_AT_SOURCE_PREFLIGHT,ORIGINAL_FINANCIAL_CATALOG_BYTES_MISSING,source_inventory.json
2022-01,2022-01-03,XU100,KARSN,REJECTED_AT_SOURCE_PREFLIGHT,ORIGINAL_FINANCIAL_CATALOG_BYTES_MISSING,source_inventory.json
2022-01,2022-01-03,XU100,KARTN,REJECTED_AT_SOURCE_PREFLIGHT,ORIGINAL_FINANCIAL_CATALOG_BYTES_MISSING,source_inventory.json
2022-01,2022-01-03,XU100,KCHOL,REJECTED_AT_SOURCE_PREFLIGHT,ORIGINAL_FINANCIAL_CATALOG_BYTES_MISSING,source_inventory.json
2022-01,2022-01-03,XU100,KERVT,REJECTED_AT_SOURCE_PREFLIGHT,ORIGINAL_FINANCIAL_CATALOG_BYTES_MISSING,source_inventory.json
2022-01,2022-01-03,XU100,KORDS,REJECTED_AT_SOURCE_PREFLIGHT,ORIGINAL_FINANCIAL_CATALOG_BYTES_MISSING,source_inventory.json
2022-01,2022-01-03,XU100,KOZAA,REJECTED_AT_SOURCE_PREFLIGHT,ORIGINAL_FINANCIAL_CATALOG_BYTES_MISSING,source_inventory.json
2022-01,2022-01-03,XU100,KOZAL,REJECTED_AT_SOURCE_PREFLIGHT,ORIGINAL_FINANCIAL_CATALOG_BYTES_MISSING,source_inventory.json
2022-01,2022-01-03,XU100,KRDMD,REJECTED_AT_SOURCE_PREFLIGHT,ORIGINAL_FINANCIAL_CATALOG_BYTES_MISSING,source_inventory.json
2022-01,2022-01-03,XU100,KRVGD,REJECTED_AT_SOURCE_PREFLIGHT,ORIGINAL_FINANCIAL_CATALOG_BYTES_MISSING,source_inventory.json
2022-01,2022-01-03,XU100,LOGO,REJECTED_AT_SOURCE_PREFLIGHT,ORIGINAL_FINANCIAL_CATALOG_BYTES_MISSING,source_inventory.json
2022-01,2022-01-03,XU100,MAVI,REJECTED_AT_SOURCE_PREFLIGHT,ORIGINAL_FINANCIAL_CATALOG_BYTES_MISSING,source_inventory.json
2022-01,2022-01-03,XU100,MGROS,REJECTED_AT_SOURCE_PREFLIGHT,ORIGINAL_FINANCIAL_CATALOG_BYTES_MISSING,source_inventory.json
2022-01,2022-01-03,XU100,NTHOL,REJECTED_AT_SOURCE_PREFLIGHT,ORIGINAL_FINANCIAL_CATALOG_BYTES_MISSING,source_inventory.json
2022-01,2022-01-03,XU100,ODAS,REJECTED_AT_SOURCE_PREFLIGHT,ORIGINAL_FINANCIAL_CATALOG_BYTES_MISSING,source_inventory.json
2022-01,2022-01-03,XU100,OTKAR,REJECTED_AT_SOURCE_PREFLIGHT,ORIGINAL_FINANCIAL_CATALOG_BYTES_MISSING,source_inventory.json
2022-01,2022-01-03,XU100,OYAKC,REJECTED_AT_SOURCE_PREFLIGHT,ORIGINAL_FINANCIAL_CATALOG_BYTES_MISSING,source_inventory.json
2022-01,2022-01-03,XU100,PARSN,REJECTED_AT_SOURCE_PREFLIGHT,ORIGINAL_FINANCIAL_CATALOG_BYTES_MISSING,source_inventory.json
2022-01,2022-01-03,XU100,PETKM,REJECTED_AT_SOURCE_PREFLIGHT,ORIGINAL_FINANCIAL_CATALOG_BYTES_MISSING,source_inventory.json
2022-01,2022-01-03,XU100,PGSUS,REJECTED_AT_SOURCE_PREFLIGHT,ORIGINAL_FINANCIAL_CATALOG_BYTES_MISSING,source_inventory.json
2022-01,2022-01-03,XU100,QUAGR,REJECTED_AT_SOURCE_PREFLIGHT,ORIGINAL_FINANCIAL_CATALOG_BYTES_MISSING,source_inventory.json
2022-01,2022-01-03,XU100,RTALB,REJECTED_AT_SOURCE_PREFLIGHT,ORIGINAL_FINANCIAL_CATALOG_BYTES_MISSING,source_inventory.json
2022-01,2022-01-03,XU100,SAHOL,REJECTED_AT_SOURCE_PREFLIGHT,ORIGINAL_FINANCIAL_CATALOG_BYTES_MISSING,source_inventory.json
2022-01,2022-01-03,XU100,SARKY,REJECTED_AT_SOURCE_PREFLIGHT,ORIGINAL_FINANCIAL_CATALOG_BYTES_MISSING,source_inventory.json
2022-01,2022-01-03,XU100,SASA,REJECTED_AT_SOURCE_PREFLIGHT,ORIGINAL_FINANCIAL_CATALOG_BYTES_MISSING,source_inventory.json
2022-01,2022-01-03,XU100,SELEC,REJECTED_AT_SOURCE_PREFLIGHT,ORIGINAL_FINANCIAL_CATALOG_BYTES_MISSING,source_inventory.json
2022-01,2022-01-03,XU100,SISE,REJECTED_AT_SOURCE_PREFLIGHT,ORIGINAL_FINANCIAL_CATALOG_BYTES_MISSING,source_inventory.json
2022-01,2022-01-03,XU100,SKBNK,REJECTED_AT_SOURCE_PREFLIGHT,ORIGINAL_FINANCIAL_CATALOG_BYTES_MISSING,source_inventory.json
2022-01,2022-01-03,XU100,SOKM,REJECTED_AT_SOURCE_PREFLIGHT,ORIGINAL_FINANCIAL_CATALOG_BYTES_MISSING,source_inventory.json
2022-01,2022-01-03,XU100,TAVHL,REJECTED_AT_SOURCE_PREFLIGHT,ORIGINAL_FINANCIAL_CATALOG_BYTES_MISSING,source_inventory.json
2022-01,2022-01-03,XU100,TCELL,REJECTED_AT_SOURCE_PREFLIGHT,ORIGINAL_FINANCIAL_CATALOG_BYTES_MISSING,source_inventory.json
2022-01,2022-01-03,XU100,THYAO,REJECTED_AT_SOURCE_PREFLIGHT,ORIGINAL_FINANCIAL_CATALOG_BYTES_MISSING,source_inventory.json
2022-01,2022-01-03,XU100,TKFEN,REJECTED_AT_SOURCE_PREFLIGHT,ORIGINAL_FINANCIAL_CATALOG_BYTES_MISSING,source_inventory.json
2022-01,2022-01-03,XU100,TKNSA,REJECTED_AT_SOURCE_PREFLIGHT,ORIGINAL_FINANCIAL_CATALOG_BYTES_MISSING,source_inventory.json
2022-01,2022-01-03,XU100,TOASO,REJECTED_AT_SOURCE_PREFLIGHT,ORIGINAL_FINANCIAL_CATALOG_BYTES_MISSING,source_inventory.json
2022-01,2022-01-03,XU100,TRGYO,REJECTED_AT_SOURCE_PREFLIGHT,ORIGINAL_FINANCIAL_CATALOG_BYTES_MISSING,source_inventory.json
2022-01,2022-01-03,XU100,TSKB,REJECTED_AT_SOURCE_PREFLIGHT,ORIGINAL_FINANCIAL_CATALOG_BYTES_MISSING,source_inventory.json
2022-01,2022-01-03,XU100,TTKOM,REJECTED_AT_SOURCE_PREFLIGHT,ORIGINAL_FINANCIAL_CATALOG_BYTES_MISSING,source_inventory.json
2022-01,2022-01-03,XU100,TTRAK,REJECTED_AT_SOURCE_PREFLIGHT,ORIGINAL_FINANCIAL_CATALOG_BYTES_MISSING,source_inventory.json
2022-01,2022-01-03,XU100,TUPRS,REJECTED_AT_SOURCE_PREFLIGHT,ORIGINAL_FINANCIAL_CATALOG_BYTES_MISSING,source_inventory.json
2022-01,2022-01-03,XU100,TURSG,REJECTED_AT_SOURCE_PREFLIGHT,ORIGINAL_FINANCIAL_CATALOG_BYTES_MISSING,source_inventory.json
2022-01,2022-01-03,XU100,ULKER,REJECTED_AT_SOURCE_PREFLIGHT,ORIGINAL_FINANCIAL_CATALOG_BYTES_MISSING,source_inventory.json
2022-01,2022-01-03,XU100,VAKBN,REJECTED_AT_SOURCE_PREFLIGHT,ORIGINAL_FINANCIAL_CATALOG_BYTES_MISSING,source_inventory.json
2022-01,2022-01-03,XU100,VERUS,REJECTED_AT_SOURCE_PREFLIGHT,ORIGINAL_FINANCIAL_CATALOG_BYTES_MISSING,source_inventory.json
2022-01,2022-01-03,XU100,VESBE,REJECTED_AT_SOURCE_PREFLIGHT,ORIGINAL_FINANCIAL_CATALOG_BYTES_MISSING,source_inventory.json
2022-01,2022-01-03,XU100,VESTL,REJECTED_AT_SOURCE_PREFLIGHT,ORIGINAL_FINANCIAL_CATALOG_BYTES_MISSING,source_inventory.json
2022-01,2022-01-03,XU100,YATAS,REJECTED_AT_SOURCE_PREFLIGHT,ORIGINAL_FINANCIAL_CATALOG_BYTES_MISSING,source_inventory.json
2022-01,2022-01-03,XU100,YKBNK,REJECTED_AT_SOURCE_PREFLIGHT,ORIGINAL_FINANCIAL_CATALOG_BYTES_MISSING,source_inventory.json
2022-01,2022-01-03,XU100,ZOREN,REJECTED_AT_SOURCE_PREFLIGHT,ORIGINAL_FINANCIAL_CATALOG_BYTES_MISSING,source_inventory.json
2022-01,2022-01-03,XU100,ZRGYO,REJECTED_AT_SOURCE_PREFLIGHT,ORIGINAL_FINANCIAL_CATALOG_BYTES_MISSING,source_inventory.json
2022-02,2022-02-01,XU100,ADESE,REJECTED_AT_SOURCE_PREFLIGHT,ORIGINAL_FINANCIAL_CATALOG_BYTES_MISSING,source_inventory.json
2022-02,2022-02-01,XU100,AEFES,REJECTED_AT_SOURCE_PREFLIGHT,ORIGINAL_FINANCIAL_CATALOG_BYTES_MISSING,source_inventory.json
2022-02,2022-02-01,XU100,AGHOL,REJECTED_AT_SOURCE_PREFLIGHT,ORIGINAL_FINANCIAL_CATALOG_BYTES_MISSING,source_inventory.json
2022-02,2022-02-01,XU100,AKBNK,REJECTED_AT_SOURCE_PREFLIGHT,ORIGINAL_FINANCIAL_CATALOG_BYTES_MISSING,source_inventory.json
2022-02,2022-02-01,XU100,AKSA,REJECTED_AT_SOURCE_PREFLIGHT,ORIGINAL_FINANCIAL_CATALOG_BYTES_MISSING,source_inventory.json
2022-02,2022-02-01,XU100,AKSEN,REJECTED_AT_SOURCE_PREFLIGHT,ORIGINAL_FINANCIAL_CATALOG_BYTES_MISSING,source_inventory.json
2022-02,2022-02-01,XU100,ALARK,REJECTED_AT_SOURCE_PREFLIGHT,ORIGINAL_FINANCIAL_CATALOG_BYTES_MISSING,source_inventory.json
2022-02,2022-02-01,XU100,ALGYO,REJECTED_AT_SOURCE_PREFLIGHT,ORIGINAL_FINANCIAL_CATALOG_BYTES_MISSING,source_inventory.json
2022-02,2022-02-01,XU100,ALKIM,REJECTED_AT_SOURCE_PREFLIGHT,ORIGINAL_FINANCIAL_CATALOG_BYTES_MISSING,source_inventory.json
2022-02,2022-02-01,XU100,ARCLK,REJECTED_AT_SOURCE_PREFLIGHT,ORIGINAL_FINANCIAL_CATALOG_BYTES_MISSING,source_inventory.json
2022-02,2022-02-01,XU100,ARDYZ,REJECTED_AT_SOURCE_PREFLIGHT,ORIGINAL_FINANCIAL_CATALOG_BYTES_MISSING,source_inventory.json
2022-02,2022-02-01,XU100,ASELS,REJECTED_AT_SOURCE_PREFLIGHT,ORIGINAL_FINANCIAL_CATALOG_BYTES_MISSING,source_inventory.json
2022-02,2022-02-01,XU100,AYDEM,REJECTED_AT_SOURCE_PREFLIGHT,ORIGINAL_FINANCIAL_CATALOG_BYTES_MISSING,source_inventory.json
2022-02,2022-02-01,XU100,BASGZ,REJECTED_AT_SOURCE_PREFLIGHT,ORIGINAL_FINANCIAL_CATALOG_BYTES_MISSING,source_inventory.json
2022-02,2022-02-01,XU100,BERA,REJECTED_AT_SOURCE_PREFLIGHT,ORIGINAL_FINANCIAL_CATALOG_BYTES_MISSING,source_inventory.json
2022-02,2022-02-01,XU100,BIMAS,REJECTED_AT_SOURCE_PREFLIGHT,ORIGINAL_FINANCIAL_CATALOG_BYTES_MISSING,source_inventory.json
2022-02,2022-02-01,XU100,BIOEN,REJECTED_AT_SOURCE_PREFLIGHT,ORIGINAL_FINANCIAL_CATALOG_BYTES_MISSING,source_inventory.json
2022-02,2022-02-01,XU100,BRISA,REJECTED_AT_SOURCE_PREFLIGHT,ORIGINAL_FINANCIAL_CATALOG_BYTES_MISSING,source_inventory.json
2022-02,2022-02-01,XU100,BRYAT,REJECTED_AT_SOURCE_PREFLIGHT,ORIGINAL_FINANCIAL_CATALOG_BYTES_MISSING,source_inventory.json
2022-02,2022-02-01,XU100,CANTE,REJECTED_AT_SOURCE_PREFLIGHT,ORIGINAL_FINANCIAL_CATALOG_BYTES_MISSING,source_inventory.json
2022-02,2022-02-01,XU100,CCOLA,REJECTED_AT_SOURCE_PREFLIGHT,ORIGINAL_FINANCIAL_CATALOG_BYTES_MISSING,source_inventory.json
2022-02,2022-02-01,XU100,CEMAS,REJECTED_AT_SOURCE_PREFLIGHT,ORIGINAL_FINANCIAL_CATALOG_BYTES_MISSING,source_inventory.json
2022-02,2022-02-01,XU100,CIMSA,REJECTED_AT_SOURCE_PREFLIGHT,ORIGINAL_FINANCIAL_CATALOG_BYTES_MISSING,source_inventory.json
2022-02,2022-02-01,XU100,DEVA,REJECTED_AT_SOURCE_PREFLIGHT,ORIGINAL_FINANCIAL_CATALOG_BYTES_MISSING,source_inventory.json
2022-02,2022-02-01,XU100,DOAS,REJECTED_AT_SOURCE_PREFLIGHT,ORIGINAL_FINANCIAL_CATALOG_BYTES_MISSING,source_inventory.json
2022-02,2022-02-01,XU100,DOHOL,REJECTED_AT_SOURCE_PREFLIGHT,ORIGINAL_FINANCIAL_CATALOG_BYTES_MISSING,source_inventory.json
2022-02,2022-02-01,XU100,ECILC,REJECTED_AT_SOURCE_PREFLIGHT,ORIGINAL_FINANCIAL_CATALOG_BYTES_MISSING,source_inventory.json
2022-02,2022-02-01,XU100,EGEEN,REJECTED_AT_SOURCE_PREFLIGHT,ORIGINAL_FINANCIAL_CATALOG_BYTES_MISSING,source_inventory.json
2022-02,2022-02-01,XU100,EKGYO,REJECTED_AT_SOURCE_PREFLIGHT,ORIGINAL_FINANCIAL_CATALOG_BYTES_MISSING,source_inventory.json
2022-02,2022-02-01,XU100,ENJSA,REJECTED_AT_SOURCE_PREFLIGHT,ORIGINAL_FINANCIAL_CATALOG_BYTES_MISSING,source_inventory.json
2022-02,2022-02-01,XU100,ENKAI,REJECTED_AT_SOURCE_PREFLIGHT,ORIGINAL_FINANCIAL_CATALOG_BYTES_MISSING,source_inventory.json
2022-02,2022-02-01,XU100,ERBOS,REJECTED_AT_SOURCE_PREFLIGHT,ORIGINAL_FINANCIAL_CATALOG_BYTES_MISSING,source_inventory.json
2022-02,2022-02-01,XU100,EREGL,REJECTED_AT_SOURCE_PREFLIGHT,ORIGINAL_FINANCIAL_CATALOG_BYTES_MISSING,source_inventory.json
2022-02,2022-02-01,XU100,ESEN,REJECTED_AT_SOURCE_PREFLIGHT,ORIGINAL_FINANCIAL_CATALOG_BYTES_MISSING,source_inventory.json
2022-02,2022-02-01,XU100,FROTO,REJECTED_AT_SOURCE_PREFLIGHT,ORIGINAL_FINANCIAL_CATALOG_BYTES_MISSING,source_inventory.json
2022-02,2022-02-01,XU100,GARAN,REJECTED_AT_SOURCE_PREFLIGHT,ORIGINAL_FINANCIAL_CATALOG_BYTES_MISSING,source_inventory.json
2022-02,2022-02-01,XU100,GENIL,REJECTED_AT_SOURCE_PREFLIGHT,ORIGINAL_FINANCIAL_CATALOG_BYTES_MISSING,source_inventory.json
2022-02,2022-02-01,XU100,GESAN,REJECTED_AT_SOURCE_PREFLIGHT,ORIGINAL_FINANCIAL_CATALOG_BYTES_MISSING,source_inventory.json
2022-02,2022-02-01,XU100,GLYHO,REJECTED_AT_SOURCE_PREFLIGHT,ORIGINAL_FINANCIAL_CATALOG_BYTES_MISSING,source_inventory.json
2022-02,2022-02-01,XU100,GOZDE,REJECTED_AT_SOURCE_PREFLIGHT,ORIGINAL_FINANCIAL_CATALOG_BYTES_MISSING,source_inventory.json
2022-02,2022-02-01,XU100,GUBRF,REJECTED_AT_SOURCE_PREFLIGHT,ORIGINAL_FINANCIAL_CATALOG_BYTES_MISSING,source_inventory.json
2022-02,2022-02-01,XU100,HALKB,REJECTED_AT_SOURCE_PREFLIGHT,ORIGINAL_FINANCIAL_CATALOG_BYTES_MISSING,source_inventory.json
2022-02,2022-02-01,XU100,HEKTS,REJECTED_AT_SOURCE_PREFLIGHT,ORIGINAL_FINANCIAL_CATALOG_BYTES_MISSING,source_inventory.json
2022-02,2022-02-01,XU100,INDES,REJECTED_AT_SOURCE_PREFLIGHT,ORIGINAL_FINANCIAL_CATALOG_BYTES_MISSING,source_inventory.json
2022-02,2022-02-01,XU100,IPEKE,REJECTED_AT_SOURCE_PREFLIGHT,ORIGINAL_FINANCIAL_CATALOG_BYTES_MISSING,source_inventory.json
2022-02,2022-02-01,XU100,ISCTR,REJECTED_AT_SOURCE_PREFLIGHT,ORIGINAL_FINANCIAL_CATALOG_BYTES_MISSING,source_inventory.json
2022-02,2022-02-01,XU100,ISDMR,REJECTED_AT_SOURCE_PREFLIGHT,ORIGINAL_FINANCIAL_CATALOG_BYTES_MISSING,source_inventory.json
2022-02,2022-02-01,XU100,ISFIN,REJECTED_AT_SOURCE_PREFLIGHT,ORIGINAL_FINANCIAL_CATALOG_BYTES_MISSING,source_inventory.json
2022-02,2022-02-01,XU100,ISGYO,REJECTED_AT_SOURCE_PREFLIGHT,ORIGINAL_FINANCIAL_CATALOG_BYTES_MISSING,source_inventory.json
2022-02,2022-02-01,XU100,ISMEN,REJECTED_AT_SOURCE_PREFLIGHT,ORIGINAL_FINANCIAL_CATALOG_BYTES_MISSING,source_inventory.json
2022-02,2022-02-01,XU100,IZMDC,REJECTED_AT_SOURCE_PREFLIGHT,ORIGINAL_FINANCIAL_CATALOG_BYTES_MISSING,source_inventory.json
2022-02,2022-02-01,XU100,KARSN,REJECTED_AT_SOURCE_PREFLIGHT,ORIGINAL_FINANCIAL_CATALOG_BYTES_MISSING,source_inventory.json
2022-02,2022-02-01,XU100,KARTN,REJECTED_AT_SOURCE_PREFLIGHT,ORIGINAL_FINANCIAL_CATALOG_BYTES_MISSING,source_inventory.json
2022-02,2022-02-01,XU100,KCHOL,REJECTED_AT_SOURCE_PREFLIGHT,ORIGINAL_FINANCIAL_CATALOG_BYTES_MISSING,source_inventory.json
2022-02,2022-02-01,XU100,KERVT,REJECTED_AT_SOURCE_PREFLIGHT,ORIGINAL_FINANCIAL_CATALOG_BYTES_MISSING,source_inventory.json
2022-02,2022-02-01,XU100,KORDS,REJECTED_AT_SOURCE_PREFLIGHT,ORIGINAL_FINANCIAL_CATALOG_BYTES_MISSING,source_inventory.json
2022-02,2022-02-01,XU100,KOZAA,REJECTED_AT_SOURCE_PREFLIGHT,ORIGINAL_FINANCIAL_CATALOG_BYTES_MISSING,source_inventory.json
2022-02,2022-02-01,XU100,KOZAL,REJECTED_AT_SOURCE_PREFLIGHT,ORIGINAL_FINANCIAL_CATALOG_BYTES_MISSING,source_inventory.json
2022-02,2022-02-01,XU100,KRDMD,REJECTED_AT_SOURCE_PREFLIGHT,ORIGINAL_FINANCIAL_CATALOG_BYTES_MISSING,source_inventory.json
2022-02,2022-02-01,XU100,KRVGD,REJECTED_AT_SOURCE_PREFLIGHT,ORIGINAL_FINANCIAL_CATALOG_BYTES_MISSING,source_inventory.json
2022-02,2022-02-01,XU100,LOGO,REJECTED_AT_SOURCE_PREFLIGHT,ORIGINAL_FINANCIAL_CATALOG_BYTES_MISSING,source_inventory.json
2022-02,2022-02-01,XU100,MAVI,REJECTED_AT_SOURCE_PREFLIGHT,ORIGINAL_FINANCIAL_CATALOG_BYTES_MISSING,source_inventory.json
2022-02,2022-02-01,XU100,MGROS,REJECTED_AT_SOURCE_PREFLIGHT,ORIGINAL_FINANCIAL_CATALOG_BYTES_MISSING,source_inventory.json
2022-02,2022-02-01,XU100,NTHOL,REJECTED_AT_SOURCE_PREFLIGHT,ORIGINAL_FINANCIAL_CATALOG_BYTES_MISSING,source_inventory.json
2022-02,2022-02-01,XU100,ODAS,REJECTED_AT_SOURCE_PREFLIGHT,ORIGINAL_FINANCIAL_CATALOG_BYTES_MISSING,source_inventory.json
2022-02,2022-02-01,XU100,OTKAR,REJECTED_AT_SOURCE_PREFLIGHT,ORIGINAL_FINANCIAL_CATALOG_BYTES_MISSING,source_inventory.json
2022-02,2022-02-01,XU100,OYAKC,REJECTED_AT_SOURCE_PREFLIGHT,ORIGINAL_FINANCIAL_CATALOG_BYTES_MISSING,source_inventory.json
2022-02,2022-02-01,XU100,PARSN,REJECTED_AT_SOURCE_PREFLIGHT,ORIGINAL_FINANCIAL_CATALOG_BYTES_MISSING,source_inventory.json
2022-02,2022-02-01,XU100,PETKM,REJECTED_AT_SOURCE_PREFLIGHT,ORIGINAL_FINANCIAL_CATALOG_BYTES_MISSING,source_inventory.json
2022-02,2022-02-01,XU100,PGSUS,REJECTED_AT_SOURCE_PREFLIGHT,ORIGINAL_FINANCIAL_CATALOG_BYTES_MISSING,source_inventory.json
2022-02,2022-02-01,XU100,QUAGR,REJECTED_AT_SOURCE_PREFLIGHT,ORIGINAL_FINANCIAL_CATALOG_BYTES_MISSING,source_inventory.json
2022-02,2022-02-01,XU100,RTALB,REJECTED_AT_SOURCE_PREFLIGHT,ORIGINAL_FINANCIAL_CATALOG_BYTES_MISSING,source_inventory.json
2022-02,2022-02-01,XU100,SAHOL,REJECTED_AT_SOURCE_PREFLIGHT,ORIGINAL_FINANCIAL_CATALOG_BYTES_MISSING,source_inventory.json
2022-02,2022-02-01,XU100,SARKY,REJECTED_AT_SOURCE_PREFLIGHT,ORIGINAL_FINANCIAL_CATALOG_BYTES_MISSING,source_inventory.json
2022-02,2022-02-01,XU100,SASA,REJECTED_AT_SOURCE_PREFLIGHT,ORIGINAL_FINANCIAL_CATALOG_BYTES_MISSING,source_inventory.json
2022-02,2022-02-01,XU100,SELEC,REJECTED_AT_SOURCE_PREFLIGHT,ORIGINAL_FINANCIAL_CATALOG_BYTES_MISSING,source_inventory.json
2022-02,2022-02-01,XU100,SISE,REJECTED_AT_SOURCE_PREFLIGHT,ORIGINAL_FINANCIAL_CATALOG_BYTES_MISSING,source_inventory.json
2022-02,2022-02-01,XU100,SKBNK,REJECTED_AT_SOURCE_PREFLIGHT,ORIGINAL_FINANCIAL_CATALOG_BYTES_MISSING,source_inventory.json
2022-02,2022-02-01,XU100,SOKM,REJECTED_AT_SOURCE_PREFLIGHT,ORIGINAL_FINANCIAL_CATALOG_BYTES_MISSING,source_inventory.json
2022-02,2022-02-01,XU100,TAVHL,REJECTED_AT_SOURCE_PREFLIGHT,ORIGINAL_FINANCIAL_CATALOG_BYTES_MISSING,source_inventory.json
2022-02,2022-02-01,XU100,TCELL,REJECTED_AT_SOURCE_PREFLIGHT,ORIGINAL_FINANCIAL_CATALOG_BYTES_MISSING,source_inventory.json
2022-02,2022-02-01,XU100,THYAO,REJECTED_AT_SOURCE_PREFLIGHT,ORIGINAL_FINANCIAL_CATALOG_BYTES_MISSING,source_inventory.json
2022-02,2022-02-01,XU100,TKFEN,REJECTED_AT_SOURCE_PREFLIGHT,ORIGINAL_FINANCIAL_CATALOG_BYTES_MISSING,source_inventory.json
2022-02,2022-02-01,XU100,TKNSA,REJECTED_AT_SOURCE_PREFLIGHT,ORIGINAL_FINANCIAL_CATALOG_BYTES_MISSING,source_inventory.json
2022-02,2022-02-01,XU100,TOASO,REJECTED_AT_SOURCE_PREFLIGHT,ORIGINAL_FINANCIAL_CATALOG_BYTES_MISSING,source_inventory.json
2022-02,2022-02-01,XU100,TRGYO,REJECTED_AT_SOURCE_PREFLIGHT,ORIGINAL_FINANCIAL_CATALOG_BYTES_MISSING,source_inventory.json
2022-02,2022-02-01,XU100,TSKB,REJECTED_AT_SOURCE_PREFLIGHT,ORIGINAL_FINANCIAL_CATALOG_BYTES_MISSING,source_inventory.json
2022-02,2022-02-01,XU100,TTKOM,REJECTED_AT_SOURCE_PREFLIGHT,ORIGINAL_FINANCIAL_CATALOG_BYTES_MISSING,source_inventory.json
2022-02,2022-02-01,XU100,TTRAK,REJECTED_AT_SOURCE_PREFLIGHT,ORIGINAL_FINANCIAL_CATALOG_BYTES_MISSING,source_inventory.json
2022-02,2022-02-01,XU100,TUPRS,REJECTED_AT_SOURCE_PREFLIGHT,ORIGINAL_FINANCIAL_CATALOG_BYTES_MISSING,source_inventory.json
2022-02,2022-02-01,XU100,TURSG,REJECTED_AT_SOURCE_PREFLIGHT,ORIGINAL_FINANCIAL_CATALOG_BYTES_MISSING,source_inventory.json
2022-02,2022-02-01,XU100,ULKER,REJECTED_AT_SOURCE_PREFLIGHT,ORIGINAL_FINANCIAL_CATALOG_BYTES_MISSING,source_inventory.json
2022-02,2022-02-01,XU100,VAKBN,REJECTED_AT_SOURCE_PREFLIGHT,ORIGINAL_FINANCIAL_CATALOG_BYTES_MISSING,source_inventory.json
2022-02,2022-02-01,XU100,VERUS,REJECTED_AT_SOURCE_PREFLIGHT,ORIGINAL_FINANCIAL_CATALOG_BYTES_MISSING,source_inventory.json
2022-02,2022-02-01,XU100,VESBE,REJECTED_AT_SOURCE_PREFLIGHT,ORIGINAL_FINANCIAL_CATALOG_BYTES_MISSING,source_inventory.json
2022-02,2022-02-01,XU100,VESTL,REJECTED_AT_SOURCE_PREFLIGHT,ORIGINAL_FINANCIAL_CATALOG_BYTES_MISSING,source_inventory.json
2022-02,2022-02-01,XU100,YATAS,REJECTED_AT_SOURCE_PREFLIGHT,ORIGINAL_FINANCIAL_CATALOG_BYTES_MISSING,source_inventory.json
2022-02,2022-02-01,XU100,YKBNK,REJECTED_AT_SOURCE_PREFLIGHT,ORIGINAL_FINANCIAL_CATALOG_BYTES_MISSING,source_inventory.json
2022-02,2022-02-01,XU100,ZOREN,REJECTED_AT_SOURCE_PREFLIGHT,ORIGINAL_FINANCIAL_CATALOG_BYTES_MISSING,source_inventory.json
2022-02,2022-02-01,XU100,ZRGYO,REJECTED_AT_SOURCE_PREFLIGHT,ORIGINAL_FINANCIAL_CATALOG_BYTES_MISSING,source_inventory.json
2022-03,2022-03-01,XU100,ADESE,REJECTED_AT_SOURCE_PREFLIGHT,ORIGINAL_FINANCIAL_CATALOG_BYTES_MISSING,source_inventory.json
2022-03,2022-03-01,XU100,AEFES,REJECTED_AT_SOURCE_PREFLIGHT,ORIGINAL_FINANCIAL_CATALOG_BYTES_MISSING,source_inventory.json
2022-03,2022-03-01,XU100,AGHOL,REJECTED_AT_SOURCE_PREFLIGHT,ORIGINAL_FINANCIAL_CATALOG_BYTES_MISSING,source_inventory.json
2022-03,2022-03-01,XU100,AKBNK,REJECTED_AT_SOURCE_PREFLIGHT,ORIGINAL_FINANCIAL_CATALOG_BYTES_MISSING,source_inventory.json
2022-03,2022-03-01,XU100,AKSA,REJECTED_AT_SOURCE_PREFLIGHT,ORIGINAL_FINANCIAL_CATALOG_BYTES_MISSING,source_inventory.json
2022-03,2022-03-01,XU100,AKSEN,REJECTED_AT_SOURCE_PREFLIGHT,ORIGINAL_FINANCIAL_CATALOG_BYTES_MISSING,source_inventory.json
2022-03,2022-03-01,XU100,ALARK,REJECTED_AT_SOURCE_PREFLIGHT,ORIGINAL_FINANCIAL_CATALOG_BYTES_MISSING,source_inventory.json
2022-03,2022-03-01,XU100,ALGYO,REJECTED_AT_SOURCE_PREFLIGHT,ORIGINAL_FINANCIAL_CATALOG_BYTES_MISSING,source_inventory.json
2022-03,2022-03-01,XU100,ALKIM,REJECTED_AT_SOURCE_PREFLIGHT,ORIGINAL_FINANCIAL_CATALOG_BYTES_MISSING,source_inventory.json
2022-03,2022-03-01,XU100,ARCLK,REJECTED_AT_SOURCE_PREFLIGHT,ORIGINAL_FINANCIAL_CATALOG_BYTES_MISSING,source_inventory.json
2022-03,2022-03-01,XU100,ARDYZ,REJECTED_AT_SOURCE_PREFLIGHT,ORIGINAL_FINANCIAL_CATALOG_BYTES_MISSING,source_inventory.json
2022-03,2022-03-01,XU100,ASELS,REJECTED_AT_SOURCE_PREFLIGHT,ORIGINAL_FINANCIAL_CATALOG_BYTES_MISSING,source_inventory.json
2022-03,2022-03-01,XU100,AYDEM,REJECTED_AT_SOURCE_PREFLIGHT,ORIGINAL_FINANCIAL_CATALOG_BYTES_MISSING,source_inventory.json
2022-03,2022-03-01,XU100,BASGZ,REJECTED_AT_SOURCE_PREFLIGHT,ORIGINAL_FINANCIAL_CATALOG_BYTES_MISSING,source_inventory.json
2022-03,2022-03-01,XU100,BERA,REJECTED_AT_SOURCE_PREFLIGHT,ORIGINAL_FINANCIAL_CATALOG_BYTES_MISSING,source_inventory.json
2022-03,2022-03-01,XU100,BIMAS,REJECTED_AT_SOURCE_PREFLIGHT,ORIGINAL_FINANCIAL_CATALOG_BYTES_MISSING,source_inventory.json
2022-03,2022-03-01,XU100,BIOEN,REJECTED_AT_SOURCE_PREFLIGHT,ORIGINAL_FINANCIAL_CATALOG_BYTES_MISSING,source_inventory.json
2022-03,2022-03-01,XU100,BRISA,REJECTED_AT_SOURCE_PREFLIGHT,ORIGINAL_FINANCIAL_CATALOG_BYTES_MISSING,source_inventory.json
2022-03,2022-03-01,XU100,BRYAT,REJECTED_AT_SOURCE_PREFLIGHT,ORIGINAL_FINANCIAL_CATALOG_BYTES_MISSING,source_inventory.json
2022-03,2022-03-01,XU100,CANTE,REJECTED_AT_SOURCE_PREFLIGHT,ORIGINAL_FINANCIAL_CATALOG_BYTES_MISSING,source_inventory.json
2022-03,2022-03-01,XU100,CCOLA,REJECTED_AT_SOURCE_PREFLIGHT,ORIGINAL_FINANCIAL_CATALOG_BYTES_MISSING,source_inventory.json
2022-03,2022-03-01,XU100,CEMAS,REJECTED_AT_SOURCE_PREFLIGHT,ORIGINAL_FINANCIAL_CATALOG_BYTES_MISSING,source_inventory.json
2022-03,2022-03-01,XU100,CIMSA,REJECTED_AT_SOURCE_PREFLIGHT,ORIGINAL_FINANCIAL_CATALOG_BYTES_MISSING,source_inventory.json
2022-03,2022-03-01,XU100,DEVA,REJECTED_AT_SOURCE_PREFLIGHT,ORIGINAL_FINANCIAL_CATALOG_BYTES_MISSING,source_inventory.json
2022-03,2022-03-01,XU100,DOAS,REJECTED_AT_SOURCE_PREFLIGHT,ORIGINAL_FINANCIAL_CATALOG_BYTES_MISSING,source_inventory.json
2022-03,2022-03-01,XU100,DOHOL,REJECTED_AT_SOURCE_PREFLIGHT,ORIGINAL_FINANCIAL_CATALOG_BYTES_MISSING,source_inventory.json
2022-03,2022-03-01,XU100,ECILC,REJECTED_AT_SOURCE_PREFLIGHT,ORIGINAL_FINANCIAL_CATALOG_BYTES_MISSING,source_inventory.json
2022-03,2022-03-01,XU100,EGEEN,REJECTED_AT_SOURCE_PREFLIGHT,ORIGINAL_FINANCIAL_CATALOG_BYTES_MISSING,source_inventory.json
2022-03,2022-03-01,XU100,EKGYO,REJECTED_AT_SOURCE_PREFLIGHT,ORIGINAL_FINANCIAL_CATALOG_BYTES_MISSING,source_inventory.json
2022-03,2022-03-01,XU100,ENJSA,REJECTED_AT_SOURCE_PREFLIGHT,ORIGINAL_FINANCIAL_CATALOG_BYTES_MISSING,source_inventory.json
2022-03,2022-03-01,XU100,ENKAI,REJECTED_AT_SOURCE_PREFLIGHT,ORIGINAL_FINANCIAL_CATALOG_BYTES_MISSING,source_inventory.json
2022-03,2022-03-01,XU100,ERBOS,REJECTED_AT_SOURCE_PREFLIGHT,ORIGINAL_FINANCIAL_CATALOG_BYTES_MISSING,source_inventory.json
2022-03,2022-03-01,XU100,EREGL,REJECTED_AT_SOURCE_PREFLIGHT,ORIGINAL_FINANCIAL_CATALOG_BYTES_MISSING,source_inventory.json
2022-03,2022-03-01,XU100,ESEN,REJECTED_AT_SOURCE_PREFLIGHT,ORIGINAL_FINANCIAL_CATALOG_BYTES_MISSING,source_inventory.json
2022-03,2022-03-01,XU100,FROTO,REJECTED_AT_SOURCE_PREFLIGHT,ORIGINAL_FINANCIAL_CATALOG_BYTES_MISSING,source_inventory.json
2022-03,2022-03-01,XU100,GARAN,REJECTED_AT_SOURCE_PREFLIGHT,ORIGINAL_FINANCIAL_CATALOG_BYTES_MISSING,source_inventory.json
2022-03,2022-03-01,XU100,GENIL,REJECTED_AT_SOURCE_PREFLIGHT,ORIGINAL_FINANCIAL_CATALOG_BYTES_MISSING,source_inventory.json
2022-03,2022-03-01,XU100,GESAN,REJECTED_AT_SOURCE_PREFLIGHT,ORIGINAL_FINANCIAL_CATALOG_BYTES_MISSING,source_inventory.json
2022-03,2022-03-01,XU100,GLYHO,REJECTED_AT_SOURCE_PREFLIGHT,ORIGINAL_FINANCIAL_CATALOG_BYTES_MISSING,source_inventory.json
2022-03,2022-03-01,XU100,GOZDE,REJECTED_AT_SOURCE_PREFLIGHT,ORIGINAL_FINANCIAL_CATALOG_BYTES_MISSING,source_inventory.json
2022-03,2022-03-01,XU100,GUBRF,REJECTED_AT_SOURCE_PREFLIGHT,ORIGINAL_FINANCIAL_CATALOG_BYTES_MISSING,source_inventory.json
2022-03,2022-03-01,XU100,HALKB,REJECTED_AT_SOURCE_PREFLIGHT,ORIGINAL_FINANCIAL_CATALOG_BYTES_MISSING,source_inventory.json
2022-03,2022-03-01,XU100,HEKTS,REJECTED_AT_SOURCE_PREFLIGHT,ORIGINAL_FINANCIAL_CATALOG_BYTES_MISSING,source_inventory.json
2022-03,2022-03-01,XU100,INDES,REJECTED_AT_SOURCE_PREFLIGHT,ORIGINAL_FINANCIAL_CATALOG_BYTES_MISSING,source_inventory.json
2022-03,2022-03-01,XU100,IPEKE,REJECTED_AT_SOURCE_PREFLIGHT,ORIGINAL_FINANCIAL_CATALOG_BYTES_MISSING,source_inventory.json
2022-03,2022-03-01,XU100,ISCTR,REJECTED_AT_SOURCE_PREFLIGHT,ORIGINAL_FINANCIAL_CATALOG_BYTES_MISSING,source_inventory.json
2022-03,2022-03-01,XU100,ISDMR,REJECTED_AT_SOURCE_PREFLIGHT,ORIGINAL_FINANCIAL_CATALOG_BYTES_MISSING,source_inventory.json
2022-03,2022-03-01,XU100,ISFIN,REJECTED_AT_SOURCE_PREFLIGHT,ORIGINAL_FINANCIAL_CATALOG_BYTES_MISSING,source_inventory.json
2022-03,2022-03-01,XU100,ISGYO,REJECTED_AT_SOURCE_PREFLIGHT,ORIGINAL_FINANCIAL_CATALOG_BYTES_MISSING,source_inventory.json
2022-03,2022-03-01,XU100,ISMEN,REJECTED_AT_SOURCE_PREFLIGHT,ORIGINAL_FINANCIAL_CATALOG_BYTES_MISSING,source_inventory.json
2022-03,2022-03-01,XU100,IZMDC,REJECTED_AT_SOURCE_PREFLIGHT,ORIGINAL_FINANCIAL_CATALOG_BYTES_MISSING,source_inventory.json
2022-03,2022-03-01,XU100,KARSN,REJECTED_AT_SOURCE_PREFLIGHT,ORIGINAL_FINANCIAL_CATALOG_BYTES_MISSING,source_inventory.json
2022-03,2022-03-01,XU100,KARTN,REJECTED_AT_SOURCE_PREFLIGHT,ORIGINAL_FINANCIAL_CATALOG_BYTES_MISSING,source_inventory.json
2022-03,2022-03-01,XU100,KCHOL,REJECTED_AT_SOURCE_PREFLIGHT,ORIGINAL_FINANCIAL_CATALOG_BYTES_MISSING,source_inventory.json
2022-03,2022-03-01,XU100,KERVT,REJECTED_AT_SOURCE_PREFLIGHT,ORIGINAL_FINANCIAL_CATALOG_BYTES_MISSING,source_inventory.json
2022-03,2022-03-01,XU100,KORDS,REJECTED_AT_SOURCE_PREFLIGHT,ORIGINAL_FINANCIAL_CATALOG_BYTES_MISSING,source_inventory.json
2022-03,2022-03-01,XU100,KOZAA,REJECTED_AT_SOURCE_PREFLIGHT,ORIGINAL_FINANCIAL_CATALOG_BYTES_MISSING,source_inventory.json
2022-03,2022-03-01,XU100,KOZAL,REJECTED_AT_SOURCE_PREFLIGHT,ORIGINAL_FINANCIAL_CATALOG_BYTES_MISSING,source_inventory.json
2022-03,2022-03-01,XU100,KRDMD,REJECTED_AT_SOURCE_PREFLIGHT,ORIGINAL_FINANCIAL_CATALOG_BYTES_MISSING,source_inventory.json
2022-03,2022-03-01,XU100,KRVGD,REJECTED_AT_SOURCE_PREFLIGHT,ORIGINAL_FINANCIAL_CATALOG_BYTES_MISSING,source_inventory.json
2022-03,2022-03-01,XU100,LOGO,REJECTED_AT_SOURCE_PREFLIGHT,ORIGINAL_FINANCIAL_CATALOG_BYTES_MISSING,source_inventory.json
2022-03,2022-03-01,XU100,MAVI,REJECTED_AT_SOURCE_PREFLIGHT,ORIGINAL_FINANCIAL_CATALOG_BYTES_MISSING,source_inventory.json
2022-03,2022-03-01,XU100,MGROS,REJECTED_AT_SOURCE_PREFLIGHT,ORIGINAL_FINANCIAL_CATALOG_BYTES_MISSING,source_inventory.json
2022-03,2022-03-01,XU100,NTHOL,REJECTED_AT_SOURCE_PREFLIGHT,ORIGINAL_FINANCIAL_CATALOG_BYTES_MISSING,source_inventory.json
2022-03,2022-03-01,XU100,ODAS,REJECTED_AT_SOURCE_PREFLIGHT,ORIGINAL_FINANCIAL_CATALOG_BYTES_MISSING,source_inventory.json
2022-03,2022-03-01,XU100,OTKAR,REJECTED_AT_SOURCE_PREFLIGHT,ORIGINAL_FINANCIAL_CATALOG_BYTES_MISSING,source_inventory.json
2022-03,2022-03-01,XU100,OYAKC,REJECTED_AT_SOURCE_PREFLIGHT,ORIGINAL_FINANCIAL_CATALOG_BYTES_MISSING,source_inventory.json
2022-03,2022-03-01,XU100,PARSN,REJECTED_AT_SOURCE_PREFLIGHT,ORIGINAL_FINANCIAL_CATALOG_BYTES_MISSING,source_inventory.json
2022-03,2022-03-01,XU100,PETKM,REJECTED_AT_SOURCE_PREFLIGHT,ORIGINAL_FINANCIAL_CATALOG_BYTES_MISSING,source_inventory.json
2022-03,2022-03-01,XU100,PGSUS,REJECTED_AT_SOURCE_PREFLIGHT,ORIGINAL_FINANCIAL_CATALOG_BYTES_MISSING,source_inventory.json
2022-03,2022-03-01,XU100,QUAGR,REJECTED_AT_SOURCE_PREFLIGHT,ORIGINAL_FINANCIAL_CATALOG_BYTES_MISSING,source_inventory.json
2022-03,2022-03-01,XU100,RTALB,REJECTED_AT_SOURCE_PREFLIGHT,ORIGINAL_FINANCIAL_CATALOG_BYTES_MISSING,source_inventory.json
2022-03,2022-03-01,XU100,SAHOL,REJECTED_AT_SOURCE_PREFLIGHT,ORIGINAL_FINANCIAL_CATALOG_BYTES_MISSING,source_inventory.json
2022-03,2022-03-01,XU100,SARKY,REJECTED_AT_SOURCE_PREFLIGHT,ORIGINAL_FINANCIAL_CATALOG_BYTES_MISSING,source_inventory.json
2022-03,2022-03-01,XU100,SASA,REJECTED_AT_SOURCE_PREFLIGHT,ORIGINAL_FINANCIAL_CATALOG_BYTES_MISSING,source_inventory.json
2022-03,2022-03-01,XU100,SELEC,REJECTED_AT_SOURCE_PREFLIGHT,ORIGINAL_FINANCIAL_CATALOG_BYTES_MISSING,source_inventory.json
2022-03,2022-03-01,XU100,SISE,REJECTED_AT_SOURCE_PREFLIGHT,ORIGINAL_FINANCIAL_CATALOG_BYTES_MISSING,source_inventory.json
2022-03,2022-03-01,XU100,SKBNK,REJECTED_AT_SOURCE_PREFLIGHT,ORIGINAL_FINANCIAL_CATALOG_BYTES_MISSING,source_inventory.json
2022-03,2022-03-01,XU100,SOKM,REJECTED_AT_SOURCE_PREFLIGHT,ORIGINAL_FINANCIAL_CATALOG_BYTES_MISSING,source_inventory.json
2022-03,2022-03-01,XU100,TAVHL,REJECTED_AT_SOURCE_PREFLIGHT,ORIGINAL_FINANCIAL_CATALOG_BYTES_MISSING,source_inventory.json
2022-03,2022-03-01,XU100,TCELL,REJECTED_AT_SOURCE_PREFLIGHT,ORIGINAL_FINANCIAL_CATALOG_BYTES_MISSING,source_inventory.json
2022-03,2022-03-01,XU100,THYAO,REJECTED_AT_SOURCE_PREFLIGHT,ORIGINAL_FINANCIAL_CATALOG_BYTES_MISSING,source_inventory.json
2022-03,2022-03-01,XU100,TKFEN,REJECTED_AT_SOURCE_PREFLIGHT,ORIGINAL_FINANCIAL_CATALOG_BYTES_MISSING,source_inventory.json
2022-03,2022-03-01,XU100,TKNSA,REJECTED_AT_SOURCE_PREFLIGHT,ORIGINAL_FINANCIAL_CATALOG_BYTES_MISSING,source_inventory.json
2022-03,2022-03-01,XU100,TOASO,REJECTED_AT_SOURCE_PREFLIGHT,ORIGINAL_FINANCIAL_CATALOG_BYTES_MISSING,source_inventory.json
2022-03,2022-03-01,XU100,TRGYO,REJECTED_AT_SOURCE_PREFLIGHT,ORIGINAL_FINANCIAL_CATALOG_BYTES_MISSING,source_inventory.json
2022-03,2022-03-01,XU100,TSKB,REJECTED_AT_SOURCE_PREFLIGHT,ORIGINAL_FINANCIAL_CATALOG_BYTES_MISSING,source_inventory.json
2022-03,2022-03-01,XU100,TTKOM,REJECTED_AT_SOURCE_PREFLIGHT,ORIGINAL_FINANCIAL_CATALOG_BYTES_MISSING,source_inventory.json
2022-03,2022-03-01,XU100,TTRAK,REJECTED_AT_SOURCE_PREFLIGHT,ORIGINAL_FINANCIAL_CATALOG_BYTES_MISSING,source_inventory.json
2022-03,2022-03-01,XU100,TUPRS,REJECTED_AT_SOURCE_PREFLIGHT,ORIGINAL_FINANCIAL_CATALOG_BYTES_MISSING,source_inventory.json
2022-03,2022-03-01,XU100,TURSG,REJECTED_AT_SOURCE_PREFLIGHT,ORIGINAL_FINANCIAL_CATALOG_BYTES_MISSING,source_inventory.json
2022-03,2022-03-01,XU100,ULKER,REJECTED_AT_SOURCE_PREFLIGHT,ORIGINAL_FINANCIAL_CATALOG_BYTES_MISSING,source_inventory.json
2022-03,2022-03-01,XU100,VAKBN,REJECTED_AT_SOURCE_PREFLIGHT,ORIGINAL_FINANCIAL_CATALOG_BYTES_MISSING,source_inventory.json
2022-03,2022-03-01,XU100,VERUS,REJECTED_AT_SOURCE_PREFLIGHT,ORIGINAL_FINANCIAL_CATALOG_BYTES_MISSING,source_inventory.json
2022-03,2022-03-01,XU100,VESBE,REJECTED_AT_SOURCE_PREFLIGHT,ORIGINAL_FINANCIAL_CATALOG_BYTES_MISSING,source_inventory.json
2022-03,2022-03-01,XU100,VESTL,REJECTED_AT_SOURCE_PREFLIGHT,ORIGINAL_FINANCIAL_CATALOG_BYTES_MISSING,source_inventory.json
2022-03,2022-03-01,XU100,YATAS,REJECTED_AT_SOURCE_PREFLIGHT,ORIGINAL_FINANCIAL_CATALOG_BYTES_MISSING,source_inventory.json
2022-03,2022-03-01,XU100,YKBNK,REJECTED_AT_SOURCE_PREFLIGHT,ORIGINAL_FINANCIAL_CATALOG_BYTES_MISSING,source_inventory.json
2022-03,2022-03-01,XU100,ZOREN,REJECTED_AT_SOURCE_PREFLIGHT,ORIGINAL_FINANCIAL_CATALOG_BYTES_MISSING,source_inventory.json
2022-03,2022-03-01,XU100,ZRGYO,REJECTED_AT_SOURCE_PREFLIGHT,ORIGINAL_FINANCIAL_CATALOG_BYTES_MISSING,source_inventory.json
2022-04,2022-04-01,XU100,AEFES,REJECTED_AT_SOURCE_PREFLIGHT,ORIGINAL_FINANCIAL_CATALOG_BYTES_MISSING,source_inventory.json
2022-04,2022-04-01,XU100,AGHOL,REJECTED_AT_SOURCE_PREFLIGHT,ORIGINAL_FINANCIAL_CATALOG_BYTES_MISSING,source_inventory.json
2022-04,2022-04-01,XU100,AKBNK,REJECTED_AT_SOURCE_PREFLIGHT,ORIGINAL_FINANCIAL_CATALOG_BYTES_MISSING,source_inventory.json
2022-04,2022-04-01,XU100,AKSA,REJECTED_AT_SOURCE_PREFLIGHT,ORIGINAL_FINANCIAL_CATALOG_BYTES_MISSING,source_inventory.json
2022-04,2022-04-01,XU100,AKSEN,REJECTED_AT_SOURCE_PREFLIGHT,ORIGINAL_FINANCIAL_CATALOG_BYTES_MISSING,source_inventory.json
2022-04,2022-04-01,XU100,ALARK,REJECTED_AT_SOURCE_PREFLIGHT,ORIGINAL_FINANCIAL_CATALOG_BYTES_MISSING,source_inventory.json
2022-04,2022-04-01,XU100,ALGYO,REJECTED_AT_SOURCE_PREFLIGHT,ORIGINAL_FINANCIAL_CATALOG_BYTES_MISSING,source_inventory.json
2022-04,2022-04-01,XU100,ALKIM,REJECTED_AT_SOURCE_PREFLIGHT,ORIGINAL_FINANCIAL_CATALOG_BYTES_MISSING,source_inventory.json
2022-04,2022-04-01,XU100,ARASE,REJECTED_AT_SOURCE_PREFLIGHT,ORIGINAL_FINANCIAL_CATALOG_BYTES_MISSING,source_inventory.json
2022-04,2022-04-01,XU100,ARCLK,REJECTED_AT_SOURCE_PREFLIGHT,ORIGINAL_FINANCIAL_CATALOG_BYTES_MISSING,source_inventory.json
2022-04,2022-04-01,XU100,ARDYZ,REJECTED_AT_SOURCE_PREFLIGHT,ORIGINAL_FINANCIAL_CATALOG_BYTES_MISSING,source_inventory.json
2022-04,2022-04-01,XU100,ASELS,REJECTED_AT_SOURCE_PREFLIGHT,ORIGINAL_FINANCIAL_CATALOG_BYTES_MISSING,source_inventory.json
2022-04,2022-04-01,XU100,AYDEM,REJECTED_AT_SOURCE_PREFLIGHT,ORIGINAL_FINANCIAL_CATALOG_BYTES_MISSING,source_inventory.json
2022-04,2022-04-01,XU100,BASGZ,REJECTED_AT_SOURCE_PREFLIGHT,ORIGINAL_FINANCIAL_CATALOG_BYTES_MISSING,source_inventory.json
2022-04,2022-04-01,XU100,BERA,REJECTED_AT_SOURCE_PREFLIGHT,ORIGINAL_FINANCIAL_CATALOG_BYTES_MISSING,source_inventory.json
2022-04,2022-04-01,XU100,BIMAS,REJECTED_AT_SOURCE_PREFLIGHT,ORIGINAL_FINANCIAL_CATALOG_BYTES_MISSING,source_inventory.json
2022-04,2022-04-01,XU100,BIOEN,REJECTED_AT_SOURCE_PREFLIGHT,ORIGINAL_FINANCIAL_CATALOG_BYTES_MISSING,source_inventory.json
2022-04,2022-04-01,XU100,BRISA,REJECTED_AT_SOURCE_PREFLIGHT,ORIGINAL_FINANCIAL_CATALOG_BYTES_MISSING,source_inventory.json
2022-04,2022-04-01,XU100,BRYAT,REJECTED_AT_SOURCE_PREFLIGHT,ORIGINAL_FINANCIAL_CATALOG_BYTES_MISSING,source_inventory.json
2022-04,2022-04-01,XU100,CANTE,REJECTED_AT_SOURCE_PREFLIGHT,ORIGINAL_FINANCIAL_CATALOG_BYTES_MISSING,source_inventory.json
2022-04,2022-04-01,XU100,CCOLA,REJECTED_AT_SOURCE_PREFLIGHT,ORIGINAL_FINANCIAL_CATALOG_BYTES_MISSING,source_inventory.json
2022-04,2022-04-01,XU100,CIMSA,REJECTED_AT_SOURCE_PREFLIGHT,ORIGINAL_FINANCIAL_CATALOG_BYTES_MISSING,source_inventory.json
2022-04,2022-04-01,XU100,DEVA,REJECTED_AT_SOURCE_PREFLIGHT,ORIGINAL_FINANCIAL_CATALOG_BYTES_MISSING,source_inventory.json
2022-04,2022-04-01,XU100,DOAS,REJECTED_AT_SOURCE_PREFLIGHT,ORIGINAL_FINANCIAL_CATALOG_BYTES_MISSING,source_inventory.json
2022-04,2022-04-01,XU100,DOHOL,REJECTED_AT_SOURCE_PREFLIGHT,ORIGINAL_FINANCIAL_CATALOG_BYTES_MISSING,source_inventory.json
2022-04,2022-04-01,XU100,ECILC,REJECTED_AT_SOURCE_PREFLIGHT,ORIGINAL_FINANCIAL_CATALOG_BYTES_MISSING,source_inventory.json
2022-04,2022-04-01,XU100,EGEEN,REJECTED_AT_SOURCE_PREFLIGHT,ORIGINAL_FINANCIAL_CATALOG_BYTES_MISSING,source_inventory.json
2022-04,2022-04-01,XU100,EKGYO,REJECTED_AT_SOURCE_PREFLIGHT,ORIGINAL_FINANCIAL_CATALOG_BYTES_MISSING,source_inventory.json
2022-04,2022-04-01,XU100,ENJSA,REJECTED_AT_SOURCE_PREFLIGHT,ORIGINAL_FINANCIAL_CATALOG_BYTES_MISSING,source_inventory.json
2022-04,2022-04-01,XU100,ENKAI,REJECTED_AT_SOURCE_PREFLIGHT,ORIGINAL_FINANCIAL_CATALOG_BYTES_MISSING,source_inventory.json
2022-04,2022-04-01,XU100,ERBOS,REJECTED_AT_SOURCE_PREFLIGHT,ORIGINAL_FINANCIAL_CATALOG_BYTES_MISSING,source_inventory.json
2022-04,2022-04-01,XU100,EREGL,REJECTED_AT_SOURCE_PREFLIGHT,ORIGINAL_FINANCIAL_CATALOG_BYTES_MISSING,source_inventory.json
2022-04,2022-04-01,XU100,ESEN,REJECTED_AT_SOURCE_PREFLIGHT,ORIGINAL_FINANCIAL_CATALOG_BYTES_MISSING,source_inventory.json
2022-04,2022-04-01,XU100,FROTO,REJECTED_AT_SOURCE_PREFLIGHT,ORIGINAL_FINANCIAL_CATALOG_BYTES_MISSING,source_inventory.json
2022-04,2022-04-01,XU100,GARAN,REJECTED_AT_SOURCE_PREFLIGHT,ORIGINAL_FINANCIAL_CATALOG_BYTES_MISSING,source_inventory.json
2022-04,2022-04-01,XU100,GENIL,REJECTED_AT_SOURCE_PREFLIGHT,ORIGINAL_FINANCIAL_CATALOG_BYTES_MISSING,source_inventory.json
2022-04,2022-04-01,XU100,GLYHO,REJECTED_AT_SOURCE_PREFLIGHT,ORIGINAL_FINANCIAL_CATALOG_BYTES_MISSING,source_inventory.json
2022-04,2022-04-01,XU100,GOZDE,REJECTED_AT_SOURCE_PREFLIGHT,ORIGINAL_FINANCIAL_CATALOG_BYTES_MISSING,source_inventory.json
2022-04,2022-04-01,XU100,GSDHO,REJECTED_AT_SOURCE_PREFLIGHT,ORIGINAL_FINANCIAL_CATALOG_BYTES_MISSING,source_inventory.json
2022-04,2022-04-01,XU100,GUBRF,REJECTED_AT_SOURCE_PREFLIGHT,ORIGINAL_FINANCIAL_CATALOG_BYTES_MISSING,source_inventory.json
2022-04,2022-04-01,XU100,GWIND,REJECTED_AT_SOURCE_PREFLIGHT,ORIGINAL_FINANCIAL_CATALOG_BYTES_MISSING,source_inventory.json
2022-04,2022-04-01,XU100,HALKB,REJECTED_AT_SOURCE_PREFLIGHT,ORIGINAL_FINANCIAL_CATALOG_BYTES_MISSING,source_inventory.json
2022-04,2022-04-01,XU100,HEKTS,REJECTED_AT_SOURCE_PREFLIGHT,ORIGINAL_FINANCIAL_CATALOG_BYTES_MISSING,source_inventory.json
2022-04,2022-04-01,XU100,INDES,REJECTED_AT_SOURCE_PREFLIGHT,ORIGINAL_FINANCIAL_CATALOG_BYTES_MISSING,source_inventory.json
2022-04,2022-04-01,XU100,IPEKE,REJECTED_AT_SOURCE_PREFLIGHT,ORIGINAL_FINANCIAL_CATALOG_BYTES_MISSING,source_inventory.json
2022-04,2022-04-01,XU100,ISCTR,REJECTED_AT_SOURCE_PREFLIGHT,ORIGINAL_FINANCIAL_CATALOG_BYTES_MISSING,source_inventory.json
2022-04,2022-04-01,XU100,ISDMR,REJECTED_AT_SOURCE_PREFLIGHT,ORIGINAL_FINANCIAL_CATALOG_BYTES_MISSING,source_inventory.json
2022-04,2022-04-01,XU100,ISFIN,REJECTED_AT_SOURCE_PREFLIGHT,ORIGINAL_FINANCIAL_CATALOG_BYTES_MISSING,source_inventory.json
2022-04,2022-04-01,XU100,ISGYO,REJECTED_AT_SOURCE_PREFLIGHT,ORIGINAL_FINANCIAL_CATALOG_BYTES_MISSING,source_inventory.json
2022-04,2022-04-01,XU100,ISMEN,REJECTED_AT_SOURCE_PREFLIGHT,ORIGINAL_FINANCIAL_CATALOG_BYTES_MISSING,source_inventory.json
2022-04,2022-04-01,XU100,JANTS,REJECTED_AT_SOURCE_PREFLIGHT,ORIGINAL_FINANCIAL_CATALOG_BYTES_MISSING,source_inventory.json
2022-04,2022-04-01,XU100,KARSN,REJECTED_AT_SOURCE_PREFLIGHT,ORIGINAL_FINANCIAL_CATALOG_BYTES_MISSING,source_inventory.json
2022-04,2022-04-01,XU100,KARTN,REJECTED_AT_SOURCE_PREFLIGHT,ORIGINAL_FINANCIAL_CATALOG_BYTES_MISSING,source_inventory.json
2022-04,2022-04-01,XU100,KCHOL,REJECTED_AT_SOURCE_PREFLIGHT,ORIGINAL_FINANCIAL_CATALOG_BYTES_MISSING,source_inventory.json
2022-04,2022-04-01,XU100,KONTR,REJECTED_AT_SOURCE_PREFLIGHT,ORIGINAL_FINANCIAL_CATALOG_BYTES_MISSING,source_inventory.json
2022-04,2022-04-01,XU100,KORDS,REJECTED_AT_SOURCE_PREFLIGHT,ORIGINAL_FINANCIAL_CATALOG_BYTES_MISSING,source_inventory.json
2022-04,2022-04-01,XU100,KOZAA,REJECTED_AT_SOURCE_PREFLIGHT,ORIGINAL_FINANCIAL_CATALOG_BYTES_MISSING,source_inventory.json
2022-04,2022-04-01,XU100,KOZAL,REJECTED_AT_SOURCE_PREFLIGHT,ORIGINAL_FINANCIAL_CATALOG_BYTES_MISSING,source_inventory.json
2022-04,2022-04-01,XU100,KRDMD,REJECTED_AT_SOURCE_PREFLIGHT,ORIGINAL_FINANCIAL_CATALOG_BYTES_MISSING,source_inventory.json
2022-04,2022-04-01,XU100,KUTPO,REJECTED_AT_SOURCE_PREFLIGHT,ORIGINAL_FINANCIAL_CATALOG_BYTES_MISSING,source_inventory.json
2022-04,2022-04-01,XU100,KZBGY,REJECTED_AT_SOURCE_PREFLIGHT,ORIGINAL_FINANCIAL_CATALOG_BYTES_MISSING,source_inventory.json
2022-04,2022-04-01,XU100,LOGO,REJECTED_AT_SOURCE_PREFLIGHT,ORIGINAL_FINANCIAL_CATALOG_BYTES_MISSING,source_inventory.json
2022-04,2022-04-01,XU100,MAVI,REJECTED_AT_SOURCE_PREFLIGHT,ORIGINAL_FINANCIAL_CATALOG_BYTES_MISSING,source_inventory.json
2022-04,2022-04-01,XU100,MGROS,REJECTED_AT_SOURCE_PREFLIGHT,ORIGINAL_FINANCIAL_CATALOG_BYTES_MISSING,source_inventory.json
2022-04,2022-04-01,XU100,NTHOL,REJECTED_AT_SOURCE_PREFLIGHT,ORIGINAL_FINANCIAL_CATALOG_BYTES_MISSING,source_inventory.json
2022-04,2022-04-01,XU100,NUGYO,REJECTED_AT_SOURCE_PREFLIGHT,ORIGINAL_FINANCIAL_CATALOG_BYTES_MISSING,source_inventory.json
2022-04,2022-04-01,XU100,ODAS,REJECTED_AT_SOURCE_PREFLIGHT,ORIGINAL_FINANCIAL_CATALOG_BYTES_MISSING,source_inventory.json
2022-04,2022-04-01,XU100,OTKAR,REJECTED_AT_SOURCE_PREFLIGHT,ORIGINAL_FINANCIAL_CATALOG_BYTES_MISSING,source_inventory.json
2022-04,2022-04-01,XU100,OYAKC,REJECTED_AT_SOURCE_PREFLIGHT,ORIGINAL_FINANCIAL_CATALOG_BYTES_MISSING,source_inventory.json
2022-04,2022-04-01,XU100,PARSN,REJECTED_AT_SOURCE_PREFLIGHT,ORIGINAL_FINANCIAL_CATALOG_BYTES_MISSING,source_inventory.json
2022-04,2022-04-01,XU100,PETKM,REJECTED_AT_SOURCE_PREFLIGHT,ORIGINAL_FINANCIAL_CATALOG_BYTES_MISSING,source_inventory.json
2022-04,2022-04-01,XU100,PGSUS,REJECTED_AT_SOURCE_PREFLIGHT,ORIGINAL_FINANCIAL_CATALOG_BYTES_MISSING,source_inventory.json
2022-04,2022-04-01,XU100,QUAGR,REJECTED_AT_SOURCE_PREFLIGHT,ORIGINAL_FINANCIAL_CATALOG_BYTES_MISSING,source_inventory.json
2022-04,2022-04-01,XU100,SAHOL,REJECTED_AT_SOURCE_PREFLIGHT,ORIGINAL_FINANCIAL_CATALOG_BYTES_MISSING,source_inventory.json
2022-04,2022-04-01,XU100,SASA,REJECTED_AT_SOURCE_PREFLIGHT,ORIGINAL_FINANCIAL_CATALOG_BYTES_MISSING,source_inventory.json
2022-04,2022-04-01,XU100,SELEC,REJECTED_AT_SOURCE_PREFLIGHT,ORIGINAL_FINANCIAL_CATALOG_BYTES_MISSING,source_inventory.json
2022-04,2022-04-01,XU100,SISE,REJECTED_AT_SOURCE_PREFLIGHT,ORIGINAL_FINANCIAL_CATALOG_BYTES_MISSING,source_inventory.json
2022-04,2022-04-01,XU100,SKBNK,REJECTED_AT_SOURCE_PREFLIGHT,ORIGINAL_FINANCIAL_CATALOG_BYTES_MISSING,source_inventory.json
2022-04,2022-04-01,XU100,SNGYO,REJECTED_AT_SOURCE_PREFLIGHT,ORIGINAL_FINANCIAL_CATALOG_BYTES_MISSING,source_inventory.json
2022-04,2022-04-01,XU100,SOKM,REJECTED_AT_SOURCE_PREFLIGHT,ORIGINAL_FINANCIAL_CATALOG_BYTES_MISSING,source_inventory.json
2022-04,2022-04-01,XU100,TAVHL,REJECTED_AT_SOURCE_PREFLIGHT,ORIGINAL_FINANCIAL_CATALOG_BYTES_MISSING,source_inventory.json
2022-04,2022-04-01,XU100,TCELL,REJECTED_AT_SOURCE_PREFLIGHT,ORIGINAL_FINANCIAL_CATALOG_BYTES_MISSING,source_inventory.json
2022-04,2022-04-01,XU100,THYAO,REJECTED_AT_SOURCE_PREFLIGHT,ORIGINAL_FINANCIAL_CATALOG_BYTES_MISSING,source_inventory.json
2022-04,2022-04-01,XU100,TKFEN,REJECTED_AT_SOURCE_PREFLIGHT,ORIGINAL_FINANCIAL_CATALOG_BYTES_MISSING,source_inventory.json
2022-04,2022-04-01,XU100,TKNSA,REJECTED_AT_SOURCE_PREFLIGHT,ORIGINAL_FINANCIAL_CATALOG_BYTES_MISSING,source_inventory.json
2022-04,2022-04-01,XU100,TOASO,REJECTED_AT_SOURCE_PREFLIGHT,ORIGINAL_FINANCIAL_CATALOG_BYTES_MISSING,source_inventory.json
2022-04,2022-04-01,XU100,TRGYO,REJECTED_AT_SOURCE_PREFLIGHT,ORIGINAL_FINANCIAL_CATALOG_BYTES_MISSING,source_inventory.json
2022-04,2022-04-01,XU100,TRILC,REJECTED_AT_SOURCE_PREFLIGHT,ORIGINAL_FINANCIAL_CATALOG_BYTES_MISSING,source_inventory.json
2022-04,2022-04-01,XU100,TSKB,REJECTED_AT_SOURCE_PREFLIGHT,ORIGINAL_FINANCIAL_CATALOG_BYTES_MISSING,source_inventory.json
2022-04,2022-04-01,XU100,TTKOM,REJECTED_AT_SOURCE_PREFLIGHT,ORIGINAL_FINANCIAL_CATALOG_BYTES_MISSING,source_inventory.json
2022-04,2022-04-01,XU100,TTRAK,REJECTED_AT_SOURCE_PREFLIGHT,ORIGINAL_FINANCIAL_CATALOG_BYTES_MISSING,source_inventory.json
2022-04,2022-04-01,XU100,TUPRS,REJECTED_AT_SOURCE_PREFLIGHT,ORIGINAL_FINANCIAL_CATALOG_BYTES_MISSING,source_inventory.json
2022-04,2022-04-01,XU100,TURSG,REJECTED_AT_SOURCE_PREFLIGHT,ORIGINAL_FINANCIAL_CATALOG_BYTES_MISSING,source_inventory.json
2022-04,2022-04-01,XU100,ULKER,REJECTED_AT_SOURCE_PREFLIGHT,ORIGINAL_FINANCIAL_CATALOG_BYTES_MISSING,source_inventory.json
2022-04,2022-04-01,XU100,VAKBN,REJECTED_AT_SOURCE_PREFLIGHT,ORIGINAL_FINANCIAL_CATALOG_BYTES_MISSING,source_inventory.json
2022-04,2022-04-01,XU100,VESBE,REJECTED_AT_SOURCE_PREFLIGHT,ORIGINAL_FINANCIAL_CATALOG_BYTES_MISSING,source_inventory.json
2022-04,2022-04-01,XU100,VESTL,REJECTED_AT_SOURCE_PREFLIGHT,ORIGINAL_FINANCIAL_CATALOG_BYTES_MISSING,source_inventory.json
2022-04,2022-04-01,XU100,YKBNK,REJECTED_AT_SOURCE_PREFLIGHT,ORIGINAL_FINANCIAL_CATALOG_BYTES_MISSING,source_inventory.json
2022-04,2022-04-01,XU100,ZOREN,REJECTED_AT_SOURCE_PREFLIGHT,ORIGINAL_FINANCIAL_CATALOG_BYTES_MISSING,source_inventory.json
2022-04,2022-04-01,XU100,ZRGYO,REJECTED_AT_SOURCE_PREFLIGHT,ORIGINAL_FINANCIAL_CATALOG_BYTES_MISSING,source_inventory.json
2022-05,2022-05-05,XU100,AEFES,REJECTED_AT_SOURCE_PREFLIGHT,ORIGINAL_FINANCIAL_CATALOG_BYTES_MISSING,source_inventory.json
2022-05,2022-05-05,XU100,AGHOL,REJECTED_AT_SOURCE_PREFLIGHT,ORIGINAL_FINANCIAL_CATALOG_BYTES_MISSING,source_inventory.json
2022-05,2022-05-05,XU100,AKBNK,REJECTED_AT_SOURCE_PREFLIGHT,ORIGINAL_FINANCIAL_CATALOG_BYTES_MISSING,source_inventory.json
2022-05,2022-05-05,XU100,AKSA,REJECTED_AT_SOURCE_PREFLIGHT,ORIGINAL_FINANCIAL_CATALOG_BYTES_MISSING,source_inventory.json
2022-05,2022-05-05,XU100,AKSEN,REJECTED_AT_SOURCE_PREFLIGHT,ORIGINAL_FINANCIAL_CATALOG_BYTES_MISSING,source_inventory.json
2022-05,2022-05-05,XU100,ALARK,REJECTED_AT_SOURCE_PREFLIGHT,ORIGINAL_FINANCIAL_CATALOG_BYTES_MISSING,source_inventory.json
2022-05,2022-05-05,XU100,ALGYO,REJECTED_AT_SOURCE_PREFLIGHT,ORIGINAL_FINANCIAL_CATALOG_BYTES_MISSING,source_inventory.json
2022-05,2022-05-05,XU100,ALKIM,REJECTED_AT_SOURCE_PREFLIGHT,ORIGINAL_FINANCIAL_CATALOG_BYTES_MISSING,source_inventory.json
2022-05,2022-05-05,XU100,ARASE,REJECTED_AT_SOURCE_PREFLIGHT,ORIGINAL_FINANCIAL_CATALOG_BYTES_MISSING,source_inventory.json
2022-05,2022-05-05,XU100,ARCLK,REJECTED_AT_SOURCE_PREFLIGHT,ORIGINAL_FINANCIAL_CATALOG_BYTES_MISSING,source_inventory.json
2022-05,2022-05-05,XU100,ARDYZ,REJECTED_AT_SOURCE_PREFLIGHT,ORIGINAL_FINANCIAL_CATALOG_BYTES_MISSING,source_inventory.json
2022-05,2022-05-05,XU100,ASELS,REJECTED_AT_SOURCE_PREFLIGHT,ORIGINAL_FINANCIAL_CATALOG_BYTES_MISSING,source_inventory.json
2022-05,2022-05-05,XU100,AYDEM,REJECTED_AT_SOURCE_PREFLIGHT,ORIGINAL_FINANCIAL_CATALOG_BYTES_MISSING,source_inventory.json
2022-05,2022-05-05,XU100,BASGZ,REJECTED_AT_SOURCE_PREFLIGHT,ORIGINAL_FINANCIAL_CATALOG_BYTES_MISSING,source_inventory.json
2022-05,2022-05-05,XU100,BERA,REJECTED_AT_SOURCE_PREFLIGHT,ORIGINAL_FINANCIAL_CATALOG_BYTES_MISSING,source_inventory.json
2022-05,2022-05-05,XU100,BIMAS,REJECTED_AT_SOURCE_PREFLIGHT,ORIGINAL_FINANCIAL_CATALOG_BYTES_MISSING,source_inventory.json
2022-05,2022-05-05,XU100,BIOEN,REJECTED_AT_SOURCE_PREFLIGHT,ORIGINAL_FINANCIAL_CATALOG_BYTES_MISSING,source_inventory.json
2022-05,2022-05-05,XU100,BRISA,REJECTED_AT_SOURCE_PREFLIGHT,ORIGINAL_FINANCIAL_CATALOG_BYTES_MISSING,source_inventory.json
2022-05,2022-05-05,XU100,BRYAT,REJECTED_AT_SOURCE_PREFLIGHT,ORIGINAL_FINANCIAL_CATALOG_BYTES_MISSING,source_inventory.json
2022-05,2022-05-05,XU100,CANTE,REJECTED_AT_SOURCE_PREFLIGHT,ORIGINAL_FINANCIAL_CATALOG_BYTES_MISSING,source_inventory.json
2022-05,2022-05-05,XU100,CCOLA,REJECTED_AT_SOURCE_PREFLIGHT,ORIGINAL_FINANCIAL_CATALOG_BYTES_MISSING,source_inventory.json
2022-05,2022-05-05,XU100,CIMSA,REJECTED_AT_SOURCE_PREFLIGHT,ORIGINAL_FINANCIAL_CATALOG_BYTES_MISSING,source_inventory.json
2022-05,2022-05-05,XU100,DEVA,REJECTED_AT_SOURCE_PREFLIGHT,ORIGINAL_FINANCIAL_CATALOG_BYTES_MISSING,source_inventory.json
2022-05,2022-05-05,XU100,DOAS,REJECTED_AT_SOURCE_PREFLIGHT,ORIGINAL_FINANCIAL_CATALOG_BYTES_MISSING,source_inventory.json
2022-05,2022-05-05,XU100,DOHOL,REJECTED_AT_SOURCE_PREFLIGHT,ORIGINAL_FINANCIAL_CATALOG_BYTES_MISSING,source_inventory.json
2022-05,2022-05-05,XU100,ECILC,REJECTED_AT_SOURCE_PREFLIGHT,ORIGINAL_FINANCIAL_CATALOG_BYTES_MISSING,source_inventory.json
2022-05,2022-05-05,XU100,EGEEN,REJECTED_AT_SOURCE_PREFLIGHT,ORIGINAL_FINANCIAL_CATALOG_BYTES_MISSING,source_inventory.json
2022-05,2022-05-05,XU100,EKGYO,REJECTED_AT_SOURCE_PREFLIGHT,ORIGINAL_FINANCIAL_CATALOG_BYTES_MISSING,source_inventory.json
2022-05,2022-05-05,XU100,ENJSA,REJECTED_AT_SOURCE_PREFLIGHT,ORIGINAL_FINANCIAL_CATALOG_BYTES_MISSING,source_inventory.json
2022-05,2022-05-05,XU100,ENKAI,REJECTED_AT_SOURCE_PREFLIGHT,ORIGINAL_FINANCIAL_CATALOG_BYTES_MISSING,source_inventory.json
2022-05,2022-05-05,XU100,ERBOS,REJECTED_AT_SOURCE_PREFLIGHT,ORIGINAL_FINANCIAL_CATALOG_BYTES_MISSING,source_inventory.json
2022-05,2022-05-05,XU100,EREGL,REJECTED_AT_SOURCE_PREFLIGHT,ORIGINAL_FINANCIAL_CATALOG_BYTES_MISSING,source_inventory.json
2022-05,2022-05-05,XU100,ESEN,REJECTED_AT_SOURCE_PREFLIGHT,ORIGINAL_FINANCIAL_CATALOG_BYTES_MISSING,source_inventory.json
2022-05,2022-05-05,XU100,FROTO,REJECTED_AT_SOURCE_PREFLIGHT,ORIGINAL_FINANCIAL_CATALOG_BYTES_MISSING,source_inventory.json
2022-05,2022-05-05,XU100,GARAN,REJECTED_AT_SOURCE_PREFLIGHT,ORIGINAL_FINANCIAL_CATALOG_BYTES_MISSING,source_inventory.json
2022-05,2022-05-05,XU100,GENIL,REJECTED_AT_SOURCE_PREFLIGHT,ORIGINAL_FINANCIAL_CATALOG_BYTES_MISSING,source_inventory.json
2022-05,2022-05-05,XU100,GLYHO,REJECTED_AT_SOURCE_PREFLIGHT,ORIGINAL_FINANCIAL_CATALOG_BYTES_MISSING,source_inventory.json
2022-05,2022-05-05,XU100,GOZDE,REJECTED_AT_SOURCE_PREFLIGHT,ORIGINAL_FINANCIAL_CATALOG_BYTES_MISSING,source_inventory.json
2022-05,2022-05-05,XU100,GSDHO,REJECTED_AT_SOURCE_PREFLIGHT,ORIGINAL_FINANCIAL_CATALOG_BYTES_MISSING,source_inventory.json
2022-05,2022-05-05,XU100,GUBRF,REJECTED_AT_SOURCE_PREFLIGHT,ORIGINAL_FINANCIAL_CATALOG_BYTES_MISSING,source_inventory.json
2022-05,2022-05-05,XU100,GWIND,REJECTED_AT_SOURCE_PREFLIGHT,ORIGINAL_FINANCIAL_CATALOG_BYTES_MISSING,source_inventory.json
2022-05,2022-05-05,XU100,HALKB,REJECTED_AT_SOURCE_PREFLIGHT,ORIGINAL_FINANCIAL_CATALOG_BYTES_MISSING,source_inventory.json
2022-05,2022-05-05,XU100,HEKTS,REJECTED_AT_SOURCE_PREFLIGHT,ORIGINAL_FINANCIAL_CATALOG_BYTES_MISSING,source_inventory.json
2022-05,2022-05-05,XU100,INDES,REJECTED_AT_SOURCE_PREFLIGHT,ORIGINAL_FINANCIAL_CATALOG_BYTES_MISSING,source_inventory.json
2022-05,2022-05-05,XU100,IPEKE,REJECTED_AT_SOURCE_PREFLIGHT,ORIGINAL_FINANCIAL_CATALOG_BYTES_MISSING,source_inventory.json
2022-05,2022-05-05,XU100,ISCTR,REJECTED_AT_SOURCE_PREFLIGHT,ORIGINAL_FINANCIAL_CATALOG_BYTES_MISSING,source_inventory.json
2022-05,2022-05-05,XU100,ISDMR,REJECTED_AT_SOURCE_PREFLIGHT,ORIGINAL_FINANCIAL_CATALOG_BYTES_MISSING,source_inventory.json
2022-05,2022-05-05,XU100,ISFIN,REJECTED_AT_SOURCE_PREFLIGHT,ORIGINAL_FINANCIAL_CATALOG_BYTES_MISSING,source_inventory.json
2022-05,2022-05-05,XU100,ISGYO,REJECTED_AT_SOURCE_PREFLIGHT,ORIGINAL_FINANCIAL_CATALOG_BYTES_MISSING,source_inventory.json
2022-05,2022-05-05,XU100,ISMEN,REJECTED_AT_SOURCE_PREFLIGHT,ORIGINAL_FINANCIAL_CATALOG_BYTES_MISSING,source_inventory.json
2022-05,2022-05-05,XU100,JANTS,REJECTED_AT_SOURCE_PREFLIGHT,ORIGINAL_FINANCIAL_CATALOG_BYTES_MISSING,source_inventory.json
2022-05,2022-05-05,XU100,KARSN,REJECTED_AT_SOURCE_PREFLIGHT,ORIGINAL_FINANCIAL_CATALOG_BYTES_MISSING,source_inventory.json
2022-05,2022-05-05,XU100,KARTN,REJECTED_AT_SOURCE_PREFLIGHT,ORIGINAL_FINANCIAL_CATALOG_BYTES_MISSING,source_inventory.json
2022-05,2022-05-05,XU100,KCHOL,REJECTED_AT_SOURCE_PREFLIGHT,ORIGINAL_FINANCIAL_CATALOG_BYTES_MISSING,source_inventory.json
2022-05,2022-05-05,XU100,KONTR,REJECTED_AT_SOURCE_PREFLIGHT,ORIGINAL_FINANCIAL_CATALOG_BYTES_MISSING,source_inventory.json
2022-05,2022-05-05,XU100,KORDS,REJECTED_AT_SOURCE_PREFLIGHT,ORIGINAL_FINANCIAL_CATALOG_BYTES_MISSING,source_inventory.json
2022-05,2022-05-05,XU100,KOZAA,REJECTED_AT_SOURCE_PREFLIGHT,ORIGINAL_FINANCIAL_CATALOG_BYTES_MISSING,source_inventory.json
2022-05,2022-05-05,XU100,KOZAL,REJECTED_AT_SOURCE_PREFLIGHT,ORIGINAL_FINANCIAL_CATALOG_BYTES_MISSING,source_inventory.json
2022-05,2022-05-05,XU100,KRDMD,REJECTED_AT_SOURCE_PREFLIGHT,ORIGINAL_FINANCIAL_CATALOG_BYTES_MISSING,source_inventory.json
2022-05,2022-05-05,XU100,KUTPO,REJECTED_AT_SOURCE_PREFLIGHT,ORIGINAL_FINANCIAL_CATALOG_BYTES_MISSING,source_inventory.json
2022-05,2022-05-05,XU100,KZBGY,REJECTED_AT_SOURCE_PREFLIGHT,ORIGINAL_FINANCIAL_CATALOG_BYTES_MISSING,source_inventory.json
2022-05,2022-05-05,XU100,LOGO,REJECTED_AT_SOURCE_PREFLIGHT,ORIGINAL_FINANCIAL_CATALOG_BYTES_MISSING,source_inventory.json
2022-05,2022-05-05,XU100,MAVI,REJECTED_AT_SOURCE_PREFLIGHT,ORIGINAL_FINANCIAL_CATALOG_BYTES_MISSING,source_inventory.json
2022-05,2022-05-05,XU100,MGROS,REJECTED_AT_SOURCE_PREFLIGHT,ORIGINAL_FINANCIAL_CATALOG_BYTES_MISSING,source_inventory.json
2022-05,2022-05-05,XU100,NTHOL,REJECTED_AT_SOURCE_PREFLIGHT,ORIGINAL_FINANCIAL_CATALOG_BYTES_MISSING,source_inventory.json
2022-05,2022-05-05,XU100,NUGYO,REJECTED_AT_SOURCE_PREFLIGHT,ORIGINAL_FINANCIAL_CATALOG_BYTES_MISSING,source_inventory.json
2022-05,2022-05-05,XU100,ODAS,REJECTED_AT_SOURCE_PREFLIGHT,ORIGINAL_FINANCIAL_CATALOG_BYTES_MISSING,source_inventory.json
2022-05,2022-05-05,XU100,OTKAR,REJECTED_AT_SOURCE_PREFLIGHT,ORIGINAL_FINANCIAL_CATALOG_BYTES_MISSING,source_inventory.json
2022-05,2022-05-05,XU100,OYAKC,REJECTED_AT_SOURCE_PREFLIGHT,ORIGINAL_FINANCIAL_CATALOG_BYTES_MISSING,source_inventory.json
2022-05,2022-05-05,XU100,PARSN,REJECTED_AT_SOURCE_PREFLIGHT,ORIGINAL_FINANCIAL_CATALOG_BYTES_MISSING,source_inventory.json
2022-05,2022-05-05,XU100,PETKM,REJECTED_AT_SOURCE_PREFLIGHT,ORIGINAL_FINANCIAL_CATALOG_BYTES_MISSING,source_inventory.json
2022-05,2022-05-05,XU100,PGSUS,REJECTED_AT_SOURCE_PREFLIGHT,ORIGINAL_FINANCIAL_CATALOG_BYTES_MISSING,source_inventory.json
2022-05,2022-05-05,XU100,QUAGR,REJECTED_AT_SOURCE_PREFLIGHT,ORIGINAL_FINANCIAL_CATALOG_BYTES_MISSING,source_inventory.json
2022-05,2022-05-05,XU100,SAHOL,REJECTED_AT_SOURCE_PREFLIGHT,ORIGINAL_FINANCIAL_CATALOG_BYTES_MISSING,source_inventory.json
2022-05,2022-05-05,XU100,SASA,REJECTED_AT_SOURCE_PREFLIGHT,ORIGINAL_FINANCIAL_CATALOG_BYTES_MISSING,source_inventory.json
2022-05,2022-05-05,XU100,SELEC,REJECTED_AT_SOURCE_PREFLIGHT,ORIGINAL_FINANCIAL_CATALOG_BYTES_MISSING,source_inventory.json
2022-05,2022-05-05,XU100,SISE,REJECTED_AT_SOURCE_PREFLIGHT,ORIGINAL_FINANCIAL_CATALOG_BYTES_MISSING,source_inventory.json
2022-05,2022-05-05,XU100,SKBNK,REJECTED_AT_SOURCE_PREFLIGHT,ORIGINAL_FINANCIAL_CATALOG_BYTES_MISSING,source_inventory.json
2022-05,2022-05-05,XU100,SNGYO,REJECTED_AT_SOURCE_PREFLIGHT,ORIGINAL_FINANCIAL_CATALOG_BYTES_MISSING,source_inventory.json
2022-05,2022-05-05,XU100,SOKM,REJECTED_AT_SOURCE_PREFLIGHT,ORIGINAL_FINANCIAL_CATALOG_BYTES_MISSING,source_inventory.json
2022-05,2022-05-05,XU100,TAVHL,REJECTED_AT_SOURCE_PREFLIGHT,ORIGINAL_FINANCIAL_CATALOG_BYTES_MISSING,source_inventory.json
2022-05,2022-05-05,XU100,TCELL,REJECTED_AT_SOURCE_PREFLIGHT,ORIGINAL_FINANCIAL_CATALOG_BYTES_MISSING,source_inventory.json
2022-05,2022-05-05,XU100,THYAO,REJECTED_AT_SOURCE_PREFLIGHT,ORIGINAL_FINANCIAL_CATALOG_BYTES_MISSING,source_inventory.json
2022-05,2022-05-05,XU100,TKFEN,REJECTED_AT_SOURCE_PREFLIGHT,ORIGINAL_FINANCIAL_CATALOG_BYTES_MISSING,source_inventory.json
2022-05,2022-05-05,XU100,TKNSA,REJECTED_AT_SOURCE_PREFLIGHT,ORIGINAL_FINANCIAL_CATALOG_BYTES_MISSING,source_inventory.json
2022-05,2022-05-05,XU100,TOASO,REJECTED_AT_SOURCE_PREFLIGHT,ORIGINAL_FINANCIAL_CATALOG_BYTES_MISSING,source_inventory.json
2022-05,2022-05-05,XU100,TRGYO,REJECTED_AT_SOURCE_PREFLIGHT,ORIGINAL_FINANCIAL_CATALOG_BYTES_MISSING,source_inventory.json
2022-05,2022-05-05,XU100,TRILC,REJECTED_AT_SOURCE_PREFLIGHT,ORIGINAL_FINANCIAL_CATALOG_BYTES_MISSING,source_inventory.json
2022-05,2022-05-05,XU100,TSKB,REJECTED_AT_SOURCE_PREFLIGHT,ORIGINAL_FINANCIAL_CATALOG_BYTES_MISSING,source_inventory.json
2022-05,2022-05-05,XU100,TTKOM,REJECTED_AT_SOURCE_PREFLIGHT,ORIGINAL_FINANCIAL_CATALOG_BYTES_MISSING,source_inventory.json
2022-05,2022-05-05,XU100,TTRAK,REJECTED_AT_SOURCE_PREFLIGHT,ORIGINAL_FINANCIAL_CATALOG_BYTES_MISSING,source_inventory.json
2022-05,2022-05-05,XU100,TUPRS,REJECTED_AT_SOURCE_PREFLIGHT,ORIGINAL_FINANCIAL_CATALOG_BYTES_MISSING,source_inventory.json
2022-05,2022-05-05,XU100,TURSG,REJECTED_AT_SOURCE_PREFLIGHT,ORIGINAL_FINANCIAL_CATALOG_BYTES_MISSING,source_inventory.json
2022-05,2022-05-05,XU100,ULKER,REJECTED_AT_SOURCE_PREFLIGHT,ORIGINAL_FINANCIAL_CATALOG_BYTES_MISSING,source_inventory.json
2022-05,2022-05-05,XU100,VAKBN,REJECTED_AT_SOURCE_PREFLIGHT,ORIGINAL_FINANCIAL_CATALOG_BYTES_MISSING,source_inventory.json
2022-05,2022-05-05,XU100,VESBE,REJECTED_AT_SOURCE_PREFLIGHT,ORIGINAL_FINANCIAL_CATALOG_BYTES_MISSING,source_inventory.json
2022-05,2022-05-05,XU100,VESTL,REJECTED_AT_SOURCE_PREFLIGHT,ORIGINAL_FINANCIAL_CATALOG_BYTES_MISSING,source_inventory.json
2022-05,2022-05-05,XU100,YKBNK,REJECTED_AT_SOURCE_PREFLIGHT,ORIGINAL_FINANCIAL_CATALOG_BYTES_MISSING,source_inventory.json
2022-05,2022-05-05,XU100,ZOREN,REJECTED_AT_SOURCE_PREFLIGHT,ORIGINAL_FINANCIAL_CATALOG_BYTES_MISSING,source_inventory.json
2022-05,2022-05-05,XU100,ZRGYO,REJECTED_AT_SOURCE_PREFLIGHT,ORIGINAL_FINANCIAL_CATALOG_BYTES_MISSING,source_inventory.json
2022-06,2022-06-01,XU100,AEFES,REJECTED_AT_SOURCE_PREFLIGHT,ORIGINAL_FINANCIAL_CATALOG_BYTES_MISSING,source_inventory.json
2022-06,2022-06-01,XU100,AGHOL,REJECTED_AT_SOURCE_PREFLIGHT,ORIGINAL_FINANCIAL_CATALOG_BYTES_MISSING,source_inventory.json
2022-06,2022-06-01,XU100,AKBNK,REJECTED_AT_SOURCE_PREFLIGHT,ORIGINAL_FINANCIAL_CATALOG_BYTES_MISSING,source_inventory.json
2022-06,2022-06-01,XU100,AKSA,REJECTED_AT_SOURCE_PREFLIGHT,ORIGINAL_FINANCIAL_CATALOG_BYTES_MISSING,source_inventory.json
2022-06,2022-06-01,XU100,AKSEN,REJECTED_AT_SOURCE_PREFLIGHT,ORIGINAL_FINANCIAL_CATALOG_BYTES_MISSING,source_inventory.json
2022-06,2022-06-01,XU100,ALARK,REJECTED_AT_SOURCE_PREFLIGHT,ORIGINAL_FINANCIAL_CATALOG_BYTES_MISSING,source_inventory.json
2022-06,2022-06-01,XU100,ALGYO,REJECTED_AT_SOURCE_PREFLIGHT,ORIGINAL_FINANCIAL_CATALOG_BYTES_MISSING,source_inventory.json
2022-06,2022-06-01,XU100,ALKIM,REJECTED_AT_SOURCE_PREFLIGHT,ORIGINAL_FINANCIAL_CATALOG_BYTES_MISSING,source_inventory.json
2022-06,2022-06-01,XU100,ARASE,REJECTED_AT_SOURCE_PREFLIGHT,ORIGINAL_FINANCIAL_CATALOG_BYTES_MISSING,source_inventory.json
2022-06,2022-06-01,XU100,ARCLK,REJECTED_AT_SOURCE_PREFLIGHT,ORIGINAL_FINANCIAL_CATALOG_BYTES_MISSING,source_inventory.json
2022-06,2022-06-01,XU100,ARDYZ,REJECTED_AT_SOURCE_PREFLIGHT,ORIGINAL_FINANCIAL_CATALOG_BYTES_MISSING,source_inventory.json
2022-06,2022-06-01,XU100,ASELS,REJECTED_AT_SOURCE_PREFLIGHT,ORIGINAL_FINANCIAL_CATALOG_BYTES_MISSING,source_inventory.json
2022-06,2022-06-01,XU100,AYDEM,REJECTED_AT_SOURCE_PREFLIGHT,ORIGINAL_FINANCIAL_CATALOG_BYTES_MISSING,source_inventory.json
2022-06,2022-06-01,XU100,BASGZ,REJECTED_AT_SOURCE_PREFLIGHT,ORIGINAL_FINANCIAL_CATALOG_BYTES_MISSING,source_inventory.json
2022-06,2022-06-01,XU100,BERA,REJECTED_AT_SOURCE_PREFLIGHT,ORIGINAL_FINANCIAL_CATALOG_BYTES_MISSING,source_inventory.json
2022-06,2022-06-01,XU100,BIMAS,REJECTED_AT_SOURCE_PREFLIGHT,ORIGINAL_FINANCIAL_CATALOG_BYTES_MISSING,source_inventory.json
2022-06,2022-06-01,XU100,BIOEN,REJECTED_AT_SOURCE_PREFLIGHT,ORIGINAL_FINANCIAL_CATALOG_BYTES_MISSING,source_inventory.json
2022-06,2022-06-01,XU100,BRISA,REJECTED_AT_SOURCE_PREFLIGHT,ORIGINAL_FINANCIAL_CATALOG_BYTES_MISSING,source_inventory.json
2022-06,2022-06-01,XU100,BRYAT,REJECTED_AT_SOURCE_PREFLIGHT,ORIGINAL_FINANCIAL_CATALOG_BYTES_MISSING,source_inventory.json
2022-06,2022-06-01,XU100,CANTE,REJECTED_AT_SOURCE_PREFLIGHT,ORIGINAL_FINANCIAL_CATALOG_BYTES_MISSING,source_inventory.json
2022-06,2022-06-01,XU100,CCOLA,REJECTED_AT_SOURCE_PREFLIGHT,ORIGINAL_FINANCIAL_CATALOG_BYTES_MISSING,source_inventory.json
2022-06,2022-06-01,XU100,CIMSA,REJECTED_AT_SOURCE_PREFLIGHT,ORIGINAL_FINANCIAL_CATALOG_BYTES_MISSING,source_inventory.json
2022-06,2022-06-01,XU100,DEVA,REJECTED_AT_SOURCE_PREFLIGHT,ORIGINAL_FINANCIAL_CATALOG_BYTES_MISSING,source_inventory.json
2022-06,2022-06-01,XU100,DOAS,REJECTED_AT_SOURCE_PREFLIGHT,ORIGINAL_FINANCIAL_CATALOG_BYTES_MISSING,source_inventory.json
2022-06,2022-06-01,XU100,DOHOL,REJECTED_AT_SOURCE_PREFLIGHT,ORIGINAL_FINANCIAL_CATALOG_BYTES_MISSING,source_inventory.json
2022-06,2022-06-01,XU100,ECILC,REJECTED_AT_SOURCE_PREFLIGHT,ORIGINAL_FINANCIAL_CATALOG_BYTES_MISSING,source_inventory.json
2022-06,2022-06-01,XU100,EGEEN,REJECTED_AT_SOURCE_PREFLIGHT,ORIGINAL_FINANCIAL_CATALOG_BYTES_MISSING,source_inventory.json
2022-06,2022-06-01,XU100,EKGYO,REJECTED_AT_SOURCE_PREFLIGHT,ORIGINAL_FINANCIAL_CATALOG_BYTES_MISSING,source_inventory.json
2022-06,2022-06-01,XU100,ENJSA,REJECTED_AT_SOURCE_PREFLIGHT,ORIGINAL_FINANCIAL_CATALOG_BYTES_MISSING,source_inventory.json
2022-06,2022-06-01,XU100,ENKAI,REJECTED_AT_SOURCE_PREFLIGHT,ORIGINAL_FINANCIAL_CATALOG_BYTES_MISSING,source_inventory.json
2022-06,2022-06-01,XU100,ERBOS,REJECTED_AT_SOURCE_PREFLIGHT,ORIGINAL_FINANCIAL_CATALOG_BYTES_MISSING,source_inventory.json
2022-06,2022-06-01,XU100,EREGL,REJECTED_AT_SOURCE_PREFLIGHT,ORIGINAL_FINANCIAL_CATALOG_BYTES_MISSING,source_inventory.json
2022-06,2022-06-01,XU100,ESEN,REJECTED_AT_SOURCE_PREFLIGHT,ORIGINAL_FINANCIAL_CATALOG_BYTES_MISSING,source_inventory.json
2022-06,2022-06-01,XU100,FROTO,REJECTED_AT_SOURCE_PREFLIGHT,ORIGINAL_FINANCIAL_CATALOG_BYTES_MISSING,source_inventory.json
2022-06,2022-06-01,XU100,GARAN,REJECTED_AT_SOURCE_PREFLIGHT,ORIGINAL_FINANCIAL_CATALOG_BYTES_MISSING,source_inventory.json
2022-06,2022-06-01,XU100,GENIL,REJECTED_AT_SOURCE_PREFLIGHT,ORIGINAL_FINANCIAL_CATALOG_BYTES_MISSING,source_inventory.json
2022-06,2022-06-01,XU100,GLYHO,REJECTED_AT_SOURCE_PREFLIGHT,ORIGINAL_FINANCIAL_CATALOG_BYTES_MISSING,source_inventory.json
2022-06,2022-06-01,XU100,GOZDE,REJECTED_AT_SOURCE_PREFLIGHT,ORIGINAL_FINANCIAL_CATALOG_BYTES_MISSING,source_inventory.json
2022-06,2022-06-01,XU100,GSDHO,REJECTED_AT_SOURCE_PREFLIGHT,ORIGINAL_FINANCIAL_CATALOG_BYTES_MISSING,source_inventory.json
2022-06,2022-06-01,XU100,GUBRF,REJECTED_AT_SOURCE_PREFLIGHT,ORIGINAL_FINANCIAL_CATALOG_BYTES_MISSING,source_inventory.json
2022-06,2022-06-01,XU100,GWIND,REJECTED_AT_SOURCE_PREFLIGHT,ORIGINAL_FINANCIAL_CATALOG_BYTES_MISSING,source_inventory.json
2022-06,2022-06-01,XU100,HALKB,REJECTED_AT_SOURCE_PREFLIGHT,ORIGINAL_FINANCIAL_CATALOG_BYTES_MISSING,source_inventory.json
2022-06,2022-06-01,XU100,HEKTS,REJECTED_AT_SOURCE_PREFLIGHT,ORIGINAL_FINANCIAL_CATALOG_BYTES_MISSING,source_inventory.json
2022-06,2022-06-01,XU100,INDES,REJECTED_AT_SOURCE_PREFLIGHT,ORIGINAL_FINANCIAL_CATALOG_BYTES_MISSING,source_inventory.json
2022-06,2022-06-01,XU100,IPEKE,REJECTED_AT_SOURCE_PREFLIGHT,ORIGINAL_FINANCIAL_CATALOG_BYTES_MISSING,source_inventory.json
2022-06,2022-06-01,XU100,ISCTR,REJECTED_AT_SOURCE_PREFLIGHT,ORIGINAL_FINANCIAL_CATALOG_BYTES_MISSING,source_inventory.json
2022-06,2022-06-01,XU100,ISDMR,REJECTED_AT_SOURCE_PREFLIGHT,ORIGINAL_FINANCIAL_CATALOG_BYTES_MISSING,source_inventory.json
2022-06,2022-06-01,XU100,ISFIN,REJECTED_AT_SOURCE_PREFLIGHT,ORIGINAL_FINANCIAL_CATALOG_BYTES_MISSING,source_inventory.json
2022-06,2022-06-01,XU100,ISGYO,REJECTED_AT_SOURCE_PREFLIGHT,ORIGINAL_FINANCIAL_CATALOG_BYTES_MISSING,source_inventory.json
2022-06,2022-06-01,XU100,ISMEN,REJECTED_AT_SOURCE_PREFLIGHT,ORIGINAL_FINANCIAL_CATALOG_BYTES_MISSING,source_inventory.json
2022-06,2022-06-01,XU100,JANTS,REJECTED_AT_SOURCE_PREFLIGHT,ORIGINAL_FINANCIAL_CATALOG_BYTES_MISSING,source_inventory.json
2022-06,2022-06-01,XU100,KARSN,REJECTED_AT_SOURCE_PREFLIGHT,ORIGINAL_FINANCIAL_CATALOG_BYTES_MISSING,source_inventory.json
2022-06,2022-06-01,XU100,KARTN,REJECTED_AT_SOURCE_PREFLIGHT,ORIGINAL_FINANCIAL_CATALOG_BYTES_MISSING,source_inventory.json
2022-06,2022-06-01,XU100,KCHOL,REJECTED_AT_SOURCE_PREFLIGHT,ORIGINAL_FINANCIAL_CATALOG_BYTES_MISSING,source_inventory.json
2022-06,2022-06-01,XU100,KONTR,REJECTED_AT_SOURCE_PREFLIGHT,ORIGINAL_FINANCIAL_CATALOG_BYTES_MISSING,source_inventory.json
2022-06,2022-06-01,XU100,KORDS,REJECTED_AT_SOURCE_PREFLIGHT,ORIGINAL_FINANCIAL_CATALOG_BYTES_MISSING,source_inventory.json
2022-06,2022-06-01,XU100,KOZAA,REJECTED_AT_SOURCE_PREFLIGHT,ORIGINAL_FINANCIAL_CATALOG_BYTES_MISSING,source_inventory.json
2022-06,2022-06-01,XU100,KOZAL,REJECTED_AT_SOURCE_PREFLIGHT,ORIGINAL_FINANCIAL_CATALOG_BYTES_MISSING,source_inventory.json
2022-06,2022-06-01,XU100,KRDMD,REJECTED_AT_SOURCE_PREFLIGHT,ORIGINAL_FINANCIAL_CATALOG_BYTES_MISSING,source_inventory.json
2022-06,2022-06-01,XU100,KUTPO,REJECTED_AT_SOURCE_PREFLIGHT,ORIGINAL_FINANCIAL_CATALOG_BYTES_MISSING,source_inventory.json
2022-06,2022-06-01,XU100,KZBGY,REJECTED_AT_SOURCE_PREFLIGHT,ORIGINAL_FINANCIAL_CATALOG_BYTES_MISSING,source_inventory.json
2022-06,2022-06-01,XU100,LOGO,REJECTED_AT_SOURCE_PREFLIGHT,ORIGINAL_FINANCIAL_CATALOG_BYTES_MISSING,source_inventory.json
2022-06,2022-06-01,XU100,MAVI,REJECTED_AT_SOURCE_PREFLIGHT,ORIGINAL_FINANCIAL_CATALOG_BYTES_MISSING,source_inventory.json
2022-06,2022-06-01,XU100,MGROS,REJECTED_AT_SOURCE_PREFLIGHT,ORIGINAL_FINANCIAL_CATALOG_BYTES_MISSING,source_inventory.json
2022-06,2022-06-01,XU100,NTHOL,REJECTED_AT_SOURCE_PREFLIGHT,ORIGINAL_FINANCIAL_CATALOG_BYTES_MISSING,source_inventory.json
2022-06,2022-06-01,XU100,NUGYO,REJECTED_AT_SOURCE_PREFLIGHT,ORIGINAL_FINANCIAL_CATALOG_BYTES_MISSING,source_inventory.json
2022-06,2022-06-01,XU100,ODAS,REJECTED_AT_SOURCE_PREFLIGHT,ORIGINAL_FINANCIAL_CATALOG_BYTES_MISSING,source_inventory.json
2022-06,2022-06-01,XU100,OTKAR,REJECTED_AT_SOURCE_PREFLIGHT,ORIGINAL_FINANCIAL_CATALOG_BYTES_MISSING,source_inventory.json
2022-06,2022-06-01,XU100,OYAKC,REJECTED_AT_SOURCE_PREFLIGHT,ORIGINAL_FINANCIAL_CATALOG_BYTES_MISSING,source_inventory.json
2022-06,2022-06-01,XU100,PARSN,REJECTED_AT_SOURCE_PREFLIGHT,ORIGINAL_FINANCIAL_CATALOG_BYTES_MISSING,source_inventory.json
2022-06,2022-06-01,XU100,PETKM,REJECTED_AT_SOURCE_PREFLIGHT,ORIGINAL_FINANCIAL_CATALOG_BYTES_MISSING,source_inventory.json
2022-06,2022-06-01,XU100,PGSUS,REJECTED_AT_SOURCE_PREFLIGHT,ORIGINAL_FINANCIAL_CATALOG_BYTES_MISSING,source_inventory.json
2022-06,2022-06-01,XU100,QUAGR,REJECTED_AT_SOURCE_PREFLIGHT,ORIGINAL_FINANCIAL_CATALOG_BYTES_MISSING,source_inventory.json
2022-06,2022-06-01,XU100,SAHOL,REJECTED_AT_SOURCE_PREFLIGHT,ORIGINAL_FINANCIAL_CATALOG_BYTES_MISSING,source_inventory.json
2022-06,2022-06-01,XU100,SASA,REJECTED_AT_SOURCE_PREFLIGHT,ORIGINAL_FINANCIAL_CATALOG_BYTES_MISSING,source_inventory.json
2022-06,2022-06-01,XU100,SELEC,REJECTED_AT_SOURCE_PREFLIGHT,ORIGINAL_FINANCIAL_CATALOG_BYTES_MISSING,source_inventory.json
2022-06,2022-06-01,XU100,SISE,REJECTED_AT_SOURCE_PREFLIGHT,ORIGINAL_FINANCIAL_CATALOG_BYTES_MISSING,source_inventory.json
2022-06,2022-06-01,XU100,SKBNK,REJECTED_AT_SOURCE_PREFLIGHT,ORIGINAL_FINANCIAL_CATALOG_BYTES_MISSING,source_inventory.json
2022-06,2022-06-01,XU100,SNGYO,REJECTED_AT_SOURCE_PREFLIGHT,ORIGINAL_FINANCIAL_CATALOG_BYTES_MISSING,source_inventory.json
2022-06,2022-06-01,XU100,SOKM,REJECTED_AT_SOURCE_PREFLIGHT,ORIGINAL_FINANCIAL_CATALOG_BYTES_MISSING,source_inventory.json
2022-06,2022-06-01,XU100,TAVHL,REJECTED_AT_SOURCE_PREFLIGHT,ORIGINAL_FINANCIAL_CATALOG_BYTES_MISSING,source_inventory.json
2022-06,2022-06-01,XU100,TCELL,REJECTED_AT_SOURCE_PREFLIGHT,ORIGINAL_FINANCIAL_CATALOG_BYTES_MISSING,source_inventory.json
2022-06,2022-06-01,XU100,THYAO,REJECTED_AT_SOURCE_PREFLIGHT,ORIGINAL_FINANCIAL_CATALOG_BYTES_MISSING,source_inventory.json
2022-06,2022-06-01,XU100,TKFEN,REJECTED_AT_SOURCE_PREFLIGHT,ORIGINAL_FINANCIAL_CATALOG_BYTES_MISSING,source_inventory.json
2022-06,2022-06-01,XU100,TKNSA,REJECTED_AT_SOURCE_PREFLIGHT,ORIGINAL_FINANCIAL_CATALOG_BYTES_MISSING,source_inventory.json
2022-06,2022-06-01,XU100,TOASO,REJECTED_AT_SOURCE_PREFLIGHT,ORIGINAL_FINANCIAL_CATALOG_BYTES_MISSING,source_inventory.json
2022-06,2022-06-01,XU100,TRGYO,REJECTED_AT_SOURCE_PREFLIGHT,ORIGINAL_FINANCIAL_CATALOG_BYTES_MISSING,source_inventory.json
2022-06,2022-06-01,XU100,TRILC,REJECTED_AT_SOURCE_PREFLIGHT,ORIGINAL_FINANCIAL_CATALOG_BYTES_MISSING,source_inventory.json
2022-06,2022-06-01,XU100,TSKB,REJECTED_AT_SOURCE_PREFLIGHT,ORIGINAL_FINANCIAL_CATALOG_BYTES_MISSING,source_inventory.json
2022-06,2022-06-01,XU100,TTKOM,REJECTED_AT_SOURCE_PREFLIGHT,ORIGINAL_FINANCIAL_CATALOG_BYTES_MISSING,source_inventory.json
2022-06,2022-06-01,XU100,TTRAK,REJECTED_AT_SOURCE_PREFLIGHT,ORIGINAL_FINANCIAL_CATALOG_BYTES_MISSING,source_inventory.json
2022-06,2022-06-01,XU100,TUPRS,REJECTED_AT_SOURCE_PREFLIGHT,ORIGINAL_FINANCIAL_CATALOG_BYTES_MISSING,source_inventory.json
2022-06,2022-06-01,XU100,TURSG,REJECTED_AT_SOURCE_PREFLIGHT,ORIGINAL_FINANCIAL_CATALOG_BYTES_MISSING,source_inventory.json
2022-06,2022-06-01,XU100,ULKER,REJECTED_AT_SOURCE_PREFLIGHT,ORIGINAL_FINANCIAL_CATALOG_BYTES_MISSING,source_inventory.json
2022-06,2022-06-01,XU100,VAKBN,REJECTED_AT_SOURCE_PREFLIGHT,ORIGINAL_FINANCIAL_CATALOG_BYTES_MISSING,source_inventory.json
2022-06,2022-06-01,XU100,VESBE,REJECTED_AT_SOURCE_PREFLIGHT,ORIGINAL_FINANCIAL_CATALOG_BYTES_MISSING,source_inventory.json
2022-06,2022-06-01,XU100,VESTL,REJECTED_AT_SOURCE_PREFLIGHT,ORIGINAL_FINANCIAL_CATALOG_BYTES_MISSING,source_inventory.json
2022-06,2022-06-01,XU100,YKBNK,REJECTED_AT_SOURCE_PREFLIGHT,ORIGINAL_FINANCIAL_CATALOG_BYTES_MISSING,source_inventory.json
2022-06,2022-06-01,XU100,ZOREN,REJECTED_AT_SOURCE_PREFLIGHT,ORIGINAL_FINANCIAL_CATALOG_BYTES_MISSING,source_inventory.json
2022-06,2022-06-01,XU100,ZRGYO,REJECTED_AT_SOURCE_PREFLIGHT,ORIGINAL_FINANCIAL_CATALOG_BYTES_MISSING,source_inventory.json
2022-07,2022-07-01,XU100,AEFES,REJECTED_AT_SOURCE_PREFLIGHT,ORIGINAL_FINANCIAL_CATALOG_BYTES_MISSING,source_inventory.json
2022-07,2022-07-01,XU100,AGHOL,REJECTED_AT_SOURCE_PREFLIGHT,ORIGINAL_FINANCIAL_CATALOG_BYTES_MISSING,source_inventory.json
2022-07,2022-07-01,XU100,AKBNK,REJECTED_AT_SOURCE_PREFLIGHT,ORIGINAL_FINANCIAL_CATALOG_BYTES_MISSING,source_inventory.json
2022-07,2022-07-01,XU100,AKFGY,REJECTED_AT_SOURCE_PREFLIGHT,ORIGINAL_FINANCIAL_CATALOG_BYTES_MISSING,source_inventory.json
2022-07,2022-07-01,XU100,AKSA,REJECTED_AT_SOURCE_PREFLIGHT,ORIGINAL_FINANCIAL_CATALOG_BYTES_MISSING,source_inventory.json
2022-07,2022-07-01,XU100,AKSEN,REJECTED_AT_SOURCE_PREFLIGHT,ORIGINAL_FINANCIAL_CATALOG_BYTES_MISSING,source_inventory.json
2022-07,2022-07-01,XU100,ALARK,REJECTED_AT_SOURCE_PREFLIGHT,ORIGINAL_FINANCIAL_CATALOG_BYTES_MISSING,source_inventory.json
2022-07,2022-07-01,XU100,ALBRK,REJECTED_AT_SOURCE_PREFLIGHT,ORIGINAL_FINANCIAL_CATALOG_BYTES_MISSING,source_inventory.json
2022-07,2022-07-01,XU100,ALGYO,REJECTED_AT_SOURCE_PREFLIGHT,ORIGINAL_FINANCIAL_CATALOG_BYTES_MISSING,source_inventory.json
2022-07,2022-07-01,XU100,ALKIM,REJECTED_AT_SOURCE_PREFLIGHT,ORIGINAL_FINANCIAL_CATALOG_BYTES_MISSING,source_inventory.json
2022-07,2022-07-01,XU100,ARCLK,REJECTED_AT_SOURCE_PREFLIGHT,ORIGINAL_FINANCIAL_CATALOG_BYTES_MISSING,source_inventory.json
2022-07,2022-07-01,XU100,ARDYZ,REJECTED_AT_SOURCE_PREFLIGHT,ORIGINAL_FINANCIAL_CATALOG_BYTES_MISSING,source_inventory.json
2022-07,2022-07-01,XU100,ASELS,REJECTED_AT_SOURCE_PREFLIGHT,ORIGINAL_FINANCIAL_CATALOG_BYTES_MISSING,source_inventory.json
2022-07,2022-07-01,XU100,AYDEM,REJECTED_AT_SOURCE_PREFLIGHT,ORIGINAL_FINANCIAL_CATALOG_BYTES_MISSING,source_inventory.json
2022-07,2022-07-01,XU100,BAGFS,REJECTED_AT_SOURCE_PREFLIGHT,ORIGINAL_FINANCIAL_CATALOG_BYTES_MISSING,source_inventory.json
2022-07,2022-07-01,XU100,BASGZ,REJECTED_AT_SOURCE_PREFLIGHT,ORIGINAL_FINANCIAL_CATALOG_BYTES_MISSING,source_inventory.json
2022-07,2022-07-01,XU100,BERA,REJECTED_AT_SOURCE_PREFLIGHT,ORIGINAL_FINANCIAL_CATALOG_BYTES_MISSING,source_inventory.json
2022-07,2022-07-01,XU100,BIMAS,REJECTED_AT_SOURCE_PREFLIGHT,ORIGINAL_FINANCIAL_CATALOG_BYTES_MISSING,source_inventory.json
2022-07,2022-07-01,XU100,BRYAT,REJECTED_AT_SOURCE_PREFLIGHT,ORIGINAL_FINANCIAL_CATALOG_BYTES_MISSING,source_inventory.json
2022-07,2022-07-01,XU100,BUCIM,REJECTED_AT_SOURCE_PREFLIGHT,ORIGINAL_FINANCIAL_CATALOG_BYTES_MISSING,source_inventory.json
2022-07,2022-07-01,XU100,CCOLA,REJECTED_AT_SOURCE_PREFLIGHT,ORIGINAL_FINANCIAL_CATALOG_BYTES_MISSING,source_inventory.json
2022-07,2022-07-01,XU100,CEMTS,REJECTED_AT_SOURCE_PREFLIGHT,ORIGINAL_FINANCIAL_CATALOG_BYTES_MISSING,source_inventory.json
2022-07,2022-07-01,XU100,CIMSA,REJECTED_AT_SOURCE_PREFLIGHT,ORIGINAL_FINANCIAL_CATALOG_BYTES_MISSING,source_inventory.json
2022-07,2022-07-01,XU100,DEVA,REJECTED_AT_SOURCE_PREFLIGHT,ORIGINAL_FINANCIAL_CATALOG_BYTES_MISSING,source_inventory.json
2022-07,2022-07-01,XU100,DOAS,REJECTED_AT_SOURCE_PREFLIGHT,ORIGINAL_FINANCIAL_CATALOG_BYTES_MISSING,source_inventory.json
2022-07,2022-07-01,XU100,DOHOL,REJECTED_AT_SOURCE_PREFLIGHT,ORIGINAL_FINANCIAL_CATALOG_BYTES_MISSING,source_inventory.json
2022-07,2022-07-01,XU100,ECILC,REJECTED_AT_SOURCE_PREFLIGHT,ORIGINAL_FINANCIAL_CATALOG_BYTES_MISSING,source_inventory.json
2022-07,2022-07-01,XU100,EGEEN,REJECTED_AT_SOURCE_PREFLIGHT,ORIGINAL_FINANCIAL_CATALOG_BYTES_MISSING,source_inventory.json
2022-07,2022-07-01,XU100,EKGYO,REJECTED_AT_SOURCE_PREFLIGHT,ORIGINAL_FINANCIAL_CATALOG_BYTES_MISSING,source_inventory.json
2022-07,2022-07-01,XU100,ENJSA,REJECTED_AT_SOURCE_PREFLIGHT,ORIGINAL_FINANCIAL_CATALOG_BYTES_MISSING,source_inventory.json
2022-07,2022-07-01,XU100,ENKAI,REJECTED_AT_SOURCE_PREFLIGHT,ORIGINAL_FINANCIAL_CATALOG_BYTES_MISSING,source_inventory.json
2022-07,2022-07-01,XU100,ERBOS,REJECTED_AT_SOURCE_PREFLIGHT,ORIGINAL_FINANCIAL_CATALOG_BYTES_MISSING,source_inventory.json
2022-07,2022-07-01,XU100,EREGL,REJECTED_AT_SOURCE_PREFLIGHT,ORIGINAL_FINANCIAL_CATALOG_BYTES_MISSING,source_inventory.json
2022-07,2022-07-01,XU100,FROTO,REJECTED_AT_SOURCE_PREFLIGHT,ORIGINAL_FINANCIAL_CATALOG_BYTES_MISSING,source_inventory.json
2022-07,2022-07-01,XU100,GARAN,REJECTED_AT_SOURCE_PREFLIGHT,ORIGINAL_FINANCIAL_CATALOG_BYTES_MISSING,source_inventory.json
2022-07,2022-07-01,XU100,GENIL,REJECTED_AT_SOURCE_PREFLIGHT,ORIGINAL_FINANCIAL_CATALOG_BYTES_MISSING,source_inventory.json
2022-07,2022-07-01,XU100,GLYHO,REJECTED_AT_SOURCE_PREFLIGHT,ORIGINAL_FINANCIAL_CATALOG_BYTES_MISSING,source_inventory.json
2022-07,2022-07-01,XU100,GOZDE,REJECTED_AT_SOURCE_PREFLIGHT,ORIGINAL_FINANCIAL_CATALOG_BYTES_MISSING,source_inventory.json
2022-07,2022-07-01,XU100,GSDHO,REJECTED_AT_SOURCE_PREFLIGHT,ORIGINAL_FINANCIAL_CATALOG_BYTES_MISSING,source_inventory.json
2022-07,2022-07-01,XU100,GUBRF,REJECTED_AT_SOURCE_PREFLIGHT,ORIGINAL_FINANCIAL_CATALOG_BYTES_MISSING,source_inventory.json
2022-07,2022-07-01,XU100,GWIND,REJECTED_AT_SOURCE_PREFLIGHT,ORIGINAL_FINANCIAL_CATALOG_BYTES_MISSING,source_inventory.json
2022-07,2022-07-01,XU100,HALKB,REJECTED_AT_SOURCE_PREFLIGHT,ORIGINAL_FINANCIAL_CATALOG_BYTES_MISSING,source_inventory.json
2022-07,2022-07-01,XU100,HEKTS,REJECTED_AT_SOURCE_PREFLIGHT,ORIGINAL_FINANCIAL_CATALOG_BYTES_MISSING,source_inventory.json
2022-07,2022-07-01,XU100,INDES,REJECTED_AT_SOURCE_PREFLIGHT,ORIGINAL_FINANCIAL_CATALOG_BYTES_MISSING,source_inventory.json
2022-07,2022-07-01,XU100,INVES,REJECTED_AT_SOURCE_PREFLIGHT,ORIGINAL_FINANCIAL_CATALOG_BYTES_MISSING,source_inventory.json
2022-07,2022-07-01,XU100,IPEKE,REJECTED_AT_SOURCE_PREFLIGHT,ORIGINAL_FINANCIAL_CATALOG_BYTES_MISSING,source_inventory.json
2022-07,2022-07-01,XU100,ISCTR,REJECTED_AT_SOURCE_PREFLIGHT,ORIGINAL_FINANCIAL_CATALOG_BYTES_MISSING,source_inventory.json
2022-07,2022-07-01,XU100,ISDMR,REJECTED_AT_SOURCE_PREFLIGHT,ORIGINAL_FINANCIAL_CATALOG_BYTES_MISSING,source_inventory.json
2022-07,2022-07-01,XU100,ISFIN,REJECTED_AT_SOURCE_PREFLIGHT,ORIGINAL_FINANCIAL_CATALOG_BYTES_MISSING,source_inventory.json
2022-07,2022-07-01,XU100,ISGYO,REJECTED_AT_SOURCE_PREFLIGHT,ORIGINAL_FINANCIAL_CATALOG_BYTES_MISSING,source_inventory.json
2022-07,2022-07-01,XU100,ISMEN,REJECTED_AT_SOURCE_PREFLIGHT,ORIGINAL_FINANCIAL_CATALOG_BYTES_MISSING,source_inventory.json
2022-07,2022-07-01,XU100,JANTS,REJECTED_AT_SOURCE_PREFLIGHT,ORIGINAL_FINANCIAL_CATALOG_BYTES_MISSING,source_inventory.json
2022-07,2022-07-01,XU100,KARSN,REJECTED_AT_SOURCE_PREFLIGHT,ORIGINAL_FINANCIAL_CATALOG_BYTES_MISSING,source_inventory.json
2022-07,2022-07-01,XU100,KCHOL,REJECTED_AT_SOURCE_PREFLIGHT,ORIGINAL_FINANCIAL_CATALOG_BYTES_MISSING,source_inventory.json
2022-07,2022-07-01,XU100,KONTR,REJECTED_AT_SOURCE_PREFLIGHT,ORIGINAL_FINANCIAL_CATALOG_BYTES_MISSING,source_inventory.json
2022-07,2022-07-01,XU100,KORDS,REJECTED_AT_SOURCE_PREFLIGHT,ORIGINAL_FINANCIAL_CATALOG_BYTES_MISSING,source_inventory.json
2022-07,2022-07-01,XU100,KOZAA,REJECTED_AT_SOURCE_PREFLIGHT,ORIGINAL_FINANCIAL_CATALOG_BYTES_MISSING,source_inventory.json
2022-07,2022-07-01,XU100,KOZAL,REJECTED_AT_SOURCE_PREFLIGHT,ORIGINAL_FINANCIAL_CATALOG_BYTES_MISSING,source_inventory.json
2022-07,2022-07-01,XU100,KRDMD,REJECTED_AT_SOURCE_PREFLIGHT,ORIGINAL_FINANCIAL_CATALOG_BYTES_MISSING,source_inventory.json
2022-07,2022-07-01,XU100,LOGO,REJECTED_AT_SOURCE_PREFLIGHT,ORIGINAL_FINANCIAL_CATALOG_BYTES_MISSING,source_inventory.json
2022-07,2022-07-01,XU100,MAVI,REJECTED_AT_SOURCE_PREFLIGHT,ORIGINAL_FINANCIAL_CATALOG_BYTES_MISSING,source_inventory.json
2022-07,2022-07-01,XU100,MGROS,REJECTED_AT_SOURCE_PREFLIGHT,ORIGINAL_FINANCIAL_CATALOG_BYTES_MISSING,source_inventory.json
2022-07,2022-07-01,XU100,NTHOL,REJECTED_AT_SOURCE_PREFLIGHT,ORIGINAL_FINANCIAL_CATALOG_BYTES_MISSING,source_inventory.json
2022-07,2022-07-01,XU100,NUGYO,REJECTED_AT_SOURCE_PREFLIGHT,ORIGINAL_FINANCIAL_CATALOG_BYTES_MISSING,source_inventory.json
2022-07,2022-07-01,XU100,ODAS,REJECTED_AT_SOURCE_PREFLIGHT,ORIGINAL_FINANCIAL_CATALOG_BYTES_MISSING,source_inventory.json
2022-07,2022-07-01,XU100,OTKAR,REJECTED_AT_SOURCE_PREFLIGHT,ORIGINAL_FINANCIAL_CATALOG_BYTES_MISSING,source_inventory.json
2022-07,2022-07-01,XU100,OYAKC,REJECTED_AT_SOURCE_PREFLIGHT,ORIGINAL_FINANCIAL_CATALOG_BYTES_MISSING,source_inventory.json
2022-07,2022-07-01,XU100,PARSN,REJECTED_AT_SOURCE_PREFLIGHT,ORIGINAL_FINANCIAL_CATALOG_BYTES_MISSING,source_inventory.json
2022-07,2022-07-01,XU100,PETKM,REJECTED_AT_SOURCE_PREFLIGHT,ORIGINAL_FINANCIAL_CATALOG_BYTES_MISSING,source_inventory.json
2022-07,2022-07-01,XU100,PGSUS,REJECTED_AT_SOURCE_PREFLIGHT,ORIGINAL_FINANCIAL_CATALOG_BYTES_MISSING,source_inventory.json
2022-07,2022-07-01,XU100,PSGYO,REJECTED_AT_SOURCE_PREFLIGHT,ORIGINAL_FINANCIAL_CATALOG_BYTES_MISSING,source_inventory.json
2022-07,2022-07-01,XU100,QUAGR,REJECTED_AT_SOURCE_PREFLIGHT,ORIGINAL_FINANCIAL_CATALOG_BYTES_MISSING,source_inventory.json
2022-07,2022-07-01,XU100,SAHOL,REJECTED_AT_SOURCE_PREFLIGHT,ORIGINAL_FINANCIAL_CATALOG_BYTES_MISSING,source_inventory.json
2022-07,2022-07-01,XU100,SASA,REJECTED_AT_SOURCE_PREFLIGHT,ORIGINAL_FINANCIAL_CATALOG_BYTES_MISSING,source_inventory.json
2022-07,2022-07-01,XU100,SELEC,REJECTED_AT_SOURCE_PREFLIGHT,ORIGINAL_FINANCIAL_CATALOG_BYTES_MISSING,source_inventory.json
2022-07,2022-07-01,XU100,SISE,REJECTED_AT_SOURCE_PREFLIGHT,ORIGINAL_FINANCIAL_CATALOG_BYTES_MISSING,source_inventory.json
2022-07,2022-07-01,XU100,SKBNK,REJECTED_AT_SOURCE_PREFLIGHT,ORIGINAL_FINANCIAL_CATALOG_BYTES_MISSING,source_inventory.json
2022-07,2022-07-01,XU100,SNGYO,REJECTED_AT_SOURCE_PREFLIGHT,ORIGINAL_FINANCIAL_CATALOG_BYTES_MISSING,source_inventory.json
2022-07,2022-07-01,XU100,SOKM,REJECTED_AT_SOURCE_PREFLIGHT,ORIGINAL_FINANCIAL_CATALOG_BYTES_MISSING,source_inventory.json
2022-07,2022-07-01,XU100,TAVHL,REJECTED_AT_SOURCE_PREFLIGHT,ORIGINAL_FINANCIAL_CATALOG_BYTES_MISSING,source_inventory.json
2022-07,2022-07-01,XU100,TCELL,REJECTED_AT_SOURCE_PREFLIGHT,ORIGINAL_FINANCIAL_CATALOG_BYTES_MISSING,source_inventory.json
2022-07,2022-07-01,XU100,THYAO,REJECTED_AT_SOURCE_PREFLIGHT,ORIGINAL_FINANCIAL_CATALOG_BYTES_MISSING,source_inventory.json
2022-07,2022-07-01,XU100,TKFEN,REJECTED_AT_SOURCE_PREFLIGHT,ORIGINAL_FINANCIAL_CATALOG_BYTES_MISSING,source_inventory.json
2022-07,2022-07-01,XU100,TKNSA,REJECTED_AT_SOURCE_PREFLIGHT,ORIGINAL_FINANCIAL_CATALOG_BYTES_MISSING,source_inventory.json
2022-07,2022-07-01,XU100,TOASO,REJECTED_AT_SOURCE_PREFLIGHT,ORIGINAL_FINANCIAL_CATALOG_BYTES_MISSING,source_inventory.json
2022-07,2022-07-01,XU100,TRGYO,REJECTED_AT_SOURCE_PREFLIGHT,ORIGINAL_FINANCIAL_CATALOG_BYTES_MISSING,source_inventory.json
2022-07,2022-07-01,XU100,TRILC,REJECTED_AT_SOURCE_PREFLIGHT,ORIGINAL_FINANCIAL_CATALOG_BYTES_MISSING,source_inventory.json
2022-07,2022-07-01,XU100,TSKB,REJECTED_AT_SOURCE_PREFLIGHT,ORIGINAL_FINANCIAL_CATALOG_BYTES_MISSING,source_inventory.json
2022-07,2022-07-01,XU100,TTKOM,REJECTED_AT_SOURCE_PREFLIGHT,ORIGINAL_FINANCIAL_CATALOG_BYTES_MISSING,source_inventory.json
2022-07,2022-07-01,XU100,TTRAK,REJECTED_AT_SOURCE_PREFLIGHT,ORIGINAL_FINANCIAL_CATALOG_BYTES_MISSING,source_inventory.json
2022-07,2022-07-01,XU100,TUPRS,REJECTED_AT_SOURCE_PREFLIGHT,ORIGINAL_FINANCIAL_CATALOG_BYTES_MISSING,source_inventory.json
2022-07,2022-07-01,XU100,TURSG,REJECTED_AT_SOURCE_PREFLIGHT,ORIGINAL_FINANCIAL_CATALOG_BYTES_MISSING,source_inventory.json
2022-07,2022-07-01,XU100,ULKER,REJECTED_AT_SOURCE_PREFLIGHT,ORIGINAL_FINANCIAL_CATALOG_BYTES_MISSING,source_inventory.json
2022-07,2022-07-01,XU100,VAKBN,REJECTED_AT_SOURCE_PREFLIGHT,ORIGINAL_FINANCIAL_CATALOG_BYTES_MISSING,source_inventory.json
2022-07,2022-07-01,XU100,VESBE,REJECTED_AT_SOURCE_PREFLIGHT,ORIGINAL_FINANCIAL_CATALOG_BYTES_MISSING,source_inventory.json
2022-07,2022-07-01,XU100,VESTL,REJECTED_AT_SOURCE_PREFLIGHT,ORIGINAL_FINANCIAL_CATALOG_BYTES_MISSING,source_inventory.json
2022-07,2022-07-01,XU100,YATAS,REJECTED_AT_SOURCE_PREFLIGHT,ORIGINAL_FINANCIAL_CATALOG_BYTES_MISSING,source_inventory.json
2022-07,2022-07-01,XU100,YKBNK,REJECTED_AT_SOURCE_PREFLIGHT,ORIGINAL_FINANCIAL_CATALOG_BYTES_MISSING,source_inventory.json
2022-07,2022-07-01,XU100,ZOREN,REJECTED_AT_SOURCE_PREFLIGHT,ORIGINAL_FINANCIAL_CATALOG_BYTES_MISSING,source_inventory.json
2022-07,2022-07-01,XU100,ZRGYO,REJECTED_AT_SOURCE_PREFLIGHT,ORIGINAL_FINANCIAL_CATALOG_BYTES_MISSING,source_inventory.json
2022-08,2022-08-01,XU100,AEFES,REJECTED_AT_SOURCE_PREFLIGHT,ORIGINAL_FINANCIAL_CATALOG_BYTES_MISSING,source_inventory.json
2022-08,2022-08-01,XU100,AGHOL,REJECTED_AT_SOURCE_PREFLIGHT,ORIGINAL_FINANCIAL_CATALOG_BYTES_MISSING,source_inventory.json
2022-08,2022-08-01,XU100,AKBNK,REJECTED_AT_SOURCE_PREFLIGHT,ORIGINAL_FINANCIAL_CATALOG_BYTES_MISSING,source_inventory.json
2022-08,2022-08-01,XU100,AKFGY,REJECTED_AT_SOURCE_PREFLIGHT,ORIGINAL_FINANCIAL_CATALOG_BYTES_MISSING,source_inventory.json
2022-08,2022-08-01,XU100,AKSA,REJECTED_AT_SOURCE_PREFLIGHT,ORIGINAL_FINANCIAL_CATALOG_BYTES_MISSING,source_inventory.json
2022-08,2022-08-01,XU100,AKSEN,REJECTED_AT_SOURCE_PREFLIGHT,ORIGINAL_FINANCIAL_CATALOG_BYTES_MISSING,source_inventory.json
2022-08,2022-08-01,XU100,ALARK,REJECTED_AT_SOURCE_PREFLIGHT,ORIGINAL_FINANCIAL_CATALOG_BYTES_MISSING,source_inventory.json
2022-08,2022-08-01,XU100,ALBRK,REJECTED_AT_SOURCE_PREFLIGHT,ORIGINAL_FINANCIAL_CATALOG_BYTES_MISSING,source_inventory.json
2022-08,2022-08-01,XU100,ALGYO,REJECTED_AT_SOURCE_PREFLIGHT,ORIGINAL_FINANCIAL_CATALOG_BYTES_MISSING,source_inventory.json
2022-08,2022-08-01,XU100,ALKIM,REJECTED_AT_SOURCE_PREFLIGHT,ORIGINAL_FINANCIAL_CATALOG_BYTES_MISSING,source_inventory.json
2022-08,2022-08-01,XU100,ARCLK,REJECTED_AT_SOURCE_PREFLIGHT,ORIGINAL_FINANCIAL_CATALOG_BYTES_MISSING,source_inventory.json
2022-08,2022-08-01,XU100,ARDYZ,REJECTED_AT_SOURCE_PREFLIGHT,ORIGINAL_FINANCIAL_CATALOG_BYTES_MISSING,source_inventory.json
2022-08,2022-08-01,XU100,ASELS,REJECTED_AT_SOURCE_PREFLIGHT,ORIGINAL_FINANCIAL_CATALOG_BYTES_MISSING,source_inventory.json
2022-08,2022-08-01,XU100,AYDEM,REJECTED_AT_SOURCE_PREFLIGHT,ORIGINAL_FINANCIAL_CATALOG_BYTES_MISSING,source_inventory.json
2022-08,2022-08-01,XU100,BAGFS,REJECTED_AT_SOURCE_PREFLIGHT,ORIGINAL_FINANCIAL_CATALOG_BYTES_MISSING,source_inventory.json
2022-08,2022-08-01,XU100,BASGZ,REJECTED_AT_SOURCE_PREFLIGHT,ORIGINAL_FINANCIAL_CATALOG_BYTES_MISSING,source_inventory.json
2022-08,2022-08-01,XU100,BERA,REJECTED_AT_SOURCE_PREFLIGHT,ORIGINAL_FINANCIAL_CATALOG_BYTES_MISSING,source_inventory.json
2022-08,2022-08-01,XU100,BIMAS,REJECTED_AT_SOURCE_PREFLIGHT,ORIGINAL_FINANCIAL_CATALOG_BYTES_MISSING,source_inventory.json
2022-08,2022-08-01,XU100,BRYAT,REJECTED_AT_SOURCE_PREFLIGHT,ORIGINAL_FINANCIAL_CATALOG_BYTES_MISSING,source_inventory.json
2022-08,2022-08-01,XU100,BUCIM,REJECTED_AT_SOURCE_PREFLIGHT,ORIGINAL_FINANCIAL_CATALOG_BYTES_MISSING,source_inventory.json
2022-08,2022-08-01,XU100,CCOLA,REJECTED_AT_SOURCE_PREFLIGHT,ORIGINAL_FINANCIAL_CATALOG_BYTES_MISSING,source_inventory.json
2022-08,2022-08-01,XU100,CEMTS,REJECTED_AT_SOURCE_PREFLIGHT,ORIGINAL_FINANCIAL_CATALOG_BYTES_MISSING,source_inventory.json
2022-08,2022-08-01,XU100,CIMSA,REJECTED_AT_SOURCE_PREFLIGHT,ORIGINAL_FINANCIAL_CATALOG_BYTES_MISSING,source_inventory.json
2022-08,2022-08-01,XU100,DEVA,REJECTED_AT_SOURCE_PREFLIGHT,ORIGINAL_FINANCIAL_CATALOG_BYTES_MISSING,source_inventory.json
2022-08,2022-08-01,XU100,DOAS,REJECTED_AT_SOURCE_PREFLIGHT,ORIGINAL_FINANCIAL_CATALOG_BYTES_MISSING,source_inventory.json
2022-08,2022-08-01,XU100,DOHOL,REJECTED_AT_SOURCE_PREFLIGHT,ORIGINAL_FINANCIAL_CATALOG_BYTES_MISSING,source_inventory.json
2022-08,2022-08-01,XU100,ECILC,REJECTED_AT_SOURCE_PREFLIGHT,ORIGINAL_FINANCIAL_CATALOG_BYTES_MISSING,source_inventory.json
2022-08,2022-08-01,XU100,EGEEN,REJECTED_AT_SOURCE_PREFLIGHT,ORIGINAL_FINANCIAL_CATALOG_BYTES_MISSING,source_inventory.json
2022-08,2022-08-01,XU100,EKGYO,REJECTED_AT_SOURCE_PREFLIGHT,ORIGINAL_FINANCIAL_CATALOG_BYTES_MISSING,source_inventory.json
2022-08,2022-08-01,XU100,ENJSA,REJECTED_AT_SOURCE_PREFLIGHT,ORIGINAL_FINANCIAL_CATALOG_BYTES_MISSING,source_inventory.json
2022-08,2022-08-01,XU100,ENKAI,REJECTED_AT_SOURCE_PREFLIGHT,ORIGINAL_FINANCIAL_CATALOG_BYTES_MISSING,source_inventory.json
2022-08,2022-08-01,XU100,ERBOS,REJECTED_AT_SOURCE_PREFLIGHT,ORIGINAL_FINANCIAL_CATALOG_BYTES_MISSING,source_inventory.json
2022-08,2022-08-01,XU100,EREGL,REJECTED_AT_SOURCE_PREFLIGHT,ORIGINAL_FINANCIAL_CATALOG_BYTES_MISSING,source_inventory.json
2022-08,2022-08-01,XU100,FROTO,REJECTED_AT_SOURCE_PREFLIGHT,ORIGINAL_FINANCIAL_CATALOG_BYTES_MISSING,source_inventory.json
2022-08,2022-08-01,XU100,GARAN,REJECTED_AT_SOURCE_PREFLIGHT,ORIGINAL_FINANCIAL_CATALOG_BYTES_MISSING,source_inventory.json
2022-08,2022-08-01,XU100,GENIL,REJECTED_AT_SOURCE_PREFLIGHT,ORIGINAL_FINANCIAL_CATALOG_BYTES_MISSING,source_inventory.json
2022-08,2022-08-01,XU100,GLYHO,REJECTED_AT_SOURCE_PREFLIGHT,ORIGINAL_FINANCIAL_CATALOG_BYTES_MISSING,source_inventory.json
2022-08,2022-08-01,XU100,GOZDE,REJECTED_AT_SOURCE_PREFLIGHT,ORIGINAL_FINANCIAL_CATALOG_BYTES_MISSING,source_inventory.json
2022-08,2022-08-01,XU100,GSDHO,REJECTED_AT_SOURCE_PREFLIGHT,ORIGINAL_FINANCIAL_CATALOG_BYTES_MISSING,source_inventory.json
2022-08,2022-08-01,XU100,GUBRF,REJECTED_AT_SOURCE_PREFLIGHT,ORIGINAL_FINANCIAL_CATALOG_BYTES_MISSING,source_inventory.json
2022-08,2022-08-01,XU100,GWIND,REJECTED_AT_SOURCE_PREFLIGHT,ORIGINAL_FINANCIAL_CATALOG_BYTES_MISSING,source_inventory.json
2022-08,2022-08-01,XU100,HALKB,REJECTED_AT_SOURCE_PREFLIGHT,ORIGINAL_FINANCIAL_CATALOG_BYTES_MISSING,source_inventory.json
2022-08,2022-08-01,XU100,HEKTS,REJECTED_AT_SOURCE_PREFLIGHT,ORIGINAL_FINANCIAL_CATALOG_BYTES_MISSING,source_inventory.json
2022-08,2022-08-01,XU100,INDES,REJECTED_AT_SOURCE_PREFLIGHT,ORIGINAL_FINANCIAL_CATALOG_BYTES_MISSING,source_inventory.json
2022-08,2022-08-01,XU100,INVES,REJECTED_AT_SOURCE_PREFLIGHT,ORIGINAL_FINANCIAL_CATALOG_BYTES_MISSING,source_inventory.json
2022-08,2022-08-01,XU100,IPEKE,REJECTED_AT_SOURCE_PREFLIGHT,ORIGINAL_FINANCIAL_CATALOG_BYTES_MISSING,source_inventory.json
2022-08,2022-08-01,XU100,ISCTR,REJECTED_AT_SOURCE_PREFLIGHT,ORIGINAL_FINANCIAL_CATALOG_BYTES_MISSING,source_inventory.json
2022-08,2022-08-01,XU100,ISDMR,REJECTED_AT_SOURCE_PREFLIGHT,ORIGINAL_FINANCIAL_CATALOG_BYTES_MISSING,source_inventory.json
2022-08,2022-08-01,XU100,ISFIN,REJECTED_AT_SOURCE_PREFLIGHT,ORIGINAL_FINANCIAL_CATALOG_BYTES_MISSING,source_inventory.json
2022-08,2022-08-01,XU100,ISGYO,REJECTED_AT_SOURCE_PREFLIGHT,ORIGINAL_FINANCIAL_CATALOG_BYTES_MISSING,source_inventory.json
2022-08,2022-08-01,XU100,ISMEN,REJECTED_AT_SOURCE_PREFLIGHT,ORIGINAL_FINANCIAL_CATALOG_BYTES_MISSING,source_inventory.json
2022-08,2022-08-01,XU100,JANTS,REJECTED_AT_SOURCE_PREFLIGHT,ORIGINAL_FINANCIAL_CATALOG_BYTES_MISSING,source_inventory.json
2022-08,2022-08-01,XU100,KARSN,REJECTED_AT_SOURCE_PREFLIGHT,ORIGINAL_FINANCIAL_CATALOG_BYTES_MISSING,source_inventory.json
2022-08,2022-08-01,XU100,KCHOL,REJECTED_AT_SOURCE_PREFLIGHT,ORIGINAL_FINANCIAL_CATALOG_BYTES_MISSING,source_inventory.json
2022-08,2022-08-01,XU100,KONTR,REJECTED_AT_SOURCE_PREFLIGHT,ORIGINAL_FINANCIAL_CATALOG_BYTES_MISSING,source_inventory.json
2022-08,2022-08-01,XU100,KORDS,REJECTED_AT_SOURCE_PREFLIGHT,ORIGINAL_FINANCIAL_CATALOG_BYTES_MISSING,source_inventory.json
2022-08,2022-08-01,XU100,KOZAA,REJECTED_AT_SOURCE_PREFLIGHT,ORIGINAL_FINANCIAL_CATALOG_BYTES_MISSING,source_inventory.json
2022-08,2022-08-01,XU100,KOZAL,REJECTED_AT_SOURCE_PREFLIGHT,ORIGINAL_FINANCIAL_CATALOG_BYTES_MISSING,source_inventory.json
2022-08,2022-08-01,XU100,KRDMD,REJECTED_AT_SOURCE_PREFLIGHT,ORIGINAL_FINANCIAL_CATALOG_BYTES_MISSING,source_inventory.json
2022-08,2022-08-01,XU100,LOGO,REJECTED_AT_SOURCE_PREFLIGHT,ORIGINAL_FINANCIAL_CATALOG_BYTES_MISSING,source_inventory.json
2022-08,2022-08-01,XU100,MAVI,REJECTED_AT_SOURCE_PREFLIGHT,ORIGINAL_FINANCIAL_CATALOG_BYTES_MISSING,source_inventory.json
2022-08,2022-08-01,XU100,MGROS,REJECTED_AT_SOURCE_PREFLIGHT,ORIGINAL_FINANCIAL_CATALOG_BYTES_MISSING,source_inventory.json
2022-08,2022-08-01,XU100,NTHOL,REJECTED_AT_SOURCE_PREFLIGHT,ORIGINAL_FINANCIAL_CATALOG_BYTES_MISSING,source_inventory.json
2022-08,2022-08-01,XU100,NUGYO,REJECTED_AT_SOURCE_PREFLIGHT,ORIGINAL_FINANCIAL_CATALOG_BYTES_MISSING,source_inventory.json
2022-08,2022-08-01,XU100,ODAS,REJECTED_AT_SOURCE_PREFLIGHT,ORIGINAL_FINANCIAL_CATALOG_BYTES_MISSING,source_inventory.json
2022-08,2022-08-01,XU100,OTKAR,REJECTED_AT_SOURCE_PREFLIGHT,ORIGINAL_FINANCIAL_CATALOG_BYTES_MISSING,source_inventory.json
2022-08,2022-08-01,XU100,OYAKC,REJECTED_AT_SOURCE_PREFLIGHT,ORIGINAL_FINANCIAL_CATALOG_BYTES_MISSING,source_inventory.json
2022-08,2022-08-01,XU100,PARSN,REJECTED_AT_SOURCE_PREFLIGHT,ORIGINAL_FINANCIAL_CATALOG_BYTES_MISSING,source_inventory.json
2022-08,2022-08-01,XU100,PETKM,REJECTED_AT_SOURCE_PREFLIGHT,ORIGINAL_FINANCIAL_CATALOG_BYTES_MISSING,source_inventory.json
2022-08,2022-08-01,XU100,PGSUS,REJECTED_AT_SOURCE_PREFLIGHT,ORIGINAL_FINANCIAL_CATALOG_BYTES_MISSING,source_inventory.json
2022-08,2022-08-01,XU100,PSGYO,REJECTED_AT_SOURCE_PREFLIGHT,ORIGINAL_FINANCIAL_CATALOG_BYTES_MISSING,source_inventory.json
2022-08,2022-08-01,XU100,QUAGR,REJECTED_AT_SOURCE_PREFLIGHT,ORIGINAL_FINANCIAL_CATALOG_BYTES_MISSING,source_inventory.json
2022-08,2022-08-01,XU100,SAHOL,REJECTED_AT_SOURCE_PREFLIGHT,ORIGINAL_FINANCIAL_CATALOG_BYTES_MISSING,source_inventory.json
2022-08,2022-08-01,XU100,SASA,REJECTED_AT_SOURCE_PREFLIGHT,ORIGINAL_FINANCIAL_CATALOG_BYTES_MISSING,source_inventory.json
2022-08,2022-08-01,XU100,SELEC,REJECTED_AT_SOURCE_PREFLIGHT,ORIGINAL_FINANCIAL_CATALOG_BYTES_MISSING,source_inventory.json
2022-08,2022-08-01,XU100,SISE,REJECTED_AT_SOURCE_PREFLIGHT,ORIGINAL_FINANCIAL_CATALOG_BYTES_MISSING,source_inventory.json
2022-08,2022-08-01,XU100,SKBNK,REJECTED_AT_SOURCE_PREFLIGHT,ORIGINAL_FINANCIAL_CATALOG_BYTES_MISSING,source_inventory.json
2022-08,2022-08-01,XU100,SNGYO,REJECTED_AT_SOURCE_PREFLIGHT,ORIGINAL_FINANCIAL_CATALOG_BYTES_MISSING,source_inventory.json
2022-08,2022-08-01,XU100,SOKM,REJECTED_AT_SOURCE_PREFLIGHT,ORIGINAL_FINANCIAL_CATALOG_BYTES_MISSING,source_inventory.json
2022-08,2022-08-01,XU100,TAVHL,REJECTED_AT_SOURCE_PREFLIGHT,ORIGINAL_FINANCIAL_CATALOG_BYTES_MISSING,source_inventory.json
2022-08,2022-08-01,XU100,TCELL,REJECTED_AT_SOURCE_PREFLIGHT,ORIGINAL_FINANCIAL_CATALOG_BYTES_MISSING,source_inventory.json
2022-08,2022-08-01,XU100,THYAO,REJECTED_AT_SOURCE_PREFLIGHT,ORIGINAL_FINANCIAL_CATALOG_BYTES_MISSING,source_inventory.json
2022-08,2022-08-01,XU100,TKFEN,REJECTED_AT_SOURCE_PREFLIGHT,ORIGINAL_FINANCIAL_CATALOG_BYTES_MISSING,source_inventory.json
2022-08,2022-08-01,XU100,TKNSA,REJECTED_AT_SOURCE_PREFLIGHT,ORIGINAL_FINANCIAL_CATALOG_BYTES_MISSING,source_inventory.json
2022-08,2022-08-01,XU100,TOASO,REJECTED_AT_SOURCE_PREFLIGHT,ORIGINAL_FINANCIAL_CATALOG_BYTES_MISSING,source_inventory.json
2022-08,2022-08-01,XU100,TRGYO,REJECTED_AT_SOURCE_PREFLIGHT,ORIGINAL_FINANCIAL_CATALOG_BYTES_MISSING,source_inventory.json
2022-08,2022-08-01,XU100,TRILC,REJECTED_AT_SOURCE_PREFLIGHT,ORIGINAL_FINANCIAL_CATALOG_BYTES_MISSING,source_inventory.json
2022-08,2022-08-01,XU100,TSKB,REJECTED_AT_SOURCE_PREFLIGHT,ORIGINAL_FINANCIAL_CATALOG_BYTES_MISSING,source_inventory.json
2022-08,2022-08-01,XU100,TTKOM,REJECTED_AT_SOURCE_PREFLIGHT,ORIGINAL_FINANCIAL_CATALOG_BYTES_MISSING,source_inventory.json
2022-08,2022-08-01,XU100,TTRAK,REJECTED_AT_SOURCE_PREFLIGHT,ORIGINAL_FINANCIAL_CATALOG_BYTES_MISSING,source_inventory.json
2022-08,2022-08-01,XU100,TUPRS,REJECTED_AT_SOURCE_PREFLIGHT,ORIGINAL_FINANCIAL_CATALOG_BYTES_MISSING,source_inventory.json
2022-08,2022-08-01,XU100,TURSG,REJECTED_AT_SOURCE_PREFLIGHT,ORIGINAL_FINANCIAL_CATALOG_BYTES_MISSING,source_inventory.json
2022-08,2022-08-01,XU100,ULKER,REJECTED_AT_SOURCE_PREFLIGHT,ORIGINAL_FINANCIAL_CATALOG_BYTES_MISSING,source_inventory.json
2022-08,2022-08-01,XU100,VAKBN,REJECTED_AT_SOURCE_PREFLIGHT,ORIGINAL_FINANCIAL_CATALOG_BYTES_MISSING,source_inventory.json
2022-08,2022-08-01,XU100,VESBE,REJECTED_AT_SOURCE_PREFLIGHT,ORIGINAL_FINANCIAL_CATALOG_BYTES_MISSING,source_inventory.json
2022-08,2022-08-01,XU100,VESTL,REJECTED_AT_SOURCE_PREFLIGHT,ORIGINAL_FINANCIAL_CATALOG_BYTES_MISSING,source_inventory.json
2022-08,2022-08-01,XU100,YATAS,REJECTED_AT_SOURCE_PREFLIGHT,ORIGINAL_FINANCIAL_CATALOG_BYTES_MISSING,source_inventory.json
2022-08,2022-08-01,XU100,YKBNK,REJECTED_AT_SOURCE_PREFLIGHT,ORIGINAL_FINANCIAL_CATALOG_BYTES_MISSING,source_inventory.json
2022-08,2022-08-01,XU100,ZOREN,REJECTED_AT_SOURCE_PREFLIGHT,ORIGINAL_FINANCIAL_CATALOG_BYTES_MISSING,source_inventory.json
2022-08,2022-08-01,XU100,ZRGYO,REJECTED_AT_SOURCE_PREFLIGHT,ORIGINAL_FINANCIAL_CATALOG_BYTES_MISSING,source_inventory.json
2022-09,2022-09-01,XU100,AEFES,REJECTED_AT_SOURCE_PREFLIGHT,ORIGINAL_FINANCIAL_CATALOG_BYTES_MISSING,source_inventory.json
2022-09,2022-09-01,XU100,AGHOL,REJECTED_AT_SOURCE_PREFLIGHT,ORIGINAL_FINANCIAL_CATALOG_BYTES_MISSING,source_inventory.json
2022-09,2022-09-01,XU100,AKBNK,REJECTED_AT_SOURCE_PREFLIGHT,ORIGINAL_FINANCIAL_CATALOG_BYTES_MISSING,source_inventory.json
2022-09,2022-09-01,XU100,AKFGY,REJECTED_AT_SOURCE_PREFLIGHT,ORIGINAL_FINANCIAL_CATALOG_BYTES_MISSING,source_inventory.json
2022-09,2022-09-01,XU100,AKSA,REJECTED_AT_SOURCE_PREFLIGHT,ORIGINAL_FINANCIAL_CATALOG_BYTES_MISSING,source_inventory.json
2022-09,2022-09-01,XU100,AKSEN,REJECTED_AT_SOURCE_PREFLIGHT,ORIGINAL_FINANCIAL_CATALOG_BYTES_MISSING,source_inventory.json
2022-09,2022-09-01,XU100,ALARK,REJECTED_AT_SOURCE_PREFLIGHT,ORIGINAL_FINANCIAL_CATALOG_BYTES_MISSING,source_inventory.json
2022-09,2022-09-01,XU100,ALBRK,REJECTED_AT_SOURCE_PREFLIGHT,ORIGINAL_FINANCIAL_CATALOG_BYTES_MISSING,source_inventory.json
2022-09,2022-09-01,XU100,ALGYO,REJECTED_AT_SOURCE_PREFLIGHT,ORIGINAL_FINANCIAL_CATALOG_BYTES_MISSING,source_inventory.json
2022-09,2022-09-01,XU100,ALKIM,REJECTED_AT_SOURCE_PREFLIGHT,ORIGINAL_FINANCIAL_CATALOG_BYTES_MISSING,source_inventory.json
2022-09,2022-09-01,XU100,ARCLK,REJECTED_AT_SOURCE_PREFLIGHT,ORIGINAL_FINANCIAL_CATALOG_BYTES_MISSING,source_inventory.json
2022-09,2022-09-01,XU100,ARDYZ,REJECTED_AT_SOURCE_PREFLIGHT,ORIGINAL_FINANCIAL_CATALOG_BYTES_MISSING,source_inventory.json
2022-09,2022-09-01,XU100,ASELS,REJECTED_AT_SOURCE_PREFLIGHT,ORIGINAL_FINANCIAL_CATALOG_BYTES_MISSING,source_inventory.json
2022-09,2022-09-01,XU100,AYDEM,REJECTED_AT_SOURCE_PREFLIGHT,ORIGINAL_FINANCIAL_CATALOG_BYTES_MISSING,source_inventory.json
2022-09,2022-09-01,XU100,BAGFS,REJECTED_AT_SOURCE_PREFLIGHT,ORIGINAL_FINANCIAL_CATALOG_BYTES_MISSING,source_inventory.json
2022-09,2022-09-01,XU100,BASGZ,REJECTED_AT_SOURCE_PREFLIGHT,ORIGINAL_FINANCIAL_CATALOG_BYTES_MISSING,source_inventory.json
2022-09,2022-09-01,XU100,BERA,REJECTED_AT_SOURCE_PREFLIGHT,ORIGINAL_FINANCIAL_CATALOG_BYTES_MISSING,source_inventory.json
2022-09,2022-09-01,XU100,BIMAS,REJECTED_AT_SOURCE_PREFLIGHT,ORIGINAL_FINANCIAL_CATALOG_BYTES_MISSING,source_inventory.json
2022-09,2022-09-01,XU100,BRYAT,REJECTED_AT_SOURCE_PREFLIGHT,ORIGINAL_FINANCIAL_CATALOG_BYTES_MISSING,source_inventory.json
2022-09,2022-09-01,XU100,BUCIM,REJECTED_AT_SOURCE_PREFLIGHT,ORIGINAL_FINANCIAL_CATALOG_BYTES_MISSING,source_inventory.json
2022-09,2022-09-01,XU100,CCOLA,REJECTED_AT_SOURCE_PREFLIGHT,ORIGINAL_FINANCIAL_CATALOG_BYTES_MISSING,source_inventory.json
2022-09,2022-09-01,XU100,CEMTS,REJECTED_AT_SOURCE_PREFLIGHT,ORIGINAL_FINANCIAL_CATALOG_BYTES_MISSING,source_inventory.json
2022-09,2022-09-01,XU100,CIMSA,REJECTED_AT_SOURCE_PREFLIGHT,ORIGINAL_FINANCIAL_CATALOG_BYTES_MISSING,source_inventory.json
2022-09,2022-09-01,XU100,DEVA,REJECTED_AT_SOURCE_PREFLIGHT,ORIGINAL_FINANCIAL_CATALOG_BYTES_MISSING,source_inventory.json
2022-09,2022-09-01,XU100,DOAS,REJECTED_AT_SOURCE_PREFLIGHT,ORIGINAL_FINANCIAL_CATALOG_BYTES_MISSING,source_inventory.json
2022-09,2022-09-01,XU100,DOHOL,REJECTED_AT_SOURCE_PREFLIGHT,ORIGINAL_FINANCIAL_CATALOG_BYTES_MISSING,source_inventory.json
2022-09,2022-09-01,XU100,ECILC,REJECTED_AT_SOURCE_PREFLIGHT,ORIGINAL_FINANCIAL_CATALOG_BYTES_MISSING,source_inventory.json
2022-09,2022-09-01,XU100,EGEEN,REJECTED_AT_SOURCE_PREFLIGHT,ORIGINAL_FINANCIAL_CATALOG_BYTES_MISSING,source_inventory.json
2022-09,2022-09-01,XU100,EKGYO,REJECTED_AT_SOURCE_PREFLIGHT,ORIGINAL_FINANCIAL_CATALOG_BYTES_MISSING,source_inventory.json
2022-09,2022-09-01,XU100,ENJSA,REJECTED_AT_SOURCE_PREFLIGHT,ORIGINAL_FINANCIAL_CATALOG_BYTES_MISSING,source_inventory.json
2022-09,2022-09-01,XU100,ENKAI,REJECTED_AT_SOURCE_PREFLIGHT,ORIGINAL_FINANCIAL_CATALOG_BYTES_MISSING,source_inventory.json
2022-09,2022-09-01,XU100,ERBOS,REJECTED_AT_SOURCE_PREFLIGHT,ORIGINAL_FINANCIAL_CATALOG_BYTES_MISSING,source_inventory.json
2022-09,2022-09-01,XU100,EREGL,REJECTED_AT_SOURCE_PREFLIGHT,ORIGINAL_FINANCIAL_CATALOG_BYTES_MISSING,source_inventory.json
2022-09,2022-09-01,XU100,FROTO,REJECTED_AT_SOURCE_PREFLIGHT,ORIGINAL_FINANCIAL_CATALOG_BYTES_MISSING,source_inventory.json
2022-09,2022-09-01,XU100,GARAN,REJECTED_AT_SOURCE_PREFLIGHT,ORIGINAL_FINANCIAL_CATALOG_BYTES_MISSING,source_inventory.json
2022-09,2022-09-01,XU100,GENIL,REJECTED_AT_SOURCE_PREFLIGHT,ORIGINAL_FINANCIAL_CATALOG_BYTES_MISSING,source_inventory.json
2022-09,2022-09-01,XU100,GLYHO,REJECTED_AT_SOURCE_PREFLIGHT,ORIGINAL_FINANCIAL_CATALOG_BYTES_MISSING,source_inventory.json
2022-09,2022-09-01,XU100,GOZDE,REJECTED_AT_SOURCE_PREFLIGHT,ORIGINAL_FINANCIAL_CATALOG_BYTES_MISSING,source_inventory.json
2022-09,2022-09-01,XU100,GSDHO,REJECTED_AT_SOURCE_PREFLIGHT,ORIGINAL_FINANCIAL_CATALOG_BYTES_MISSING,source_inventory.json
2022-09,2022-09-01,XU100,GUBRF,REJECTED_AT_SOURCE_PREFLIGHT,ORIGINAL_FINANCIAL_CATALOG_BYTES_MISSING,source_inventory.json
2022-09,2022-09-01,XU100,GWIND,REJECTED_AT_SOURCE_PREFLIGHT,ORIGINAL_FINANCIAL_CATALOG_BYTES_MISSING,source_inventory.json
2022-09,2022-09-01,XU100,HALKB,REJECTED_AT_SOURCE_PREFLIGHT,ORIGINAL_FINANCIAL_CATALOG_BYTES_MISSING,source_inventory.json
2022-09,2022-09-01,XU100,HEKTS,REJECTED_AT_SOURCE_PREFLIGHT,ORIGINAL_FINANCIAL_CATALOG_BYTES_MISSING,source_inventory.json
2022-09,2022-09-01,XU100,INDES,REJECTED_AT_SOURCE_PREFLIGHT,ORIGINAL_FINANCIAL_CATALOG_BYTES_MISSING,source_inventory.json
2022-09,2022-09-01,XU100,INVES,REJECTED_AT_SOURCE_PREFLIGHT,ORIGINAL_FINANCIAL_CATALOG_BYTES_MISSING,source_inventory.json
2022-09,2022-09-01,XU100,IPEKE,REJECTED_AT_SOURCE_PREFLIGHT,ORIGINAL_FINANCIAL_CATALOG_BYTES_MISSING,source_inventory.json
2022-09,2022-09-01,XU100,ISCTR,REJECTED_AT_SOURCE_PREFLIGHT,ORIGINAL_FINANCIAL_CATALOG_BYTES_MISSING,source_inventory.json
2022-09,2022-09-01,XU100,ISDMR,REJECTED_AT_SOURCE_PREFLIGHT,ORIGINAL_FINANCIAL_CATALOG_BYTES_MISSING,source_inventory.json
2022-09,2022-09-01,XU100,ISFIN,REJECTED_AT_SOURCE_PREFLIGHT,ORIGINAL_FINANCIAL_CATALOG_BYTES_MISSING,source_inventory.json
2022-09,2022-09-01,XU100,ISGYO,REJECTED_AT_SOURCE_PREFLIGHT,ORIGINAL_FINANCIAL_CATALOG_BYTES_MISSING,source_inventory.json
2022-09,2022-09-01,XU100,ISMEN,REJECTED_AT_SOURCE_PREFLIGHT,ORIGINAL_FINANCIAL_CATALOG_BYTES_MISSING,source_inventory.json
2022-09,2022-09-01,XU100,JANTS,REJECTED_AT_SOURCE_PREFLIGHT,ORIGINAL_FINANCIAL_CATALOG_BYTES_MISSING,source_inventory.json
2022-09,2022-09-01,XU100,KARSN,REJECTED_AT_SOURCE_PREFLIGHT,ORIGINAL_FINANCIAL_CATALOG_BYTES_MISSING,source_inventory.json
2022-09,2022-09-01,XU100,KCHOL,REJECTED_AT_SOURCE_PREFLIGHT,ORIGINAL_FINANCIAL_CATALOG_BYTES_MISSING,source_inventory.json
2022-09,2022-09-01,XU100,KONTR,REJECTED_AT_SOURCE_PREFLIGHT,ORIGINAL_FINANCIAL_CATALOG_BYTES_MISSING,source_inventory.json
2022-09,2022-09-01,XU100,KORDS,REJECTED_AT_SOURCE_PREFLIGHT,ORIGINAL_FINANCIAL_CATALOG_BYTES_MISSING,source_inventory.json
2022-09,2022-09-01,XU100,KOZAA,REJECTED_AT_SOURCE_PREFLIGHT,ORIGINAL_FINANCIAL_CATALOG_BYTES_MISSING,source_inventory.json
2022-09,2022-09-01,XU100,KOZAL,REJECTED_AT_SOURCE_PREFLIGHT,ORIGINAL_FINANCIAL_CATALOG_BYTES_MISSING,source_inventory.json
2022-09,2022-09-01,XU100,KRDMD,REJECTED_AT_SOURCE_PREFLIGHT,ORIGINAL_FINANCIAL_CATALOG_BYTES_MISSING,source_inventory.json
2022-09,2022-09-01,XU100,LOGO,REJECTED_AT_SOURCE_PREFLIGHT,ORIGINAL_FINANCIAL_CATALOG_BYTES_MISSING,source_inventory.json
2022-09,2022-09-01,XU100,MAVI,REJECTED_AT_SOURCE_PREFLIGHT,ORIGINAL_FINANCIAL_CATALOG_BYTES_MISSING,source_inventory.json
2022-09,2022-09-01,XU100,MGROS,REJECTED_AT_SOURCE_PREFLIGHT,ORIGINAL_FINANCIAL_CATALOG_BYTES_MISSING,source_inventory.json
2022-09,2022-09-01,XU100,NTHOL,REJECTED_AT_SOURCE_PREFLIGHT,ORIGINAL_FINANCIAL_CATALOG_BYTES_MISSING,source_inventory.json
2022-09,2022-09-01,XU100,NUGYO,REJECTED_AT_SOURCE_PREFLIGHT,ORIGINAL_FINANCIAL_CATALOG_BYTES_MISSING,source_inventory.json
2022-09,2022-09-01,XU100,ODAS,REJECTED_AT_SOURCE_PREFLIGHT,ORIGINAL_FINANCIAL_CATALOG_BYTES_MISSING,source_inventory.json
2022-09,2022-09-01,XU100,OTKAR,REJECTED_AT_SOURCE_PREFLIGHT,ORIGINAL_FINANCIAL_CATALOG_BYTES_MISSING,source_inventory.json
2022-09,2022-09-01,XU100,OYAKC,REJECTED_AT_SOURCE_PREFLIGHT,ORIGINAL_FINANCIAL_CATALOG_BYTES_MISSING,source_inventory.json
2022-09,2022-09-01,XU100,PARSN,REJECTED_AT_SOURCE_PREFLIGHT,ORIGINAL_FINANCIAL_CATALOG_BYTES_MISSING,source_inventory.json
2022-09,2022-09-01,XU100,PETKM,REJECTED_AT_SOURCE_PREFLIGHT,ORIGINAL_FINANCIAL_CATALOG_BYTES_MISSING,source_inventory.json
2022-09,2022-09-01,XU100,PGSUS,REJECTED_AT_SOURCE_PREFLIGHT,ORIGINAL_FINANCIAL_CATALOG_BYTES_MISSING,source_inventory.json
2022-09,2022-09-01,XU100,PSGYO,REJECTED_AT_SOURCE_PREFLIGHT,ORIGINAL_FINANCIAL_CATALOG_BYTES_MISSING,source_inventory.json
2022-09,2022-09-01,XU100,QUAGR,REJECTED_AT_SOURCE_PREFLIGHT,ORIGINAL_FINANCIAL_CATALOG_BYTES_MISSING,source_inventory.json
2022-09,2022-09-01,XU100,SAHOL,REJECTED_AT_SOURCE_PREFLIGHT,ORIGINAL_FINANCIAL_CATALOG_BYTES_MISSING,source_inventory.json
2022-09,2022-09-01,XU100,SASA,REJECTED_AT_SOURCE_PREFLIGHT,ORIGINAL_FINANCIAL_CATALOG_BYTES_MISSING,source_inventory.json
2022-09,2022-09-01,XU100,SELEC,REJECTED_AT_SOURCE_PREFLIGHT,ORIGINAL_FINANCIAL_CATALOG_BYTES_MISSING,source_inventory.json
2022-09,2022-09-01,XU100,SISE,REJECTED_AT_SOURCE_PREFLIGHT,ORIGINAL_FINANCIAL_CATALOG_BYTES_MISSING,source_inventory.json
2022-09,2022-09-01,XU100,SKBNK,REJECTED_AT_SOURCE_PREFLIGHT,ORIGINAL_FINANCIAL_CATALOG_BYTES_MISSING,source_inventory.json
2022-09,2022-09-01,XU100,SNGYO,REJECTED_AT_SOURCE_PREFLIGHT,ORIGINAL_FINANCIAL_CATALOG_BYTES_MISSING,source_inventory.json
2022-09,2022-09-01,XU100,SOKM,REJECTED_AT_SOURCE_PREFLIGHT,ORIGINAL_FINANCIAL_CATALOG_BYTES_MISSING,source_inventory.json
2022-09,2022-09-01,XU100,TAVHL,REJECTED_AT_SOURCE_PREFLIGHT,ORIGINAL_FINANCIAL_CATALOG_BYTES_MISSING,source_inventory.json
2022-09,2022-09-01,XU100,TCELL,REJECTED_AT_SOURCE_PREFLIGHT,ORIGINAL_FINANCIAL_CATALOG_BYTES_MISSING,source_inventory.json
2022-09,2022-09-01,XU100,THYAO,REJECTED_AT_SOURCE_PREFLIGHT,ORIGINAL_FINANCIAL_CATALOG_BYTES_MISSING,source_inventory.json
2022-09,2022-09-01,XU100,TKFEN,REJECTED_AT_SOURCE_PREFLIGHT,ORIGINAL_FINANCIAL_CATALOG_BYTES_MISSING,source_inventory.json
2022-09,2022-09-01,XU100,TKNSA,REJECTED_AT_SOURCE_PREFLIGHT,ORIGINAL_FINANCIAL_CATALOG_BYTES_MISSING,source_inventory.json
2022-09,2022-09-01,XU100,TOASO,REJECTED_AT_SOURCE_PREFLIGHT,ORIGINAL_FINANCIAL_CATALOG_BYTES_MISSING,source_inventory.json
2022-09,2022-09-01,XU100,TRGYO,REJECTED_AT_SOURCE_PREFLIGHT,ORIGINAL_FINANCIAL_CATALOG_BYTES_MISSING,source_inventory.json
2022-09,2022-09-01,XU100,TRILC,REJECTED_AT_SOURCE_PREFLIGHT,ORIGINAL_FINANCIAL_CATALOG_BYTES_MISSING,source_inventory.json
2022-09,2022-09-01,XU100,TSKB,REJECTED_AT_SOURCE_PREFLIGHT,ORIGINAL_FINANCIAL_CATALOG_BYTES_MISSING,source_inventory.json
2022-09,2022-09-01,XU100,TTKOM,REJECTED_AT_SOURCE_PREFLIGHT,ORIGINAL_FINANCIAL_CATALOG_BYTES_MISSING,source_inventory.json
2022-09,2022-09-01,XU100,TTRAK,REJECTED_AT_SOURCE_PREFLIGHT,ORIGINAL_FINANCIAL_CATALOG_BYTES_MISSING,source_inventory.json
2022-09,2022-09-01,XU100,TUPRS,REJECTED_AT_SOURCE_PREFLIGHT,ORIGINAL_FINANCIAL_CATALOG_BYTES_MISSING,source_inventory.json
2022-09,2022-09-01,XU100,TURSG,REJECTED_AT_SOURCE_PREFLIGHT,ORIGINAL_FINANCIAL_CATALOG_BYTES_MISSING,source_inventory.json
2022-09,2022-09-01,XU100,ULKER,REJECTED_AT_SOURCE_PREFLIGHT,ORIGINAL_FINANCIAL_CATALOG_BYTES_MISSING,source_inventory.json
2022-09,2022-09-01,XU100,VAKBN,REJECTED_AT_SOURCE_PREFLIGHT,ORIGINAL_FINANCIAL_CATALOG_BYTES_MISSING,source_inventory.json
2022-09,2022-09-01,XU100,VESBE,REJECTED_AT_SOURCE_PREFLIGHT,ORIGINAL_FINANCIAL_CATALOG_BYTES_MISSING,source_inventory.json
2022-09,2022-09-01,XU100,VESTL,REJECTED_AT_SOURCE_PREFLIGHT,ORIGINAL_FINANCIAL_CATALOG_BYTES_MISSING,source_inventory.json
2022-09,2022-09-01,XU100,YATAS,REJECTED_AT_SOURCE_PREFLIGHT,ORIGINAL_FINANCIAL_CATALOG_BYTES_MISSING,source_inventory.json
2022-09,2022-09-01,XU100,YKBNK,REJECTED_AT_SOURCE_PREFLIGHT,ORIGINAL_FINANCIAL_CATALOG_BYTES_MISSING,source_inventory.json
2022-09,2022-09-01,XU100,ZOREN,REJECTED_AT_SOURCE_PREFLIGHT,ORIGINAL_FINANCIAL_CATALOG_BYTES_MISSING,source_inventory.json
2022-09,2022-09-01,XU100,ZRGYO,REJECTED_AT_SOURCE_PREFLIGHT,ORIGINAL_FINANCIAL_CATALOG_BYTES_MISSING,source_inventory.json
2022-10,2022-10-03,XU100,AEFES,REJECTED_AT_SOURCE_PREFLIGHT,ORIGINAL_FINANCIAL_CATALOG_BYTES_MISSING,source_inventory.json
2022-10,2022-10-03,XU100,AGHOL,REJECTED_AT_SOURCE_PREFLIGHT,ORIGINAL_FINANCIAL_CATALOG_BYTES_MISSING,source_inventory.json
2022-10,2022-10-03,XU100,AKBNK,REJECTED_AT_SOURCE_PREFLIGHT,ORIGINAL_FINANCIAL_CATALOG_BYTES_MISSING,source_inventory.json
2022-10,2022-10-03,XU100,AKFGY,REJECTED_AT_SOURCE_PREFLIGHT,ORIGINAL_FINANCIAL_CATALOG_BYTES_MISSING,source_inventory.json
2022-10,2022-10-03,XU100,AKSA,REJECTED_AT_SOURCE_PREFLIGHT,ORIGINAL_FINANCIAL_CATALOG_BYTES_MISSING,source_inventory.json
2022-10,2022-10-03,XU100,AKSEN,REJECTED_AT_SOURCE_PREFLIGHT,ORIGINAL_FINANCIAL_CATALOG_BYTES_MISSING,source_inventory.json
2022-10,2022-10-03,XU100,ALARK,REJECTED_AT_SOURCE_PREFLIGHT,ORIGINAL_FINANCIAL_CATALOG_BYTES_MISSING,source_inventory.json
2022-10,2022-10-03,XU100,ALBRK,REJECTED_AT_SOURCE_PREFLIGHT,ORIGINAL_FINANCIAL_CATALOG_BYTES_MISSING,source_inventory.json
2022-10,2022-10-03,XU100,ALGYO,REJECTED_AT_SOURCE_PREFLIGHT,ORIGINAL_FINANCIAL_CATALOG_BYTES_MISSING,source_inventory.json
2022-10,2022-10-03,XU100,ALKIM,REJECTED_AT_SOURCE_PREFLIGHT,ORIGINAL_FINANCIAL_CATALOG_BYTES_MISSING,source_inventory.json
2022-10,2022-10-03,XU100,ARCLK,REJECTED_AT_SOURCE_PREFLIGHT,ORIGINAL_FINANCIAL_CATALOG_BYTES_MISSING,source_inventory.json
2022-10,2022-10-03,XU100,ASELS,REJECTED_AT_SOURCE_PREFLIGHT,ORIGINAL_FINANCIAL_CATALOG_BYTES_MISSING,source_inventory.json
2022-10,2022-10-03,XU100,AYDEM,REJECTED_AT_SOURCE_PREFLIGHT,ORIGINAL_FINANCIAL_CATALOG_BYTES_MISSING,source_inventory.json
2022-10,2022-10-03,XU100,BAGFS,REJECTED_AT_SOURCE_PREFLIGHT,ORIGINAL_FINANCIAL_CATALOG_BYTES_MISSING,source_inventory.json
2022-10,2022-10-03,XU100,BASGZ,REJECTED_AT_SOURCE_PREFLIGHT,ORIGINAL_FINANCIAL_CATALOG_BYTES_MISSING,source_inventory.json
2022-10,2022-10-03,XU100,BERA,REJECTED_AT_SOURCE_PREFLIGHT,ORIGINAL_FINANCIAL_CATALOG_BYTES_MISSING,source_inventory.json
2022-10,2022-10-03,XU100,BIMAS,REJECTED_AT_SOURCE_PREFLIGHT,ORIGINAL_FINANCIAL_CATALOG_BYTES_MISSING,source_inventory.json
2022-10,2022-10-03,XU100,BRYAT,REJECTED_AT_SOURCE_PREFLIGHT,ORIGINAL_FINANCIAL_CATALOG_BYTES_MISSING,source_inventory.json
2022-10,2022-10-03,XU100,BUCIM,REJECTED_AT_SOURCE_PREFLIGHT,ORIGINAL_FINANCIAL_CATALOG_BYTES_MISSING,source_inventory.json
2022-10,2022-10-03,XU100,CCOLA,REJECTED_AT_SOURCE_PREFLIGHT,ORIGINAL_FINANCIAL_CATALOG_BYTES_MISSING,source_inventory.json
2022-10,2022-10-03,XU100,CEMTS,REJECTED_AT_SOURCE_PREFLIGHT,ORIGINAL_FINANCIAL_CATALOG_BYTES_MISSING,source_inventory.json
2022-10,2022-10-03,XU100,CIMSA,REJECTED_AT_SOURCE_PREFLIGHT,ORIGINAL_FINANCIAL_CATALOG_BYTES_MISSING,source_inventory.json
2022-10,2022-10-03,XU100,DEVA,REJECTED_AT_SOURCE_PREFLIGHT,ORIGINAL_FINANCIAL_CATALOG_BYTES_MISSING,source_inventory.json
2022-10,2022-10-03,XU100,DOAS,REJECTED_AT_SOURCE_PREFLIGHT,ORIGINAL_FINANCIAL_CATALOG_BYTES_MISSING,source_inventory.json
2022-10,2022-10-03,XU100,DOHOL,REJECTED_AT_SOURCE_PREFLIGHT,ORIGINAL_FINANCIAL_CATALOG_BYTES_MISSING,source_inventory.json
2022-10,2022-10-03,XU100,ECILC,REJECTED_AT_SOURCE_PREFLIGHT,ORIGINAL_FINANCIAL_CATALOG_BYTES_MISSING,source_inventory.json
2022-10,2022-10-03,XU100,EGEEN,REJECTED_AT_SOURCE_PREFLIGHT,ORIGINAL_FINANCIAL_CATALOG_BYTES_MISSING,source_inventory.json
2022-10,2022-10-03,XU100,EKGYO,REJECTED_AT_SOURCE_PREFLIGHT,ORIGINAL_FINANCIAL_CATALOG_BYTES_MISSING,source_inventory.json
2022-10,2022-10-03,XU100,ENJSA,REJECTED_AT_SOURCE_PREFLIGHT,ORIGINAL_FINANCIAL_CATALOG_BYTES_MISSING,source_inventory.json
2022-10,2022-10-03,XU100,ENKAI,REJECTED_AT_SOURCE_PREFLIGHT,ORIGINAL_FINANCIAL_CATALOG_BYTES_MISSING,source_inventory.json
2022-10,2022-10-03,XU100,ERBOS,REJECTED_AT_SOURCE_PREFLIGHT,ORIGINAL_FINANCIAL_CATALOG_BYTES_MISSING,source_inventory.json
2022-10,2022-10-03,XU100,EREGL,REJECTED_AT_SOURCE_PREFLIGHT,ORIGINAL_FINANCIAL_CATALOG_BYTES_MISSING,source_inventory.json
2022-10,2022-10-03,XU100,FROTO,REJECTED_AT_SOURCE_PREFLIGHT,ORIGINAL_FINANCIAL_CATALOG_BYTES_MISSING,source_inventory.json
2022-10,2022-10-03,XU100,GARAN,REJECTED_AT_SOURCE_PREFLIGHT,ORIGINAL_FINANCIAL_CATALOG_BYTES_MISSING,source_inventory.json
2022-10,2022-10-03,XU100,GENIL,REJECTED_AT_SOURCE_PREFLIGHT,ORIGINAL_FINANCIAL_CATALOG_BYTES_MISSING,source_inventory.json
2022-10,2022-10-03,XU100,GESAN,REJECTED_AT_SOURCE_PREFLIGHT,ORIGINAL_FINANCIAL_CATALOG_BYTES_MISSING,source_inventory.json
2022-10,2022-10-03,XU100,GLYHO,REJECTED_AT_SOURCE_PREFLIGHT,ORIGINAL_FINANCIAL_CATALOG_BYTES_MISSING,source_inventory.json
2022-10,2022-10-03,XU100,GOZDE,REJECTED_AT_SOURCE_PREFLIGHT,ORIGINAL_FINANCIAL_CATALOG_BYTES_MISSING,source_inventory.json
2022-10,2022-10-03,XU100,GSDHO,REJECTED_AT_SOURCE_PREFLIGHT,ORIGINAL_FINANCIAL_CATALOG_BYTES_MISSING,source_inventory.json
2022-10,2022-10-03,XU100,GUBRF,REJECTED_AT_SOURCE_PREFLIGHT,ORIGINAL_FINANCIAL_CATALOG_BYTES_MISSING,source_inventory.json
2022-10,2022-10-03,XU100,GWIND,REJECTED_AT_SOURCE_PREFLIGHT,ORIGINAL_FINANCIAL_CATALOG_BYTES_MISSING,source_inventory.json
2022-10,2022-10-03,XU100,HALKB,REJECTED_AT_SOURCE_PREFLIGHT,ORIGINAL_FINANCIAL_CATALOG_BYTES_MISSING,source_inventory.json
2022-10,2022-10-03,XU100,HEKTS,REJECTED_AT_SOURCE_PREFLIGHT,ORIGINAL_FINANCIAL_CATALOG_BYTES_MISSING,source_inventory.json
2022-10,2022-10-03,XU100,IPEKE,REJECTED_AT_SOURCE_PREFLIGHT,ORIGINAL_FINANCIAL_CATALOG_BYTES_MISSING,source_inventory.json
2022-10,2022-10-03,XU100,ISCTR,REJECTED_AT_SOURCE_PREFLIGHT,ORIGINAL_FINANCIAL_CATALOG_BYTES_MISSING,source_inventory.json
2022-10,2022-10-03,XU100,ISDMR,REJECTED_AT_SOURCE_PREFLIGHT,ORIGINAL_FINANCIAL_CATALOG_BYTES_MISSING,source_inventory.json
2022-10,2022-10-03,XU100,ISFIN,REJECTED_AT_SOURCE_PREFLIGHT,ORIGINAL_FINANCIAL_CATALOG_BYTES_MISSING,source_inventory.json
2022-10,2022-10-03,XU100,ISGYO,REJECTED_AT_SOURCE_PREFLIGHT,ORIGINAL_FINANCIAL_CATALOG_BYTES_MISSING,source_inventory.json
2022-10,2022-10-03,XU100,ISMEN,REJECTED_AT_SOURCE_PREFLIGHT,ORIGINAL_FINANCIAL_CATALOG_BYTES_MISSING,source_inventory.json
2022-10,2022-10-03,XU100,JANTS,REJECTED_AT_SOURCE_PREFLIGHT,ORIGINAL_FINANCIAL_CATALOG_BYTES_MISSING,source_inventory.json
2022-10,2022-10-03,XU100,KARSN,REJECTED_AT_SOURCE_PREFLIGHT,ORIGINAL_FINANCIAL_CATALOG_BYTES_MISSING,source_inventory.json
2022-10,2022-10-03,XU100,KARTN,REJECTED_AT_SOURCE_PREFLIGHT,ORIGINAL_FINANCIAL_CATALOG_BYTES_MISSING,source_inventory.json
2022-10,2022-10-03,XU100,KCHOL,REJECTED_AT_SOURCE_PREFLIGHT,ORIGINAL_FINANCIAL_CATALOG_BYTES_MISSING,source_inventory.json
2022-10,2022-10-03,XU100,KONTR,REJECTED_AT_SOURCE_PREFLIGHT,ORIGINAL_FINANCIAL_CATALOG_BYTES_MISSING,source_inventory.json
2022-10,2022-10-03,XU100,KORDS,REJECTED_AT_SOURCE_PREFLIGHT,ORIGINAL_FINANCIAL_CATALOG_BYTES_MISSING,source_inventory.json
2022-10,2022-10-03,XU100,KOZAA,REJECTED_AT_SOURCE_PREFLIGHT,ORIGINAL_FINANCIAL_CATALOG_BYTES_MISSING,source_inventory.json
2022-10,2022-10-03,XU100,KOZAL,REJECTED_AT_SOURCE_PREFLIGHT,ORIGINAL_FINANCIAL_CATALOG_BYTES_MISSING,source_inventory.json
2022-10,2022-10-03,XU100,KRDMD,REJECTED_AT_SOURCE_PREFLIGHT,ORIGINAL_FINANCIAL_CATALOG_BYTES_MISSING,source_inventory.json
2022-10,2022-10-03,XU100,LOGO,REJECTED_AT_SOURCE_PREFLIGHT,ORIGINAL_FINANCIAL_CATALOG_BYTES_MISSING,source_inventory.json
2022-10,2022-10-03,XU100,MAVI,REJECTED_AT_SOURCE_PREFLIGHT,ORIGINAL_FINANCIAL_CATALOG_BYTES_MISSING,source_inventory.json
2022-10,2022-10-03,XU100,MGROS,REJECTED_AT_SOURCE_PREFLIGHT,ORIGINAL_FINANCIAL_CATALOG_BYTES_MISSING,source_inventory.json
2022-10,2022-10-03,XU100,NTHOL,REJECTED_AT_SOURCE_PREFLIGHT,ORIGINAL_FINANCIAL_CATALOG_BYTES_MISSING,source_inventory.json
2022-10,2022-10-03,XU100,NUGYO,REJECTED_AT_SOURCE_PREFLIGHT,ORIGINAL_FINANCIAL_CATALOG_BYTES_MISSING,source_inventory.json
2022-10,2022-10-03,XU100,ODAS,REJECTED_AT_SOURCE_PREFLIGHT,ORIGINAL_FINANCIAL_CATALOG_BYTES_MISSING,source_inventory.json
2022-10,2022-10-03,XU100,OTKAR,REJECTED_AT_SOURCE_PREFLIGHT,ORIGINAL_FINANCIAL_CATALOG_BYTES_MISSING,source_inventory.json
2022-10,2022-10-03,XU100,OYAKC,REJECTED_AT_SOURCE_PREFLIGHT,ORIGINAL_FINANCIAL_CATALOG_BYTES_MISSING,source_inventory.json
2022-10,2022-10-03,XU100,PETKM,REJECTED_AT_SOURCE_PREFLIGHT,ORIGINAL_FINANCIAL_CATALOG_BYTES_MISSING,source_inventory.json
2022-10,2022-10-03,XU100,PGSUS,REJECTED_AT_SOURCE_PREFLIGHT,ORIGINAL_FINANCIAL_CATALOG_BYTES_MISSING,source_inventory.json
2022-10,2022-10-03,XU100,PRKAB,REJECTED_AT_SOURCE_PREFLIGHT,ORIGINAL_FINANCIAL_CATALOG_BYTES_MISSING,source_inventory.json
2022-10,2022-10-03,XU100,PSGYO,REJECTED_AT_SOURCE_PREFLIGHT,ORIGINAL_FINANCIAL_CATALOG_BYTES_MISSING,source_inventory.json
2022-10,2022-10-03,XU100,QUAGR,REJECTED_AT_SOURCE_PREFLIGHT,ORIGINAL_FINANCIAL_CATALOG_BYTES_MISSING,source_inventory.json
2022-10,2022-10-03,XU100,SAHOL,REJECTED_AT_SOURCE_PREFLIGHT,ORIGINAL_FINANCIAL_CATALOG_BYTES_MISSING,source_inventory.json
2022-10,2022-10-03,XU100,SASA,REJECTED_AT_SOURCE_PREFLIGHT,ORIGINAL_FINANCIAL_CATALOG_BYTES_MISSING,source_inventory.json
2022-10,2022-10-03,XU100,SELEC,REJECTED_AT_SOURCE_PREFLIGHT,ORIGINAL_FINANCIAL_CATALOG_BYTES_MISSING,source_inventory.json
2022-10,2022-10-03,XU100,SISE,REJECTED_AT_SOURCE_PREFLIGHT,ORIGINAL_FINANCIAL_CATALOG_BYTES_MISSING,source_inventory.json
2022-10,2022-10-03,XU100,SKBNK,REJECTED_AT_SOURCE_PREFLIGHT,ORIGINAL_FINANCIAL_CATALOG_BYTES_MISSING,source_inventory.json
2022-10,2022-10-03,XU100,SMRTG,REJECTED_AT_SOURCE_PREFLIGHT,ORIGINAL_FINANCIAL_CATALOG_BYTES_MISSING,source_inventory.json
2022-10,2022-10-03,XU100,SNGYO,REJECTED_AT_SOURCE_PREFLIGHT,ORIGINAL_FINANCIAL_CATALOG_BYTES_MISSING,source_inventory.json
2022-10,2022-10-03,XU100,SOKM,REJECTED_AT_SOURCE_PREFLIGHT,ORIGINAL_FINANCIAL_CATALOG_BYTES_MISSING,source_inventory.json
2022-10,2022-10-03,XU100,TAVHL,REJECTED_AT_SOURCE_PREFLIGHT,ORIGINAL_FINANCIAL_CATALOG_BYTES_MISSING,source_inventory.json
2022-10,2022-10-03,XU100,TCELL,REJECTED_AT_SOURCE_PREFLIGHT,ORIGINAL_FINANCIAL_CATALOG_BYTES_MISSING,source_inventory.json
2022-10,2022-10-03,XU100,THYAO,REJECTED_AT_SOURCE_PREFLIGHT,ORIGINAL_FINANCIAL_CATALOG_BYTES_MISSING,source_inventory.json
2022-10,2022-10-03,XU100,TKFEN,REJECTED_AT_SOURCE_PREFLIGHT,ORIGINAL_FINANCIAL_CATALOG_BYTES_MISSING,source_inventory.json
2022-10,2022-10-03,XU100,TMSN,REJECTED_AT_SOURCE_PREFLIGHT,ORIGINAL_FINANCIAL_CATALOG_BYTES_MISSING,source_inventory.json
2022-10,2022-10-03,XU100,TOASO,REJECTED_AT_SOURCE_PREFLIGHT,ORIGINAL_FINANCIAL_CATALOG_BYTES_MISSING,source_inventory.json
2022-10,2022-10-03,XU100,TRGYO,REJECTED_AT_SOURCE_PREFLIGHT,ORIGINAL_FINANCIAL_CATALOG_BYTES_MISSING,source_inventory.json
2022-10,2022-10-03,XU100,TSKB,REJECTED_AT_SOURCE_PREFLIGHT,ORIGINAL_FINANCIAL_CATALOG_BYTES_MISSING,source_inventory.json
2022-10,2022-10-03,XU100,TSPOR,REJECTED_AT_SOURCE_PREFLIGHT,ORIGINAL_FINANCIAL_CATALOG_BYTES_MISSING,source_inventory.json
2022-10,2022-10-03,XU100,TTKOM,REJECTED_AT_SOURCE_PREFLIGHT,ORIGINAL_FINANCIAL_CATALOG_BYTES_MISSING,source_inventory.json
2022-10,2022-10-03,XU100,TTRAK,REJECTED_AT_SOURCE_PREFLIGHT,ORIGINAL_FINANCIAL_CATALOG_BYTES_MISSING,source_inventory.json
2022-10,2022-10-03,XU100,TUKAS,REJECTED_AT_SOURCE_PREFLIGHT,ORIGINAL_FINANCIAL_CATALOG_BYTES_MISSING,source_inventory.json
2022-10,2022-10-03,XU100,TUPRS,REJECTED_AT_SOURCE_PREFLIGHT,ORIGINAL_FINANCIAL_CATALOG_BYTES_MISSING,source_inventory.json
2022-10,2022-10-03,XU100,TURSG,REJECTED_AT_SOURCE_PREFLIGHT,ORIGINAL_FINANCIAL_CATALOG_BYTES_MISSING,source_inventory.json
2022-10,2022-10-03,XU100,ULKER,REJECTED_AT_SOURCE_PREFLIGHT,ORIGINAL_FINANCIAL_CATALOG_BYTES_MISSING,source_inventory.json
2022-10,2022-10-03,XU100,VAKBN,REJECTED_AT_SOURCE_PREFLIGHT,ORIGINAL_FINANCIAL_CATALOG_BYTES_MISSING,source_inventory.json
2022-10,2022-10-03,XU100,VESBE,REJECTED_AT_SOURCE_PREFLIGHT,ORIGINAL_FINANCIAL_CATALOG_BYTES_MISSING,source_inventory.json
2022-10,2022-10-03,XU100,VESTL,REJECTED_AT_SOURCE_PREFLIGHT,ORIGINAL_FINANCIAL_CATALOG_BYTES_MISSING,source_inventory.json
2022-10,2022-10-03,XU100,YATAS,REJECTED_AT_SOURCE_PREFLIGHT,ORIGINAL_FINANCIAL_CATALOG_BYTES_MISSING,source_inventory.json
2022-10,2022-10-03,XU100,YKBNK,REJECTED_AT_SOURCE_PREFLIGHT,ORIGINAL_FINANCIAL_CATALOG_BYTES_MISSING,source_inventory.json
2022-10,2022-10-03,XU100,YYLGD,REJECTED_AT_SOURCE_PREFLIGHT,ORIGINAL_FINANCIAL_CATALOG_BYTES_MISSING,source_inventory.json
2022-11,2022-11-01,XU100,AEFES,REJECTED_AT_SOURCE_PREFLIGHT,ORIGINAL_FINANCIAL_CATALOG_BYTES_MISSING,source_inventory.json
2022-11,2022-11-01,XU100,AGHOL,REJECTED_AT_SOURCE_PREFLIGHT,ORIGINAL_FINANCIAL_CATALOG_BYTES_MISSING,source_inventory.json
2022-11,2022-11-01,XU100,AKBNK,REJECTED_AT_SOURCE_PREFLIGHT,ORIGINAL_FINANCIAL_CATALOG_BYTES_MISSING,source_inventory.json
2022-11,2022-11-01,XU100,AKFGY,REJECTED_AT_SOURCE_PREFLIGHT,ORIGINAL_FINANCIAL_CATALOG_BYTES_MISSING,source_inventory.json
2022-11,2022-11-01,XU100,AKSA,REJECTED_AT_SOURCE_PREFLIGHT,ORIGINAL_FINANCIAL_CATALOG_BYTES_MISSING,source_inventory.json
2022-11,2022-11-01,XU100,AKSEN,REJECTED_AT_SOURCE_PREFLIGHT,ORIGINAL_FINANCIAL_CATALOG_BYTES_MISSING,source_inventory.json
2022-11,2022-11-01,XU100,ALARK,REJECTED_AT_SOURCE_PREFLIGHT,ORIGINAL_FINANCIAL_CATALOG_BYTES_MISSING,source_inventory.json
2022-11,2022-11-01,XU100,ALBRK,REJECTED_AT_SOURCE_PREFLIGHT,ORIGINAL_FINANCIAL_CATALOG_BYTES_MISSING,source_inventory.json
2022-11,2022-11-01,XU100,ALGYO,REJECTED_AT_SOURCE_PREFLIGHT,ORIGINAL_FINANCIAL_CATALOG_BYTES_MISSING,source_inventory.json
2022-11,2022-11-01,XU100,ALKIM,REJECTED_AT_SOURCE_PREFLIGHT,ORIGINAL_FINANCIAL_CATALOG_BYTES_MISSING,source_inventory.json
2022-11,2022-11-01,XU100,ARCLK,REJECTED_AT_SOURCE_PREFLIGHT,ORIGINAL_FINANCIAL_CATALOG_BYTES_MISSING,source_inventory.json
2022-11,2022-11-01,XU100,ASELS,REJECTED_AT_SOURCE_PREFLIGHT,ORIGINAL_FINANCIAL_CATALOG_BYTES_MISSING,source_inventory.json
2022-11,2022-11-01,XU100,AYDEM,REJECTED_AT_SOURCE_PREFLIGHT,ORIGINAL_FINANCIAL_CATALOG_BYTES_MISSING,source_inventory.json
2022-11,2022-11-01,XU100,BAGFS,REJECTED_AT_SOURCE_PREFLIGHT,ORIGINAL_FINANCIAL_CATALOG_BYTES_MISSING,source_inventory.json
2022-11,2022-11-01,XU100,BASGZ,REJECTED_AT_SOURCE_PREFLIGHT,ORIGINAL_FINANCIAL_CATALOG_BYTES_MISSING,source_inventory.json
2022-11,2022-11-01,XU100,BERA,REJECTED_AT_SOURCE_PREFLIGHT,ORIGINAL_FINANCIAL_CATALOG_BYTES_MISSING,source_inventory.json
2022-11,2022-11-01,XU100,BIMAS,REJECTED_AT_SOURCE_PREFLIGHT,ORIGINAL_FINANCIAL_CATALOG_BYTES_MISSING,source_inventory.json
2022-11,2022-11-01,XU100,BRYAT,REJECTED_AT_SOURCE_PREFLIGHT,ORIGINAL_FINANCIAL_CATALOG_BYTES_MISSING,source_inventory.json
2022-11,2022-11-01,XU100,BUCIM,REJECTED_AT_SOURCE_PREFLIGHT,ORIGINAL_FINANCIAL_CATALOG_BYTES_MISSING,source_inventory.json
2022-11,2022-11-01,XU100,CCOLA,REJECTED_AT_SOURCE_PREFLIGHT,ORIGINAL_FINANCIAL_CATALOG_BYTES_MISSING,source_inventory.json
2022-11,2022-11-01,XU100,CEMTS,REJECTED_AT_SOURCE_PREFLIGHT,ORIGINAL_FINANCIAL_CATALOG_BYTES_MISSING,source_inventory.json
2022-11,2022-11-01,XU100,CIMSA,REJECTED_AT_SOURCE_PREFLIGHT,ORIGINAL_FINANCIAL_CATALOG_BYTES_MISSING,source_inventory.json
2022-11,2022-11-01,XU100,DEVA,REJECTED_AT_SOURCE_PREFLIGHT,ORIGINAL_FINANCIAL_CATALOG_BYTES_MISSING,source_inventory.json
2022-11,2022-11-01,XU100,DOAS,REJECTED_AT_SOURCE_PREFLIGHT,ORIGINAL_FINANCIAL_CATALOG_BYTES_MISSING,source_inventory.json
2022-11,2022-11-01,XU100,DOHOL,REJECTED_AT_SOURCE_PREFLIGHT,ORIGINAL_FINANCIAL_CATALOG_BYTES_MISSING,source_inventory.json
2022-11,2022-11-01,XU100,ECILC,REJECTED_AT_SOURCE_PREFLIGHT,ORIGINAL_FINANCIAL_CATALOG_BYTES_MISSING,source_inventory.json
2022-11,2022-11-01,XU100,EGEEN,REJECTED_AT_SOURCE_PREFLIGHT,ORIGINAL_FINANCIAL_CATALOG_BYTES_MISSING,source_inventory.json
2022-11,2022-11-01,XU100,EKGYO,REJECTED_AT_SOURCE_PREFLIGHT,ORIGINAL_FINANCIAL_CATALOG_BYTES_MISSING,source_inventory.json
2022-11,2022-11-01,XU100,ENJSA,REJECTED_AT_SOURCE_PREFLIGHT,ORIGINAL_FINANCIAL_CATALOG_BYTES_MISSING,source_inventory.json
2022-11,2022-11-01,XU100,ENKAI,REJECTED_AT_SOURCE_PREFLIGHT,ORIGINAL_FINANCIAL_CATALOG_BYTES_MISSING,source_inventory.json
2022-11,2022-11-01,XU100,ERBOS,REJECTED_AT_SOURCE_PREFLIGHT,ORIGINAL_FINANCIAL_CATALOG_BYTES_MISSING,source_inventory.json
2022-11,2022-11-01,XU100,EREGL,REJECTED_AT_SOURCE_PREFLIGHT,ORIGINAL_FINANCIAL_CATALOG_BYTES_MISSING,source_inventory.json
2022-11,2022-11-01,XU100,FROTO,REJECTED_AT_SOURCE_PREFLIGHT,ORIGINAL_FINANCIAL_CATALOG_BYTES_MISSING,source_inventory.json
2022-11,2022-11-01,XU100,GARAN,REJECTED_AT_SOURCE_PREFLIGHT,ORIGINAL_FINANCIAL_CATALOG_BYTES_MISSING,source_inventory.json
2022-11,2022-11-01,XU100,GENIL,REJECTED_AT_SOURCE_PREFLIGHT,ORIGINAL_FINANCIAL_CATALOG_BYTES_MISSING,source_inventory.json
2022-11,2022-11-01,XU100,GESAN,REJECTED_AT_SOURCE_PREFLIGHT,ORIGINAL_FINANCIAL_CATALOG_BYTES_MISSING,source_inventory.json
2022-11,2022-11-01,XU100,GLYHO,REJECTED_AT_SOURCE_PREFLIGHT,ORIGINAL_FINANCIAL_CATALOG_BYTES_MISSING,source_inventory.json
2022-11,2022-11-01,XU100,GOZDE,REJECTED_AT_SOURCE_PREFLIGHT,ORIGINAL_FINANCIAL_CATALOG_BYTES_MISSING,source_inventory.json
2022-11,2022-11-01,XU100,GSDHO,REJECTED_AT_SOURCE_PREFLIGHT,ORIGINAL_FINANCIAL_CATALOG_BYTES_MISSING,source_inventory.json
2022-11,2022-11-01,XU100,GUBRF,REJECTED_AT_SOURCE_PREFLIGHT,ORIGINAL_FINANCIAL_CATALOG_BYTES_MISSING,source_inventory.json
2022-11,2022-11-01,XU100,GWIND,REJECTED_AT_SOURCE_PREFLIGHT,ORIGINAL_FINANCIAL_CATALOG_BYTES_MISSING,source_inventory.json
2022-11,2022-11-01,XU100,HALKB,REJECTED_AT_SOURCE_PREFLIGHT,ORIGINAL_FINANCIAL_CATALOG_BYTES_MISSING,source_inventory.json
2022-11,2022-11-01,XU100,HEKTS,REJECTED_AT_SOURCE_PREFLIGHT,ORIGINAL_FINANCIAL_CATALOG_BYTES_MISSING,source_inventory.json
2022-11,2022-11-01,XU100,IPEKE,REJECTED_AT_SOURCE_PREFLIGHT,ORIGINAL_FINANCIAL_CATALOG_BYTES_MISSING,source_inventory.json
2022-11,2022-11-01,XU100,ISCTR,REJECTED_AT_SOURCE_PREFLIGHT,ORIGINAL_FINANCIAL_CATALOG_BYTES_MISSING,source_inventory.json
2022-11,2022-11-01,XU100,ISDMR,REJECTED_AT_SOURCE_PREFLIGHT,ORIGINAL_FINANCIAL_CATALOG_BYTES_MISSING,source_inventory.json
2022-11,2022-11-01,XU100,ISFIN,REJECTED_AT_SOURCE_PREFLIGHT,ORIGINAL_FINANCIAL_CATALOG_BYTES_MISSING,source_inventory.json
2022-11,2022-11-01,XU100,ISGYO,REJECTED_AT_SOURCE_PREFLIGHT,ORIGINAL_FINANCIAL_CATALOG_BYTES_MISSING,source_inventory.json
2022-11,2022-11-01,XU100,ISMEN,REJECTED_AT_SOURCE_PREFLIGHT,ORIGINAL_FINANCIAL_CATALOG_BYTES_MISSING,source_inventory.json
2022-11,2022-11-01,XU100,JANTS,REJECTED_AT_SOURCE_PREFLIGHT,ORIGINAL_FINANCIAL_CATALOG_BYTES_MISSING,source_inventory.json
2022-11,2022-11-01,XU100,KARSN,REJECTED_AT_SOURCE_PREFLIGHT,ORIGINAL_FINANCIAL_CATALOG_BYTES_MISSING,source_inventory.json
2022-11,2022-11-01,XU100,KARTN,REJECTED_AT_SOURCE_PREFLIGHT,ORIGINAL_FINANCIAL_CATALOG_BYTES_MISSING,source_inventory.json
2022-11,2022-11-01,XU100,KCHOL,REJECTED_AT_SOURCE_PREFLIGHT,ORIGINAL_FINANCIAL_CATALOG_BYTES_MISSING,source_inventory.json
2022-11,2022-11-01,XU100,KONTR,REJECTED_AT_SOURCE_PREFLIGHT,ORIGINAL_FINANCIAL_CATALOG_BYTES_MISSING,source_inventory.json
2022-11,2022-11-01,XU100,KORDS,REJECTED_AT_SOURCE_PREFLIGHT,ORIGINAL_FINANCIAL_CATALOG_BYTES_MISSING,source_inventory.json
2022-11,2022-11-01,XU100,KOZAA,REJECTED_AT_SOURCE_PREFLIGHT,ORIGINAL_FINANCIAL_CATALOG_BYTES_MISSING,source_inventory.json
2022-11,2022-11-01,XU100,KOZAL,REJECTED_AT_SOURCE_PREFLIGHT,ORIGINAL_FINANCIAL_CATALOG_BYTES_MISSING,source_inventory.json
2022-11,2022-11-01,XU100,KRDMD,REJECTED_AT_SOURCE_PREFLIGHT,ORIGINAL_FINANCIAL_CATALOG_BYTES_MISSING,source_inventory.json
2022-11,2022-11-01,XU100,LOGO,REJECTED_AT_SOURCE_PREFLIGHT,ORIGINAL_FINANCIAL_CATALOG_BYTES_MISSING,source_inventory.json
2022-11,2022-11-01,XU100,MAVI,REJECTED_AT_SOURCE_PREFLIGHT,ORIGINAL_FINANCIAL_CATALOG_BYTES_MISSING,source_inventory.json
2022-11,2022-11-01,XU100,MGROS,REJECTED_AT_SOURCE_PREFLIGHT,ORIGINAL_FINANCIAL_CATALOG_BYTES_MISSING,source_inventory.json
2022-11,2022-11-01,XU100,NTHOL,REJECTED_AT_SOURCE_PREFLIGHT,ORIGINAL_FINANCIAL_CATALOG_BYTES_MISSING,source_inventory.json
2022-11,2022-11-01,XU100,NUGYO,REJECTED_AT_SOURCE_PREFLIGHT,ORIGINAL_FINANCIAL_CATALOG_BYTES_MISSING,source_inventory.json
2022-11,2022-11-01,XU100,ODAS,REJECTED_AT_SOURCE_PREFLIGHT,ORIGINAL_FINANCIAL_CATALOG_BYTES_MISSING,source_inventory.json
2022-11,2022-11-01,XU100,OTKAR,REJECTED_AT_SOURCE_PREFLIGHT,ORIGINAL_FINANCIAL_CATALOG_BYTES_MISSING,source_inventory.json
2022-11,2022-11-01,XU100,OYAKC,REJECTED_AT_SOURCE_PREFLIGHT,ORIGINAL_FINANCIAL_CATALOG_BYTES_MISSING,source_inventory.json
2022-11,2022-11-01,XU100,PETKM,REJECTED_AT_SOURCE_PREFLIGHT,ORIGINAL_FINANCIAL_CATALOG_BYTES_MISSING,source_inventory.json
2022-11,2022-11-01,XU100,PGSUS,REJECTED_AT_SOURCE_PREFLIGHT,ORIGINAL_FINANCIAL_CATALOG_BYTES_MISSING,source_inventory.json
2022-11,2022-11-01,XU100,PRKAB,REJECTED_AT_SOURCE_PREFLIGHT,ORIGINAL_FINANCIAL_CATALOG_BYTES_MISSING,source_inventory.json
2022-11,2022-11-01,XU100,PSGYO,REJECTED_AT_SOURCE_PREFLIGHT,ORIGINAL_FINANCIAL_CATALOG_BYTES_MISSING,source_inventory.json
2022-11,2022-11-01,XU100,QUAGR,REJECTED_AT_SOURCE_PREFLIGHT,ORIGINAL_FINANCIAL_CATALOG_BYTES_MISSING,source_inventory.json
2022-11,2022-11-01,XU100,SAHOL,REJECTED_AT_SOURCE_PREFLIGHT,ORIGINAL_FINANCIAL_CATALOG_BYTES_MISSING,source_inventory.json
2022-11,2022-11-01,XU100,SASA,REJECTED_AT_SOURCE_PREFLIGHT,ORIGINAL_FINANCIAL_CATALOG_BYTES_MISSING,source_inventory.json
2022-11,2022-11-01,XU100,SELEC,REJECTED_AT_SOURCE_PREFLIGHT,ORIGINAL_FINANCIAL_CATALOG_BYTES_MISSING,source_inventory.json
2022-11,2022-11-01,XU100,SISE,REJECTED_AT_SOURCE_PREFLIGHT,ORIGINAL_FINANCIAL_CATALOG_BYTES_MISSING,source_inventory.json
2022-11,2022-11-01,XU100,SKBNK,REJECTED_AT_SOURCE_PREFLIGHT,ORIGINAL_FINANCIAL_CATALOG_BYTES_MISSING,source_inventory.json
2022-11,2022-11-01,XU100,SMRTG,REJECTED_AT_SOURCE_PREFLIGHT,ORIGINAL_FINANCIAL_CATALOG_BYTES_MISSING,source_inventory.json
2022-11,2022-11-01,XU100,SNGYO,REJECTED_AT_SOURCE_PREFLIGHT,ORIGINAL_FINANCIAL_CATALOG_BYTES_MISSING,source_inventory.json
2022-11,2022-11-01,XU100,SOKM,REJECTED_AT_SOURCE_PREFLIGHT,ORIGINAL_FINANCIAL_CATALOG_BYTES_MISSING,source_inventory.json
2022-11,2022-11-01,XU100,TAVHL,REJECTED_AT_SOURCE_PREFLIGHT,ORIGINAL_FINANCIAL_CATALOG_BYTES_MISSING,source_inventory.json
2022-11,2022-11-01,XU100,TCELL,REJECTED_AT_SOURCE_PREFLIGHT,ORIGINAL_FINANCIAL_CATALOG_BYTES_MISSING,source_inventory.json
2022-11,2022-11-01,XU100,THYAO,REJECTED_AT_SOURCE_PREFLIGHT,ORIGINAL_FINANCIAL_CATALOG_BYTES_MISSING,source_inventory.json
2022-11,2022-11-01,XU100,TKFEN,REJECTED_AT_SOURCE_PREFLIGHT,ORIGINAL_FINANCIAL_CATALOG_BYTES_MISSING,source_inventory.json
2022-11,2022-11-01,XU100,TMSN,REJECTED_AT_SOURCE_PREFLIGHT,ORIGINAL_FINANCIAL_CATALOG_BYTES_MISSING,source_inventory.json
2022-11,2022-11-01,XU100,TOASO,REJECTED_AT_SOURCE_PREFLIGHT,ORIGINAL_FINANCIAL_CATALOG_BYTES_MISSING,source_inventory.json
2022-11,2022-11-01,XU100,TRGYO,REJECTED_AT_SOURCE_PREFLIGHT,ORIGINAL_FINANCIAL_CATALOG_BYTES_MISSING,source_inventory.json
2022-11,2022-11-01,XU100,TSKB,REJECTED_AT_SOURCE_PREFLIGHT,ORIGINAL_FINANCIAL_CATALOG_BYTES_MISSING,source_inventory.json
2022-11,2022-11-01,XU100,TSPOR,REJECTED_AT_SOURCE_PREFLIGHT,ORIGINAL_FINANCIAL_CATALOG_BYTES_MISSING,source_inventory.json
2022-11,2022-11-01,XU100,TTKOM,REJECTED_AT_SOURCE_PREFLIGHT,ORIGINAL_FINANCIAL_CATALOG_BYTES_MISSING,source_inventory.json
2022-11,2022-11-01,XU100,TTRAK,REJECTED_AT_SOURCE_PREFLIGHT,ORIGINAL_FINANCIAL_CATALOG_BYTES_MISSING,source_inventory.json
2022-11,2022-11-01,XU100,TUKAS,REJECTED_AT_SOURCE_PREFLIGHT,ORIGINAL_FINANCIAL_CATALOG_BYTES_MISSING,source_inventory.json
2022-11,2022-11-01,XU100,TUPRS,REJECTED_AT_SOURCE_PREFLIGHT,ORIGINAL_FINANCIAL_CATALOG_BYTES_MISSING,source_inventory.json
2022-11,2022-11-01,XU100,TURSG,REJECTED_AT_SOURCE_PREFLIGHT,ORIGINAL_FINANCIAL_CATALOG_BYTES_MISSING,source_inventory.json
2022-11,2022-11-01,XU100,ULKER,REJECTED_AT_SOURCE_PREFLIGHT,ORIGINAL_FINANCIAL_CATALOG_BYTES_MISSING,source_inventory.json
2022-11,2022-11-01,XU100,VAKBN,REJECTED_AT_SOURCE_PREFLIGHT,ORIGINAL_FINANCIAL_CATALOG_BYTES_MISSING,source_inventory.json
2022-11,2022-11-01,XU100,VESBE,REJECTED_AT_SOURCE_PREFLIGHT,ORIGINAL_FINANCIAL_CATALOG_BYTES_MISSING,source_inventory.json
2022-11,2022-11-01,XU100,VESTL,REJECTED_AT_SOURCE_PREFLIGHT,ORIGINAL_FINANCIAL_CATALOG_BYTES_MISSING,source_inventory.json
2022-11,2022-11-01,XU100,YATAS,REJECTED_AT_SOURCE_PREFLIGHT,ORIGINAL_FINANCIAL_CATALOG_BYTES_MISSING,source_inventory.json
2022-11,2022-11-01,XU100,YKBNK,REJECTED_AT_SOURCE_PREFLIGHT,ORIGINAL_FINANCIAL_CATALOG_BYTES_MISSING,source_inventory.json
2022-11,2022-11-01,XU100,YYLGD,REJECTED_AT_SOURCE_PREFLIGHT,ORIGINAL_FINANCIAL_CATALOG_BYTES_MISSING,source_inventory.json
2022-12,2022-12-01,XU100,AEFES,REJECTED_AT_SOURCE_PREFLIGHT,ORIGINAL_FINANCIAL_CATALOG_BYTES_MISSING,source_inventory.json
2022-12,2022-12-01,XU100,AGHOL,REJECTED_AT_SOURCE_PREFLIGHT,ORIGINAL_FINANCIAL_CATALOG_BYTES_MISSING,source_inventory.json
2022-12,2022-12-01,XU100,AKBNK,REJECTED_AT_SOURCE_PREFLIGHT,ORIGINAL_FINANCIAL_CATALOG_BYTES_MISSING,source_inventory.json
2022-12,2022-12-01,XU100,AKFGY,REJECTED_AT_SOURCE_PREFLIGHT,ORIGINAL_FINANCIAL_CATALOG_BYTES_MISSING,source_inventory.json
2022-12,2022-12-01,XU100,AKSA,REJECTED_AT_SOURCE_PREFLIGHT,ORIGINAL_FINANCIAL_CATALOG_BYTES_MISSING,source_inventory.json
2022-12,2022-12-01,XU100,AKSEN,REJECTED_AT_SOURCE_PREFLIGHT,ORIGINAL_FINANCIAL_CATALOG_BYTES_MISSING,source_inventory.json
2022-12,2022-12-01,XU100,ALARK,REJECTED_AT_SOURCE_PREFLIGHT,ORIGINAL_FINANCIAL_CATALOG_BYTES_MISSING,source_inventory.json
2022-12,2022-12-01,XU100,ALBRK,REJECTED_AT_SOURCE_PREFLIGHT,ORIGINAL_FINANCIAL_CATALOG_BYTES_MISSING,source_inventory.json
2022-12,2022-12-01,XU100,ALGYO,REJECTED_AT_SOURCE_PREFLIGHT,ORIGINAL_FINANCIAL_CATALOG_BYTES_MISSING,source_inventory.json
2022-12,2022-12-01,XU100,ALKIM,REJECTED_AT_SOURCE_PREFLIGHT,ORIGINAL_FINANCIAL_CATALOG_BYTES_MISSING,source_inventory.json
2022-12,2022-12-01,XU100,ARCLK,REJECTED_AT_SOURCE_PREFLIGHT,ORIGINAL_FINANCIAL_CATALOG_BYTES_MISSING,source_inventory.json
2022-12,2022-12-01,XU100,ASELS,REJECTED_AT_SOURCE_PREFLIGHT,ORIGINAL_FINANCIAL_CATALOG_BYTES_MISSING,source_inventory.json
2022-12,2022-12-01,XU100,AYDEM,REJECTED_AT_SOURCE_PREFLIGHT,ORIGINAL_FINANCIAL_CATALOG_BYTES_MISSING,source_inventory.json
2022-12,2022-12-01,XU100,BAGFS,REJECTED_AT_SOURCE_PREFLIGHT,ORIGINAL_FINANCIAL_CATALOG_BYTES_MISSING,source_inventory.json
2022-12,2022-12-01,XU100,BASGZ,REJECTED_AT_SOURCE_PREFLIGHT,ORIGINAL_FINANCIAL_CATALOG_BYTES_MISSING,source_inventory.json
2022-12,2022-12-01,XU100,BERA,REJECTED_AT_SOURCE_PREFLIGHT,ORIGINAL_FINANCIAL_CATALOG_BYTES_MISSING,source_inventory.json
2022-12,2022-12-01,XU100,BIMAS,REJECTED_AT_SOURCE_PREFLIGHT,ORIGINAL_FINANCIAL_CATALOG_BYTES_MISSING,source_inventory.json
2022-12,2022-12-01,XU100,BRYAT,REJECTED_AT_SOURCE_PREFLIGHT,ORIGINAL_FINANCIAL_CATALOG_BYTES_MISSING,source_inventory.json
2022-12,2022-12-01,XU100,BUCIM,REJECTED_AT_SOURCE_PREFLIGHT,ORIGINAL_FINANCIAL_CATALOG_BYTES_MISSING,source_inventory.json
2022-12,2022-12-01,XU100,CCOLA,REJECTED_AT_SOURCE_PREFLIGHT,ORIGINAL_FINANCIAL_CATALOG_BYTES_MISSING,source_inventory.json
2022-12,2022-12-01,XU100,CEMTS,REJECTED_AT_SOURCE_PREFLIGHT,ORIGINAL_FINANCIAL_CATALOG_BYTES_MISSING,source_inventory.json
2022-12,2022-12-01,XU100,CIMSA,REJECTED_AT_SOURCE_PREFLIGHT,ORIGINAL_FINANCIAL_CATALOG_BYTES_MISSING,source_inventory.json
2022-12,2022-12-01,XU100,DEVA,REJECTED_AT_SOURCE_PREFLIGHT,ORIGINAL_FINANCIAL_CATALOG_BYTES_MISSING,source_inventory.json
2022-12,2022-12-01,XU100,DOAS,REJECTED_AT_SOURCE_PREFLIGHT,ORIGINAL_FINANCIAL_CATALOG_BYTES_MISSING,source_inventory.json
2022-12,2022-12-01,XU100,DOHOL,REJECTED_AT_SOURCE_PREFLIGHT,ORIGINAL_FINANCIAL_CATALOG_BYTES_MISSING,source_inventory.json
2022-12,2022-12-01,XU100,ECILC,REJECTED_AT_SOURCE_PREFLIGHT,ORIGINAL_FINANCIAL_CATALOG_BYTES_MISSING,source_inventory.json
2022-12,2022-12-01,XU100,EGEEN,REJECTED_AT_SOURCE_PREFLIGHT,ORIGINAL_FINANCIAL_CATALOG_BYTES_MISSING,source_inventory.json
2022-12,2022-12-01,XU100,EKGYO,REJECTED_AT_SOURCE_PREFLIGHT,ORIGINAL_FINANCIAL_CATALOG_BYTES_MISSING,source_inventory.json
2022-12,2022-12-01,XU100,ENJSA,REJECTED_AT_SOURCE_PREFLIGHT,ORIGINAL_FINANCIAL_CATALOG_BYTES_MISSING,source_inventory.json
2022-12,2022-12-01,XU100,ENKAI,REJECTED_AT_SOURCE_PREFLIGHT,ORIGINAL_FINANCIAL_CATALOG_BYTES_MISSING,source_inventory.json
2022-12,2022-12-01,XU100,ERBOS,REJECTED_AT_SOURCE_PREFLIGHT,ORIGINAL_FINANCIAL_CATALOG_BYTES_MISSING,source_inventory.json
2022-12,2022-12-01,XU100,EREGL,REJECTED_AT_SOURCE_PREFLIGHT,ORIGINAL_FINANCIAL_CATALOG_BYTES_MISSING,source_inventory.json
2022-12,2022-12-01,XU100,FROTO,REJECTED_AT_SOURCE_PREFLIGHT,ORIGINAL_FINANCIAL_CATALOG_BYTES_MISSING,source_inventory.json
2022-12,2022-12-01,XU100,GARAN,REJECTED_AT_SOURCE_PREFLIGHT,ORIGINAL_FINANCIAL_CATALOG_BYTES_MISSING,source_inventory.json
2022-12,2022-12-01,XU100,GENIL,REJECTED_AT_SOURCE_PREFLIGHT,ORIGINAL_FINANCIAL_CATALOG_BYTES_MISSING,source_inventory.json
2022-12,2022-12-01,XU100,GESAN,REJECTED_AT_SOURCE_PREFLIGHT,ORIGINAL_FINANCIAL_CATALOG_BYTES_MISSING,source_inventory.json
2022-12,2022-12-01,XU100,GLYHO,REJECTED_AT_SOURCE_PREFLIGHT,ORIGINAL_FINANCIAL_CATALOG_BYTES_MISSING,source_inventory.json
2022-12,2022-12-01,XU100,GOZDE,REJECTED_AT_SOURCE_PREFLIGHT,ORIGINAL_FINANCIAL_CATALOG_BYTES_MISSING,source_inventory.json
2022-12,2022-12-01,XU100,GSDHO,REJECTED_AT_SOURCE_PREFLIGHT,ORIGINAL_FINANCIAL_CATALOG_BYTES_MISSING,source_inventory.json
2022-12,2022-12-01,XU100,GUBRF,REJECTED_AT_SOURCE_PREFLIGHT,ORIGINAL_FINANCIAL_CATALOG_BYTES_MISSING,source_inventory.json
2022-12,2022-12-01,XU100,GWIND,REJECTED_AT_SOURCE_PREFLIGHT,ORIGINAL_FINANCIAL_CATALOG_BYTES_MISSING,source_inventory.json
2022-12,2022-12-01,XU100,HALKB,REJECTED_AT_SOURCE_PREFLIGHT,ORIGINAL_FINANCIAL_CATALOG_BYTES_MISSING,source_inventory.json
2022-12,2022-12-01,XU100,HEKTS,REJECTED_AT_SOURCE_PREFLIGHT,ORIGINAL_FINANCIAL_CATALOG_BYTES_MISSING,source_inventory.json
2022-12,2022-12-01,XU100,IPEKE,REJECTED_AT_SOURCE_PREFLIGHT,ORIGINAL_FINANCIAL_CATALOG_BYTES_MISSING,source_inventory.json
2022-12,2022-12-01,XU100,ISCTR,REJECTED_AT_SOURCE_PREFLIGHT,ORIGINAL_FINANCIAL_CATALOG_BYTES_MISSING,source_inventory.json
2022-12,2022-12-01,XU100,ISDMR,REJECTED_AT_SOURCE_PREFLIGHT,ORIGINAL_FINANCIAL_CATALOG_BYTES_MISSING,source_inventory.json
2022-12,2022-12-01,XU100,ISFIN,REJECTED_AT_SOURCE_PREFLIGHT,ORIGINAL_FINANCIAL_CATALOG_BYTES_MISSING,source_inventory.json
2022-12,2022-12-01,XU100,ISGYO,REJECTED_AT_SOURCE_PREFLIGHT,ORIGINAL_FINANCIAL_CATALOG_BYTES_MISSING,source_inventory.json
2022-12,2022-12-01,XU100,ISMEN,REJECTED_AT_SOURCE_PREFLIGHT,ORIGINAL_FINANCIAL_CATALOG_BYTES_MISSING,source_inventory.json
2022-12,2022-12-01,XU100,JANTS,REJECTED_AT_SOURCE_PREFLIGHT,ORIGINAL_FINANCIAL_CATALOG_BYTES_MISSING,source_inventory.json
2022-12,2022-12-01,XU100,KARSN,REJECTED_AT_SOURCE_PREFLIGHT,ORIGINAL_FINANCIAL_CATALOG_BYTES_MISSING,source_inventory.json
2022-12,2022-12-01,XU100,KARTN,REJECTED_AT_SOURCE_PREFLIGHT,ORIGINAL_FINANCIAL_CATALOG_BYTES_MISSING,source_inventory.json
2022-12,2022-12-01,XU100,KCHOL,REJECTED_AT_SOURCE_PREFLIGHT,ORIGINAL_FINANCIAL_CATALOG_BYTES_MISSING,source_inventory.json
2022-12,2022-12-01,XU100,KONTR,REJECTED_AT_SOURCE_PREFLIGHT,ORIGINAL_FINANCIAL_CATALOG_BYTES_MISSING,source_inventory.json
2022-12,2022-12-01,XU100,KORDS,REJECTED_AT_SOURCE_PREFLIGHT,ORIGINAL_FINANCIAL_CATALOG_BYTES_MISSING,source_inventory.json
2022-12,2022-12-01,XU100,KOZAA,REJECTED_AT_SOURCE_PREFLIGHT,ORIGINAL_FINANCIAL_CATALOG_BYTES_MISSING,source_inventory.json
2022-12,2022-12-01,XU100,KOZAL,REJECTED_AT_SOURCE_PREFLIGHT,ORIGINAL_FINANCIAL_CATALOG_BYTES_MISSING,source_inventory.json
2022-12,2022-12-01,XU100,KRDMD,REJECTED_AT_SOURCE_PREFLIGHT,ORIGINAL_FINANCIAL_CATALOG_BYTES_MISSING,source_inventory.json
2022-12,2022-12-01,XU100,LOGO,REJECTED_AT_SOURCE_PREFLIGHT,ORIGINAL_FINANCIAL_CATALOG_BYTES_MISSING,source_inventory.json
2022-12,2022-12-01,XU100,MAVI,REJECTED_AT_SOURCE_PREFLIGHT,ORIGINAL_FINANCIAL_CATALOG_BYTES_MISSING,source_inventory.json
2022-12,2022-12-01,XU100,MGROS,REJECTED_AT_SOURCE_PREFLIGHT,ORIGINAL_FINANCIAL_CATALOG_BYTES_MISSING,source_inventory.json
2022-12,2022-12-01,XU100,NTHOL,REJECTED_AT_SOURCE_PREFLIGHT,ORIGINAL_FINANCIAL_CATALOG_BYTES_MISSING,source_inventory.json
2022-12,2022-12-01,XU100,NUGYO,REJECTED_AT_SOURCE_PREFLIGHT,ORIGINAL_FINANCIAL_CATALOG_BYTES_MISSING,source_inventory.json
2022-12,2022-12-01,XU100,ODAS,REJECTED_AT_SOURCE_PREFLIGHT,ORIGINAL_FINANCIAL_CATALOG_BYTES_MISSING,source_inventory.json
2022-12,2022-12-01,XU100,OTKAR,REJECTED_AT_SOURCE_PREFLIGHT,ORIGINAL_FINANCIAL_CATALOG_BYTES_MISSING,source_inventory.json
2022-12,2022-12-01,XU100,OYAKC,REJECTED_AT_SOURCE_PREFLIGHT,ORIGINAL_FINANCIAL_CATALOG_BYTES_MISSING,source_inventory.json
2022-12,2022-12-01,XU100,PETKM,REJECTED_AT_SOURCE_PREFLIGHT,ORIGINAL_FINANCIAL_CATALOG_BYTES_MISSING,source_inventory.json
2022-12,2022-12-01,XU100,PGSUS,REJECTED_AT_SOURCE_PREFLIGHT,ORIGINAL_FINANCIAL_CATALOG_BYTES_MISSING,source_inventory.json
2022-12,2022-12-01,XU100,PRKAB,REJECTED_AT_SOURCE_PREFLIGHT,ORIGINAL_FINANCIAL_CATALOG_BYTES_MISSING,source_inventory.json
2022-12,2022-12-01,XU100,PSGYO,REJECTED_AT_SOURCE_PREFLIGHT,ORIGINAL_FINANCIAL_CATALOG_BYTES_MISSING,source_inventory.json
2022-12,2022-12-01,XU100,QUAGR,REJECTED_AT_SOURCE_PREFLIGHT,ORIGINAL_FINANCIAL_CATALOG_BYTES_MISSING,source_inventory.json
2022-12,2022-12-01,XU100,SAHOL,REJECTED_AT_SOURCE_PREFLIGHT,ORIGINAL_FINANCIAL_CATALOG_BYTES_MISSING,source_inventory.json
2022-12,2022-12-01,XU100,SASA,REJECTED_AT_SOURCE_PREFLIGHT,ORIGINAL_FINANCIAL_CATALOG_BYTES_MISSING,source_inventory.json
2022-12,2022-12-01,XU100,SELEC,REJECTED_AT_SOURCE_PREFLIGHT,ORIGINAL_FINANCIAL_CATALOG_BYTES_MISSING,source_inventory.json
2022-12,2022-12-01,XU100,SISE,REJECTED_AT_SOURCE_PREFLIGHT,ORIGINAL_FINANCIAL_CATALOG_BYTES_MISSING,source_inventory.json
2022-12,2022-12-01,XU100,SKBNK,REJECTED_AT_SOURCE_PREFLIGHT,ORIGINAL_FINANCIAL_CATALOG_BYTES_MISSING,source_inventory.json
2022-12,2022-12-01,XU100,SMRTG,REJECTED_AT_SOURCE_PREFLIGHT,ORIGINAL_FINANCIAL_CATALOG_BYTES_MISSING,source_inventory.json
2022-12,2022-12-01,XU100,SNGYO,REJECTED_AT_SOURCE_PREFLIGHT,ORIGINAL_FINANCIAL_CATALOG_BYTES_MISSING,source_inventory.json
2022-12,2022-12-01,XU100,SOKM,REJECTED_AT_SOURCE_PREFLIGHT,ORIGINAL_FINANCIAL_CATALOG_BYTES_MISSING,source_inventory.json
2022-12,2022-12-01,XU100,TAVHL,REJECTED_AT_SOURCE_PREFLIGHT,ORIGINAL_FINANCIAL_CATALOG_BYTES_MISSING,source_inventory.json
2022-12,2022-12-01,XU100,TCELL,REJECTED_AT_SOURCE_PREFLIGHT,ORIGINAL_FINANCIAL_CATALOG_BYTES_MISSING,source_inventory.json
2022-12,2022-12-01,XU100,THYAO,REJECTED_AT_SOURCE_PREFLIGHT,ORIGINAL_FINANCIAL_CATALOG_BYTES_MISSING,source_inventory.json
2022-12,2022-12-01,XU100,TKFEN,REJECTED_AT_SOURCE_PREFLIGHT,ORIGINAL_FINANCIAL_CATALOG_BYTES_MISSING,source_inventory.json
2022-12,2022-12-01,XU100,TMSN,REJECTED_AT_SOURCE_PREFLIGHT,ORIGINAL_FINANCIAL_CATALOG_BYTES_MISSING,source_inventory.json
2022-12,2022-12-01,XU100,TOASO,REJECTED_AT_SOURCE_PREFLIGHT,ORIGINAL_FINANCIAL_CATALOG_BYTES_MISSING,source_inventory.json
2022-12,2022-12-01,XU100,TRGYO,REJECTED_AT_SOURCE_PREFLIGHT,ORIGINAL_FINANCIAL_CATALOG_BYTES_MISSING,source_inventory.json
2022-12,2022-12-01,XU100,TSKB,REJECTED_AT_SOURCE_PREFLIGHT,ORIGINAL_FINANCIAL_CATALOG_BYTES_MISSING,source_inventory.json
2022-12,2022-12-01,XU100,TSPOR,REJECTED_AT_SOURCE_PREFLIGHT,ORIGINAL_FINANCIAL_CATALOG_BYTES_MISSING,source_inventory.json
2022-12,2022-12-01,XU100,TTKOM,REJECTED_AT_SOURCE_PREFLIGHT,ORIGINAL_FINANCIAL_CATALOG_BYTES_MISSING,source_inventory.json
2022-12,2022-12-01,XU100,TTRAK,REJECTED_AT_SOURCE_PREFLIGHT,ORIGINAL_FINANCIAL_CATALOG_BYTES_MISSING,source_inventory.json
2022-12,2022-12-01,XU100,TUKAS,REJECTED_AT_SOURCE_PREFLIGHT,ORIGINAL_FINANCIAL_CATALOG_BYTES_MISSING,source_inventory.json
2022-12,2022-12-01,XU100,TUPRS,REJECTED_AT_SOURCE_PREFLIGHT,ORIGINAL_FINANCIAL_CATALOG_BYTES_MISSING,source_inventory.json
2022-12,2022-12-01,XU100,TURSG,REJECTED_AT_SOURCE_PREFLIGHT,ORIGINAL_FINANCIAL_CATALOG_BYTES_MISSING,source_inventory.json
2022-12,2022-12-01,XU100,ULKER,REJECTED_AT_SOURCE_PREFLIGHT,ORIGINAL_FINANCIAL_CATALOG_BYTES_MISSING,source_inventory.json
2022-12,2022-12-01,XU100,VAKBN,REJECTED_AT_SOURCE_PREFLIGHT,ORIGINAL_FINANCIAL_CATALOG_BYTES_MISSING,source_inventory.json
2022-12,2022-12-01,XU100,VESBE,REJECTED_AT_SOURCE_PREFLIGHT,ORIGINAL_FINANCIAL_CATALOG_BYTES_MISSING,source_inventory.json
2022-12,2022-12-01,XU100,VESTL,REJECTED_AT_SOURCE_PREFLIGHT,ORIGINAL_FINANCIAL_CATALOG_BYTES_MISSING,source_inventory.json
2022-12,2022-12-01,XU100,YATAS,REJECTED_AT_SOURCE_PREFLIGHT,ORIGINAL_FINANCIAL_CATALOG_BYTES_MISSING,source_inventory.json
2022-12,2022-12-01,XU100,YKBNK,REJECTED_AT_SOURCE_PREFLIGHT,ORIGINAL_FINANCIAL_CATALOG_BYTES_MISSING,source_inventory.json
2022-12,2022-12-01,XU100,YYLGD,REJECTED_AT_SOURCE_PREFLIGHT,ORIGINAL_FINANCIAL_CATALOG_BYTES_MISSING,source_inventory.json
2023-01,2023-01-02,XU100,AEFES,REJECTED_AT_SOURCE_PREFLIGHT,ORIGINAL_FINANCIAL_CATALOG_BYTES_MISSING,source_inventory.json
2023-01,2023-01-02,XU100,AGHOL,REJECTED_AT_SOURCE_PREFLIGHT,ORIGINAL_FINANCIAL_CATALOG_BYTES_MISSING,source_inventory.json
2023-01,2023-01-02,XU100,AKBNK,REJECTED_AT_SOURCE_PREFLIGHT,ORIGINAL_FINANCIAL_CATALOG_BYTES_MISSING,source_inventory.json
2023-01,2023-01-02,XU100,AKFGY,REJECTED_AT_SOURCE_PREFLIGHT,ORIGINAL_FINANCIAL_CATALOG_BYTES_MISSING,source_inventory.json
2023-01,2023-01-02,XU100,AKSA,REJECTED_AT_SOURCE_PREFLIGHT,ORIGINAL_FINANCIAL_CATALOG_BYTES_MISSING,source_inventory.json
2023-01,2023-01-02,XU100,AKSEN,REJECTED_AT_SOURCE_PREFLIGHT,ORIGINAL_FINANCIAL_CATALOG_BYTES_MISSING,source_inventory.json
2023-01,2023-01-02,XU100,ALARK,REJECTED_AT_SOURCE_PREFLIGHT,ORIGINAL_FINANCIAL_CATALOG_BYTES_MISSING,source_inventory.json
2023-01,2023-01-02,XU100,ALBRK,REJECTED_AT_SOURCE_PREFLIGHT,ORIGINAL_FINANCIAL_CATALOG_BYTES_MISSING,source_inventory.json
2023-01,2023-01-02,XU100,ALGYO,REJECTED_AT_SOURCE_PREFLIGHT,ORIGINAL_FINANCIAL_CATALOG_BYTES_MISSING,source_inventory.json
2023-01,2023-01-02,XU100,ALKIM,REJECTED_AT_SOURCE_PREFLIGHT,ORIGINAL_FINANCIAL_CATALOG_BYTES_MISSING,source_inventory.json
2023-01,2023-01-02,XU100,ARCLK,REJECTED_AT_SOURCE_PREFLIGHT,ORIGINAL_FINANCIAL_CATALOG_BYTES_MISSING,source_inventory.json
2023-01,2023-01-02,XU100,ASELS,REJECTED_AT_SOURCE_PREFLIGHT,ORIGINAL_FINANCIAL_CATALOG_BYTES_MISSING,source_inventory.json
2023-01,2023-01-02,XU100,ASUZU,REJECTED_AT_SOURCE_PREFLIGHT,ORIGINAL_FINANCIAL_CATALOG_BYTES_MISSING,source_inventory.json
2023-01,2023-01-02,XU100,AYDEM,REJECTED_AT_SOURCE_PREFLIGHT,ORIGINAL_FINANCIAL_CATALOG_BYTES_MISSING,source_inventory.json
2023-01,2023-01-02,XU100,BAGFS,REJECTED_AT_SOURCE_PREFLIGHT,ORIGINAL_FINANCIAL_CATALOG_BYTES_MISSING,source_inventory.json
2023-01,2023-01-02,XU100,BASGZ,REJECTED_AT_SOURCE_PREFLIGHT,ORIGINAL_FINANCIAL_CATALOG_BYTES_MISSING,source_inventory.json
2023-01,2023-01-02,XU100,BERA,REJECTED_AT_SOURCE_PREFLIGHT,ORIGINAL_FINANCIAL_CATALOG_BYTES_MISSING,source_inventory.json
2023-01,2023-01-02,XU100,BIMAS,REJECTED_AT_SOURCE_PREFLIGHT,ORIGINAL_FINANCIAL_CATALOG_BYTES_MISSING,source_inventory.json
2023-01,2023-01-02,XU100,BIOEN,REJECTED_AT_SOURCE_PREFLIGHT,ORIGINAL_FINANCIAL_CATALOG_BYTES_MISSING,source_inventory.json
2023-01,2023-01-02,XU100,BRYAT,REJECTED_AT_SOURCE_PREFLIGHT,ORIGINAL_FINANCIAL_CATALOG_BYTES_MISSING,source_inventory.json
2023-01,2023-01-02,XU100,BUCIM,REJECTED_AT_SOURCE_PREFLIGHT,ORIGINAL_FINANCIAL_CATALOG_BYTES_MISSING,source_inventory.json
2023-01,2023-01-02,XU100,CCOLA,REJECTED_AT_SOURCE_PREFLIGHT,ORIGINAL_FINANCIAL_CATALOG_BYTES_MISSING,source_inventory.json
2023-01,2023-01-02,XU100,CEMTS,REJECTED_AT_SOURCE_PREFLIGHT,ORIGINAL_FINANCIAL_CATALOG_BYTES_MISSING,source_inventory.json
2023-01,2023-01-02,XU100,CIMSA,REJECTED_AT_SOURCE_PREFLIGHT,ORIGINAL_FINANCIAL_CATALOG_BYTES_MISSING,source_inventory.json
2023-01,2023-01-02,XU100,DOAS,REJECTED_AT_SOURCE_PREFLIGHT,ORIGINAL_FINANCIAL_CATALOG_BYTES_MISSING,source_inventory.json
2023-01,2023-01-02,XU100,DOHOL,REJECTED_AT_SOURCE_PREFLIGHT,ORIGINAL_FINANCIAL_CATALOG_BYTES_MISSING,source_inventory.json
2023-01,2023-01-02,XU100,ECILC,REJECTED_AT_SOURCE_PREFLIGHT,ORIGINAL_FINANCIAL_CATALOG_BYTES_MISSING,source_inventory.json
2023-01,2023-01-02,XU100,EGEEN,REJECTED_AT_SOURCE_PREFLIGHT,ORIGINAL_FINANCIAL_CATALOG_BYTES_MISSING,source_inventory.json
2023-01,2023-01-02,XU100,EKGYO,REJECTED_AT_SOURCE_PREFLIGHT,ORIGINAL_FINANCIAL_CATALOG_BYTES_MISSING,source_inventory.json
2023-01,2023-01-02,XU100,ENJSA,REJECTED_AT_SOURCE_PREFLIGHT,ORIGINAL_FINANCIAL_CATALOG_BYTES_MISSING,source_inventory.json
2023-01,2023-01-02,XU100,ENKAI,REJECTED_AT_SOURCE_PREFLIGHT,ORIGINAL_FINANCIAL_CATALOG_BYTES_MISSING,source_inventory.json
2023-01,2023-01-02,XU100,ERBOS,REJECTED_AT_SOURCE_PREFLIGHT,ORIGINAL_FINANCIAL_CATALOG_BYTES_MISSING,source_inventory.json
2023-01,2023-01-02,XU100,EREGL,REJECTED_AT_SOURCE_PREFLIGHT,ORIGINAL_FINANCIAL_CATALOG_BYTES_MISSING,source_inventory.json
2023-01,2023-01-02,XU100,EUREN,REJECTED_AT_SOURCE_PREFLIGHT,ORIGINAL_FINANCIAL_CATALOG_BYTES_MISSING,source_inventory.json
2023-01,2023-01-02,XU100,FENER,REJECTED_AT_SOURCE_PREFLIGHT,ORIGINAL_FINANCIAL_CATALOG_BYTES_MISSING,source_inventory.json
2023-01,2023-01-02,XU100,FROTO,REJECTED_AT_SOURCE_PREFLIGHT,ORIGINAL_FINANCIAL_CATALOG_BYTES_MISSING,source_inventory.json
2023-01,2023-01-02,XU100,GARAN,REJECTED_AT_SOURCE_PREFLIGHT,ORIGINAL_FINANCIAL_CATALOG_BYTES_MISSING,source_inventory.json
2023-01,2023-01-02,XU100,GESAN,REJECTED_AT_SOURCE_PREFLIGHT,ORIGINAL_FINANCIAL_CATALOG_BYTES_MISSING,source_inventory.json
2023-01,2023-01-02,XU100,GLYHO,REJECTED_AT_SOURCE_PREFLIGHT,ORIGINAL_FINANCIAL_CATALOG_BYTES_MISSING,source_inventory.json
2023-01,2023-01-02,XU100,GSDHO,REJECTED_AT_SOURCE_PREFLIGHT,ORIGINAL_FINANCIAL_CATALOG_BYTES_MISSING,source_inventory.json
2023-01,2023-01-02,XU100,GUBRF,REJECTED_AT_SOURCE_PREFLIGHT,ORIGINAL_FINANCIAL_CATALOG_BYTES_MISSING,source_inventory.json
2023-01,2023-01-02,XU100,GWIND,REJECTED_AT_SOURCE_PREFLIGHT,ORIGINAL_FINANCIAL_CATALOG_BYTES_MISSING,source_inventory.json
2023-01,2023-01-02,XU100,HALKB,REJECTED_AT_SOURCE_PREFLIGHT,ORIGINAL_FINANCIAL_CATALOG_BYTES_MISSING,source_inventory.json
2023-01,2023-01-02,XU100,HEKTS,REJECTED_AT_SOURCE_PREFLIGHT,ORIGINAL_FINANCIAL_CATALOG_BYTES_MISSING,source_inventory.json
2023-01,2023-01-02,XU100,IPEKE,REJECTED_AT_SOURCE_PREFLIGHT,ORIGINAL_FINANCIAL_CATALOG_BYTES_MISSING,source_inventory.json
2023-01,2023-01-02,XU100,ISCTR,REJECTED_AT_SOURCE_PREFLIGHT,ORIGINAL_FINANCIAL_CATALOG_BYTES_MISSING,source_inventory.json
2023-01,2023-01-02,XU100,ISDMR,REJECTED_AT_SOURCE_PREFLIGHT,ORIGINAL_FINANCIAL_CATALOG_BYTES_MISSING,source_inventory.json
2023-01,2023-01-02,XU100,ISFIN,REJECTED_AT_SOURCE_PREFLIGHT,ORIGINAL_FINANCIAL_CATALOG_BYTES_MISSING,source_inventory.json
2023-01,2023-01-02,XU100,ISGYO,REJECTED_AT_SOURCE_PREFLIGHT,ORIGINAL_FINANCIAL_CATALOG_BYTES_MISSING,source_inventory.json
2023-01,2023-01-02,XU100,JANTS,REJECTED_AT_SOURCE_PREFLIGHT,ORIGINAL_FINANCIAL_CATALOG_BYTES_MISSING,source_inventory.json
2023-01,2023-01-02,XU100,KARSN,REJECTED_AT_SOURCE_PREFLIGHT,ORIGINAL_FINANCIAL_CATALOG_BYTES_MISSING,source_inventory.json
2023-01,2023-01-02,XU100,KCAER,REJECTED_AT_SOURCE_PREFLIGHT,ORIGINAL_FINANCIAL_CATALOG_BYTES_MISSING,source_inventory.json
2023-01,2023-01-02,XU100,KCHOL,REJECTED_AT_SOURCE_PREFLIGHT,ORIGINAL_FINANCIAL_CATALOG_BYTES_MISSING,source_inventory.json
2023-01,2023-01-02,XU100,KERVT,REJECTED_AT_SOURCE_PREFLIGHT,ORIGINAL_FINANCIAL_CATALOG_BYTES_MISSING,source_inventory.json
2023-01,2023-01-02,XU100,KLRHO,REJECTED_AT_SOURCE_PREFLIGHT,ORIGINAL_FINANCIAL_CATALOG_BYTES_MISSING,source_inventory.json
2023-01,2023-01-02,XU100,KMPUR,REJECTED_AT_SOURCE_PREFLIGHT,ORIGINAL_FINANCIAL_CATALOG_BYTES_MISSING,source_inventory.json
2023-01,2023-01-02,XU100,KONTR,REJECTED_AT_SOURCE_PREFLIGHT,ORIGINAL_FINANCIAL_CATALOG_BYTES_MISSING,source_inventory.json
2023-01,2023-01-02,XU100,KORDS,REJECTED_AT_SOURCE_PREFLIGHT,ORIGINAL_FINANCIAL_CATALOG_BYTES_MISSING,source_inventory.json
2023-01,2023-01-02,XU100,KOZAA,REJECTED_AT_SOURCE_PREFLIGHT,ORIGINAL_FINANCIAL_CATALOG_BYTES_MISSING,source_inventory.json
2023-01,2023-01-02,XU100,KOZAL,REJECTED_AT_SOURCE_PREFLIGHT,ORIGINAL_FINANCIAL_CATALOG_BYTES_MISSING,source_inventory.json
2023-01,2023-01-02,XU100,KRDMD,REJECTED_AT_SOURCE_PREFLIGHT,ORIGINAL_FINANCIAL_CATALOG_BYTES_MISSING,source_inventory.json
2023-01,2023-01-02,XU100,KZBGY,REJECTED_AT_SOURCE_PREFLIGHT,ORIGINAL_FINANCIAL_CATALOG_BYTES_MISSING,source_inventory.json
2023-01,2023-01-02,XU100,MAVI,REJECTED_AT_SOURCE_PREFLIGHT,ORIGINAL_FINANCIAL_CATALOG_BYTES_MISSING,source_inventory.json
2023-01,2023-01-02,XU100,MGROS,REJECTED_AT_SOURCE_PREFLIGHT,ORIGINAL_FINANCIAL_CATALOG_BYTES_MISSING,source_inventory.json
2023-01,2023-01-02,XU100,NTHOL,REJECTED_AT_SOURCE_PREFLIGHT,ORIGINAL_FINANCIAL_CATALOG_BYTES_MISSING,source_inventory.json
2023-01,2023-01-02,XU100,ODAS,REJECTED_AT_SOURCE_PREFLIGHT,ORIGINAL_FINANCIAL_CATALOG_BYTES_MISSING,source_inventory.json
2023-01,2023-01-02,XU100,OTKAR,REJECTED_AT_SOURCE_PREFLIGHT,ORIGINAL_FINANCIAL_CATALOG_BYTES_MISSING,source_inventory.json
2023-01,2023-01-02,XU100,OYAKC,REJECTED_AT_SOURCE_PREFLIGHT,ORIGINAL_FINANCIAL_CATALOG_BYTES_MISSING,source_inventory.json
2023-01,2023-01-02,XU100,PETKM,REJECTED_AT_SOURCE_PREFLIGHT,ORIGINAL_FINANCIAL_CATALOG_BYTES_MISSING,source_inventory.json
2023-01,2023-01-02,XU100,PGSUS,REJECTED_AT_SOURCE_PREFLIGHT,ORIGINAL_FINANCIAL_CATALOG_BYTES_MISSING,source_inventory.json
2023-01,2023-01-02,XU100,PSGYO,REJECTED_AT_SOURCE_PREFLIGHT,ORIGINAL_FINANCIAL_CATALOG_BYTES_MISSING,source_inventory.json
2023-01,2023-01-02,XU100,SAHOL,REJECTED_AT_SOURCE_PREFLIGHT,ORIGINAL_FINANCIAL_CATALOG_BYTES_MISSING,source_inventory.json
2023-01,2023-01-02,XU100,SASA,REJECTED_AT_SOURCE_PREFLIGHT,ORIGINAL_FINANCIAL_CATALOG_BYTES_MISSING,source_inventory.json
2023-01,2023-01-02,XU100,SELEC,REJECTED_AT_SOURCE_PREFLIGHT,ORIGINAL_FINANCIAL_CATALOG_BYTES_MISSING,source_inventory.json
2023-01,2023-01-02,XU100,SISE,REJECTED_AT_SOURCE_PREFLIGHT,ORIGINAL_FINANCIAL_CATALOG_BYTES_MISSING,source_inventory.json
2023-01,2023-01-02,XU100,SKBNK,REJECTED_AT_SOURCE_PREFLIGHT,ORIGINAL_FINANCIAL_CATALOG_BYTES_MISSING,source_inventory.json
2023-01,2023-01-02,XU100,SMRTG,REJECTED_AT_SOURCE_PREFLIGHT,ORIGINAL_FINANCIAL_CATALOG_BYTES_MISSING,source_inventory.json
2023-01,2023-01-02,XU100,SNGYO,REJECTED_AT_SOURCE_PREFLIGHT,ORIGINAL_FINANCIAL_CATALOG_BYTES_MISSING,source_inventory.json
2023-01,2023-01-02,XU100,SOKM,REJECTED_AT_SOURCE_PREFLIGHT,ORIGINAL_FINANCIAL_CATALOG_BYTES_MISSING,source_inventory.json
2023-01,2023-01-02,XU100,TAVHL,REJECTED_AT_SOURCE_PREFLIGHT,ORIGINAL_FINANCIAL_CATALOG_BYTES_MISSING,source_inventory.json
2023-01,2023-01-02,XU100,TCELL,REJECTED_AT_SOURCE_PREFLIGHT,ORIGINAL_FINANCIAL_CATALOG_BYTES_MISSING,source_inventory.json
2023-01,2023-01-02,XU100,THYAO,REJECTED_AT_SOURCE_PREFLIGHT,ORIGINAL_FINANCIAL_CATALOG_BYTES_MISSING,source_inventory.json
2023-01,2023-01-02,XU100,TKFEN,REJECTED_AT_SOURCE_PREFLIGHT,ORIGINAL_FINANCIAL_CATALOG_BYTES_MISSING,source_inventory.json
2023-01,2023-01-02,XU100,TKNSA,REJECTED_AT_SOURCE_PREFLIGHT,ORIGINAL_FINANCIAL_CATALOG_BYTES_MISSING,source_inventory.json
2023-01,2023-01-02,XU100,TMSN,REJECTED_AT_SOURCE_PREFLIGHT,ORIGINAL_FINANCIAL_CATALOG_BYTES_MISSING,source_inventory.json
2023-01,2023-01-02,XU100,TOASO,REJECTED_AT_SOURCE_PREFLIGHT,ORIGINAL_FINANCIAL_CATALOG_BYTES_MISSING,source_inventory.json
2023-01,2023-01-02,XU100,TSKB,REJECTED_AT_SOURCE_PREFLIGHT,ORIGINAL_FINANCIAL_CATALOG_BYTES_MISSING,source_inventory.json
2023-01,2023-01-02,XU100,TSPOR,REJECTED_AT_SOURCE_PREFLIGHT,ORIGINAL_FINANCIAL_CATALOG_BYTES_MISSING,source_inventory.json
2023-01,2023-01-02,XU100,TTKOM,REJECTED_AT_SOURCE_PREFLIGHT,ORIGINAL_FINANCIAL_CATALOG_BYTES_MISSING,source_inventory.json
2023-01,2023-01-02,XU100,TTRAK,REJECTED_AT_SOURCE_PREFLIGHT,ORIGINAL_FINANCIAL_CATALOG_BYTES_MISSING,source_inventory.json
2023-01,2023-01-02,XU100,TUKAS,REJECTED_AT_SOURCE_PREFLIGHT,ORIGINAL_FINANCIAL_CATALOG_BYTES_MISSING,source_inventory.json
2023-01,2023-01-02,XU100,TUPRS,REJECTED_AT_SOURCE_PREFLIGHT,ORIGINAL_FINANCIAL_CATALOG_BYTES_MISSING,source_inventory.json
2023-01,2023-01-02,XU100,TURSG,REJECTED_AT_SOURCE_PREFLIGHT,ORIGINAL_FINANCIAL_CATALOG_BYTES_MISSING,source_inventory.json
2023-01,2023-01-02,XU100,ULKER,REJECTED_AT_SOURCE_PREFLIGHT,ORIGINAL_FINANCIAL_CATALOG_BYTES_MISSING,source_inventory.json
2023-01,2023-01-02,XU100,VAKBN,REJECTED_AT_SOURCE_PREFLIGHT,ORIGINAL_FINANCIAL_CATALOG_BYTES_MISSING,source_inventory.json
2023-01,2023-01-02,XU100,VESBE,REJECTED_AT_SOURCE_PREFLIGHT,ORIGINAL_FINANCIAL_CATALOG_BYTES_MISSING,source_inventory.json
2023-01,2023-01-02,XU100,VESTL,REJECTED_AT_SOURCE_PREFLIGHT,ORIGINAL_FINANCIAL_CATALOG_BYTES_MISSING,source_inventory.json
2023-01,2023-01-02,XU100,YKBNK,REJECTED_AT_SOURCE_PREFLIGHT,ORIGINAL_FINANCIAL_CATALOG_BYTES_MISSING,source_inventory.json
2023-01,2023-01-02,XU100,YYLGD,REJECTED_AT_SOURCE_PREFLIGHT,ORIGINAL_FINANCIAL_CATALOG_BYTES_MISSING,source_inventory.json
2023-01,2023-01-02,XU100,ZOREN,REJECTED_AT_SOURCE_PREFLIGHT,ORIGINAL_FINANCIAL_CATALOG_BYTES_MISSING,source_inventory.json
2023-02,2023-02-01,XU100,AEFES,REJECTED_AT_SOURCE_PREFLIGHT,ORIGINAL_FINANCIAL_CATALOG_BYTES_MISSING,source_inventory.json
2023-02,2023-02-01,XU100,AGHOL,REJECTED_AT_SOURCE_PREFLIGHT,ORIGINAL_FINANCIAL_CATALOG_BYTES_MISSING,source_inventory.json
2023-02,2023-02-01,XU100,AKBNK,REJECTED_AT_SOURCE_PREFLIGHT,ORIGINAL_FINANCIAL_CATALOG_BYTES_MISSING,source_inventory.json
2023-02,2023-02-01,XU100,AKFGY,REJECTED_AT_SOURCE_PREFLIGHT,ORIGINAL_FINANCIAL_CATALOG_BYTES_MISSING,source_inventory.json
2023-02,2023-02-01,XU100,AKSA,REJECTED_AT_SOURCE_PREFLIGHT,ORIGINAL_FINANCIAL_CATALOG_BYTES_MISSING,source_inventory.json
2023-02,2023-02-01,XU100,AKSEN,REJECTED_AT_SOURCE_PREFLIGHT,ORIGINAL_FINANCIAL_CATALOG_BYTES_MISSING,source_inventory.json
2023-02,2023-02-01,XU100,ALARK,REJECTED_AT_SOURCE_PREFLIGHT,ORIGINAL_FINANCIAL_CATALOG_BYTES_MISSING,source_inventory.json
2023-02,2023-02-01,XU100,ALBRK,REJECTED_AT_SOURCE_PREFLIGHT,ORIGINAL_FINANCIAL_CATALOG_BYTES_MISSING,source_inventory.json
2023-02,2023-02-01,XU100,ALGYO,REJECTED_AT_SOURCE_PREFLIGHT,ORIGINAL_FINANCIAL_CATALOG_BYTES_MISSING,source_inventory.json
2023-02,2023-02-01,XU100,ALKIM,REJECTED_AT_SOURCE_PREFLIGHT,ORIGINAL_FINANCIAL_CATALOG_BYTES_MISSING,source_inventory.json
2023-02,2023-02-01,XU100,ARCLK,REJECTED_AT_SOURCE_PREFLIGHT,ORIGINAL_FINANCIAL_CATALOG_BYTES_MISSING,source_inventory.json
2023-02,2023-02-01,XU100,ASELS,REJECTED_AT_SOURCE_PREFLIGHT,ORIGINAL_FINANCIAL_CATALOG_BYTES_MISSING,source_inventory.json
2023-02,2023-02-01,XU100,ASUZU,REJECTED_AT_SOURCE_PREFLIGHT,ORIGINAL_FINANCIAL_CATALOG_BYTES_MISSING,source_inventory.json
2023-02,2023-02-01,XU100,AYDEM,REJECTED_AT_SOURCE_PREFLIGHT,ORIGINAL_FINANCIAL_CATALOG_BYTES_MISSING,source_inventory.json
2023-02,2023-02-01,XU100,BAGFS,REJECTED_AT_SOURCE_PREFLIGHT,ORIGINAL_FINANCIAL_CATALOG_BYTES_MISSING,source_inventory.json
2023-02,2023-02-01,XU100,BASGZ,REJECTED_AT_SOURCE_PREFLIGHT,ORIGINAL_FINANCIAL_CATALOG_BYTES_MISSING,source_inventory.json
2023-02,2023-02-01,XU100,BERA,REJECTED_AT_SOURCE_PREFLIGHT,ORIGINAL_FINANCIAL_CATALOG_BYTES_MISSING,source_inventory.json
2023-02,2023-02-01,XU100,BIMAS,REJECTED_AT_SOURCE_PREFLIGHT,ORIGINAL_FINANCIAL_CATALOG_BYTES_MISSING,source_inventory.json
2023-02,2023-02-01,XU100,BIOEN,REJECTED_AT_SOURCE_PREFLIGHT,ORIGINAL_FINANCIAL_CATALOG_BYTES_MISSING,source_inventory.json
2023-02,2023-02-01,XU100,BRYAT,REJECTED_AT_SOURCE_PREFLIGHT,ORIGINAL_FINANCIAL_CATALOG_BYTES_MISSING,source_inventory.json
2023-02,2023-02-01,XU100,BUCIM,REJECTED_AT_SOURCE_PREFLIGHT,ORIGINAL_FINANCIAL_CATALOG_BYTES_MISSING,source_inventory.json
2023-02,2023-02-01,XU100,CCOLA,REJECTED_AT_SOURCE_PREFLIGHT,ORIGINAL_FINANCIAL_CATALOG_BYTES_MISSING,source_inventory.json
2023-02,2023-02-01,XU100,CEMTS,REJECTED_AT_SOURCE_PREFLIGHT,ORIGINAL_FINANCIAL_CATALOG_BYTES_MISSING,source_inventory.json
2023-02,2023-02-01,XU100,CIMSA,REJECTED_AT_SOURCE_PREFLIGHT,ORIGINAL_FINANCIAL_CATALOG_BYTES_MISSING,source_inventory.json
2023-02,2023-02-01,XU100,DOAS,REJECTED_AT_SOURCE_PREFLIGHT,ORIGINAL_FINANCIAL_CATALOG_BYTES_MISSING,source_inventory.json
2023-02,2023-02-01,XU100,DOHOL,REJECTED_AT_SOURCE_PREFLIGHT,ORIGINAL_FINANCIAL_CATALOG_BYTES_MISSING,source_inventory.json
2023-02,2023-02-01,XU100,ECILC,REJECTED_AT_SOURCE_PREFLIGHT,ORIGINAL_FINANCIAL_CATALOG_BYTES_MISSING,source_inventory.json
2023-02,2023-02-01,XU100,EGEEN,REJECTED_AT_SOURCE_PREFLIGHT,ORIGINAL_FINANCIAL_CATALOG_BYTES_MISSING,source_inventory.json
2023-02,2023-02-01,XU100,EKGYO,REJECTED_AT_SOURCE_PREFLIGHT,ORIGINAL_FINANCIAL_CATALOG_BYTES_MISSING,source_inventory.json
2023-02,2023-02-01,XU100,ENJSA,REJECTED_AT_SOURCE_PREFLIGHT,ORIGINAL_FINANCIAL_CATALOG_BYTES_MISSING,source_inventory.json
2023-02,2023-02-01,XU100,ENKAI,REJECTED_AT_SOURCE_PREFLIGHT,ORIGINAL_FINANCIAL_CATALOG_BYTES_MISSING,source_inventory.json
2023-02,2023-02-01,XU100,ERBOS,REJECTED_AT_SOURCE_PREFLIGHT,ORIGINAL_FINANCIAL_CATALOG_BYTES_MISSING,source_inventory.json
2023-02,2023-02-01,XU100,EREGL,REJECTED_AT_SOURCE_PREFLIGHT,ORIGINAL_FINANCIAL_CATALOG_BYTES_MISSING,source_inventory.json
2023-02,2023-02-01,XU100,EUREN,REJECTED_AT_SOURCE_PREFLIGHT,ORIGINAL_FINANCIAL_CATALOG_BYTES_MISSING,source_inventory.json
2023-02,2023-02-01,XU100,FENER,REJECTED_AT_SOURCE_PREFLIGHT,ORIGINAL_FINANCIAL_CATALOG_BYTES_MISSING,source_inventory.json
2023-02,2023-02-01,XU100,FROTO,REJECTED_AT_SOURCE_PREFLIGHT,ORIGINAL_FINANCIAL_CATALOG_BYTES_MISSING,source_inventory.json
2023-02,2023-02-01,XU100,GARAN,REJECTED_AT_SOURCE_PREFLIGHT,ORIGINAL_FINANCIAL_CATALOG_BYTES_MISSING,source_inventory.json
2023-02,2023-02-01,XU100,GESAN,REJECTED_AT_SOURCE_PREFLIGHT,ORIGINAL_FINANCIAL_CATALOG_BYTES_MISSING,source_inventory.json
2023-02,2023-02-01,XU100,GLYHO,REJECTED_AT_SOURCE_PREFLIGHT,ORIGINAL_FINANCIAL_CATALOG_BYTES_MISSING,source_inventory.json
2023-02,2023-02-01,XU100,GSDHO,REJECTED_AT_SOURCE_PREFLIGHT,ORIGINAL_FINANCIAL_CATALOG_BYTES_MISSING,source_inventory.json
2023-02,2023-02-01,XU100,GUBRF,REJECTED_AT_SOURCE_PREFLIGHT,ORIGINAL_FINANCIAL_CATALOG_BYTES_MISSING,source_inventory.json
2023-02,2023-02-01,XU100,GWIND,REJECTED_AT_SOURCE_PREFLIGHT,ORIGINAL_FINANCIAL_CATALOG_BYTES_MISSING,source_inventory.json
2023-02,2023-02-01,XU100,HALKB,REJECTED_AT_SOURCE_PREFLIGHT,ORIGINAL_FINANCIAL_CATALOG_BYTES_MISSING,source_inventory.json
2023-02,2023-02-01,XU100,HEKTS,REJECTED_AT_SOURCE_PREFLIGHT,ORIGINAL_FINANCIAL_CATALOG_BYTES_MISSING,source_inventory.json
2023-02,2023-02-01,XU100,IPEKE,REJECTED_AT_SOURCE_PREFLIGHT,ORIGINAL_FINANCIAL_CATALOG_BYTES_MISSING,source_inventory.json
2023-02,2023-02-01,XU100,ISCTR,REJECTED_AT_SOURCE_PREFLIGHT,ORIGINAL_FINANCIAL_CATALOG_BYTES_MISSING,source_inventory.json
2023-02,2023-02-01,XU100,ISDMR,REJECTED_AT_SOURCE_PREFLIGHT,ORIGINAL_FINANCIAL_CATALOG_BYTES_MISSING,source_inventory.json
2023-02,2023-02-01,XU100,ISFIN,REJECTED_AT_SOURCE_PREFLIGHT,ORIGINAL_FINANCIAL_CATALOG_BYTES_MISSING,source_inventory.json
2023-02,2023-02-01,XU100,ISGYO,REJECTED_AT_SOURCE_PREFLIGHT,ORIGINAL_FINANCIAL_CATALOG_BYTES_MISSING,source_inventory.json
2023-02,2023-02-01,XU100,JANTS,REJECTED_AT_SOURCE_PREFLIGHT,ORIGINAL_FINANCIAL_CATALOG_BYTES_MISSING,source_inventory.json
2023-02,2023-02-01,XU100,KARSN,REJECTED_AT_SOURCE_PREFLIGHT,ORIGINAL_FINANCIAL_CATALOG_BYTES_MISSING,source_inventory.json
2023-02,2023-02-01,XU100,KCAER,REJECTED_AT_SOURCE_PREFLIGHT,ORIGINAL_FINANCIAL_CATALOG_BYTES_MISSING,source_inventory.json
2023-02,2023-02-01,XU100,KCHOL,REJECTED_AT_SOURCE_PREFLIGHT,ORIGINAL_FINANCIAL_CATALOG_BYTES_MISSING,source_inventory.json
2023-02,2023-02-01,XU100,KERVT,REJECTED_AT_SOURCE_PREFLIGHT,ORIGINAL_FINANCIAL_CATALOG_BYTES_MISSING,source_inventory.json
2023-02,2023-02-01,XU100,KLRHO,REJECTED_AT_SOURCE_PREFLIGHT,ORIGINAL_FINANCIAL_CATALOG_BYTES_MISSING,source_inventory.json
2023-02,2023-02-01,XU100,KMPUR,REJECTED_AT_SOURCE_PREFLIGHT,ORIGINAL_FINANCIAL_CATALOG_BYTES_MISSING,source_inventory.json
2023-02,2023-02-01,XU100,KONTR,REJECTED_AT_SOURCE_PREFLIGHT,ORIGINAL_FINANCIAL_CATALOG_BYTES_MISSING,source_inventory.json
2023-02,2023-02-01,XU100,KORDS,REJECTED_AT_SOURCE_PREFLIGHT,ORIGINAL_FINANCIAL_CATALOG_BYTES_MISSING,source_inventory.json
2023-02,2023-02-01,XU100,KOZAA,REJECTED_AT_SOURCE_PREFLIGHT,ORIGINAL_FINANCIAL_CATALOG_BYTES_MISSING,source_inventory.json
2023-02,2023-02-01,XU100,KOZAL,REJECTED_AT_SOURCE_PREFLIGHT,ORIGINAL_FINANCIAL_CATALOG_BYTES_MISSING,source_inventory.json
2023-02,2023-02-01,XU100,KRDMD,REJECTED_AT_SOURCE_PREFLIGHT,ORIGINAL_FINANCIAL_CATALOG_BYTES_MISSING,source_inventory.json
2023-02,2023-02-01,XU100,KZBGY,REJECTED_AT_SOURCE_PREFLIGHT,ORIGINAL_FINANCIAL_CATALOG_BYTES_MISSING,source_inventory.json
2023-02,2023-02-01,XU100,MAVI,REJECTED_AT_SOURCE_PREFLIGHT,ORIGINAL_FINANCIAL_CATALOG_BYTES_MISSING,source_inventory.json
2023-02,2023-02-01,XU100,MGROS,REJECTED_AT_SOURCE_PREFLIGHT,ORIGINAL_FINANCIAL_CATALOG_BYTES_MISSING,source_inventory.json
2023-02,2023-02-01,XU100,NTHOL,REJECTED_AT_SOURCE_PREFLIGHT,ORIGINAL_FINANCIAL_CATALOG_BYTES_MISSING,source_inventory.json
2023-02,2023-02-01,XU100,ODAS,REJECTED_AT_SOURCE_PREFLIGHT,ORIGINAL_FINANCIAL_CATALOG_BYTES_MISSING,source_inventory.json
2023-02,2023-02-01,XU100,OTKAR,REJECTED_AT_SOURCE_PREFLIGHT,ORIGINAL_FINANCIAL_CATALOG_BYTES_MISSING,source_inventory.json
2023-02,2023-02-01,XU100,OYAKC,REJECTED_AT_SOURCE_PREFLIGHT,ORIGINAL_FINANCIAL_CATALOG_BYTES_MISSING,source_inventory.json
2023-02,2023-02-01,XU100,PETKM,REJECTED_AT_SOURCE_PREFLIGHT,ORIGINAL_FINANCIAL_CATALOG_BYTES_MISSING,source_inventory.json
2023-02,2023-02-01,XU100,PGSUS,REJECTED_AT_SOURCE_PREFLIGHT,ORIGINAL_FINANCIAL_CATALOG_BYTES_MISSING,source_inventory.json
2023-02,2023-02-01,XU100,PSGYO,REJECTED_AT_SOURCE_PREFLIGHT,ORIGINAL_FINANCIAL_CATALOG_BYTES_MISSING,source_inventory.json
2023-02,2023-02-01,XU100,SAHOL,REJECTED_AT_SOURCE_PREFLIGHT,ORIGINAL_FINANCIAL_CATALOG_BYTES_MISSING,source_inventory.json
2023-02,2023-02-01,XU100,SASA,REJECTED_AT_SOURCE_PREFLIGHT,ORIGINAL_FINANCIAL_CATALOG_BYTES_MISSING,source_inventory.json
2023-02,2023-02-01,XU100,SELEC,REJECTED_AT_SOURCE_PREFLIGHT,ORIGINAL_FINANCIAL_CATALOG_BYTES_MISSING,source_inventory.json
2023-02,2023-02-01,XU100,SISE,REJECTED_AT_SOURCE_PREFLIGHT,ORIGINAL_FINANCIAL_CATALOG_BYTES_MISSING,source_inventory.json
2023-02,2023-02-01,XU100,SKBNK,REJECTED_AT_SOURCE_PREFLIGHT,ORIGINAL_FINANCIAL_CATALOG_BYTES_MISSING,source_inventory.json
2023-02,2023-02-01,XU100,SMRTG,REJECTED_AT_SOURCE_PREFLIGHT,ORIGINAL_FINANCIAL_CATALOG_BYTES_MISSING,source_inventory.json
2023-02,2023-02-01,XU100,SNGYO,REJECTED_AT_SOURCE_PREFLIGHT,ORIGINAL_FINANCIAL_CATALOG_BYTES_MISSING,source_inventory.json
2023-02,2023-02-01,XU100,SOKM,REJECTED_AT_SOURCE_PREFLIGHT,ORIGINAL_FINANCIAL_CATALOG_BYTES_MISSING,source_inventory.json
2023-02,2023-02-01,XU100,TAVHL,REJECTED_AT_SOURCE_PREFLIGHT,ORIGINAL_FINANCIAL_CATALOG_BYTES_MISSING,source_inventory.json
2023-02,2023-02-01,XU100,TCELL,REJECTED_AT_SOURCE_PREFLIGHT,ORIGINAL_FINANCIAL_CATALOG_BYTES_MISSING,source_inventory.json
2023-02,2023-02-01,XU100,THYAO,REJECTED_AT_SOURCE_PREFLIGHT,ORIGINAL_FINANCIAL_CATALOG_BYTES_MISSING,source_inventory.json
2023-02,2023-02-01,XU100,TKFEN,REJECTED_AT_SOURCE_PREFLIGHT,ORIGINAL_FINANCIAL_CATALOG_BYTES_MISSING,source_inventory.json
2023-02,2023-02-01,XU100,TKNSA,REJECTED_AT_SOURCE_PREFLIGHT,ORIGINAL_FINANCIAL_CATALOG_BYTES_MISSING,source_inventory.json
2023-02,2023-02-01,XU100,TMSN,REJECTED_AT_SOURCE_PREFLIGHT,ORIGINAL_FINANCIAL_CATALOG_BYTES_MISSING,source_inventory.json
2023-02,2023-02-01,XU100,TOASO,REJECTED_AT_SOURCE_PREFLIGHT,ORIGINAL_FINANCIAL_CATALOG_BYTES_MISSING,source_inventory.json
2023-02,2023-02-01,XU100,TSKB,REJECTED_AT_SOURCE_PREFLIGHT,ORIGINAL_FINANCIAL_CATALOG_BYTES_MISSING,source_inventory.json
2023-02,2023-02-01,XU100,TSPOR,REJECTED_AT_SOURCE_PREFLIGHT,ORIGINAL_FINANCIAL_CATALOG_BYTES_MISSING,source_inventory.json
2023-02,2023-02-01,XU100,TTKOM,REJECTED_AT_SOURCE_PREFLIGHT,ORIGINAL_FINANCIAL_CATALOG_BYTES_MISSING,source_inventory.json
2023-02,2023-02-01,XU100,TTRAK,REJECTED_AT_SOURCE_PREFLIGHT,ORIGINAL_FINANCIAL_CATALOG_BYTES_MISSING,source_inventory.json
2023-02,2023-02-01,XU100,TUKAS,REJECTED_AT_SOURCE_PREFLIGHT,ORIGINAL_FINANCIAL_CATALOG_BYTES_MISSING,source_inventory.json
2023-02,2023-02-01,XU100,TUPRS,REJECTED_AT_SOURCE_PREFLIGHT,ORIGINAL_FINANCIAL_CATALOG_BYTES_MISSING,source_inventory.json
2023-02,2023-02-01,XU100,TURSG,REJECTED_AT_SOURCE_PREFLIGHT,ORIGINAL_FINANCIAL_CATALOG_BYTES_MISSING,source_inventory.json
2023-02,2023-02-01,XU100,ULKER,REJECTED_AT_SOURCE_PREFLIGHT,ORIGINAL_FINANCIAL_CATALOG_BYTES_MISSING,source_inventory.json
2023-02,2023-02-01,XU100,VAKBN,REJECTED_AT_SOURCE_PREFLIGHT,ORIGINAL_FINANCIAL_CATALOG_BYTES_MISSING,source_inventory.json
2023-02,2023-02-01,XU100,VESBE,REJECTED_AT_SOURCE_PREFLIGHT,ORIGINAL_FINANCIAL_CATALOG_BYTES_MISSING,source_inventory.json
2023-02,2023-02-01,XU100,VESTL,REJECTED_AT_SOURCE_PREFLIGHT,ORIGINAL_FINANCIAL_CATALOG_BYTES_MISSING,source_inventory.json
2023-02,2023-02-01,XU100,YKBNK,REJECTED_AT_SOURCE_PREFLIGHT,ORIGINAL_FINANCIAL_CATALOG_BYTES_MISSING,source_inventory.json
2023-02,2023-02-01,XU100,YYLGD,REJECTED_AT_SOURCE_PREFLIGHT,ORIGINAL_FINANCIAL_CATALOG_BYTES_MISSING,source_inventory.json
2023-02,2023-02-01,XU100,ZOREN,REJECTED_AT_SOURCE_PREFLIGHT,ORIGINAL_FINANCIAL_CATALOG_BYTES_MISSING,source_inventory.json
2023-03,2023-03-01,XU100,AEFES,REJECTED_AT_SOURCE_PREFLIGHT,ORIGINAL_FINANCIAL_CATALOG_BYTES_MISSING,source_inventory.json
2023-03,2023-03-01,XU100,AGHOL,REJECTED_AT_SOURCE_PREFLIGHT,ORIGINAL_FINANCIAL_CATALOG_BYTES_MISSING,source_inventory.json
2023-03,2023-03-01,XU100,AKBNK,REJECTED_AT_SOURCE_PREFLIGHT,ORIGINAL_FINANCIAL_CATALOG_BYTES_MISSING,source_inventory.json
2023-03,2023-03-01,XU100,AKFGY,REJECTED_AT_SOURCE_PREFLIGHT,ORIGINAL_FINANCIAL_CATALOG_BYTES_MISSING,source_inventory.json
2023-03,2023-03-01,XU100,AKSA,REJECTED_AT_SOURCE_PREFLIGHT,ORIGINAL_FINANCIAL_CATALOG_BYTES_MISSING,source_inventory.json
2023-03,2023-03-01,XU100,AKSEN,REJECTED_AT_SOURCE_PREFLIGHT,ORIGINAL_FINANCIAL_CATALOG_BYTES_MISSING,source_inventory.json
2023-03,2023-03-01,XU100,ALARK,REJECTED_AT_SOURCE_PREFLIGHT,ORIGINAL_FINANCIAL_CATALOG_BYTES_MISSING,source_inventory.json
2023-03,2023-03-01,XU100,ALBRK,REJECTED_AT_SOURCE_PREFLIGHT,ORIGINAL_FINANCIAL_CATALOG_BYTES_MISSING,source_inventory.json
2023-03,2023-03-01,XU100,ALGYO,REJECTED_AT_SOURCE_PREFLIGHT,ORIGINAL_FINANCIAL_CATALOG_BYTES_MISSING,source_inventory.json
2023-03,2023-03-01,XU100,ALKIM,REJECTED_AT_SOURCE_PREFLIGHT,ORIGINAL_FINANCIAL_CATALOG_BYTES_MISSING,source_inventory.json
2023-03,2023-03-01,XU100,ARCLK,REJECTED_AT_SOURCE_PREFLIGHT,ORIGINAL_FINANCIAL_CATALOG_BYTES_MISSING,source_inventory.json
2023-03,2023-03-01,XU100,ASELS,REJECTED_AT_SOURCE_PREFLIGHT,ORIGINAL_FINANCIAL_CATALOG_BYTES_MISSING,source_inventory.json
2023-03,2023-03-01,XU100,ASUZU,REJECTED_AT_SOURCE_PREFLIGHT,ORIGINAL_FINANCIAL_CATALOG_BYTES_MISSING,source_inventory.json
2023-03,2023-03-01,XU100,AYDEM,REJECTED_AT_SOURCE_PREFLIGHT,ORIGINAL_FINANCIAL_CATALOG_BYTES_MISSING,source_inventory.json
2023-03,2023-03-01,XU100,BAGFS,REJECTED_AT_SOURCE_PREFLIGHT,ORIGINAL_FINANCIAL_CATALOG_BYTES_MISSING,source_inventory.json
2023-03,2023-03-01,XU100,BASGZ,REJECTED_AT_SOURCE_PREFLIGHT,ORIGINAL_FINANCIAL_CATALOG_BYTES_MISSING,source_inventory.json
2023-03,2023-03-01,XU100,BERA,REJECTED_AT_SOURCE_PREFLIGHT,ORIGINAL_FINANCIAL_CATALOG_BYTES_MISSING,source_inventory.json
2023-03,2023-03-01,XU100,BIMAS,REJECTED_AT_SOURCE_PREFLIGHT,ORIGINAL_FINANCIAL_CATALOG_BYTES_MISSING,source_inventory.json
2023-03,2023-03-01,XU100,BIOEN,REJECTED_AT_SOURCE_PREFLIGHT,ORIGINAL_FINANCIAL_CATALOG_BYTES_MISSING,source_inventory.json
2023-03,2023-03-01,XU100,BRYAT,REJECTED_AT_SOURCE_PREFLIGHT,ORIGINAL_FINANCIAL_CATALOG_BYTES_MISSING,source_inventory.json
2023-03,2023-03-01,XU100,BUCIM,REJECTED_AT_SOURCE_PREFLIGHT,ORIGINAL_FINANCIAL_CATALOG_BYTES_MISSING,source_inventory.json
2023-03,2023-03-01,XU100,CCOLA,REJECTED_AT_SOURCE_PREFLIGHT,ORIGINAL_FINANCIAL_CATALOG_BYTES_MISSING,source_inventory.json
2023-03,2023-03-01,XU100,CEMTS,REJECTED_AT_SOURCE_PREFLIGHT,ORIGINAL_FINANCIAL_CATALOG_BYTES_MISSING,source_inventory.json
2023-03,2023-03-01,XU100,CIMSA,REJECTED_AT_SOURCE_PREFLIGHT,ORIGINAL_FINANCIAL_CATALOG_BYTES_MISSING,source_inventory.json
2023-03,2023-03-01,XU100,DOAS,REJECTED_AT_SOURCE_PREFLIGHT,ORIGINAL_FINANCIAL_CATALOG_BYTES_MISSING,source_inventory.json
2023-03,2023-03-01,XU100,DOHOL,REJECTED_AT_SOURCE_PREFLIGHT,ORIGINAL_FINANCIAL_CATALOG_BYTES_MISSING,source_inventory.json
2023-03,2023-03-01,XU100,ECILC,REJECTED_AT_SOURCE_PREFLIGHT,ORIGINAL_FINANCIAL_CATALOG_BYTES_MISSING,source_inventory.json
2023-03,2023-03-01,XU100,EGEEN,REJECTED_AT_SOURCE_PREFLIGHT,ORIGINAL_FINANCIAL_CATALOG_BYTES_MISSING,source_inventory.json
2023-03,2023-03-01,XU100,EKGYO,REJECTED_AT_SOURCE_PREFLIGHT,ORIGINAL_FINANCIAL_CATALOG_BYTES_MISSING,source_inventory.json
2023-03,2023-03-01,XU100,ENJSA,REJECTED_AT_SOURCE_PREFLIGHT,ORIGINAL_FINANCIAL_CATALOG_BYTES_MISSING,source_inventory.json
2023-03,2023-03-01,XU100,ENKAI,REJECTED_AT_SOURCE_PREFLIGHT,ORIGINAL_FINANCIAL_CATALOG_BYTES_MISSING,source_inventory.json
2023-03,2023-03-01,XU100,ERBOS,REJECTED_AT_SOURCE_PREFLIGHT,ORIGINAL_FINANCIAL_CATALOG_BYTES_MISSING,source_inventory.json
2023-03,2023-03-01,XU100,EREGL,REJECTED_AT_SOURCE_PREFLIGHT,ORIGINAL_FINANCIAL_CATALOG_BYTES_MISSING,source_inventory.json
2023-03,2023-03-01,XU100,EUREN,REJECTED_AT_SOURCE_PREFLIGHT,ORIGINAL_FINANCIAL_CATALOG_BYTES_MISSING,source_inventory.json
2023-03,2023-03-01,XU100,FENER,REJECTED_AT_SOURCE_PREFLIGHT,ORIGINAL_FINANCIAL_CATALOG_BYTES_MISSING,source_inventory.json
2023-03,2023-03-01,XU100,FROTO,REJECTED_AT_SOURCE_PREFLIGHT,ORIGINAL_FINANCIAL_CATALOG_BYTES_MISSING,source_inventory.json
2023-03,2023-03-01,XU100,GARAN,REJECTED_AT_SOURCE_PREFLIGHT,ORIGINAL_FINANCIAL_CATALOG_BYTES_MISSING,source_inventory.json
2023-03,2023-03-01,XU100,GESAN,REJECTED_AT_SOURCE_PREFLIGHT,ORIGINAL_FINANCIAL_CATALOG_BYTES_MISSING,source_inventory.json
2023-03,2023-03-01,XU100,GLYHO,REJECTED_AT_SOURCE_PREFLIGHT,ORIGINAL_FINANCIAL_CATALOG_BYTES_MISSING,source_inventory.json
2023-03,2023-03-01,XU100,GSDHO,REJECTED_AT_SOURCE_PREFLIGHT,ORIGINAL_FINANCIAL_CATALOG_BYTES_MISSING,source_inventory.json
2023-03,2023-03-01,XU100,GUBRF,REJECTED_AT_SOURCE_PREFLIGHT,ORIGINAL_FINANCIAL_CATALOG_BYTES_MISSING,source_inventory.json
2023-03,2023-03-01,XU100,GWIND,REJECTED_AT_SOURCE_PREFLIGHT,ORIGINAL_FINANCIAL_CATALOG_BYTES_MISSING,source_inventory.json
2023-03,2023-03-01,XU100,HALKB,REJECTED_AT_SOURCE_PREFLIGHT,ORIGINAL_FINANCIAL_CATALOG_BYTES_MISSING,source_inventory.json
2023-03,2023-03-01,XU100,HEKTS,REJECTED_AT_SOURCE_PREFLIGHT,ORIGINAL_FINANCIAL_CATALOG_BYTES_MISSING,source_inventory.json
2023-03,2023-03-01,XU100,IPEKE,REJECTED_AT_SOURCE_PREFLIGHT,ORIGINAL_FINANCIAL_CATALOG_BYTES_MISSING,source_inventory.json
2023-03,2023-03-01,XU100,ISCTR,REJECTED_AT_SOURCE_PREFLIGHT,ORIGINAL_FINANCIAL_CATALOG_BYTES_MISSING,source_inventory.json
2023-03,2023-03-01,XU100,ISDMR,REJECTED_AT_SOURCE_PREFLIGHT,ORIGINAL_FINANCIAL_CATALOG_BYTES_MISSING,source_inventory.json
2023-03,2023-03-01,XU100,ISFIN,REJECTED_AT_SOURCE_PREFLIGHT,ORIGINAL_FINANCIAL_CATALOG_BYTES_MISSING,source_inventory.json
2023-03,2023-03-01,XU100,ISGYO,REJECTED_AT_SOURCE_PREFLIGHT,ORIGINAL_FINANCIAL_CATALOG_BYTES_MISSING,source_inventory.json
2023-03,2023-03-01,XU100,JANTS,REJECTED_AT_SOURCE_PREFLIGHT,ORIGINAL_FINANCIAL_CATALOG_BYTES_MISSING,source_inventory.json
2023-03,2023-03-01,XU100,KARSN,REJECTED_AT_SOURCE_PREFLIGHT,ORIGINAL_FINANCIAL_CATALOG_BYTES_MISSING,source_inventory.json
2023-03,2023-03-01,XU100,KCAER,REJECTED_AT_SOURCE_PREFLIGHT,ORIGINAL_FINANCIAL_CATALOG_BYTES_MISSING,source_inventory.json
2023-03,2023-03-01,XU100,KCHOL,REJECTED_AT_SOURCE_PREFLIGHT,ORIGINAL_FINANCIAL_CATALOG_BYTES_MISSING,source_inventory.json
2023-03,2023-03-01,XU100,KERVT,REJECTED_AT_SOURCE_PREFLIGHT,ORIGINAL_FINANCIAL_CATALOG_BYTES_MISSING,source_inventory.json
2023-03,2023-03-01,XU100,KLRHO,REJECTED_AT_SOURCE_PREFLIGHT,ORIGINAL_FINANCIAL_CATALOG_BYTES_MISSING,source_inventory.json
2023-03,2023-03-01,XU100,KMPUR,REJECTED_AT_SOURCE_PREFLIGHT,ORIGINAL_FINANCIAL_CATALOG_BYTES_MISSING,source_inventory.json
2023-03,2023-03-01,XU100,KONTR,REJECTED_AT_SOURCE_PREFLIGHT,ORIGINAL_FINANCIAL_CATALOG_BYTES_MISSING,source_inventory.json
2023-03,2023-03-01,XU100,KORDS,REJECTED_AT_SOURCE_PREFLIGHT,ORIGINAL_FINANCIAL_CATALOG_BYTES_MISSING,source_inventory.json
2023-03,2023-03-01,XU100,KOZAA,REJECTED_AT_SOURCE_PREFLIGHT,ORIGINAL_FINANCIAL_CATALOG_BYTES_MISSING,source_inventory.json
2023-03,2023-03-01,XU100,KOZAL,REJECTED_AT_SOURCE_PREFLIGHT,ORIGINAL_FINANCIAL_CATALOG_BYTES_MISSING,source_inventory.json
2023-03,2023-03-01,XU100,KRDMD,REJECTED_AT_SOURCE_PREFLIGHT,ORIGINAL_FINANCIAL_CATALOG_BYTES_MISSING,source_inventory.json
2023-03,2023-03-01,XU100,KZBGY,REJECTED_AT_SOURCE_PREFLIGHT,ORIGINAL_FINANCIAL_CATALOG_BYTES_MISSING,source_inventory.json
2023-03,2023-03-01,XU100,MAVI,REJECTED_AT_SOURCE_PREFLIGHT,ORIGINAL_FINANCIAL_CATALOG_BYTES_MISSING,source_inventory.json
2023-03,2023-03-01,XU100,MGROS,REJECTED_AT_SOURCE_PREFLIGHT,ORIGINAL_FINANCIAL_CATALOG_BYTES_MISSING,source_inventory.json
2023-03,2023-03-01,XU100,NTHOL,REJECTED_AT_SOURCE_PREFLIGHT,ORIGINAL_FINANCIAL_CATALOG_BYTES_MISSING,source_inventory.json
2023-03,2023-03-01,XU100,ODAS,REJECTED_AT_SOURCE_PREFLIGHT,ORIGINAL_FINANCIAL_CATALOG_BYTES_MISSING,source_inventory.json
2023-03,2023-03-01,XU100,OTKAR,REJECTED_AT_SOURCE_PREFLIGHT,ORIGINAL_FINANCIAL_CATALOG_BYTES_MISSING,source_inventory.json
2023-03,2023-03-01,XU100,OYAKC,REJECTED_AT_SOURCE_PREFLIGHT,ORIGINAL_FINANCIAL_CATALOG_BYTES_MISSING,source_inventory.json
2023-03,2023-03-01,XU100,PETKM,REJECTED_AT_SOURCE_PREFLIGHT,ORIGINAL_FINANCIAL_CATALOG_BYTES_MISSING,source_inventory.json
2023-03,2023-03-01,XU100,PGSUS,REJECTED_AT_SOURCE_PREFLIGHT,ORIGINAL_FINANCIAL_CATALOG_BYTES_MISSING,source_inventory.json
2023-03,2023-03-01,XU100,PSGYO,REJECTED_AT_SOURCE_PREFLIGHT,ORIGINAL_FINANCIAL_CATALOG_BYTES_MISSING,source_inventory.json
2023-03,2023-03-01,XU100,SAHOL,REJECTED_AT_SOURCE_PREFLIGHT,ORIGINAL_FINANCIAL_CATALOG_BYTES_MISSING,source_inventory.json
2023-03,2023-03-01,XU100,SASA,REJECTED_AT_SOURCE_PREFLIGHT,ORIGINAL_FINANCIAL_CATALOG_BYTES_MISSING,source_inventory.json
2023-03,2023-03-01,XU100,SELEC,REJECTED_AT_SOURCE_PREFLIGHT,ORIGINAL_FINANCIAL_CATALOG_BYTES_MISSING,source_inventory.json
2023-03,2023-03-01,XU100,SISE,REJECTED_AT_SOURCE_PREFLIGHT,ORIGINAL_FINANCIAL_CATALOG_BYTES_MISSING,source_inventory.json
2023-03,2023-03-01,XU100,SKBNK,REJECTED_AT_SOURCE_PREFLIGHT,ORIGINAL_FINANCIAL_CATALOG_BYTES_MISSING,source_inventory.json
2023-03,2023-03-01,XU100,SMRTG,REJECTED_AT_SOURCE_PREFLIGHT,ORIGINAL_FINANCIAL_CATALOG_BYTES_MISSING,source_inventory.json
2023-03,2023-03-01,XU100,SNGYO,REJECTED_AT_SOURCE_PREFLIGHT,ORIGINAL_FINANCIAL_CATALOG_BYTES_MISSING,source_inventory.json
2023-03,2023-03-01,XU100,SOKM,REJECTED_AT_SOURCE_PREFLIGHT,ORIGINAL_FINANCIAL_CATALOG_BYTES_MISSING,source_inventory.json
2023-03,2023-03-01,XU100,TAVHL,REJECTED_AT_SOURCE_PREFLIGHT,ORIGINAL_FINANCIAL_CATALOG_BYTES_MISSING,source_inventory.json
2023-03,2023-03-01,XU100,TCELL,REJECTED_AT_SOURCE_PREFLIGHT,ORIGINAL_FINANCIAL_CATALOG_BYTES_MISSING,source_inventory.json
2023-03,2023-03-01,XU100,THYAO,REJECTED_AT_SOURCE_PREFLIGHT,ORIGINAL_FINANCIAL_CATALOG_BYTES_MISSING,source_inventory.json
2023-03,2023-03-01,XU100,TKFEN,REJECTED_AT_SOURCE_PREFLIGHT,ORIGINAL_FINANCIAL_CATALOG_BYTES_MISSING,source_inventory.json
2023-03,2023-03-01,XU100,TKNSA,REJECTED_AT_SOURCE_PREFLIGHT,ORIGINAL_FINANCIAL_CATALOG_BYTES_MISSING,source_inventory.json
2023-03,2023-03-01,XU100,TMSN,REJECTED_AT_SOURCE_PREFLIGHT,ORIGINAL_FINANCIAL_CATALOG_BYTES_MISSING,source_inventory.json
2023-03,2023-03-01,XU100,TOASO,REJECTED_AT_SOURCE_PREFLIGHT,ORIGINAL_FINANCIAL_CATALOG_BYTES_MISSING,source_inventory.json
2023-03,2023-03-01,XU100,TSKB,REJECTED_AT_SOURCE_PREFLIGHT,ORIGINAL_FINANCIAL_CATALOG_BYTES_MISSING,source_inventory.json
2023-03,2023-03-01,XU100,TSPOR,REJECTED_AT_SOURCE_PREFLIGHT,ORIGINAL_FINANCIAL_CATALOG_BYTES_MISSING,source_inventory.json
2023-03,2023-03-01,XU100,TTKOM,REJECTED_AT_SOURCE_PREFLIGHT,ORIGINAL_FINANCIAL_CATALOG_BYTES_MISSING,source_inventory.json
2023-03,2023-03-01,XU100,TTRAK,REJECTED_AT_SOURCE_PREFLIGHT,ORIGINAL_FINANCIAL_CATALOG_BYTES_MISSING,source_inventory.json
2023-03,2023-03-01,XU100,TUKAS,REJECTED_AT_SOURCE_PREFLIGHT,ORIGINAL_FINANCIAL_CATALOG_BYTES_MISSING,source_inventory.json
2023-03,2023-03-01,XU100,TUPRS,REJECTED_AT_SOURCE_PREFLIGHT,ORIGINAL_FINANCIAL_CATALOG_BYTES_MISSING,source_inventory.json
2023-03,2023-03-01,XU100,TURSG,REJECTED_AT_SOURCE_PREFLIGHT,ORIGINAL_FINANCIAL_CATALOG_BYTES_MISSING,source_inventory.json
2023-03,2023-03-01,XU100,ULKER,REJECTED_AT_SOURCE_PREFLIGHT,ORIGINAL_FINANCIAL_CATALOG_BYTES_MISSING,source_inventory.json
2023-03,2023-03-01,XU100,VAKBN,REJECTED_AT_SOURCE_PREFLIGHT,ORIGINAL_FINANCIAL_CATALOG_BYTES_MISSING,source_inventory.json
2023-03,2023-03-01,XU100,VESBE,REJECTED_AT_SOURCE_PREFLIGHT,ORIGINAL_FINANCIAL_CATALOG_BYTES_MISSING,source_inventory.json
2023-03,2023-03-01,XU100,VESTL,REJECTED_AT_SOURCE_PREFLIGHT,ORIGINAL_FINANCIAL_CATALOG_BYTES_MISSING,source_inventory.json
2023-03,2023-03-01,XU100,YKBNK,REJECTED_AT_SOURCE_PREFLIGHT,ORIGINAL_FINANCIAL_CATALOG_BYTES_MISSING,source_inventory.json
2023-03,2023-03-01,XU100,YYLGD,REJECTED_AT_SOURCE_PREFLIGHT,ORIGINAL_FINANCIAL_CATALOG_BYTES_MISSING,source_inventory.json
2023-03,2023-03-01,XU100,ZOREN,REJECTED_AT_SOURCE_PREFLIGHT,ORIGINAL_FINANCIAL_CATALOG_BYTES_MISSING,source_inventory.json
2023-04,2023-04-03,XU100,AEFES,REJECTED_AT_SOURCE_PREFLIGHT,ORIGINAL_FINANCIAL_CATALOG_BYTES_MISSING,source_inventory.json
2023-04,2023-04-03,XU100,AGHOL,REJECTED_AT_SOURCE_PREFLIGHT,ORIGINAL_FINANCIAL_CATALOG_BYTES_MISSING,source_inventory.json
2023-04,2023-04-03,XU100,AKBNK,REJECTED_AT_SOURCE_PREFLIGHT,ORIGINAL_FINANCIAL_CATALOG_BYTES_MISSING,source_inventory.json
2023-04,2023-04-03,XU100,AKFGY,REJECTED_AT_SOURCE_PREFLIGHT,ORIGINAL_FINANCIAL_CATALOG_BYTES_MISSING,source_inventory.json
2023-04,2023-04-03,XU100,AKSA,REJECTED_AT_SOURCE_PREFLIGHT,ORIGINAL_FINANCIAL_CATALOG_BYTES_MISSING,source_inventory.json
2023-04,2023-04-03,XU100,AKSEN,REJECTED_AT_SOURCE_PREFLIGHT,ORIGINAL_FINANCIAL_CATALOG_BYTES_MISSING,source_inventory.json
2023-04,2023-04-03,XU100,ALARK,REJECTED_AT_SOURCE_PREFLIGHT,ORIGINAL_FINANCIAL_CATALOG_BYTES_MISSING,source_inventory.json
2023-04,2023-04-03,XU100,ALBRK,REJECTED_AT_SOURCE_PREFLIGHT,ORIGINAL_FINANCIAL_CATALOG_BYTES_MISSING,source_inventory.json
2023-04,2023-04-03,XU100,ALFAS,REJECTED_AT_SOURCE_PREFLIGHT,ORIGINAL_FINANCIAL_CATALOG_BYTES_MISSING,source_inventory.json
2023-04,2023-04-03,XU100,ALKIM,REJECTED_AT_SOURCE_PREFLIGHT,ORIGINAL_FINANCIAL_CATALOG_BYTES_MISSING,source_inventory.json
2023-04,2023-04-03,XU100,ARCLK,REJECTED_AT_SOURCE_PREFLIGHT,ORIGINAL_FINANCIAL_CATALOG_BYTES_MISSING,source_inventory.json
2023-04,2023-04-03,XU100,ASELS,REJECTED_AT_SOURCE_PREFLIGHT,ORIGINAL_FINANCIAL_CATALOG_BYTES_MISSING,source_inventory.json
2023-04,2023-04-03,XU100,ASUZU,REJECTED_AT_SOURCE_PREFLIGHT,ORIGINAL_FINANCIAL_CATALOG_BYTES_MISSING,source_inventory.json
2023-04,2023-04-03,XU100,AYDEM,REJECTED_AT_SOURCE_PREFLIGHT,ORIGINAL_FINANCIAL_CATALOG_BYTES_MISSING,source_inventory.json
2023-04,2023-04-03,XU100,BAGFS,REJECTED_AT_SOURCE_PREFLIGHT,ORIGINAL_FINANCIAL_CATALOG_BYTES_MISSING,source_inventory.json
2023-04,2023-04-03,XU100,BASGZ,REJECTED_AT_SOURCE_PREFLIGHT,ORIGINAL_FINANCIAL_CATALOG_BYTES_MISSING,source_inventory.json
2023-04,2023-04-03,XU100,BERA,REJECTED_AT_SOURCE_PREFLIGHT,ORIGINAL_FINANCIAL_CATALOG_BYTES_MISSING,source_inventory.json
2023-04,2023-04-03,XU100,BIMAS,REJECTED_AT_SOURCE_PREFLIGHT,ORIGINAL_FINANCIAL_CATALOG_BYTES_MISSING,source_inventory.json
2023-04,2023-04-03,XU100,BIOEN,REJECTED_AT_SOURCE_PREFLIGHT,ORIGINAL_FINANCIAL_CATALOG_BYTES_MISSING,source_inventory.json
2023-04,2023-04-03,XU100,BRYAT,REJECTED_AT_SOURCE_PREFLIGHT,ORIGINAL_FINANCIAL_CATALOG_BYTES_MISSING,source_inventory.json
2023-04,2023-04-03,XU100,BUCIM,REJECTED_AT_SOURCE_PREFLIGHT,ORIGINAL_FINANCIAL_CATALOG_BYTES_MISSING,source_inventory.json
2023-04,2023-04-03,XU100,CCOLA,REJECTED_AT_SOURCE_PREFLIGHT,ORIGINAL_FINANCIAL_CATALOG_BYTES_MISSING,source_inventory.json
2023-04,2023-04-03,XU100,CEMTS,REJECTED_AT_SOURCE_PREFLIGHT,ORIGINAL_FINANCIAL_CATALOG_BYTES_MISSING,source_inventory.json
2023-04,2023-04-03,XU100,CIMSA,REJECTED_AT_SOURCE_PREFLIGHT,ORIGINAL_FINANCIAL_CATALOG_BYTES_MISSING,source_inventory.json
2023-04,2023-04-03,XU100,DOAS,REJECTED_AT_SOURCE_PREFLIGHT,ORIGINAL_FINANCIAL_CATALOG_BYTES_MISSING,source_inventory.json
2023-04,2023-04-03,XU100,DOHOL,REJECTED_AT_SOURCE_PREFLIGHT,ORIGINAL_FINANCIAL_CATALOG_BYTES_MISSING,source_inventory.json
2023-04,2023-04-03,XU100,ECILC,REJECTED_AT_SOURCE_PREFLIGHT,ORIGINAL_FINANCIAL_CATALOG_BYTES_MISSING,source_inventory.json
2023-04,2023-04-03,XU100,EGEEN,REJECTED_AT_SOURCE_PREFLIGHT,ORIGINAL_FINANCIAL_CATALOG_BYTES_MISSING,source_inventory.json
2023-04,2023-04-03,XU100,EKGYO,REJECTED_AT_SOURCE_PREFLIGHT,ORIGINAL_FINANCIAL_CATALOG_BYTES_MISSING,source_inventory.json
2023-04,2023-04-03,XU100,ENJSA,REJECTED_AT_SOURCE_PREFLIGHT,ORIGINAL_FINANCIAL_CATALOG_BYTES_MISSING,source_inventory.json
2023-04,2023-04-03,XU100,ENKAI,REJECTED_AT_SOURCE_PREFLIGHT,ORIGINAL_FINANCIAL_CATALOG_BYTES_MISSING,source_inventory.json
2023-04,2023-04-03,XU100,ERBOS,REJECTED_AT_SOURCE_PREFLIGHT,ORIGINAL_FINANCIAL_CATALOG_BYTES_MISSING,source_inventory.json
2023-04,2023-04-03,XU100,EREGL,REJECTED_AT_SOURCE_PREFLIGHT,ORIGINAL_FINANCIAL_CATALOG_BYTES_MISSING,source_inventory.json
2023-04,2023-04-03,XU100,EUREN,REJECTED_AT_SOURCE_PREFLIGHT,ORIGINAL_FINANCIAL_CATALOG_BYTES_MISSING,source_inventory.json
2023-04,2023-04-03,XU100,FENER,REJECTED_AT_SOURCE_PREFLIGHT,ORIGINAL_FINANCIAL_CATALOG_BYTES_MISSING,source_inventory.json
2023-04,2023-04-03,XU100,FROTO,REJECTED_AT_SOURCE_PREFLIGHT,ORIGINAL_FINANCIAL_CATALOG_BYTES_MISSING,source_inventory.json
2023-04,2023-04-03,XU100,GARAN,REJECTED_AT_SOURCE_PREFLIGHT,ORIGINAL_FINANCIAL_CATALOG_BYTES_MISSING,source_inventory.json
2023-04,2023-04-03,XU100,GENIL,REJECTED_AT_SOURCE_PREFLIGHT,ORIGINAL_FINANCIAL_CATALOG_BYTES_MISSING,source_inventory.json
2023-04,2023-04-03,XU100,GESAN,REJECTED_AT_SOURCE_PREFLIGHT,ORIGINAL_FINANCIAL_CATALOG_BYTES_MISSING,source_inventory.json
2023-04,2023-04-03,XU100,GLYHO,REJECTED_AT_SOURCE_PREFLIGHT,ORIGINAL_FINANCIAL_CATALOG_BYTES_MISSING,source_inventory.json
2023-04,2023-04-03,XU100,GSDHO,REJECTED_AT_SOURCE_PREFLIGHT,ORIGINAL_FINANCIAL_CATALOG_BYTES_MISSING,source_inventory.json
2023-04,2023-04-03,XU100,GUBRF,REJECTED_AT_SOURCE_PREFLIGHT,ORIGINAL_FINANCIAL_CATALOG_BYTES_MISSING,source_inventory.json
2023-04,2023-04-03,XU100,GWIND,REJECTED_AT_SOURCE_PREFLIGHT,ORIGINAL_FINANCIAL_CATALOG_BYTES_MISSING,source_inventory.json
2023-04,2023-04-03,XU100,HALKB,REJECTED_AT_SOURCE_PREFLIGHT,ORIGINAL_FINANCIAL_CATALOG_BYTES_MISSING,source_inventory.json
2023-04,2023-04-03,XU100,HEKTS,REJECTED_AT_SOURCE_PREFLIGHT,ORIGINAL_FINANCIAL_CATALOG_BYTES_MISSING,source_inventory.json
2023-04,2023-04-03,XU100,IPEKE,REJECTED_AT_SOURCE_PREFLIGHT,ORIGINAL_FINANCIAL_CATALOG_BYTES_MISSING,source_inventory.json
2023-04,2023-04-03,XU100,ISCTR,REJECTED_AT_SOURCE_PREFLIGHT,ORIGINAL_FINANCIAL_CATALOG_BYTES_MISSING,source_inventory.json
2023-04,2023-04-03,XU100,ISDMR,REJECTED_AT_SOURCE_PREFLIGHT,ORIGINAL_FINANCIAL_CATALOG_BYTES_MISSING,source_inventory.json
2023-04,2023-04-03,XU100,ISGYO,REJECTED_AT_SOURCE_PREFLIGHT,ORIGINAL_FINANCIAL_CATALOG_BYTES_MISSING,source_inventory.json
2023-04,2023-04-03,XU100,IZMDC,REJECTED_AT_SOURCE_PREFLIGHT,ORIGINAL_FINANCIAL_CATALOG_BYTES_MISSING,source_inventory.json
2023-04,2023-04-03,XU100,KARSN,REJECTED_AT_SOURCE_PREFLIGHT,ORIGINAL_FINANCIAL_CATALOG_BYTES_MISSING,source_inventory.json
2023-04,2023-04-03,XU100,KCAER,REJECTED_AT_SOURCE_PREFLIGHT,ORIGINAL_FINANCIAL_CATALOG_BYTES_MISSING,source_inventory.json
2023-04,2023-04-03,XU100,KCHOL,REJECTED_AT_SOURCE_PREFLIGHT,ORIGINAL_FINANCIAL_CATALOG_BYTES_MISSING,source_inventory.json
2023-04,2023-04-03,XU100,KERVT,REJECTED_AT_SOURCE_PREFLIGHT,ORIGINAL_FINANCIAL_CATALOG_BYTES_MISSING,source_inventory.json
2023-04,2023-04-03,XU100,KLRHO,REJECTED_AT_SOURCE_PREFLIGHT,ORIGINAL_FINANCIAL_CATALOG_BYTES_MISSING,source_inventory.json
2023-04,2023-04-03,XU100,KMPUR,REJECTED_AT_SOURCE_PREFLIGHT,ORIGINAL_FINANCIAL_CATALOG_BYTES_MISSING,source_inventory.json
2023-04,2023-04-03,XU100,KONTR,REJECTED_AT_SOURCE_PREFLIGHT,ORIGINAL_FINANCIAL_CATALOG_BYTES_MISSING,source_inventory.json
2023-04,2023-04-03,XU100,KONYA,REJECTED_AT_SOURCE_PREFLIGHT,ORIGINAL_FINANCIAL_CATALOG_BYTES_MISSING,source_inventory.json
2023-04,2023-04-03,XU100,KORDS,REJECTED_AT_SOURCE_PREFLIGHT,ORIGINAL_FINANCIAL_CATALOG_BYTES_MISSING,source_inventory.json
2023-04,2023-04-03,XU100,KOZAA,REJECTED_AT_SOURCE_PREFLIGHT,ORIGINAL_FINANCIAL_CATALOG_BYTES_MISSING,source_inventory.json
2023-04,2023-04-03,XU100,KOZAL,REJECTED_AT_SOURCE_PREFLIGHT,ORIGINAL_FINANCIAL_CATALOG_BYTES_MISSING,source_inventory.json
2023-04,2023-04-03,XU100,KRDMD,REJECTED_AT_SOURCE_PREFLIGHT,ORIGINAL_FINANCIAL_CATALOG_BYTES_MISSING,source_inventory.json
2023-04,2023-04-03,XU100,KZBGY,REJECTED_AT_SOURCE_PREFLIGHT,ORIGINAL_FINANCIAL_CATALOG_BYTES_MISSING,source_inventory.json
2023-04,2023-04-03,XU100,MAVI,REJECTED_AT_SOURCE_PREFLIGHT,ORIGINAL_FINANCIAL_CATALOG_BYTES_MISSING,source_inventory.json
2023-04,2023-04-03,XU100,MGROS,REJECTED_AT_SOURCE_PREFLIGHT,ORIGINAL_FINANCIAL_CATALOG_BYTES_MISSING,source_inventory.json
2023-04,2023-04-03,XU100,ODAS,REJECTED_AT_SOURCE_PREFLIGHT,ORIGINAL_FINANCIAL_CATALOG_BYTES_MISSING,source_inventory.json
2023-04,2023-04-03,XU100,OTKAR,REJECTED_AT_SOURCE_PREFLIGHT,ORIGINAL_FINANCIAL_CATALOG_BYTES_MISSING,source_inventory.json
2023-04,2023-04-03,XU100,OYAKC,REJECTED_AT_SOURCE_PREFLIGHT,ORIGINAL_FINANCIAL_CATALOG_BYTES_MISSING,source_inventory.json
2023-04,2023-04-03,XU100,PETKM,REJECTED_AT_SOURCE_PREFLIGHT,ORIGINAL_FINANCIAL_CATALOG_BYTES_MISSING,source_inventory.json
2023-04,2023-04-03,XU100,PGSUS,REJECTED_AT_SOURCE_PREFLIGHT,ORIGINAL_FINANCIAL_CATALOG_BYTES_MISSING,source_inventory.json
2023-04,2023-04-03,XU100,PSGYO,REJECTED_AT_SOURCE_PREFLIGHT,ORIGINAL_FINANCIAL_CATALOG_BYTES_MISSING,source_inventory.json
2023-04,2023-04-03,XU100,SAHOL,REJECTED_AT_SOURCE_PREFLIGHT,ORIGINAL_FINANCIAL_CATALOG_BYTES_MISSING,source_inventory.json
2023-04,2023-04-03,XU100,SASA,REJECTED_AT_SOURCE_PREFLIGHT,ORIGINAL_FINANCIAL_CATALOG_BYTES_MISSING,source_inventory.json
2023-04,2023-04-03,XU100,SELEC,REJECTED_AT_SOURCE_PREFLIGHT,ORIGINAL_FINANCIAL_CATALOG_BYTES_MISSING,source_inventory.json
2023-04,2023-04-03,XU100,SISE,REJECTED_AT_SOURCE_PREFLIGHT,ORIGINAL_FINANCIAL_CATALOG_BYTES_MISSING,source_inventory.json
2023-04,2023-04-03,XU100,SKBNK,REJECTED_AT_SOURCE_PREFLIGHT,ORIGINAL_FINANCIAL_CATALOG_BYTES_MISSING,source_inventory.json
2023-04,2023-04-03,XU100,SMRTG,REJECTED_AT_SOURCE_PREFLIGHT,ORIGINAL_FINANCIAL_CATALOG_BYTES_MISSING,source_inventory.json
2023-04,2023-04-03,XU100,SNGYO,REJECTED_AT_SOURCE_PREFLIGHT,ORIGINAL_FINANCIAL_CATALOG_BYTES_MISSING,source_inventory.json
2023-04,2023-04-03,XU100,SOKM,REJECTED_AT_SOURCE_PREFLIGHT,ORIGINAL_FINANCIAL_CATALOG_BYTES_MISSING,source_inventory.json
2023-04,2023-04-03,XU100,TAVHL,REJECTED_AT_SOURCE_PREFLIGHT,ORIGINAL_FINANCIAL_CATALOG_BYTES_MISSING,source_inventory.json
2023-04,2023-04-03,XU100,TCELL,REJECTED_AT_SOURCE_PREFLIGHT,ORIGINAL_FINANCIAL_CATALOG_BYTES_MISSING,source_inventory.json
2023-04,2023-04-03,XU100,THYAO,REJECTED_AT_SOURCE_PREFLIGHT,ORIGINAL_FINANCIAL_CATALOG_BYTES_MISSING,source_inventory.json
2023-04,2023-04-03,XU100,TKFEN,REJECTED_AT_SOURCE_PREFLIGHT,ORIGINAL_FINANCIAL_CATALOG_BYTES_MISSING,source_inventory.json
2023-04,2023-04-03,XU100,TKNSA,REJECTED_AT_SOURCE_PREFLIGHT,ORIGINAL_FINANCIAL_CATALOG_BYTES_MISSING,source_inventory.json
2023-04,2023-04-03,XU100,TMSN,REJECTED_AT_SOURCE_PREFLIGHT,ORIGINAL_FINANCIAL_CATALOG_BYTES_MISSING,source_inventory.json
2023-04,2023-04-03,XU100,TOASO,REJECTED_AT_SOURCE_PREFLIGHT,ORIGINAL_FINANCIAL_CATALOG_BYTES_MISSING,source_inventory.json
2023-04,2023-04-03,XU100,TSKB,REJECTED_AT_SOURCE_PREFLIGHT,ORIGINAL_FINANCIAL_CATALOG_BYTES_MISSING,source_inventory.json
2023-04,2023-04-03,XU100,TTKOM,REJECTED_AT_SOURCE_PREFLIGHT,ORIGINAL_FINANCIAL_CATALOG_BYTES_MISSING,source_inventory.json
2023-04,2023-04-03,XU100,TTRAK,REJECTED_AT_SOURCE_PREFLIGHT,ORIGINAL_FINANCIAL_CATALOG_BYTES_MISSING,source_inventory.json
2023-04,2023-04-03,XU100,TUKAS,REJECTED_AT_SOURCE_PREFLIGHT,ORIGINAL_FINANCIAL_CATALOG_BYTES_MISSING,source_inventory.json
2023-04,2023-04-03,XU100,TUPRS,REJECTED_AT_SOURCE_PREFLIGHT,ORIGINAL_FINANCIAL_CATALOG_BYTES_MISSING,source_inventory.json
2023-04,2023-04-03,XU100,TURSG,REJECTED_AT_SOURCE_PREFLIGHT,ORIGINAL_FINANCIAL_CATALOG_BYTES_MISSING,source_inventory.json
2023-04,2023-04-03,XU100,ULKER,REJECTED_AT_SOURCE_PREFLIGHT,ORIGINAL_FINANCIAL_CATALOG_BYTES_MISSING,source_inventory.json
2023-04,2023-04-03,XU100,ULUUN,REJECTED_AT_SOURCE_PREFLIGHT,ORIGINAL_FINANCIAL_CATALOG_BYTES_MISSING,source_inventory.json
2023-04,2023-04-03,XU100,VAKBN,REJECTED_AT_SOURCE_PREFLIGHT,ORIGINAL_FINANCIAL_CATALOG_BYTES_MISSING,source_inventory.json
2023-04,2023-04-03,XU100,VESBE,REJECTED_AT_SOURCE_PREFLIGHT,ORIGINAL_FINANCIAL_CATALOG_BYTES_MISSING,source_inventory.json
2023-04,2023-04-03,XU100,VESTL,REJECTED_AT_SOURCE_PREFLIGHT,ORIGINAL_FINANCIAL_CATALOG_BYTES_MISSING,source_inventory.json
2023-04,2023-04-03,XU100,YKBNK,REJECTED_AT_SOURCE_PREFLIGHT,ORIGINAL_FINANCIAL_CATALOG_BYTES_MISSING,source_inventory.json
2023-04,2023-04-03,XU100,YYLGD,REJECTED_AT_SOURCE_PREFLIGHT,ORIGINAL_FINANCIAL_CATALOG_BYTES_MISSING,source_inventory.json
2023-04,2023-04-03,XU100,ZOREN,REJECTED_AT_SOURCE_PREFLIGHT,ORIGINAL_FINANCIAL_CATALOG_BYTES_MISSING,source_inventory.json
2023-05,2023-05-02,XU100,AEFES,REJECTED_AT_SOURCE_PREFLIGHT,ORIGINAL_FINANCIAL_CATALOG_BYTES_MISSING,source_inventory.json
2023-05,2023-05-02,XU100,AGHOL,REJECTED_AT_SOURCE_PREFLIGHT,ORIGINAL_FINANCIAL_CATALOG_BYTES_MISSING,source_inventory.json
2023-05,2023-05-02,XU100,AKBNK,REJECTED_AT_SOURCE_PREFLIGHT,ORIGINAL_FINANCIAL_CATALOG_BYTES_MISSING,source_inventory.json
2023-05,2023-05-02,XU100,AKFGY,REJECTED_AT_SOURCE_PREFLIGHT,ORIGINAL_FINANCIAL_CATALOG_BYTES_MISSING,source_inventory.json
2023-05,2023-05-02,XU100,AKSA,REJECTED_AT_SOURCE_PREFLIGHT,ORIGINAL_FINANCIAL_CATALOG_BYTES_MISSING,source_inventory.json
2023-05,2023-05-02,XU100,AKSEN,REJECTED_AT_SOURCE_PREFLIGHT,ORIGINAL_FINANCIAL_CATALOG_BYTES_MISSING,source_inventory.json
2023-05,2023-05-02,XU100,ALARK,REJECTED_AT_SOURCE_PREFLIGHT,ORIGINAL_FINANCIAL_CATALOG_BYTES_MISSING,source_inventory.json
2023-05,2023-05-02,XU100,ALBRK,REJECTED_AT_SOURCE_PREFLIGHT,ORIGINAL_FINANCIAL_CATALOG_BYTES_MISSING,source_inventory.json
2023-05,2023-05-02,XU100,ALFAS,REJECTED_AT_SOURCE_PREFLIGHT,ORIGINAL_FINANCIAL_CATALOG_BYTES_MISSING,source_inventory.json
2023-05,2023-05-02,XU100,ALKIM,REJECTED_AT_SOURCE_PREFLIGHT,ORIGINAL_FINANCIAL_CATALOG_BYTES_MISSING,source_inventory.json
2023-05,2023-05-02,XU100,ARCLK,REJECTED_AT_SOURCE_PREFLIGHT,ORIGINAL_FINANCIAL_CATALOG_BYTES_MISSING,source_inventory.json
2023-05,2023-05-02,XU100,ASELS,REJECTED_AT_SOURCE_PREFLIGHT,ORIGINAL_FINANCIAL_CATALOG_BYTES_MISSING,source_inventory.json
2023-05,2023-05-02,XU100,ASUZU,REJECTED_AT_SOURCE_PREFLIGHT,ORIGINAL_FINANCIAL_CATALOG_BYTES_MISSING,source_inventory.json
2023-05,2023-05-02,XU100,AYDEM,REJECTED_AT_SOURCE_PREFLIGHT,ORIGINAL_FINANCIAL_CATALOG_BYTES_MISSING,source_inventory.json
2023-05,2023-05-02,XU100,BAGFS,REJECTED_AT_SOURCE_PREFLIGHT,ORIGINAL_FINANCIAL_CATALOG_BYTES_MISSING,source_inventory.json
2023-05,2023-05-02,XU100,BASGZ,REJECTED_AT_SOURCE_PREFLIGHT,ORIGINAL_FINANCIAL_CATALOG_BYTES_MISSING,source_inventory.json
2023-05,2023-05-02,XU100,BERA,REJECTED_AT_SOURCE_PREFLIGHT,ORIGINAL_FINANCIAL_CATALOG_BYTES_MISSING,source_inventory.json
2023-05,2023-05-02,XU100,BIMAS,REJECTED_AT_SOURCE_PREFLIGHT,ORIGINAL_FINANCIAL_CATALOG_BYTES_MISSING,source_inventory.json
2023-05,2023-05-02,XU100,BIOEN,REJECTED_AT_SOURCE_PREFLIGHT,ORIGINAL_FINANCIAL_CATALOG_BYTES_MISSING,source_inventory.json
2023-05,2023-05-02,XU100,BRYAT,REJECTED_AT_SOURCE_PREFLIGHT,ORIGINAL_FINANCIAL_CATALOG_BYTES_MISSING,source_inventory.json
2023-05,2023-05-02,XU100,BUCIM,REJECTED_AT_SOURCE_PREFLIGHT,ORIGINAL_FINANCIAL_CATALOG_BYTES_MISSING,source_inventory.json
2023-05,2023-05-02,XU100,CCOLA,REJECTED_AT_SOURCE_PREFLIGHT,ORIGINAL_FINANCIAL_CATALOG_BYTES_MISSING,source_inventory.json
2023-05,2023-05-02,XU100,CEMTS,REJECTED_AT_SOURCE_PREFLIGHT,ORIGINAL_FINANCIAL_CATALOG_BYTES_MISSING,source_inventory.json
2023-05,2023-05-02,XU100,CIMSA,REJECTED_AT_SOURCE_PREFLIGHT,ORIGINAL_FINANCIAL_CATALOG_BYTES_MISSING,source_inventory.json
2023-05,2023-05-02,XU100,DOAS,REJECTED_AT_SOURCE_PREFLIGHT,ORIGINAL_FINANCIAL_CATALOG_BYTES_MISSING,source_inventory.json
2023-05,2023-05-02,XU100,DOHOL,REJECTED_AT_SOURCE_PREFLIGHT,ORIGINAL_FINANCIAL_CATALOG_BYTES_MISSING,source_inventory.json
2023-05,2023-05-02,XU100,ECILC,REJECTED_AT_SOURCE_PREFLIGHT,ORIGINAL_FINANCIAL_CATALOG_BYTES_MISSING,source_inventory.json
2023-05,2023-05-02,XU100,EGEEN,REJECTED_AT_SOURCE_PREFLIGHT,ORIGINAL_FINANCIAL_CATALOG_BYTES_MISSING,source_inventory.json
2023-05,2023-05-02,XU100,EKGYO,REJECTED_AT_SOURCE_PREFLIGHT,ORIGINAL_FINANCIAL_CATALOG_BYTES_MISSING,source_inventory.json
2023-05,2023-05-02,XU100,ENJSA,REJECTED_AT_SOURCE_PREFLIGHT,ORIGINAL_FINANCIAL_CATALOG_BYTES_MISSING,source_inventory.json
2023-05,2023-05-02,XU100,ENKAI,REJECTED_AT_SOURCE_PREFLIGHT,ORIGINAL_FINANCIAL_CATALOG_BYTES_MISSING,source_inventory.json
2023-05,2023-05-02,XU100,ERBOS,REJECTED_AT_SOURCE_PREFLIGHT,ORIGINAL_FINANCIAL_CATALOG_BYTES_MISSING,source_inventory.json
2023-05,2023-05-02,XU100,EREGL,REJECTED_AT_SOURCE_PREFLIGHT,ORIGINAL_FINANCIAL_CATALOG_BYTES_MISSING,source_inventory.json
2023-05,2023-05-02,XU100,EUREN,REJECTED_AT_SOURCE_PREFLIGHT,ORIGINAL_FINANCIAL_CATALOG_BYTES_MISSING,source_inventory.json
2023-05,2023-05-02,XU100,FENER,REJECTED_AT_SOURCE_PREFLIGHT,ORIGINAL_FINANCIAL_CATALOG_BYTES_MISSING,source_inventory.json
2023-05,2023-05-02,XU100,FROTO,REJECTED_AT_SOURCE_PREFLIGHT,ORIGINAL_FINANCIAL_CATALOG_BYTES_MISSING,source_inventory.json
2023-05,2023-05-02,XU100,GARAN,REJECTED_AT_SOURCE_PREFLIGHT,ORIGINAL_FINANCIAL_CATALOG_BYTES_MISSING,source_inventory.json
2023-05,2023-05-02,XU100,GENIL,REJECTED_AT_SOURCE_PREFLIGHT,ORIGINAL_FINANCIAL_CATALOG_BYTES_MISSING,source_inventory.json
2023-05,2023-05-02,XU100,GESAN,REJECTED_AT_SOURCE_PREFLIGHT,ORIGINAL_FINANCIAL_CATALOG_BYTES_MISSING,source_inventory.json
2023-05,2023-05-02,XU100,GLYHO,REJECTED_AT_SOURCE_PREFLIGHT,ORIGINAL_FINANCIAL_CATALOG_BYTES_MISSING,source_inventory.json
2023-05,2023-05-02,XU100,GSDHO,REJECTED_AT_SOURCE_PREFLIGHT,ORIGINAL_FINANCIAL_CATALOG_BYTES_MISSING,source_inventory.json
2023-05,2023-05-02,XU100,GUBRF,REJECTED_AT_SOURCE_PREFLIGHT,ORIGINAL_FINANCIAL_CATALOG_BYTES_MISSING,source_inventory.json
2023-05,2023-05-02,XU100,GWIND,REJECTED_AT_SOURCE_PREFLIGHT,ORIGINAL_FINANCIAL_CATALOG_BYTES_MISSING,source_inventory.json
2023-05,2023-05-02,XU100,HALKB,REJECTED_AT_SOURCE_PREFLIGHT,ORIGINAL_FINANCIAL_CATALOG_BYTES_MISSING,source_inventory.json
2023-05,2023-05-02,XU100,HEKTS,REJECTED_AT_SOURCE_PREFLIGHT,ORIGINAL_FINANCIAL_CATALOG_BYTES_MISSING,source_inventory.json
2023-05,2023-05-02,XU100,IPEKE,REJECTED_AT_SOURCE_PREFLIGHT,ORIGINAL_FINANCIAL_CATALOG_BYTES_MISSING,source_inventory.json
2023-05,2023-05-02,XU100,ISCTR,REJECTED_AT_SOURCE_PREFLIGHT,ORIGINAL_FINANCIAL_CATALOG_BYTES_MISSING,source_inventory.json
2023-05,2023-05-02,XU100,ISDMR,REJECTED_AT_SOURCE_PREFLIGHT,ORIGINAL_FINANCIAL_CATALOG_BYTES_MISSING,source_inventory.json
2023-05,2023-05-02,XU100,ISGYO,REJECTED_AT_SOURCE_PREFLIGHT,ORIGINAL_FINANCIAL_CATALOG_BYTES_MISSING,source_inventory.json
2023-05,2023-05-02,XU100,IZMDC,REJECTED_AT_SOURCE_PREFLIGHT,ORIGINAL_FINANCIAL_CATALOG_BYTES_MISSING,source_inventory.json
2023-05,2023-05-02,XU100,KARSN,REJECTED_AT_SOURCE_PREFLIGHT,ORIGINAL_FINANCIAL_CATALOG_BYTES_MISSING,source_inventory.json
2023-05,2023-05-02,XU100,KCAER,REJECTED_AT_SOURCE_PREFLIGHT,ORIGINAL_FINANCIAL_CATALOG_BYTES_MISSING,source_inventory.json
2023-05,2023-05-02,XU100,KCHOL,REJECTED_AT_SOURCE_PREFLIGHT,ORIGINAL_FINANCIAL_CATALOG_BYTES_MISSING,source_inventory.json
2023-05,2023-05-02,XU100,KERVT,REJECTED_AT_SOURCE_PREFLIGHT,ORIGINAL_FINANCIAL_CATALOG_BYTES_MISSING,source_inventory.json
2023-05,2023-05-02,XU100,KLRHO,REJECTED_AT_SOURCE_PREFLIGHT,ORIGINAL_FINANCIAL_CATALOG_BYTES_MISSING,source_inventory.json
2023-05,2023-05-02,XU100,KMPUR,REJECTED_AT_SOURCE_PREFLIGHT,ORIGINAL_FINANCIAL_CATALOG_BYTES_MISSING,source_inventory.json
2023-05,2023-05-02,XU100,KONTR,REJECTED_AT_SOURCE_PREFLIGHT,ORIGINAL_FINANCIAL_CATALOG_BYTES_MISSING,source_inventory.json
2023-05,2023-05-02,XU100,KONYA,REJECTED_AT_SOURCE_PREFLIGHT,ORIGINAL_FINANCIAL_CATALOG_BYTES_MISSING,source_inventory.json
2023-05,2023-05-02,XU100,KORDS,REJECTED_AT_SOURCE_PREFLIGHT,ORIGINAL_FINANCIAL_CATALOG_BYTES_MISSING,source_inventory.json
2023-05,2023-05-02,XU100,KOZAA,REJECTED_AT_SOURCE_PREFLIGHT,ORIGINAL_FINANCIAL_CATALOG_BYTES_MISSING,source_inventory.json
2023-05,2023-05-02,XU100,KOZAL,REJECTED_AT_SOURCE_PREFLIGHT,ORIGINAL_FINANCIAL_CATALOG_BYTES_MISSING,source_inventory.json
2023-05,2023-05-02,XU100,KRDMD,REJECTED_AT_SOURCE_PREFLIGHT,ORIGINAL_FINANCIAL_CATALOG_BYTES_MISSING,source_inventory.json
2023-05,2023-05-02,XU100,KZBGY,REJECTED_AT_SOURCE_PREFLIGHT,ORIGINAL_FINANCIAL_CATALOG_BYTES_MISSING,source_inventory.json
2023-05,2023-05-02,XU100,MAVI,REJECTED_AT_SOURCE_PREFLIGHT,ORIGINAL_FINANCIAL_CATALOG_BYTES_MISSING,source_inventory.json
2023-05,2023-05-02,XU100,MGROS,REJECTED_AT_SOURCE_PREFLIGHT,ORIGINAL_FINANCIAL_CATALOG_BYTES_MISSING,source_inventory.json
2023-05,2023-05-02,XU100,ODAS,REJECTED_AT_SOURCE_PREFLIGHT,ORIGINAL_FINANCIAL_CATALOG_BYTES_MISSING,source_inventory.json
2023-05,2023-05-02,XU100,OTKAR,REJECTED_AT_SOURCE_PREFLIGHT,ORIGINAL_FINANCIAL_CATALOG_BYTES_MISSING,source_inventory.json
2023-05,2023-05-02,XU100,OYAKC,REJECTED_AT_SOURCE_PREFLIGHT,ORIGINAL_FINANCIAL_CATALOG_BYTES_MISSING,source_inventory.json
2023-05,2023-05-02,XU100,PETKM,REJECTED_AT_SOURCE_PREFLIGHT,ORIGINAL_FINANCIAL_CATALOG_BYTES_MISSING,source_inventory.json
2023-05,2023-05-02,XU100,PGSUS,REJECTED_AT_SOURCE_PREFLIGHT,ORIGINAL_FINANCIAL_CATALOG_BYTES_MISSING,source_inventory.json
2023-05,2023-05-02,XU100,PSGYO,REJECTED_AT_SOURCE_PREFLIGHT,ORIGINAL_FINANCIAL_CATALOG_BYTES_MISSING,source_inventory.json
2023-05,2023-05-02,XU100,SAHOL,REJECTED_AT_SOURCE_PREFLIGHT,ORIGINAL_FINANCIAL_CATALOG_BYTES_MISSING,source_inventory.json
2023-05,2023-05-02,XU100,SASA,REJECTED_AT_SOURCE_PREFLIGHT,ORIGINAL_FINANCIAL_CATALOG_BYTES_MISSING,source_inventory.json
2023-05,2023-05-02,XU100,SELEC,REJECTED_AT_SOURCE_PREFLIGHT,ORIGINAL_FINANCIAL_CATALOG_BYTES_MISSING,source_inventory.json
2023-05,2023-05-02,XU100,SISE,REJECTED_AT_SOURCE_PREFLIGHT,ORIGINAL_FINANCIAL_CATALOG_BYTES_MISSING,source_inventory.json
2023-05,2023-05-02,XU100,SKBNK,REJECTED_AT_SOURCE_PREFLIGHT,ORIGINAL_FINANCIAL_CATALOG_BYTES_MISSING,source_inventory.json
2023-05,2023-05-02,XU100,SMRTG,REJECTED_AT_SOURCE_PREFLIGHT,ORIGINAL_FINANCIAL_CATALOG_BYTES_MISSING,source_inventory.json
2023-05,2023-05-02,XU100,SNGYO,REJECTED_AT_SOURCE_PREFLIGHT,ORIGINAL_FINANCIAL_CATALOG_BYTES_MISSING,source_inventory.json
2023-05,2023-05-02,XU100,SOKM,REJECTED_AT_SOURCE_PREFLIGHT,ORIGINAL_FINANCIAL_CATALOG_BYTES_MISSING,source_inventory.json
2023-05,2023-05-02,XU100,TAVHL,REJECTED_AT_SOURCE_PREFLIGHT,ORIGINAL_FINANCIAL_CATALOG_BYTES_MISSING,source_inventory.json
2023-05,2023-05-02,XU100,TCELL,REJECTED_AT_SOURCE_PREFLIGHT,ORIGINAL_FINANCIAL_CATALOG_BYTES_MISSING,source_inventory.json
2023-05,2023-05-02,XU100,THYAO,REJECTED_AT_SOURCE_PREFLIGHT,ORIGINAL_FINANCIAL_CATALOG_BYTES_MISSING,source_inventory.json
2023-05,2023-05-02,XU100,TKFEN,REJECTED_AT_SOURCE_PREFLIGHT,ORIGINAL_FINANCIAL_CATALOG_BYTES_MISSING,source_inventory.json
2023-05,2023-05-02,XU100,TKNSA,REJECTED_AT_SOURCE_PREFLIGHT,ORIGINAL_FINANCIAL_CATALOG_BYTES_MISSING,source_inventory.json
2023-05,2023-05-02,XU100,TMSN,REJECTED_AT_SOURCE_PREFLIGHT,ORIGINAL_FINANCIAL_CATALOG_BYTES_MISSING,source_inventory.json
2023-05,2023-05-02,XU100,TOASO,REJECTED_AT_SOURCE_PREFLIGHT,ORIGINAL_FINANCIAL_CATALOG_BYTES_MISSING,source_inventory.json
2023-05,2023-05-02,XU100,TSKB,REJECTED_AT_SOURCE_PREFLIGHT,ORIGINAL_FINANCIAL_CATALOG_BYTES_MISSING,source_inventory.json
2023-05,2023-05-02,XU100,TTKOM,REJECTED_AT_SOURCE_PREFLIGHT,ORIGINAL_FINANCIAL_CATALOG_BYTES_MISSING,source_inventory.json
2023-05,2023-05-02,XU100,TTRAK,REJECTED_AT_SOURCE_PREFLIGHT,ORIGINAL_FINANCIAL_CATALOG_BYTES_MISSING,source_inventory.json
2023-05,2023-05-02,XU100,TUKAS,REJECTED_AT_SOURCE_PREFLIGHT,ORIGINAL_FINANCIAL_CATALOG_BYTES_MISSING,source_inventory.json
2023-05,2023-05-02,XU100,TUPRS,REJECTED_AT_SOURCE_PREFLIGHT,ORIGINAL_FINANCIAL_CATALOG_BYTES_MISSING,source_inventory.json
2023-05,2023-05-02,XU100,TURSG,REJECTED_AT_SOURCE_PREFLIGHT,ORIGINAL_FINANCIAL_CATALOG_BYTES_MISSING,source_inventory.json
2023-05,2023-05-02,XU100,ULKER,REJECTED_AT_SOURCE_PREFLIGHT,ORIGINAL_FINANCIAL_CATALOG_BYTES_MISSING,source_inventory.json
2023-05,2023-05-02,XU100,ULUUN,REJECTED_AT_SOURCE_PREFLIGHT,ORIGINAL_FINANCIAL_CATALOG_BYTES_MISSING,source_inventory.json
2023-05,2023-05-02,XU100,VAKBN,REJECTED_AT_SOURCE_PREFLIGHT,ORIGINAL_FINANCIAL_CATALOG_BYTES_MISSING,source_inventory.json
2023-05,2023-05-02,XU100,VESBE,REJECTED_AT_SOURCE_PREFLIGHT,ORIGINAL_FINANCIAL_CATALOG_BYTES_MISSING,source_inventory.json
2023-05,2023-05-02,XU100,VESTL,REJECTED_AT_SOURCE_PREFLIGHT,ORIGINAL_FINANCIAL_CATALOG_BYTES_MISSING,source_inventory.json
2023-05,2023-05-02,XU100,YKBNK,REJECTED_AT_SOURCE_PREFLIGHT,ORIGINAL_FINANCIAL_CATALOG_BYTES_MISSING,source_inventory.json
2023-05,2023-05-02,XU100,YYLGD,REJECTED_AT_SOURCE_PREFLIGHT,ORIGINAL_FINANCIAL_CATALOG_BYTES_MISSING,source_inventory.json
2023-05,2023-05-02,XU100,ZOREN,REJECTED_AT_SOURCE_PREFLIGHT,ORIGINAL_FINANCIAL_CATALOG_BYTES_MISSING,source_inventory.json
2023-06,2023-06-01,XU100,AEFES,REJECTED_AT_SOURCE_PREFLIGHT,ORIGINAL_FINANCIAL_CATALOG_BYTES_MISSING,source_inventory.json
2023-06,2023-06-01,XU100,AGHOL,REJECTED_AT_SOURCE_PREFLIGHT,ORIGINAL_FINANCIAL_CATALOG_BYTES_MISSING,source_inventory.json
2023-06,2023-06-01,XU100,AKBNK,REJECTED_AT_SOURCE_PREFLIGHT,ORIGINAL_FINANCIAL_CATALOG_BYTES_MISSING,source_inventory.json
2023-06,2023-06-01,XU100,AKFGY,REJECTED_AT_SOURCE_PREFLIGHT,ORIGINAL_FINANCIAL_CATALOG_BYTES_MISSING,source_inventory.json
2023-06,2023-06-01,XU100,AKSA,REJECTED_AT_SOURCE_PREFLIGHT,ORIGINAL_FINANCIAL_CATALOG_BYTES_MISSING,source_inventory.json
2023-06,2023-06-01,XU100,AKSEN,REJECTED_AT_SOURCE_PREFLIGHT,ORIGINAL_FINANCIAL_CATALOG_BYTES_MISSING,source_inventory.json
2023-06,2023-06-01,XU100,ALARK,REJECTED_AT_SOURCE_PREFLIGHT,ORIGINAL_FINANCIAL_CATALOG_BYTES_MISSING,source_inventory.json
2023-06,2023-06-01,XU100,ALBRK,REJECTED_AT_SOURCE_PREFLIGHT,ORIGINAL_FINANCIAL_CATALOG_BYTES_MISSING,source_inventory.json
2023-06,2023-06-01,XU100,ALFAS,REJECTED_AT_SOURCE_PREFLIGHT,ORIGINAL_FINANCIAL_CATALOG_BYTES_MISSING,source_inventory.json
2023-06,2023-06-01,XU100,ALKIM,REJECTED_AT_SOURCE_PREFLIGHT,ORIGINAL_FINANCIAL_CATALOG_BYTES_MISSING,source_inventory.json
2023-06,2023-06-01,XU100,ARCLK,REJECTED_AT_SOURCE_PREFLIGHT,ORIGINAL_FINANCIAL_CATALOG_BYTES_MISSING,source_inventory.json
2023-06,2023-06-01,XU100,ASELS,REJECTED_AT_SOURCE_PREFLIGHT,ORIGINAL_FINANCIAL_CATALOG_BYTES_MISSING,source_inventory.json
2023-06,2023-06-01,XU100,ASUZU,REJECTED_AT_SOURCE_PREFLIGHT,ORIGINAL_FINANCIAL_CATALOG_BYTES_MISSING,source_inventory.json
2023-06,2023-06-01,XU100,AYDEM,REJECTED_AT_SOURCE_PREFLIGHT,ORIGINAL_FINANCIAL_CATALOG_BYTES_MISSING,source_inventory.json
2023-06,2023-06-01,XU100,BAGFS,REJECTED_AT_SOURCE_PREFLIGHT,ORIGINAL_FINANCIAL_CATALOG_BYTES_MISSING,source_inventory.json
2023-06,2023-06-01,XU100,BASGZ,REJECTED_AT_SOURCE_PREFLIGHT,ORIGINAL_FINANCIAL_CATALOG_BYTES_MISSING,source_inventory.json
2023-06,2023-06-01,XU100,BERA,REJECTED_AT_SOURCE_PREFLIGHT,ORIGINAL_FINANCIAL_CATALOG_BYTES_MISSING,source_inventory.json
2023-06,2023-06-01,XU100,BIMAS,REJECTED_AT_SOURCE_PREFLIGHT,ORIGINAL_FINANCIAL_CATALOG_BYTES_MISSING,source_inventory.json
2023-06,2023-06-01,XU100,BIOEN,REJECTED_AT_SOURCE_PREFLIGHT,ORIGINAL_FINANCIAL_CATALOG_BYTES_MISSING,source_inventory.json
2023-06,2023-06-01,XU100,BRYAT,REJECTED_AT_SOURCE_PREFLIGHT,ORIGINAL_FINANCIAL_CATALOG_BYTES_MISSING,source_inventory.json
2023-06,2023-06-01,XU100,BUCIM,REJECTED_AT_SOURCE_PREFLIGHT,ORIGINAL_FINANCIAL_CATALOG_BYTES_MISSING,source_inventory.json
2023-06,2023-06-01,XU100,CCOLA,REJECTED_AT_SOURCE_PREFLIGHT,ORIGINAL_FINANCIAL_CATALOG_BYTES_MISSING,source_inventory.json
2023-06,2023-06-01,XU100,CEMTS,REJECTED_AT_SOURCE_PREFLIGHT,ORIGINAL_FINANCIAL_CATALOG_BYTES_MISSING,source_inventory.json
2023-06,2023-06-01,XU100,CIMSA,REJECTED_AT_SOURCE_PREFLIGHT,ORIGINAL_FINANCIAL_CATALOG_BYTES_MISSING,source_inventory.json
2023-06,2023-06-01,XU100,DOAS,REJECTED_AT_SOURCE_PREFLIGHT,ORIGINAL_FINANCIAL_CATALOG_BYTES_MISSING,source_inventory.json
2023-06,2023-06-01,XU100,DOHOL,REJECTED_AT_SOURCE_PREFLIGHT,ORIGINAL_FINANCIAL_CATALOG_BYTES_MISSING,source_inventory.json
2023-06,2023-06-01,XU100,ECILC,REJECTED_AT_SOURCE_PREFLIGHT,ORIGINAL_FINANCIAL_CATALOG_BYTES_MISSING,source_inventory.json
2023-06,2023-06-01,XU100,EGEEN,REJECTED_AT_SOURCE_PREFLIGHT,ORIGINAL_FINANCIAL_CATALOG_BYTES_MISSING,source_inventory.json
2023-06,2023-06-01,XU100,EKGYO,REJECTED_AT_SOURCE_PREFLIGHT,ORIGINAL_FINANCIAL_CATALOG_BYTES_MISSING,source_inventory.json
2023-06,2023-06-01,XU100,ENJSA,REJECTED_AT_SOURCE_PREFLIGHT,ORIGINAL_FINANCIAL_CATALOG_BYTES_MISSING,source_inventory.json
2023-06,2023-06-01,XU100,ENKAI,REJECTED_AT_SOURCE_PREFLIGHT,ORIGINAL_FINANCIAL_CATALOG_BYTES_MISSING,source_inventory.json
2023-06,2023-06-01,XU100,ERBOS,REJECTED_AT_SOURCE_PREFLIGHT,ORIGINAL_FINANCIAL_CATALOG_BYTES_MISSING,source_inventory.json
2023-06,2023-06-01,XU100,EREGL,REJECTED_AT_SOURCE_PREFLIGHT,ORIGINAL_FINANCIAL_CATALOG_BYTES_MISSING,source_inventory.json
2023-06,2023-06-01,XU100,EUREN,REJECTED_AT_SOURCE_PREFLIGHT,ORIGINAL_FINANCIAL_CATALOG_BYTES_MISSING,source_inventory.json
2023-06,2023-06-01,XU100,FENER,REJECTED_AT_SOURCE_PREFLIGHT,ORIGINAL_FINANCIAL_CATALOG_BYTES_MISSING,source_inventory.json
2023-06,2023-06-01,XU100,FROTO,REJECTED_AT_SOURCE_PREFLIGHT,ORIGINAL_FINANCIAL_CATALOG_BYTES_MISSING,source_inventory.json
2023-06,2023-06-01,XU100,GARAN,REJECTED_AT_SOURCE_PREFLIGHT,ORIGINAL_FINANCIAL_CATALOG_BYTES_MISSING,source_inventory.json
2023-06,2023-06-01,XU100,GENIL,REJECTED_AT_SOURCE_PREFLIGHT,ORIGINAL_FINANCIAL_CATALOG_BYTES_MISSING,source_inventory.json
2023-06,2023-06-01,XU100,GESAN,REJECTED_AT_SOURCE_PREFLIGHT,ORIGINAL_FINANCIAL_CATALOG_BYTES_MISSING,source_inventory.json
2023-06,2023-06-01,XU100,GLYHO,REJECTED_AT_SOURCE_PREFLIGHT,ORIGINAL_FINANCIAL_CATALOG_BYTES_MISSING,source_inventory.json
2023-06,2023-06-01,XU100,GSDHO,REJECTED_AT_SOURCE_PREFLIGHT,ORIGINAL_FINANCIAL_CATALOG_BYTES_MISSING,source_inventory.json
2023-06,2023-06-01,XU100,GUBRF,REJECTED_AT_SOURCE_PREFLIGHT,ORIGINAL_FINANCIAL_CATALOG_BYTES_MISSING,source_inventory.json
2023-06,2023-06-01,XU100,GWIND,REJECTED_AT_SOURCE_PREFLIGHT,ORIGINAL_FINANCIAL_CATALOG_BYTES_MISSING,source_inventory.json
2023-06,2023-06-01,XU100,HALKB,REJECTED_AT_SOURCE_PREFLIGHT,ORIGINAL_FINANCIAL_CATALOG_BYTES_MISSING,source_inventory.json
2023-06,2023-06-01,XU100,HEKTS,REJECTED_AT_SOURCE_PREFLIGHT,ORIGINAL_FINANCIAL_CATALOG_BYTES_MISSING,source_inventory.json
2023-06,2023-06-01,XU100,IPEKE,REJECTED_AT_SOURCE_PREFLIGHT,ORIGINAL_FINANCIAL_CATALOG_BYTES_MISSING,source_inventory.json
2023-06,2023-06-01,XU100,ISCTR,REJECTED_AT_SOURCE_PREFLIGHT,ORIGINAL_FINANCIAL_CATALOG_BYTES_MISSING,source_inventory.json
2023-06,2023-06-01,XU100,ISDMR,REJECTED_AT_SOURCE_PREFLIGHT,ORIGINAL_FINANCIAL_CATALOG_BYTES_MISSING,source_inventory.json
2023-06,2023-06-01,XU100,ISGYO,REJECTED_AT_SOURCE_PREFLIGHT,ORIGINAL_FINANCIAL_CATALOG_BYTES_MISSING,source_inventory.json
2023-06,2023-06-01,XU100,IZMDC,REJECTED_AT_SOURCE_PREFLIGHT,ORIGINAL_FINANCIAL_CATALOG_BYTES_MISSING,source_inventory.json
2023-06,2023-06-01,XU100,KARSN,REJECTED_AT_SOURCE_PREFLIGHT,ORIGINAL_FINANCIAL_CATALOG_BYTES_MISSING,source_inventory.json
2023-06,2023-06-01,XU100,KCAER,REJECTED_AT_SOURCE_PREFLIGHT,ORIGINAL_FINANCIAL_CATALOG_BYTES_MISSING,source_inventory.json
2023-06,2023-06-01,XU100,KCHOL,REJECTED_AT_SOURCE_PREFLIGHT,ORIGINAL_FINANCIAL_CATALOG_BYTES_MISSING,source_inventory.json
2023-06,2023-06-01,XU100,KERVT,REJECTED_AT_SOURCE_PREFLIGHT,ORIGINAL_FINANCIAL_CATALOG_BYTES_MISSING,source_inventory.json
2023-06,2023-06-01,XU100,KLRHO,REJECTED_AT_SOURCE_PREFLIGHT,ORIGINAL_FINANCIAL_CATALOG_BYTES_MISSING,source_inventory.json
2023-06,2023-06-01,XU100,KMPUR,REJECTED_AT_SOURCE_PREFLIGHT,ORIGINAL_FINANCIAL_CATALOG_BYTES_MISSING,source_inventory.json
2023-06,2023-06-01,XU100,KONTR,REJECTED_AT_SOURCE_PREFLIGHT,ORIGINAL_FINANCIAL_CATALOG_BYTES_MISSING,source_inventory.json
2023-06,2023-06-01,XU100,KONYA,REJECTED_AT_SOURCE_PREFLIGHT,ORIGINAL_FINANCIAL_CATALOG_BYTES_MISSING,source_inventory.json
2023-06,2023-06-01,XU100,KORDS,REJECTED_AT_SOURCE_PREFLIGHT,ORIGINAL_FINANCIAL_CATALOG_BYTES_MISSING,source_inventory.json
2023-06,2023-06-01,XU100,KOZAA,REJECTED_AT_SOURCE_PREFLIGHT,ORIGINAL_FINANCIAL_CATALOG_BYTES_MISSING,source_inventory.json
2023-06,2023-06-01,XU100,KOZAL,REJECTED_AT_SOURCE_PREFLIGHT,ORIGINAL_FINANCIAL_CATALOG_BYTES_MISSING,source_inventory.json
2023-06,2023-06-01,XU100,KRDMD,REJECTED_AT_SOURCE_PREFLIGHT,ORIGINAL_FINANCIAL_CATALOG_BYTES_MISSING,source_inventory.json
2023-06,2023-06-01,XU100,KZBGY,REJECTED_AT_SOURCE_PREFLIGHT,ORIGINAL_FINANCIAL_CATALOG_BYTES_MISSING,source_inventory.json
2023-06,2023-06-01,XU100,MAVI,REJECTED_AT_SOURCE_PREFLIGHT,ORIGINAL_FINANCIAL_CATALOG_BYTES_MISSING,source_inventory.json
2023-06,2023-06-01,XU100,MGROS,REJECTED_AT_SOURCE_PREFLIGHT,ORIGINAL_FINANCIAL_CATALOG_BYTES_MISSING,source_inventory.json
2023-06,2023-06-01,XU100,ODAS,REJECTED_AT_SOURCE_PREFLIGHT,ORIGINAL_FINANCIAL_CATALOG_BYTES_MISSING,source_inventory.json
2023-06,2023-06-01,XU100,OTKAR,REJECTED_AT_SOURCE_PREFLIGHT,ORIGINAL_FINANCIAL_CATALOG_BYTES_MISSING,source_inventory.json
2023-06,2023-06-01,XU100,OYAKC,REJECTED_AT_SOURCE_PREFLIGHT,ORIGINAL_FINANCIAL_CATALOG_BYTES_MISSING,source_inventory.json
2023-06,2023-06-01,XU100,PETKM,REJECTED_AT_SOURCE_PREFLIGHT,ORIGINAL_FINANCIAL_CATALOG_BYTES_MISSING,source_inventory.json
2023-06,2023-06-01,XU100,PGSUS,REJECTED_AT_SOURCE_PREFLIGHT,ORIGINAL_FINANCIAL_CATALOG_BYTES_MISSING,source_inventory.json
2023-06,2023-06-01,XU100,PSGYO,REJECTED_AT_SOURCE_PREFLIGHT,ORIGINAL_FINANCIAL_CATALOG_BYTES_MISSING,source_inventory.json
2023-06,2023-06-01,XU100,SAHOL,REJECTED_AT_SOURCE_PREFLIGHT,ORIGINAL_FINANCIAL_CATALOG_BYTES_MISSING,source_inventory.json
2023-06,2023-06-01,XU100,SASA,REJECTED_AT_SOURCE_PREFLIGHT,ORIGINAL_FINANCIAL_CATALOG_BYTES_MISSING,source_inventory.json
2023-06,2023-06-01,XU100,SELEC,REJECTED_AT_SOURCE_PREFLIGHT,ORIGINAL_FINANCIAL_CATALOG_BYTES_MISSING,source_inventory.json
2023-06,2023-06-01,XU100,SISE,REJECTED_AT_SOURCE_PREFLIGHT,ORIGINAL_FINANCIAL_CATALOG_BYTES_MISSING,source_inventory.json
2023-06,2023-06-01,XU100,SKBNK,REJECTED_AT_SOURCE_PREFLIGHT,ORIGINAL_FINANCIAL_CATALOG_BYTES_MISSING,source_inventory.json
2023-06,2023-06-01,XU100,SMRTG,REJECTED_AT_SOURCE_PREFLIGHT,ORIGINAL_FINANCIAL_CATALOG_BYTES_MISSING,source_inventory.json
2023-06,2023-06-01,XU100,SNGYO,REJECTED_AT_SOURCE_PREFLIGHT,ORIGINAL_FINANCIAL_CATALOG_BYTES_MISSING,source_inventory.json
2023-06,2023-06-01,XU100,SOKM,REJECTED_AT_SOURCE_PREFLIGHT,ORIGINAL_FINANCIAL_CATALOG_BYTES_MISSING,source_inventory.json
2023-06,2023-06-01,XU100,TAVHL,REJECTED_AT_SOURCE_PREFLIGHT,ORIGINAL_FINANCIAL_CATALOG_BYTES_MISSING,source_inventory.json
2023-06,2023-06-01,XU100,TCELL,REJECTED_AT_SOURCE_PREFLIGHT,ORIGINAL_FINANCIAL_CATALOG_BYTES_MISSING,source_inventory.json
2023-06,2023-06-01,XU100,THYAO,REJECTED_AT_SOURCE_PREFLIGHT,ORIGINAL_FINANCIAL_CATALOG_BYTES_MISSING,source_inventory.json
2023-06,2023-06-01,XU100,TKFEN,REJECTED_AT_SOURCE_PREFLIGHT,ORIGINAL_FINANCIAL_CATALOG_BYTES_MISSING,source_inventory.json
2023-06,2023-06-01,XU100,TKNSA,REJECTED_AT_SOURCE_PREFLIGHT,ORIGINAL_FINANCIAL_CATALOG_BYTES_MISSING,source_inventory.json
2023-06,2023-06-01,XU100,TMSN,REJECTED_AT_SOURCE_PREFLIGHT,ORIGINAL_FINANCIAL_CATALOG_BYTES_MISSING,source_inventory.json
2023-06,2023-06-01,XU100,TOASO,REJECTED_AT_SOURCE_PREFLIGHT,ORIGINAL_FINANCIAL_CATALOG_BYTES_MISSING,source_inventory.json
2023-06,2023-06-01,XU100,TSKB,REJECTED_AT_SOURCE_PREFLIGHT,ORIGINAL_FINANCIAL_CATALOG_BYTES_MISSING,source_inventory.json
2023-06,2023-06-01,XU100,TTKOM,REJECTED_AT_SOURCE_PREFLIGHT,ORIGINAL_FINANCIAL_CATALOG_BYTES_MISSING,source_inventory.json
2023-06,2023-06-01,XU100,TTRAK,REJECTED_AT_SOURCE_PREFLIGHT,ORIGINAL_FINANCIAL_CATALOG_BYTES_MISSING,source_inventory.json
2023-06,2023-06-01,XU100,TUKAS,REJECTED_AT_SOURCE_PREFLIGHT,ORIGINAL_FINANCIAL_CATALOG_BYTES_MISSING,source_inventory.json
2023-06,2023-06-01,XU100,TUPRS,REJECTED_AT_SOURCE_PREFLIGHT,ORIGINAL_FINANCIAL_CATALOG_BYTES_MISSING,source_inventory.json
2023-06,2023-06-01,XU100,TURSG,REJECTED_AT_SOURCE_PREFLIGHT,ORIGINAL_FINANCIAL_CATALOG_BYTES_MISSING,source_inventory.json
2023-06,2023-06-01,XU100,ULKER,REJECTED_AT_SOURCE_PREFLIGHT,ORIGINAL_FINANCIAL_CATALOG_BYTES_MISSING,source_inventory.json
2023-06,2023-06-01,XU100,ULUUN,REJECTED_AT_SOURCE_PREFLIGHT,ORIGINAL_FINANCIAL_CATALOG_BYTES_MISSING,source_inventory.json
2023-06,2023-06-01,XU100,VAKBN,REJECTED_AT_SOURCE_PREFLIGHT,ORIGINAL_FINANCIAL_CATALOG_BYTES_MISSING,source_inventory.json
2023-06,2023-06-01,XU100,VESBE,REJECTED_AT_SOURCE_PREFLIGHT,ORIGINAL_FINANCIAL_CATALOG_BYTES_MISSING,source_inventory.json
2023-06,2023-06-01,XU100,VESTL,REJECTED_AT_SOURCE_PREFLIGHT,ORIGINAL_FINANCIAL_CATALOG_BYTES_MISSING,source_inventory.json
2023-06,2023-06-01,XU100,YKBNK,REJECTED_AT_SOURCE_PREFLIGHT,ORIGINAL_FINANCIAL_CATALOG_BYTES_MISSING,source_inventory.json
2023-06,2023-06-01,XU100,YYLGD,REJECTED_AT_SOURCE_PREFLIGHT,ORIGINAL_FINANCIAL_CATALOG_BYTES_MISSING,source_inventory.json
2023-06,2023-06-01,XU100,ZOREN,REJECTED_AT_SOURCE_PREFLIGHT,ORIGINAL_FINANCIAL_CATALOG_BYTES_MISSING,source_inventory.json
2023-07,2023-07-03,XU100,AEFES,REJECTED_AT_SOURCE_PREFLIGHT,ORIGINAL_FINANCIAL_CATALOG_BYTES_MISSING,source_inventory.json
2023-07,2023-07-03,XU100,AGHOL,REJECTED_AT_SOURCE_PREFLIGHT,ORIGINAL_FINANCIAL_CATALOG_BYTES_MISSING,source_inventory.json
2023-07,2023-07-03,XU100,AHGAZ,REJECTED_AT_SOURCE_PREFLIGHT,ORIGINAL_FINANCIAL_CATALOG_BYTES_MISSING,source_inventory.json
2023-07,2023-07-03,XU100,AKBNK,REJECTED_AT_SOURCE_PREFLIGHT,ORIGINAL_FINANCIAL_CATALOG_BYTES_MISSING,source_inventory.json
2023-07,2023-07-03,XU100,AKCNS,REJECTED_AT_SOURCE_PREFLIGHT,ORIGINAL_FINANCIAL_CATALOG_BYTES_MISSING,source_inventory.json
2023-07,2023-07-03,XU100,AKFGY,REJECTED_AT_SOURCE_PREFLIGHT,ORIGINAL_FINANCIAL_CATALOG_BYTES_MISSING,source_inventory.json
2023-07,2023-07-03,XU100,AKSA,REJECTED_AT_SOURCE_PREFLIGHT,ORIGINAL_FINANCIAL_CATALOG_BYTES_MISSING,source_inventory.json
2023-07,2023-07-03,XU100,AKSEN,REJECTED_AT_SOURCE_PREFLIGHT,ORIGINAL_FINANCIAL_CATALOG_BYTES_MISSING,source_inventory.json
2023-07,2023-07-03,XU100,ALARK,REJECTED_AT_SOURCE_PREFLIGHT,ORIGINAL_FINANCIAL_CATALOG_BYTES_MISSING,source_inventory.json
2023-07,2023-07-03,XU100,ALBRK,REJECTED_AT_SOURCE_PREFLIGHT,ORIGINAL_FINANCIAL_CATALOG_BYTES_MISSING,source_inventory.json
2023-07,2023-07-03,XU100,ALFAS,REJECTED_AT_SOURCE_PREFLIGHT,ORIGINAL_FINANCIAL_CATALOG_BYTES_MISSING,source_inventory.json
2023-07,2023-07-03,XU100,ARCLK,REJECTED_AT_SOURCE_PREFLIGHT,ORIGINAL_FINANCIAL_CATALOG_BYTES_MISSING,source_inventory.json
2023-07,2023-07-03,XU100,ASELS,REJECTED_AT_SOURCE_PREFLIGHT,ORIGINAL_FINANCIAL_CATALOG_BYTES_MISSING,source_inventory.json
2023-07,2023-07-03,XU100,ASTOR,REJECTED_AT_SOURCE_PREFLIGHT,ORIGINAL_FINANCIAL_CATALOG_BYTES_MISSING,source_inventory.json
2023-07,2023-07-03,XU100,ASUZU,REJECTED_AT_SOURCE_PREFLIGHT,ORIGINAL_FINANCIAL_CATALOG_BYTES_MISSING,source_inventory.json
2023-07,2023-07-03,XU100,AYDEM,REJECTED_AT_SOURCE_PREFLIGHT,ORIGINAL_FINANCIAL_CATALOG_BYTES_MISSING,source_inventory.json
2023-07,2023-07-03,XU100,BAGFS,REJECTED_AT_SOURCE_PREFLIGHT,ORIGINAL_FINANCIAL_CATALOG_BYTES_MISSING,source_inventory.json
2023-07,2023-07-03,XU100,BERA,REJECTED_AT_SOURCE_PREFLIGHT,ORIGINAL_FINANCIAL_CATALOG_BYTES_MISSING,source_inventory.json
2023-07,2023-07-03,XU100,BIMAS,REJECTED_AT_SOURCE_PREFLIGHT,ORIGINAL_FINANCIAL_CATALOG_BYTES_MISSING,source_inventory.json
2023-07,2023-07-03,XU100,BIOEN,REJECTED_AT_SOURCE_PREFLIGHT,ORIGINAL_FINANCIAL_CATALOG_BYTES_MISSING,source_inventory.json
2023-07,2023-07-03,XU100,BRSAN,REJECTED_AT_SOURCE_PREFLIGHT,ORIGINAL_FINANCIAL_CATALOG_BYTES_MISSING,source_inventory.json
2023-07,2023-07-03,XU100,BRYAT,REJECTED_AT_SOURCE_PREFLIGHT,ORIGINAL_FINANCIAL_CATALOG_BYTES_MISSING,source_inventory.json
2023-07,2023-07-03,XU100,BUCIM,REJECTED_AT_SOURCE_PREFLIGHT,ORIGINAL_FINANCIAL_CATALOG_BYTES_MISSING,source_inventory.json
2023-07,2023-07-03,XU100,CANTE,REJECTED_AT_SOURCE_PREFLIGHT,ORIGINAL_FINANCIAL_CATALOG_BYTES_MISSING,source_inventory.json
2023-07,2023-07-03,XU100,CCOLA,REJECTED_AT_SOURCE_PREFLIGHT,ORIGINAL_FINANCIAL_CATALOG_BYTES_MISSING,source_inventory.json
2023-07,2023-07-03,XU100,CEMTS,REJECTED_AT_SOURCE_PREFLIGHT,ORIGINAL_FINANCIAL_CATALOG_BYTES_MISSING,source_inventory.json
2023-07,2023-07-03,XU100,CIMSA,REJECTED_AT_SOURCE_PREFLIGHT,ORIGINAL_FINANCIAL_CATALOG_BYTES_MISSING,source_inventory.json
2023-07,2023-07-03,XU100,DOAS,REJECTED_AT_SOURCE_PREFLIGHT,ORIGINAL_FINANCIAL_CATALOG_BYTES_MISSING,source_inventory.json
2023-07,2023-07-03,XU100,DOHOL,REJECTED_AT_SOURCE_PREFLIGHT,ORIGINAL_FINANCIAL_CATALOG_BYTES_MISSING,source_inventory.json
2023-07,2023-07-03,XU100,ECILC,REJECTED_AT_SOURCE_PREFLIGHT,ORIGINAL_FINANCIAL_CATALOG_BYTES_MISSING,source_inventory.json
2023-07,2023-07-03,XU100,ECZYT,REJECTED_AT_SOURCE_PREFLIGHT,ORIGINAL_FINANCIAL_CATALOG_BYTES_MISSING,source_inventory.json
2023-07,2023-07-03,XU100,EGEEN,REJECTED_AT_SOURCE_PREFLIGHT,ORIGINAL_FINANCIAL_CATALOG_BYTES_MISSING,source_inventory.json
2023-07,2023-07-03,XU100,EKGYO,REJECTED_AT_SOURCE_PREFLIGHT,ORIGINAL_FINANCIAL_CATALOG_BYTES_MISSING,source_inventory.json
2023-07,2023-07-03,XU100,ENJSA,REJECTED_AT_SOURCE_PREFLIGHT,ORIGINAL_FINANCIAL_CATALOG_BYTES_MISSING,source_inventory.json
2023-07,2023-07-03,XU100,ENKAI,REJECTED_AT_SOURCE_PREFLIGHT,ORIGINAL_FINANCIAL_CATALOG_BYTES_MISSING,source_inventory.json
2023-07,2023-07-03,XU100,EREGL,REJECTED_AT_SOURCE_PREFLIGHT,ORIGINAL_FINANCIAL_CATALOG_BYTES_MISSING,source_inventory.json
2023-07,2023-07-03,XU100,EUREN,REJECTED_AT_SOURCE_PREFLIGHT,ORIGINAL_FINANCIAL_CATALOG_BYTES_MISSING,source_inventory.json
2023-07,2023-07-03,XU100,FROTO,REJECTED_AT_SOURCE_PREFLIGHT,ORIGINAL_FINANCIAL_CATALOG_BYTES_MISSING,source_inventory.json
2023-07,2023-07-03,XU100,GARAN,REJECTED_AT_SOURCE_PREFLIGHT,ORIGINAL_FINANCIAL_CATALOG_BYTES_MISSING,source_inventory.json
2023-07,2023-07-03,XU100,GENIL,REJECTED_AT_SOURCE_PREFLIGHT,ORIGINAL_FINANCIAL_CATALOG_BYTES_MISSING,source_inventory.json
2023-07,2023-07-03,XU100,GESAN,REJECTED_AT_SOURCE_PREFLIGHT,ORIGINAL_FINANCIAL_CATALOG_BYTES_MISSING,source_inventory.json
2023-07,2023-07-03,XU100,GLYHO,REJECTED_AT_SOURCE_PREFLIGHT,ORIGINAL_FINANCIAL_CATALOG_BYTES_MISSING,source_inventory.json
2023-07,2023-07-03,XU100,GSDHO,REJECTED_AT_SOURCE_PREFLIGHT,ORIGINAL_FINANCIAL_CATALOG_BYTES_MISSING,source_inventory.json
2023-07,2023-07-03,XU100,GUBRF,REJECTED_AT_SOURCE_PREFLIGHT,ORIGINAL_FINANCIAL_CATALOG_BYTES_MISSING,source_inventory.json
2023-07,2023-07-03,XU100,GWIND,REJECTED_AT_SOURCE_PREFLIGHT,ORIGINAL_FINANCIAL_CATALOG_BYTES_MISSING,source_inventory.json
2023-07,2023-07-03,XU100,HALKB,REJECTED_AT_SOURCE_PREFLIGHT,ORIGINAL_FINANCIAL_CATALOG_BYTES_MISSING,source_inventory.json
2023-07,2023-07-03,XU100,HEKTS,REJECTED_AT_SOURCE_PREFLIGHT,ORIGINAL_FINANCIAL_CATALOG_BYTES_MISSING,source_inventory.json
2023-07,2023-07-03,XU100,IPEKE,REJECTED_AT_SOURCE_PREFLIGHT,ORIGINAL_FINANCIAL_CATALOG_BYTES_MISSING,source_inventory.json
2023-07,2023-07-03,XU100,ISCTR,REJECTED_AT_SOURCE_PREFLIGHT,ORIGINAL_FINANCIAL_CATALOG_BYTES_MISSING,source_inventory.json
2023-07,2023-07-03,XU100,ISDMR,REJECTED_AT_SOURCE_PREFLIGHT,ORIGINAL_FINANCIAL_CATALOG_BYTES_MISSING,source_inventory.json
2023-07,2023-07-03,XU100,ISGYO,REJECTED_AT_SOURCE_PREFLIGHT,ORIGINAL_FINANCIAL_CATALOG_BYTES_MISSING,source_inventory.json
2023-07,2023-07-03,XU100,ISMEN,REJECTED_AT_SOURCE_PREFLIGHT,ORIGINAL_FINANCIAL_CATALOG_BYTES_MISSING,source_inventory.json
2023-07,2023-07-03,XU100,IZMDC,REJECTED_AT_SOURCE_PREFLIGHT,ORIGINAL_FINANCIAL_CATALOG_BYTES_MISSING,source_inventory.json
2023-07,2023-07-03,XU100,KARSN,REJECTED_AT_SOURCE_PREFLIGHT,ORIGINAL_FINANCIAL_CATALOG_BYTES_MISSING,source_inventory.json
2023-07,2023-07-03,XU100,KCAER,REJECTED_AT_SOURCE_PREFLIGHT,ORIGINAL_FINANCIAL_CATALOG_BYTES_MISSING,source_inventory.json
2023-07,2023-07-03,XU100,KCHOL,REJECTED_AT_SOURCE_PREFLIGHT,ORIGINAL_FINANCIAL_CATALOG_BYTES_MISSING,source_inventory.json
2023-07,2023-07-03,XU100,KMPUR,REJECTED_AT_SOURCE_PREFLIGHT,ORIGINAL_FINANCIAL_CATALOG_BYTES_MISSING,source_inventory.json
2023-07,2023-07-03,XU100,KONTR,REJECTED_AT_SOURCE_PREFLIGHT,ORIGINAL_FINANCIAL_CATALOG_BYTES_MISSING,source_inventory.json
2023-07,2023-07-03,XU100,KONYA,REJECTED_AT_SOURCE_PREFLIGHT,ORIGINAL_FINANCIAL_CATALOG_BYTES_MISSING,source_inventory.json
2023-07,2023-07-03,XU100,KORDS,REJECTED_AT_SOURCE_PREFLIGHT,ORIGINAL_FINANCIAL_CATALOG_BYTES_MISSING,source_inventory.json
2023-07,2023-07-03,XU100,KOZAA,REJECTED_AT_SOURCE_PREFLIGHT,ORIGINAL_FINANCIAL_CATALOG_BYTES_MISSING,source_inventory.json
2023-07,2023-07-03,XU100,KOZAL,REJECTED_AT_SOURCE_PREFLIGHT,ORIGINAL_FINANCIAL_CATALOG_BYTES_MISSING,source_inventory.json
2023-07,2023-07-03,XU100,KRDMD,REJECTED_AT_SOURCE_PREFLIGHT,ORIGINAL_FINANCIAL_CATALOG_BYTES_MISSING,source_inventory.json
2023-07,2023-07-03,XU100,KZBGY,REJECTED_AT_SOURCE_PREFLIGHT,ORIGINAL_FINANCIAL_CATALOG_BYTES_MISSING,source_inventory.json
2023-07,2023-07-03,XU100,MAVI,REJECTED_AT_SOURCE_PREFLIGHT,ORIGINAL_FINANCIAL_CATALOG_BYTES_MISSING,source_inventory.json
2023-07,2023-07-03,XU100,MGROS,REJECTED_AT_SOURCE_PREFLIGHT,ORIGINAL_FINANCIAL_CATALOG_BYTES_MISSING,source_inventory.json
2023-07,2023-07-03,XU100,ODAS,REJECTED_AT_SOURCE_PREFLIGHT,ORIGINAL_FINANCIAL_CATALOG_BYTES_MISSING,source_inventory.json
2023-07,2023-07-03,XU100,OTKAR,REJECTED_AT_SOURCE_PREFLIGHT,ORIGINAL_FINANCIAL_CATALOG_BYTES_MISSING,source_inventory.json
2023-07,2023-07-03,XU100,OYAKC,REJECTED_AT_SOURCE_PREFLIGHT,ORIGINAL_FINANCIAL_CATALOG_BYTES_MISSING,source_inventory.json
2023-07,2023-07-03,XU100,PENTA,REJECTED_AT_SOURCE_PREFLIGHT,ORIGINAL_FINANCIAL_CATALOG_BYTES_MISSING,source_inventory.json
2023-07,2023-07-03,XU100,PETKM,REJECTED_AT_SOURCE_PREFLIGHT,ORIGINAL_FINANCIAL_CATALOG_BYTES_MISSING,source_inventory.json
2023-07,2023-07-03,XU100,PGSUS,REJECTED_AT_SOURCE_PREFLIGHT,ORIGINAL_FINANCIAL_CATALOG_BYTES_MISSING,source_inventory.json
2023-07,2023-07-03,XU100,PSGYO,REJECTED_AT_SOURCE_PREFLIGHT,ORIGINAL_FINANCIAL_CATALOG_BYTES_MISSING,source_inventory.json
2023-07,2023-07-03,XU100,QUAGR,REJECTED_AT_SOURCE_PREFLIGHT,ORIGINAL_FINANCIAL_CATALOG_BYTES_MISSING,source_inventory.json
2023-07,2023-07-03,XU100,SAHOL,REJECTED_AT_SOURCE_PREFLIGHT,ORIGINAL_FINANCIAL_CATALOG_BYTES_MISSING,source_inventory.json
2023-07,2023-07-03,XU100,SASA,REJECTED_AT_SOURCE_PREFLIGHT,ORIGINAL_FINANCIAL_CATALOG_BYTES_MISSING,source_inventory.json
2023-07,2023-07-03,XU100,SELEC,REJECTED_AT_SOURCE_PREFLIGHT,ORIGINAL_FINANCIAL_CATALOG_BYTES_MISSING,source_inventory.json
2023-07,2023-07-03,XU100,SISE,REJECTED_AT_SOURCE_PREFLIGHT,ORIGINAL_FINANCIAL_CATALOG_BYTES_MISSING,source_inventory.json
2023-07,2023-07-03,XU100,SKBNK,REJECTED_AT_SOURCE_PREFLIGHT,ORIGINAL_FINANCIAL_CATALOG_BYTES_MISSING,source_inventory.json
2023-07,2023-07-03,XU100,SMRTG,REJECTED_AT_SOURCE_PREFLIGHT,ORIGINAL_FINANCIAL_CATALOG_BYTES_MISSING,source_inventory.json
2023-07,2023-07-03,XU100,SNGYO,REJECTED_AT_SOURCE_PREFLIGHT,ORIGINAL_FINANCIAL_CATALOG_BYTES_MISSING,source_inventory.json
2023-07,2023-07-03,XU100,SOKM,REJECTED_AT_SOURCE_PREFLIGHT,ORIGINAL_FINANCIAL_CATALOG_BYTES_MISSING,source_inventory.json
2023-07,2023-07-03,XU100,TAVHL,REJECTED_AT_SOURCE_PREFLIGHT,ORIGINAL_FINANCIAL_CATALOG_BYTES_MISSING,source_inventory.json
2023-07,2023-07-03,XU100,TCELL,REJECTED_AT_SOURCE_PREFLIGHT,ORIGINAL_FINANCIAL_CATALOG_BYTES_MISSING,source_inventory.json
2023-07,2023-07-03,XU100,THYAO,REJECTED_AT_SOURCE_PREFLIGHT,ORIGINAL_FINANCIAL_CATALOG_BYTES_MISSING,source_inventory.json
2023-07,2023-07-03,XU100,TKFEN,REJECTED_AT_SOURCE_PREFLIGHT,ORIGINAL_FINANCIAL_CATALOG_BYTES_MISSING,source_inventory.json
2023-07,2023-07-03,XU100,TKNSA,REJECTED_AT_SOURCE_PREFLIGHT,ORIGINAL_FINANCIAL_CATALOG_BYTES_MISSING,source_inventory.json
2023-07,2023-07-03,XU100,TOASO,REJECTED_AT_SOURCE_PREFLIGHT,ORIGINAL_FINANCIAL_CATALOG_BYTES_MISSING,source_inventory.json
2023-07,2023-07-03,XU100,TSKB,REJECTED_AT_SOURCE_PREFLIGHT,ORIGINAL_FINANCIAL_CATALOG_BYTES_MISSING,source_inventory.json
2023-07,2023-07-03,XU100,TTKOM,REJECTED_AT_SOURCE_PREFLIGHT,ORIGINAL_FINANCIAL_CATALOG_BYTES_MISSING,source_inventory.json
2023-07,2023-07-03,XU100,TTRAK,REJECTED_AT_SOURCE_PREFLIGHT,ORIGINAL_FINANCIAL_CATALOG_BYTES_MISSING,source_inventory.json
2023-07,2023-07-03,XU100,TUKAS,REJECTED_AT_SOURCE_PREFLIGHT,ORIGINAL_FINANCIAL_CATALOG_BYTES_MISSING,source_inventory.json
2023-07,2023-07-03,XU100,TUPRS,REJECTED_AT_SOURCE_PREFLIGHT,ORIGINAL_FINANCIAL_CATALOG_BYTES_MISSING,source_inventory.json
2023-07,2023-07-03,XU100,ULKER,REJECTED_AT_SOURCE_PREFLIGHT,ORIGINAL_FINANCIAL_CATALOG_BYTES_MISSING,source_inventory.json
2023-07,2023-07-03,XU100,VAKBN,REJECTED_AT_SOURCE_PREFLIGHT,ORIGINAL_FINANCIAL_CATALOG_BYTES_MISSING,source_inventory.json
2023-07,2023-07-03,XU100,VESBE,REJECTED_AT_SOURCE_PREFLIGHT,ORIGINAL_FINANCIAL_CATALOG_BYTES_MISSING,source_inventory.json
2023-07,2023-07-03,XU100,VESTL,REJECTED_AT_SOURCE_PREFLIGHT,ORIGINAL_FINANCIAL_CATALOG_BYTES_MISSING,source_inventory.json
2023-07,2023-07-03,XU100,YKBNK,REJECTED_AT_SOURCE_PREFLIGHT,ORIGINAL_FINANCIAL_CATALOG_BYTES_MISSING,source_inventory.json
2023-07,2023-07-03,XU100,YYLGD,REJECTED_AT_SOURCE_PREFLIGHT,ORIGINAL_FINANCIAL_CATALOG_BYTES_MISSING,source_inventory.json
2023-07,2023-07-03,XU100,ZOREN,REJECTED_AT_SOURCE_PREFLIGHT,ORIGINAL_FINANCIAL_CATALOG_BYTES_MISSING,source_inventory.json
2023-08,2023-08-01,XU100,AEFES,REJECTED_AT_SOURCE_PREFLIGHT,ORIGINAL_FINANCIAL_CATALOG_BYTES_MISSING,source_inventory.json
2023-08,2023-08-01,XU100,AGHOL,REJECTED_AT_SOURCE_PREFLIGHT,ORIGINAL_FINANCIAL_CATALOG_BYTES_MISSING,source_inventory.json
2023-08,2023-08-01,XU100,AHGAZ,REJECTED_AT_SOURCE_PREFLIGHT,ORIGINAL_FINANCIAL_CATALOG_BYTES_MISSING,source_inventory.json
2023-08,2023-08-01,XU100,AKBNK,REJECTED_AT_SOURCE_PREFLIGHT,ORIGINAL_FINANCIAL_CATALOG_BYTES_MISSING,source_inventory.json
2023-08,2023-08-01,XU100,AKCNS,REJECTED_AT_SOURCE_PREFLIGHT,ORIGINAL_FINANCIAL_CATALOG_BYTES_MISSING,source_inventory.json
2023-08,2023-08-01,XU100,AKFGY,REJECTED_AT_SOURCE_PREFLIGHT,ORIGINAL_FINANCIAL_CATALOG_BYTES_MISSING,source_inventory.json
2023-08,2023-08-01,XU100,AKSA,REJECTED_AT_SOURCE_PREFLIGHT,ORIGINAL_FINANCIAL_CATALOG_BYTES_MISSING,source_inventory.json
2023-08,2023-08-01,XU100,AKSEN,REJECTED_AT_SOURCE_PREFLIGHT,ORIGINAL_FINANCIAL_CATALOG_BYTES_MISSING,source_inventory.json
2023-08,2023-08-01,XU100,ALARK,REJECTED_AT_SOURCE_PREFLIGHT,ORIGINAL_FINANCIAL_CATALOG_BYTES_MISSING,source_inventory.json
2023-08,2023-08-01,XU100,ALBRK,REJECTED_AT_SOURCE_PREFLIGHT,ORIGINAL_FINANCIAL_CATALOG_BYTES_MISSING,source_inventory.json
2023-08,2023-08-01,XU100,ALFAS,REJECTED_AT_SOURCE_PREFLIGHT,ORIGINAL_FINANCIAL_CATALOG_BYTES_MISSING,source_inventory.json
2023-08,2023-08-01,XU100,ARCLK,REJECTED_AT_SOURCE_PREFLIGHT,ORIGINAL_FINANCIAL_CATALOG_BYTES_MISSING,source_inventory.json
2023-08,2023-08-01,XU100,ASELS,REJECTED_AT_SOURCE_PREFLIGHT,ORIGINAL_FINANCIAL_CATALOG_BYTES_MISSING,source_inventory.json
2023-08,2023-08-01,XU100,ASTOR,REJECTED_AT_SOURCE_PREFLIGHT,ORIGINAL_FINANCIAL_CATALOG_BYTES_MISSING,source_inventory.json
2023-08,2023-08-01,XU100,ASUZU,REJECTED_AT_SOURCE_PREFLIGHT,ORIGINAL_FINANCIAL_CATALOG_BYTES_MISSING,source_inventory.json
2023-08,2023-08-01,XU100,AYDEM,REJECTED_AT_SOURCE_PREFLIGHT,ORIGINAL_FINANCIAL_CATALOG_BYTES_MISSING,source_inventory.json
2023-08,2023-08-01,XU100,BAGFS,REJECTED_AT_SOURCE_PREFLIGHT,ORIGINAL_FINANCIAL_CATALOG_BYTES_MISSING,source_inventory.json
2023-08,2023-08-01,XU100,BERA,REJECTED_AT_SOURCE_PREFLIGHT,ORIGINAL_FINANCIAL_CATALOG_BYTES_MISSING,source_inventory.json
2023-08,2023-08-01,XU100,BIMAS,REJECTED_AT_SOURCE_PREFLIGHT,ORIGINAL_FINANCIAL_CATALOG_BYTES_MISSING,source_inventory.json
2023-08,2023-08-01,XU100,BIOEN,REJECTED_AT_SOURCE_PREFLIGHT,ORIGINAL_FINANCIAL_CATALOG_BYTES_MISSING,source_inventory.json
2023-08,2023-08-01,XU100,BRSAN,REJECTED_AT_SOURCE_PREFLIGHT,ORIGINAL_FINANCIAL_CATALOG_BYTES_MISSING,source_inventory.json
2023-08,2023-08-01,XU100,BRYAT,REJECTED_AT_SOURCE_PREFLIGHT,ORIGINAL_FINANCIAL_CATALOG_BYTES_MISSING,source_inventory.json
2023-08,2023-08-01,XU100,BUCIM,REJECTED_AT_SOURCE_PREFLIGHT,ORIGINAL_FINANCIAL_CATALOG_BYTES_MISSING,source_inventory.json
2023-08,2023-08-01,XU100,CANTE,REJECTED_AT_SOURCE_PREFLIGHT,ORIGINAL_FINANCIAL_CATALOG_BYTES_MISSING,source_inventory.json
2023-08,2023-08-01,XU100,CCOLA,REJECTED_AT_SOURCE_PREFLIGHT,ORIGINAL_FINANCIAL_CATALOG_BYTES_MISSING,source_inventory.json
2023-08,2023-08-01,XU100,CEMTS,REJECTED_AT_SOURCE_PREFLIGHT,ORIGINAL_FINANCIAL_CATALOG_BYTES_MISSING,source_inventory.json
2023-08,2023-08-01,XU100,CIMSA,REJECTED_AT_SOURCE_PREFLIGHT,ORIGINAL_FINANCIAL_CATALOG_BYTES_MISSING,source_inventory.json
2023-08,2023-08-01,XU100,DOAS,REJECTED_AT_SOURCE_PREFLIGHT,ORIGINAL_FINANCIAL_CATALOG_BYTES_MISSING,source_inventory.json
2023-08,2023-08-01,XU100,DOHOL,REJECTED_AT_SOURCE_PREFLIGHT,ORIGINAL_FINANCIAL_CATALOG_BYTES_MISSING,source_inventory.json
2023-08,2023-08-01,XU100,ECILC,REJECTED_AT_SOURCE_PREFLIGHT,ORIGINAL_FINANCIAL_CATALOG_BYTES_MISSING,source_inventory.json
2023-08,2023-08-01,XU100,ECZYT,REJECTED_AT_SOURCE_PREFLIGHT,ORIGINAL_FINANCIAL_CATALOG_BYTES_MISSING,source_inventory.json
2023-08,2023-08-01,XU100,EGEEN,REJECTED_AT_SOURCE_PREFLIGHT,ORIGINAL_FINANCIAL_CATALOG_BYTES_MISSING,source_inventory.json
2023-08,2023-08-01,XU100,EKGYO,REJECTED_AT_SOURCE_PREFLIGHT,ORIGINAL_FINANCIAL_CATALOG_BYTES_MISSING,source_inventory.json
2023-08,2023-08-01,XU100,ENJSA,REJECTED_AT_SOURCE_PREFLIGHT,ORIGINAL_FINANCIAL_CATALOG_BYTES_MISSING,source_inventory.json
2023-08,2023-08-01,XU100,ENKAI,REJECTED_AT_SOURCE_PREFLIGHT,ORIGINAL_FINANCIAL_CATALOG_BYTES_MISSING,source_inventory.json
2023-08,2023-08-01,XU100,EREGL,REJECTED_AT_SOURCE_PREFLIGHT,ORIGINAL_FINANCIAL_CATALOG_BYTES_MISSING,source_inventory.json
2023-08,2023-08-01,XU100,EUREN,REJECTED_AT_SOURCE_PREFLIGHT,ORIGINAL_FINANCIAL_CATALOG_BYTES_MISSING,source_inventory.json
2023-08,2023-08-01,XU100,FROTO,REJECTED_AT_SOURCE_PREFLIGHT,ORIGINAL_FINANCIAL_CATALOG_BYTES_MISSING,source_inventory.json
2023-08,2023-08-01,XU100,GARAN,REJECTED_AT_SOURCE_PREFLIGHT,ORIGINAL_FINANCIAL_CATALOG_BYTES_MISSING,source_inventory.json
2023-08,2023-08-01,XU100,GENIL,REJECTED_AT_SOURCE_PREFLIGHT,ORIGINAL_FINANCIAL_CATALOG_BYTES_MISSING,source_inventory.json
2023-08,2023-08-01,XU100,GESAN,REJECTED_AT_SOURCE_PREFLIGHT,ORIGINAL_FINANCIAL_CATALOG_BYTES_MISSING,source_inventory.json
2023-08,2023-08-01,XU100,GLYHO,REJECTED_AT_SOURCE_PREFLIGHT,ORIGINAL_FINANCIAL_CATALOG_BYTES_MISSING,source_inventory.json
2023-08,2023-08-01,XU100,GSDHO,REJECTED_AT_SOURCE_PREFLIGHT,ORIGINAL_FINANCIAL_CATALOG_BYTES_MISSING,source_inventory.json
2023-08,2023-08-01,XU100,GUBRF,REJECTED_AT_SOURCE_PREFLIGHT,ORIGINAL_FINANCIAL_CATALOG_BYTES_MISSING,source_inventory.json
2023-08,2023-08-01,XU100,GWIND,REJECTED_AT_SOURCE_PREFLIGHT,ORIGINAL_FINANCIAL_CATALOG_BYTES_MISSING,source_inventory.json
2023-08,2023-08-01,XU100,HALKB,REJECTED_AT_SOURCE_PREFLIGHT,ORIGINAL_FINANCIAL_CATALOG_BYTES_MISSING,source_inventory.json
2023-08,2023-08-01,XU100,HEKTS,REJECTED_AT_SOURCE_PREFLIGHT,ORIGINAL_FINANCIAL_CATALOG_BYTES_MISSING,source_inventory.json
2023-08,2023-08-01,XU100,IPEKE,REJECTED_AT_SOURCE_PREFLIGHT,ORIGINAL_FINANCIAL_CATALOG_BYTES_MISSING,source_inventory.json
2023-08,2023-08-01,XU100,ISCTR,REJECTED_AT_SOURCE_PREFLIGHT,ORIGINAL_FINANCIAL_CATALOG_BYTES_MISSING,source_inventory.json
2023-08,2023-08-01,XU100,ISDMR,REJECTED_AT_SOURCE_PREFLIGHT,ORIGINAL_FINANCIAL_CATALOG_BYTES_MISSING,source_inventory.json
2023-08,2023-08-01,XU100,ISGYO,REJECTED_AT_SOURCE_PREFLIGHT,ORIGINAL_FINANCIAL_CATALOG_BYTES_MISSING,source_inventory.json
2023-08,2023-08-01,XU100,ISMEN,REJECTED_AT_SOURCE_PREFLIGHT,ORIGINAL_FINANCIAL_CATALOG_BYTES_MISSING,source_inventory.json
2023-08,2023-08-01,XU100,IZMDC,REJECTED_AT_SOURCE_PREFLIGHT,ORIGINAL_FINANCIAL_CATALOG_BYTES_MISSING,source_inventory.json
2023-08,2023-08-01,XU100,KARSN,REJECTED_AT_SOURCE_PREFLIGHT,ORIGINAL_FINANCIAL_CATALOG_BYTES_MISSING,source_inventory.json
2023-08,2023-08-01,XU100,KCAER,REJECTED_AT_SOURCE_PREFLIGHT,ORIGINAL_FINANCIAL_CATALOG_BYTES_MISSING,source_inventory.json
2023-08,2023-08-01,XU100,KCHOL,REJECTED_AT_SOURCE_PREFLIGHT,ORIGINAL_FINANCIAL_CATALOG_BYTES_MISSING,source_inventory.json
2023-08,2023-08-01,XU100,KMPUR,REJECTED_AT_SOURCE_PREFLIGHT,ORIGINAL_FINANCIAL_CATALOG_BYTES_MISSING,source_inventory.json
2023-08,2023-08-01,XU100,KONTR,REJECTED_AT_SOURCE_PREFLIGHT,ORIGINAL_FINANCIAL_CATALOG_BYTES_MISSING,source_inventory.json
2023-08,2023-08-01,XU100,KONYA,REJECTED_AT_SOURCE_PREFLIGHT,ORIGINAL_FINANCIAL_CATALOG_BYTES_MISSING,source_inventory.json
2023-08,2023-08-01,XU100,KORDS,REJECTED_AT_SOURCE_PREFLIGHT,ORIGINAL_FINANCIAL_CATALOG_BYTES_MISSING,source_inventory.json
2023-08,2023-08-01,XU100,KOZAA,REJECTED_AT_SOURCE_PREFLIGHT,ORIGINAL_FINANCIAL_CATALOG_BYTES_MISSING,source_inventory.json
2023-08,2023-08-01,XU100,KOZAL,REJECTED_AT_SOURCE_PREFLIGHT,ORIGINAL_FINANCIAL_CATALOG_BYTES_MISSING,source_inventory.json
2023-08,2023-08-01,XU100,KRDMD,REJECTED_AT_SOURCE_PREFLIGHT,ORIGINAL_FINANCIAL_CATALOG_BYTES_MISSING,source_inventory.json
2023-08,2023-08-01,XU100,KZBGY,REJECTED_AT_SOURCE_PREFLIGHT,ORIGINAL_FINANCIAL_CATALOG_BYTES_MISSING,source_inventory.json
2023-08,2023-08-01,XU100,MAVI,REJECTED_AT_SOURCE_PREFLIGHT,ORIGINAL_FINANCIAL_CATALOG_BYTES_MISSING,source_inventory.json
2023-08,2023-08-01,XU100,MGROS,REJECTED_AT_SOURCE_PREFLIGHT,ORIGINAL_FINANCIAL_CATALOG_BYTES_MISSING,source_inventory.json
2023-08,2023-08-01,XU100,ODAS,REJECTED_AT_SOURCE_PREFLIGHT,ORIGINAL_FINANCIAL_CATALOG_BYTES_MISSING,source_inventory.json
2023-08,2023-08-01,XU100,OTKAR,REJECTED_AT_SOURCE_PREFLIGHT,ORIGINAL_FINANCIAL_CATALOG_BYTES_MISSING,source_inventory.json
2023-08,2023-08-01,XU100,OYAKC,REJECTED_AT_SOURCE_PREFLIGHT,ORIGINAL_FINANCIAL_CATALOG_BYTES_MISSING,source_inventory.json
2023-08,2023-08-01,XU100,PENTA,REJECTED_AT_SOURCE_PREFLIGHT,ORIGINAL_FINANCIAL_CATALOG_BYTES_MISSING,source_inventory.json
2023-08,2023-08-01,XU100,PETKM,REJECTED_AT_SOURCE_PREFLIGHT,ORIGINAL_FINANCIAL_CATALOG_BYTES_MISSING,source_inventory.json
2023-08,2023-08-01,XU100,PGSUS,REJECTED_AT_SOURCE_PREFLIGHT,ORIGINAL_FINANCIAL_CATALOG_BYTES_MISSING,source_inventory.json
2023-08,2023-08-01,XU100,PSGYO,REJECTED_AT_SOURCE_PREFLIGHT,ORIGINAL_FINANCIAL_CATALOG_BYTES_MISSING,source_inventory.json
2023-08,2023-08-01,XU100,QUAGR,REJECTED_AT_SOURCE_PREFLIGHT,ORIGINAL_FINANCIAL_CATALOG_BYTES_MISSING,source_inventory.json
2023-08,2023-08-01,XU100,SAHOL,REJECTED_AT_SOURCE_PREFLIGHT,ORIGINAL_FINANCIAL_CATALOG_BYTES_MISSING,source_inventory.json
2023-08,2023-08-01,XU100,SASA,REJECTED_AT_SOURCE_PREFLIGHT,ORIGINAL_FINANCIAL_CATALOG_BYTES_MISSING,source_inventory.json
2023-08,2023-08-01,XU100,SELEC,REJECTED_AT_SOURCE_PREFLIGHT,ORIGINAL_FINANCIAL_CATALOG_BYTES_MISSING,source_inventory.json
2023-08,2023-08-01,XU100,SISE,REJECTED_AT_SOURCE_PREFLIGHT,ORIGINAL_FINANCIAL_CATALOG_BYTES_MISSING,source_inventory.json
2023-08,2023-08-01,XU100,SKBNK,REJECTED_AT_SOURCE_PREFLIGHT,ORIGINAL_FINANCIAL_CATALOG_BYTES_MISSING,source_inventory.json
2023-08,2023-08-01,XU100,SMRTG,REJECTED_AT_SOURCE_PREFLIGHT,ORIGINAL_FINANCIAL_CATALOG_BYTES_MISSING,source_inventory.json
2023-08,2023-08-01,XU100,SNGYO,REJECTED_AT_SOURCE_PREFLIGHT,ORIGINAL_FINANCIAL_CATALOG_BYTES_MISSING,source_inventory.json
2023-08,2023-08-01,XU100,SOKM,REJECTED_AT_SOURCE_PREFLIGHT,ORIGINAL_FINANCIAL_CATALOG_BYTES_MISSING,source_inventory.json
2023-08,2023-08-01,XU100,TAVHL,REJECTED_AT_SOURCE_PREFLIGHT,ORIGINAL_FINANCIAL_CATALOG_BYTES_MISSING,source_inventory.json
2023-08,2023-08-01,XU100,TCELL,REJECTED_AT_SOURCE_PREFLIGHT,ORIGINAL_FINANCIAL_CATALOG_BYTES_MISSING,source_inventory.json
2023-08,2023-08-01,XU100,THYAO,REJECTED_AT_SOURCE_PREFLIGHT,ORIGINAL_FINANCIAL_CATALOG_BYTES_MISSING,source_inventory.json
2023-08,2023-08-01,XU100,TKFEN,REJECTED_AT_SOURCE_PREFLIGHT,ORIGINAL_FINANCIAL_CATALOG_BYTES_MISSING,source_inventory.json
2023-08,2023-08-01,XU100,TKNSA,REJECTED_AT_SOURCE_PREFLIGHT,ORIGINAL_FINANCIAL_CATALOG_BYTES_MISSING,source_inventory.json
2023-08,2023-08-01,XU100,TOASO,REJECTED_AT_SOURCE_PREFLIGHT,ORIGINAL_FINANCIAL_CATALOG_BYTES_MISSING,source_inventory.json
2023-08,2023-08-01,XU100,TSKB,REJECTED_AT_SOURCE_PREFLIGHT,ORIGINAL_FINANCIAL_CATALOG_BYTES_MISSING,source_inventory.json
2023-08,2023-08-01,XU100,TTKOM,REJECTED_AT_SOURCE_PREFLIGHT,ORIGINAL_FINANCIAL_CATALOG_BYTES_MISSING,source_inventory.json
2023-08,2023-08-01,XU100,TTRAK,REJECTED_AT_SOURCE_PREFLIGHT,ORIGINAL_FINANCIAL_CATALOG_BYTES_MISSING,source_inventory.json
2023-08,2023-08-01,XU100,TUKAS,REJECTED_AT_SOURCE_PREFLIGHT,ORIGINAL_FINANCIAL_CATALOG_BYTES_MISSING,source_inventory.json
2023-08,2023-08-01,XU100,TUPRS,REJECTED_AT_SOURCE_PREFLIGHT,ORIGINAL_FINANCIAL_CATALOG_BYTES_MISSING,source_inventory.json
2023-08,2023-08-01,XU100,ULKER,REJECTED_AT_SOURCE_PREFLIGHT,ORIGINAL_FINANCIAL_CATALOG_BYTES_MISSING,source_inventory.json
2023-08,2023-08-01,XU100,VAKBN,REJECTED_AT_SOURCE_PREFLIGHT,ORIGINAL_FINANCIAL_CATALOG_BYTES_MISSING,source_inventory.json
2023-08,2023-08-01,XU100,VESBE,REJECTED_AT_SOURCE_PREFLIGHT,ORIGINAL_FINANCIAL_CATALOG_BYTES_MISSING,source_inventory.json
2023-08,2023-08-01,XU100,VESTL,REJECTED_AT_SOURCE_PREFLIGHT,ORIGINAL_FINANCIAL_CATALOG_BYTES_MISSING,source_inventory.json
2023-08,2023-08-01,XU100,YKBNK,REJECTED_AT_SOURCE_PREFLIGHT,ORIGINAL_FINANCIAL_CATALOG_BYTES_MISSING,source_inventory.json
2023-08,2023-08-01,XU100,YYLGD,REJECTED_AT_SOURCE_PREFLIGHT,ORIGINAL_FINANCIAL_CATALOG_BYTES_MISSING,source_inventory.json
2023-08,2023-08-01,XU100,ZOREN,REJECTED_AT_SOURCE_PREFLIGHT,ORIGINAL_FINANCIAL_CATALOG_BYTES_MISSING,source_inventory.json
2023-09,2023-09-01,XU100,AEFES,REJECTED_AT_SOURCE_PREFLIGHT,ORIGINAL_FINANCIAL_CATALOG_BYTES_MISSING,source_inventory.json
2023-09,2023-09-01,XU100,AGHOL,REJECTED_AT_SOURCE_PREFLIGHT,ORIGINAL_FINANCIAL_CATALOG_BYTES_MISSING,source_inventory.json
2023-09,2023-09-01,XU100,AHGAZ,REJECTED_AT_SOURCE_PREFLIGHT,ORIGINAL_FINANCIAL_CATALOG_BYTES_MISSING,source_inventory.json
2023-09,2023-09-01,XU100,AKBNK,REJECTED_AT_SOURCE_PREFLIGHT,ORIGINAL_FINANCIAL_CATALOG_BYTES_MISSING,source_inventory.json
2023-09,2023-09-01,XU100,AKCNS,REJECTED_AT_SOURCE_PREFLIGHT,ORIGINAL_FINANCIAL_CATALOG_BYTES_MISSING,source_inventory.json
2023-09,2023-09-01,XU100,AKFGY,REJECTED_AT_SOURCE_PREFLIGHT,ORIGINAL_FINANCIAL_CATALOG_BYTES_MISSING,source_inventory.json
2023-09,2023-09-01,XU100,AKSA,REJECTED_AT_SOURCE_PREFLIGHT,ORIGINAL_FINANCIAL_CATALOG_BYTES_MISSING,source_inventory.json
2023-09,2023-09-01,XU100,AKSEN,REJECTED_AT_SOURCE_PREFLIGHT,ORIGINAL_FINANCIAL_CATALOG_BYTES_MISSING,source_inventory.json
2023-09,2023-09-01,XU100,ALARK,REJECTED_AT_SOURCE_PREFLIGHT,ORIGINAL_FINANCIAL_CATALOG_BYTES_MISSING,source_inventory.json
2023-09,2023-09-01,XU100,ALBRK,REJECTED_AT_SOURCE_PREFLIGHT,ORIGINAL_FINANCIAL_CATALOG_BYTES_MISSING,source_inventory.json
2023-09,2023-09-01,XU100,ALFAS,REJECTED_AT_SOURCE_PREFLIGHT,ORIGINAL_FINANCIAL_CATALOG_BYTES_MISSING,source_inventory.json
2023-09,2023-09-01,XU100,ARCLK,REJECTED_AT_SOURCE_PREFLIGHT,ORIGINAL_FINANCIAL_CATALOG_BYTES_MISSING,source_inventory.json
2023-09,2023-09-01,XU100,ASELS,REJECTED_AT_SOURCE_PREFLIGHT,ORIGINAL_FINANCIAL_CATALOG_BYTES_MISSING,source_inventory.json
2023-09,2023-09-01,XU100,ASTOR,REJECTED_AT_SOURCE_PREFLIGHT,ORIGINAL_FINANCIAL_CATALOG_BYTES_MISSING,source_inventory.json
2023-09,2023-09-01,XU100,ASUZU,REJECTED_AT_SOURCE_PREFLIGHT,ORIGINAL_FINANCIAL_CATALOG_BYTES_MISSING,source_inventory.json
2023-09,2023-09-01,XU100,AYDEM,REJECTED_AT_SOURCE_PREFLIGHT,ORIGINAL_FINANCIAL_CATALOG_BYTES_MISSING,source_inventory.json
2023-09,2023-09-01,XU100,BAGFS,REJECTED_AT_SOURCE_PREFLIGHT,ORIGINAL_FINANCIAL_CATALOG_BYTES_MISSING,source_inventory.json
2023-09,2023-09-01,XU100,BERA,REJECTED_AT_SOURCE_PREFLIGHT,ORIGINAL_FINANCIAL_CATALOG_BYTES_MISSING,source_inventory.json
2023-09,2023-09-01,XU100,BIMAS,REJECTED_AT_SOURCE_PREFLIGHT,ORIGINAL_FINANCIAL_CATALOG_BYTES_MISSING,source_inventory.json
2023-09,2023-09-01,XU100,BIOEN,REJECTED_AT_SOURCE_PREFLIGHT,ORIGINAL_FINANCIAL_CATALOG_BYTES_MISSING,source_inventory.json
2023-09,2023-09-01,XU100,BRSAN,REJECTED_AT_SOURCE_PREFLIGHT,ORIGINAL_FINANCIAL_CATALOG_BYTES_MISSING,source_inventory.json
2023-09,2023-09-01,XU100,BRYAT,REJECTED_AT_SOURCE_PREFLIGHT,ORIGINAL_FINANCIAL_CATALOG_BYTES_MISSING,source_inventory.json
2023-09,2023-09-01,XU100,BUCIM,REJECTED_AT_SOURCE_PREFLIGHT,ORIGINAL_FINANCIAL_CATALOG_BYTES_MISSING,source_inventory.json
2023-09,2023-09-01,XU100,CANTE,REJECTED_AT_SOURCE_PREFLIGHT,ORIGINAL_FINANCIAL_CATALOG_BYTES_MISSING,source_inventory.json
2023-09,2023-09-01,XU100,CCOLA,REJECTED_AT_SOURCE_PREFLIGHT,ORIGINAL_FINANCIAL_CATALOG_BYTES_MISSING,source_inventory.json
2023-09,2023-09-01,XU100,CEMTS,REJECTED_AT_SOURCE_PREFLIGHT,ORIGINAL_FINANCIAL_CATALOG_BYTES_MISSING,source_inventory.json
2023-09,2023-09-01,XU100,CIMSA,REJECTED_AT_SOURCE_PREFLIGHT,ORIGINAL_FINANCIAL_CATALOG_BYTES_MISSING,source_inventory.json
2023-09,2023-09-01,XU100,DOAS,REJECTED_AT_SOURCE_PREFLIGHT,ORIGINAL_FINANCIAL_CATALOG_BYTES_MISSING,source_inventory.json
2023-09,2023-09-01,XU100,DOHOL,REJECTED_AT_SOURCE_PREFLIGHT,ORIGINAL_FINANCIAL_CATALOG_BYTES_MISSING,source_inventory.json
2023-09,2023-09-01,XU100,ECILC,REJECTED_AT_SOURCE_PREFLIGHT,ORIGINAL_FINANCIAL_CATALOG_BYTES_MISSING,source_inventory.json
2023-09,2023-09-01,XU100,ECZYT,REJECTED_AT_SOURCE_PREFLIGHT,ORIGINAL_FINANCIAL_CATALOG_BYTES_MISSING,source_inventory.json
2023-09,2023-09-01,XU100,EGEEN,REJECTED_AT_SOURCE_PREFLIGHT,ORIGINAL_FINANCIAL_CATALOG_BYTES_MISSING,source_inventory.json
2023-09,2023-09-01,XU100,EKGYO,REJECTED_AT_SOURCE_PREFLIGHT,ORIGINAL_FINANCIAL_CATALOG_BYTES_MISSING,source_inventory.json
2023-09,2023-09-01,XU100,ENJSA,REJECTED_AT_SOURCE_PREFLIGHT,ORIGINAL_FINANCIAL_CATALOG_BYTES_MISSING,source_inventory.json
2023-09,2023-09-01,XU100,ENKAI,REJECTED_AT_SOURCE_PREFLIGHT,ORIGINAL_FINANCIAL_CATALOG_BYTES_MISSING,source_inventory.json
2023-09,2023-09-01,XU100,EREGL,REJECTED_AT_SOURCE_PREFLIGHT,ORIGINAL_FINANCIAL_CATALOG_BYTES_MISSING,source_inventory.json
2023-09,2023-09-01,XU100,EUREN,REJECTED_AT_SOURCE_PREFLIGHT,ORIGINAL_FINANCIAL_CATALOG_BYTES_MISSING,source_inventory.json
2023-09,2023-09-01,XU100,FROTO,REJECTED_AT_SOURCE_PREFLIGHT,ORIGINAL_FINANCIAL_CATALOG_BYTES_MISSING,source_inventory.json
2023-09,2023-09-01,XU100,GARAN,REJECTED_AT_SOURCE_PREFLIGHT,ORIGINAL_FINANCIAL_CATALOG_BYTES_MISSING,source_inventory.json
2023-09,2023-09-01,XU100,GENIL,REJECTED_AT_SOURCE_PREFLIGHT,ORIGINAL_FINANCIAL_CATALOG_BYTES_MISSING,source_inventory.json
2023-09,2023-09-01,XU100,GESAN,REJECTED_AT_SOURCE_PREFLIGHT,ORIGINAL_FINANCIAL_CATALOG_BYTES_MISSING,source_inventory.json
2023-09,2023-09-01,XU100,GLYHO,REJECTED_AT_SOURCE_PREFLIGHT,ORIGINAL_FINANCIAL_CATALOG_BYTES_MISSING,source_inventory.json
2023-09,2023-09-01,XU100,GSDHO,REJECTED_AT_SOURCE_PREFLIGHT,ORIGINAL_FINANCIAL_CATALOG_BYTES_MISSING,source_inventory.json
2023-09,2023-09-01,XU100,GUBRF,REJECTED_AT_SOURCE_PREFLIGHT,ORIGINAL_FINANCIAL_CATALOG_BYTES_MISSING,source_inventory.json
2023-09,2023-09-01,XU100,GWIND,REJECTED_AT_SOURCE_PREFLIGHT,ORIGINAL_FINANCIAL_CATALOG_BYTES_MISSING,source_inventory.json
2023-09,2023-09-01,XU100,HALKB,REJECTED_AT_SOURCE_PREFLIGHT,ORIGINAL_FINANCIAL_CATALOG_BYTES_MISSING,source_inventory.json
2023-09,2023-09-01,XU100,HEKTS,REJECTED_AT_SOURCE_PREFLIGHT,ORIGINAL_FINANCIAL_CATALOG_BYTES_MISSING,source_inventory.json
2023-09,2023-09-01,XU100,IPEKE,REJECTED_AT_SOURCE_PREFLIGHT,ORIGINAL_FINANCIAL_CATALOG_BYTES_MISSING,source_inventory.json
2023-09,2023-09-01,XU100,ISCTR,REJECTED_AT_SOURCE_PREFLIGHT,ORIGINAL_FINANCIAL_CATALOG_BYTES_MISSING,source_inventory.json
2023-09,2023-09-01,XU100,ISDMR,REJECTED_AT_SOURCE_PREFLIGHT,ORIGINAL_FINANCIAL_CATALOG_BYTES_MISSING,source_inventory.json
2023-09,2023-09-01,XU100,ISGYO,REJECTED_AT_SOURCE_PREFLIGHT,ORIGINAL_FINANCIAL_CATALOG_BYTES_MISSING,source_inventory.json
2023-09,2023-09-01,XU100,ISMEN,REJECTED_AT_SOURCE_PREFLIGHT,ORIGINAL_FINANCIAL_CATALOG_BYTES_MISSING,source_inventory.json
2023-09,2023-09-01,XU100,IZMDC,REJECTED_AT_SOURCE_PREFLIGHT,ORIGINAL_FINANCIAL_CATALOG_BYTES_MISSING,source_inventory.json
2023-09,2023-09-01,XU100,KARSN,REJECTED_AT_SOURCE_PREFLIGHT,ORIGINAL_FINANCIAL_CATALOG_BYTES_MISSING,source_inventory.json
2023-09,2023-09-01,XU100,KCAER,REJECTED_AT_SOURCE_PREFLIGHT,ORIGINAL_FINANCIAL_CATALOG_BYTES_MISSING,source_inventory.json
2023-09,2023-09-01,XU100,KCHOL,REJECTED_AT_SOURCE_PREFLIGHT,ORIGINAL_FINANCIAL_CATALOG_BYTES_MISSING,source_inventory.json
2023-09,2023-09-01,XU100,KMPUR,REJECTED_AT_SOURCE_PREFLIGHT,ORIGINAL_FINANCIAL_CATALOG_BYTES_MISSING,source_inventory.json
2023-09,2023-09-01,XU100,KONTR,REJECTED_AT_SOURCE_PREFLIGHT,ORIGINAL_FINANCIAL_CATALOG_BYTES_MISSING,source_inventory.json
2023-09,2023-09-01,XU100,KONYA,REJECTED_AT_SOURCE_PREFLIGHT,ORIGINAL_FINANCIAL_CATALOG_BYTES_MISSING,source_inventory.json
2023-09,2023-09-01,XU100,KORDS,REJECTED_AT_SOURCE_PREFLIGHT,ORIGINAL_FINANCIAL_CATALOG_BYTES_MISSING,source_inventory.json
2023-09,2023-09-01,XU100,KOZAA,REJECTED_AT_SOURCE_PREFLIGHT,ORIGINAL_FINANCIAL_CATALOG_BYTES_MISSING,source_inventory.json
2023-09,2023-09-01,XU100,KOZAL,REJECTED_AT_SOURCE_PREFLIGHT,ORIGINAL_FINANCIAL_CATALOG_BYTES_MISSING,source_inventory.json
2023-09,2023-09-01,XU100,KRDMD,REJECTED_AT_SOURCE_PREFLIGHT,ORIGINAL_FINANCIAL_CATALOG_BYTES_MISSING,source_inventory.json
2023-09,2023-09-01,XU100,KZBGY,REJECTED_AT_SOURCE_PREFLIGHT,ORIGINAL_FINANCIAL_CATALOG_BYTES_MISSING,source_inventory.json
2023-09,2023-09-01,XU100,MAVI,REJECTED_AT_SOURCE_PREFLIGHT,ORIGINAL_FINANCIAL_CATALOG_BYTES_MISSING,source_inventory.json
2023-09,2023-09-01,XU100,MGROS,REJECTED_AT_SOURCE_PREFLIGHT,ORIGINAL_FINANCIAL_CATALOG_BYTES_MISSING,source_inventory.json
2023-09,2023-09-01,XU100,ODAS,REJECTED_AT_SOURCE_PREFLIGHT,ORIGINAL_FINANCIAL_CATALOG_BYTES_MISSING,source_inventory.json
2023-09,2023-09-01,XU100,OTKAR,REJECTED_AT_SOURCE_PREFLIGHT,ORIGINAL_FINANCIAL_CATALOG_BYTES_MISSING,source_inventory.json
2023-09,2023-09-01,XU100,OYAKC,REJECTED_AT_SOURCE_PREFLIGHT,ORIGINAL_FINANCIAL_CATALOG_BYTES_MISSING,source_inventory.json
2023-09,2023-09-01,XU100,PENTA,REJECTED_AT_SOURCE_PREFLIGHT,ORIGINAL_FINANCIAL_CATALOG_BYTES_MISSING,source_inventory.json
2023-09,2023-09-01,XU100,PETKM,REJECTED_AT_SOURCE_PREFLIGHT,ORIGINAL_FINANCIAL_CATALOG_BYTES_MISSING,source_inventory.json
2023-09,2023-09-01,XU100,PGSUS,REJECTED_AT_SOURCE_PREFLIGHT,ORIGINAL_FINANCIAL_CATALOG_BYTES_MISSING,source_inventory.json
2023-09,2023-09-01,XU100,PSGYO,REJECTED_AT_SOURCE_PREFLIGHT,ORIGINAL_FINANCIAL_CATALOG_BYTES_MISSING,source_inventory.json
2023-09,2023-09-01,XU100,QUAGR,REJECTED_AT_SOURCE_PREFLIGHT,ORIGINAL_FINANCIAL_CATALOG_BYTES_MISSING,source_inventory.json
2023-09,2023-09-01,XU100,SAHOL,REJECTED_AT_SOURCE_PREFLIGHT,ORIGINAL_FINANCIAL_CATALOG_BYTES_MISSING,source_inventory.json
2023-09,2023-09-01,XU100,SASA,REJECTED_AT_SOURCE_PREFLIGHT,ORIGINAL_FINANCIAL_CATALOG_BYTES_MISSING,source_inventory.json
2023-09,2023-09-01,XU100,SELEC,REJECTED_AT_SOURCE_PREFLIGHT,ORIGINAL_FINANCIAL_CATALOG_BYTES_MISSING,source_inventory.json
2023-09,2023-09-01,XU100,SISE,REJECTED_AT_SOURCE_PREFLIGHT,ORIGINAL_FINANCIAL_CATALOG_BYTES_MISSING,source_inventory.json
2023-09,2023-09-01,XU100,SKBNK,REJECTED_AT_SOURCE_PREFLIGHT,ORIGINAL_FINANCIAL_CATALOG_BYTES_MISSING,source_inventory.json
2023-09,2023-09-01,XU100,SMRTG,REJECTED_AT_SOURCE_PREFLIGHT,ORIGINAL_FINANCIAL_CATALOG_BYTES_MISSING,source_inventory.json
2023-09,2023-09-01,XU100,SNGYO,REJECTED_AT_SOURCE_PREFLIGHT,ORIGINAL_FINANCIAL_CATALOG_BYTES_MISSING,source_inventory.json
2023-09,2023-09-01,XU100,SOKM,REJECTED_AT_SOURCE_PREFLIGHT,ORIGINAL_FINANCIAL_CATALOG_BYTES_MISSING,source_inventory.json
2023-09,2023-09-01,XU100,TAVHL,REJECTED_AT_SOURCE_PREFLIGHT,ORIGINAL_FINANCIAL_CATALOG_BYTES_MISSING,source_inventory.json
2023-09,2023-09-01,XU100,TCELL,REJECTED_AT_SOURCE_PREFLIGHT,ORIGINAL_FINANCIAL_CATALOG_BYTES_MISSING,source_inventory.json
2023-09,2023-09-01,XU100,THYAO,REJECTED_AT_SOURCE_PREFLIGHT,ORIGINAL_FINANCIAL_CATALOG_BYTES_MISSING,source_inventory.json
2023-09,2023-09-01,XU100,TKFEN,REJECTED_AT_SOURCE_PREFLIGHT,ORIGINAL_FINANCIAL_CATALOG_BYTES_MISSING,source_inventory.json
2023-09,2023-09-01,XU100,TKNSA,REJECTED_AT_SOURCE_PREFLIGHT,ORIGINAL_FINANCIAL_CATALOG_BYTES_MISSING,source_inventory.json
2023-09,2023-09-01,XU100,TOASO,REJECTED_AT_SOURCE_PREFLIGHT,ORIGINAL_FINANCIAL_CATALOG_BYTES_MISSING,source_inventory.json
2023-09,2023-09-01,XU100,TSKB,REJECTED_AT_SOURCE_PREFLIGHT,ORIGINAL_FINANCIAL_CATALOG_BYTES_MISSING,source_inventory.json
2023-09,2023-09-01,XU100,TTKOM,REJECTED_AT_SOURCE_PREFLIGHT,ORIGINAL_FINANCIAL_CATALOG_BYTES_MISSING,source_inventory.json
2023-09,2023-09-01,XU100,TTRAK,REJECTED_AT_SOURCE_PREFLIGHT,ORIGINAL_FINANCIAL_CATALOG_BYTES_MISSING,source_inventory.json
2023-09,2023-09-01,XU100,TUKAS,REJECTED_AT_SOURCE_PREFLIGHT,ORIGINAL_FINANCIAL_CATALOG_BYTES_MISSING,source_inventory.json
2023-09,2023-09-01,XU100,TUPRS,REJECTED_AT_SOURCE_PREFLIGHT,ORIGINAL_FINANCIAL_CATALOG_BYTES_MISSING,source_inventory.json
2023-09,2023-09-01,XU100,ULKER,REJECTED_AT_SOURCE_PREFLIGHT,ORIGINAL_FINANCIAL_CATALOG_BYTES_MISSING,source_inventory.json
2023-09,2023-09-01,XU100,VAKBN,REJECTED_AT_SOURCE_PREFLIGHT,ORIGINAL_FINANCIAL_CATALOG_BYTES_MISSING,source_inventory.json
2023-09,2023-09-01,XU100,VESBE,REJECTED_AT_SOURCE_PREFLIGHT,ORIGINAL_FINANCIAL_CATALOG_BYTES_MISSING,source_inventory.json
2023-09,2023-09-01,XU100,VESTL,REJECTED_AT_SOURCE_PREFLIGHT,ORIGINAL_FINANCIAL_CATALOG_BYTES_MISSING,source_inventory.json
2023-09,2023-09-01,XU100,YKBNK,REJECTED_AT_SOURCE_PREFLIGHT,ORIGINAL_FINANCIAL_CATALOG_BYTES_MISSING,source_inventory.json
2023-09,2023-09-01,XU100,YYLGD,REJECTED_AT_SOURCE_PREFLIGHT,ORIGINAL_FINANCIAL_CATALOG_BYTES_MISSING,source_inventory.json
2023-09,2023-09-01,XU100,ZOREN,REJECTED_AT_SOURCE_PREFLIGHT,ORIGINAL_FINANCIAL_CATALOG_BYTES_MISSING,source_inventory.json
2023-10,2023-10-02,XU100,AEFES,REJECTED_AT_SOURCE_PREFLIGHT,ORIGINAL_FINANCIAL_CATALOG_BYTES_MISSING,source_inventory.json
2023-10,2023-10-02,XU100,AGHOL,REJECTED_AT_SOURCE_PREFLIGHT,ORIGINAL_FINANCIAL_CATALOG_BYTES_MISSING,source_inventory.json
2023-10,2023-10-02,XU100,AHGAZ,REJECTED_AT_SOURCE_PREFLIGHT,ORIGINAL_FINANCIAL_CATALOG_BYTES_MISSING,source_inventory.json
2023-10,2023-10-02,XU100,AKBNK,REJECTED_AT_SOURCE_PREFLIGHT,ORIGINAL_FINANCIAL_CATALOG_BYTES_MISSING,source_inventory.json
2023-10,2023-10-02,XU100,AKCNS,REJECTED_AT_SOURCE_PREFLIGHT,ORIGINAL_FINANCIAL_CATALOG_BYTES_MISSING,source_inventory.json
2023-10,2023-10-02,XU100,AKFGY,REJECTED_AT_SOURCE_PREFLIGHT,ORIGINAL_FINANCIAL_CATALOG_BYTES_MISSING,source_inventory.json
2023-10,2023-10-02,XU100,AKFYE,REJECTED_AT_SOURCE_PREFLIGHT,ORIGINAL_FINANCIAL_CATALOG_BYTES_MISSING,source_inventory.json
2023-10,2023-10-02,XU100,AKSA,REJECTED_AT_SOURCE_PREFLIGHT,ORIGINAL_FINANCIAL_CATALOG_BYTES_MISSING,source_inventory.json
2023-10,2023-10-02,XU100,AKSEN,REJECTED_AT_SOURCE_PREFLIGHT,ORIGINAL_FINANCIAL_CATALOG_BYTES_MISSING,source_inventory.json
2023-10,2023-10-02,XU100,ALARK,REJECTED_AT_SOURCE_PREFLIGHT,ORIGINAL_FINANCIAL_CATALOG_BYTES_MISSING,source_inventory.json
2023-10,2023-10-02,XU100,ALBRK,REJECTED_AT_SOURCE_PREFLIGHT,ORIGINAL_FINANCIAL_CATALOG_BYTES_MISSING,source_inventory.json
2023-10,2023-10-02,XU100,ALFAS,REJECTED_AT_SOURCE_PREFLIGHT,ORIGINAL_FINANCIAL_CATALOG_BYTES_MISSING,source_inventory.json
2023-10,2023-10-02,XU100,ARCLK,REJECTED_AT_SOURCE_PREFLIGHT,ORIGINAL_FINANCIAL_CATALOG_BYTES_MISSING,source_inventory.json
2023-10,2023-10-02,XU100,ASELS,REJECTED_AT_SOURCE_PREFLIGHT,ORIGINAL_FINANCIAL_CATALOG_BYTES_MISSING,source_inventory.json
2023-10,2023-10-02,XU100,ASTOR,REJECTED_AT_SOURCE_PREFLIGHT,ORIGINAL_FINANCIAL_CATALOG_BYTES_MISSING,source_inventory.json
2023-10,2023-10-02,XU100,BERA,REJECTED_AT_SOURCE_PREFLIGHT,ORIGINAL_FINANCIAL_CATALOG_BYTES_MISSING,source_inventory.json
2023-10,2023-10-02,XU100,BIENY,REJECTED_AT_SOURCE_PREFLIGHT,ORIGINAL_FINANCIAL_CATALOG_BYTES_MISSING,source_inventory.json
2023-10,2023-10-02,XU100,BIMAS,REJECTED_AT_SOURCE_PREFLIGHT,ORIGINAL_FINANCIAL_CATALOG_BYTES_MISSING,source_inventory.json
2023-10,2023-10-02,XU100,BRSAN,REJECTED_AT_SOURCE_PREFLIGHT,ORIGINAL_FINANCIAL_CATALOG_BYTES_MISSING,source_inventory.json
2023-10,2023-10-02,XU100,BRYAT,REJECTED_AT_SOURCE_PREFLIGHT,ORIGINAL_FINANCIAL_CATALOG_BYTES_MISSING,source_inventory.json
2023-10,2023-10-02,XU100,BUCIM,REJECTED_AT_SOURCE_PREFLIGHT,ORIGINAL_FINANCIAL_CATALOG_BYTES_MISSING,source_inventory.json
2023-10,2023-10-02,XU100,CANTE,REJECTED_AT_SOURCE_PREFLIGHT,ORIGINAL_FINANCIAL_CATALOG_BYTES_MISSING,source_inventory.json
2023-10,2023-10-02,XU100,CCOLA,REJECTED_AT_SOURCE_PREFLIGHT,ORIGINAL_FINANCIAL_CATALOG_BYTES_MISSING,source_inventory.json
2023-10,2023-10-02,XU100,CIMSA,REJECTED_AT_SOURCE_PREFLIGHT,ORIGINAL_FINANCIAL_CATALOG_BYTES_MISSING,source_inventory.json
2023-10,2023-10-02,XU100,CWENE,REJECTED_AT_SOURCE_PREFLIGHT,ORIGINAL_FINANCIAL_CATALOG_BYTES_MISSING,source_inventory.json
2023-10,2023-10-02,XU100,DOAS,REJECTED_AT_SOURCE_PREFLIGHT,ORIGINAL_FINANCIAL_CATALOG_BYTES_MISSING,source_inventory.json
2023-10,2023-10-02,XU100,DOHOL,REJECTED_AT_SOURCE_PREFLIGHT,ORIGINAL_FINANCIAL_CATALOG_BYTES_MISSING,source_inventory.json
2023-10,2023-10-02,XU100,ECILC,REJECTED_AT_SOURCE_PREFLIGHT,ORIGINAL_FINANCIAL_CATALOG_BYTES_MISSING,source_inventory.json
2023-10,2023-10-02,XU100,ECZYT,REJECTED_AT_SOURCE_PREFLIGHT,ORIGINAL_FINANCIAL_CATALOG_BYTES_MISSING,source_inventory.json
2023-10,2023-10-02,XU100,EGEEN,REJECTED_AT_SOURCE_PREFLIGHT,ORIGINAL_FINANCIAL_CATALOG_BYTES_MISSING,source_inventory.json
2023-10,2023-10-02,XU100,EKGYO,REJECTED_AT_SOURCE_PREFLIGHT,ORIGINAL_FINANCIAL_CATALOG_BYTES_MISSING,source_inventory.json
2023-10,2023-10-02,XU100,ENJSA,REJECTED_AT_SOURCE_PREFLIGHT,ORIGINAL_FINANCIAL_CATALOG_BYTES_MISSING,source_inventory.json
2023-10,2023-10-02,XU100,ENKAI,REJECTED_AT_SOURCE_PREFLIGHT,ORIGINAL_FINANCIAL_CATALOG_BYTES_MISSING,source_inventory.json
2023-10,2023-10-02,XU100,EREGL,REJECTED_AT_SOURCE_PREFLIGHT,ORIGINAL_FINANCIAL_CATALOG_BYTES_MISSING,source_inventory.json
2023-10,2023-10-02,XU100,EUPWR,REJECTED_AT_SOURCE_PREFLIGHT,ORIGINAL_FINANCIAL_CATALOG_BYTES_MISSING,source_inventory.json
2023-10,2023-10-02,XU100,EUREN,REJECTED_AT_SOURCE_PREFLIGHT,ORIGINAL_FINANCIAL_CATALOG_BYTES_MISSING,source_inventory.json
2023-10,2023-10-02,XU100,FROTO,REJECTED_AT_SOURCE_PREFLIGHT,ORIGINAL_FINANCIAL_CATALOG_BYTES_MISSING,source_inventory.json
2023-10,2023-10-02,XU100,GARAN,REJECTED_AT_SOURCE_PREFLIGHT,ORIGINAL_FINANCIAL_CATALOG_BYTES_MISSING,source_inventory.json
2023-10,2023-10-02,XU100,GENIL,REJECTED_AT_SOURCE_PREFLIGHT,ORIGINAL_FINANCIAL_CATALOG_BYTES_MISSING,source_inventory.json
2023-10,2023-10-02,XU100,GESAN,REJECTED_AT_SOURCE_PREFLIGHT,ORIGINAL_FINANCIAL_CATALOG_BYTES_MISSING,source_inventory.json
2023-10,2023-10-02,XU100,GLYHO,REJECTED_AT_SOURCE_PREFLIGHT,ORIGINAL_FINANCIAL_CATALOG_BYTES_MISSING,source_inventory.json
2023-10,2023-10-02,XU100,GUBRF,REJECTED_AT_SOURCE_PREFLIGHT,ORIGINAL_FINANCIAL_CATALOG_BYTES_MISSING,source_inventory.json
2023-10,2023-10-02,XU100,GWIND,REJECTED_AT_SOURCE_PREFLIGHT,ORIGINAL_FINANCIAL_CATALOG_BYTES_MISSING,source_inventory.json
2023-10,2023-10-02,XU100,HALKB,REJECTED_AT_SOURCE_PREFLIGHT,ORIGINAL_FINANCIAL_CATALOG_BYTES_MISSING,source_inventory.json
2023-10,2023-10-02,XU100,HEKTS,REJECTED_AT_SOURCE_PREFLIGHT,ORIGINAL_FINANCIAL_CATALOG_BYTES_MISSING,source_inventory.json
2023-10,2023-10-02,XU100,IMASM,REJECTED_AT_SOURCE_PREFLIGHT,ORIGINAL_FINANCIAL_CATALOG_BYTES_MISSING,source_inventory.json
2023-10,2023-10-02,XU100,IPEKE,REJECTED_AT_SOURCE_PREFLIGHT,ORIGINAL_FINANCIAL_CATALOG_BYTES_MISSING,source_inventory.json
2023-10,2023-10-02,XU100,ISCTR,REJECTED_AT_SOURCE_PREFLIGHT,ORIGINAL_FINANCIAL_CATALOG_BYTES_MISSING,source_inventory.json
2023-10,2023-10-02,XU100,ISDMR,REJECTED_AT_SOURCE_PREFLIGHT,ORIGINAL_FINANCIAL_CATALOG_BYTES_MISSING,source_inventory.json
2023-10,2023-10-02,XU100,ISGYO,REJECTED_AT_SOURCE_PREFLIGHT,ORIGINAL_FINANCIAL_CATALOG_BYTES_MISSING,source_inventory.json
2023-10,2023-10-02,XU100,ISMEN,REJECTED_AT_SOURCE_PREFLIGHT,ORIGINAL_FINANCIAL_CATALOG_BYTES_MISSING,source_inventory.json
2023-10,2023-10-02,XU100,IZMDC,REJECTED_AT_SOURCE_PREFLIGHT,ORIGINAL_FINANCIAL_CATALOG_BYTES_MISSING,source_inventory.json
2023-10,2023-10-02,XU100,KARSN,REJECTED_AT_SOURCE_PREFLIGHT,ORIGINAL_FINANCIAL_CATALOG_BYTES_MISSING,source_inventory.json
2023-10,2023-10-02,XU100,KAYSE,REJECTED_AT_SOURCE_PREFLIGHT,ORIGINAL_FINANCIAL_CATALOG_BYTES_MISSING,source_inventory.json
2023-10,2023-10-02,XU100,KCAER,REJECTED_AT_SOURCE_PREFLIGHT,ORIGINAL_FINANCIAL_CATALOG_BYTES_MISSING,source_inventory.json
2023-10,2023-10-02,XU100,KCHOL,REJECTED_AT_SOURCE_PREFLIGHT,ORIGINAL_FINANCIAL_CATALOG_BYTES_MISSING,source_inventory.json
2023-10,2023-10-02,XU100,KMPUR,REJECTED_AT_SOURCE_PREFLIGHT,ORIGINAL_FINANCIAL_CATALOG_BYTES_MISSING,source_inventory.json
2023-10,2023-10-02,XU100,KONTR,REJECTED_AT_SOURCE_PREFLIGHT,ORIGINAL_FINANCIAL_CATALOG_BYTES_MISSING,source_inventory.json
2023-10,2023-10-02,XU100,KONYA,REJECTED_AT_SOURCE_PREFLIGHT,ORIGINAL_FINANCIAL_CATALOG_BYTES_MISSING,source_inventory.json
2023-10,2023-10-02,XU100,KORDS,REJECTED_AT_SOURCE_PREFLIGHT,ORIGINAL_FINANCIAL_CATALOG_BYTES_MISSING,source_inventory.json
2023-10,2023-10-02,XU100,KOZAA,REJECTED_AT_SOURCE_PREFLIGHT,ORIGINAL_FINANCIAL_CATALOG_BYTES_MISSING,source_inventory.json
2023-10,2023-10-02,XU100,KOZAL,REJECTED_AT_SOURCE_PREFLIGHT,ORIGINAL_FINANCIAL_CATALOG_BYTES_MISSING,source_inventory.json
2023-10,2023-10-02,XU100,KRDMD,REJECTED_AT_SOURCE_PREFLIGHT,ORIGINAL_FINANCIAL_CATALOG_BYTES_MISSING,source_inventory.json
2023-10,2023-10-02,XU100,KZBGY,REJECTED_AT_SOURCE_PREFLIGHT,ORIGINAL_FINANCIAL_CATALOG_BYTES_MISSING,source_inventory.json
2023-10,2023-10-02,XU100,MAVI,REJECTED_AT_SOURCE_PREFLIGHT,ORIGINAL_FINANCIAL_CATALOG_BYTES_MISSING,source_inventory.json
2023-10,2023-10-02,XU100,MGROS,REJECTED_AT_SOURCE_PREFLIGHT,ORIGINAL_FINANCIAL_CATALOG_BYTES_MISSING,source_inventory.json
2023-10,2023-10-02,XU100,MIATK,REJECTED_AT_SOURCE_PREFLIGHT,ORIGINAL_FINANCIAL_CATALOG_BYTES_MISSING,source_inventory.json
2023-10,2023-10-02,XU100,ODAS,REJECTED_AT_SOURCE_PREFLIGHT,ORIGINAL_FINANCIAL_CATALOG_BYTES_MISSING,source_inventory.json
2023-10,2023-10-02,XU100,OTKAR,REJECTED_AT_SOURCE_PREFLIGHT,ORIGINAL_FINANCIAL_CATALOG_BYTES_MISSING,source_inventory.json
2023-10,2023-10-02,XU100,OYAKC,REJECTED_AT_SOURCE_PREFLIGHT,ORIGINAL_FINANCIAL_CATALOG_BYTES_MISSING,source_inventory.json
2023-10,2023-10-02,XU100,PENTA,REJECTED_AT_SOURCE_PREFLIGHT,ORIGINAL_FINANCIAL_CATALOG_BYTES_MISSING,source_inventory.json
2023-10,2023-10-02,XU100,PETKM,REJECTED_AT_SOURCE_PREFLIGHT,ORIGINAL_FINANCIAL_CATALOG_BYTES_MISSING,source_inventory.json
2023-10,2023-10-02,XU100,PGSUS,REJECTED_AT_SOURCE_PREFLIGHT,ORIGINAL_FINANCIAL_CATALOG_BYTES_MISSING,source_inventory.json
2023-10,2023-10-02,XU100,PSGYO,REJECTED_AT_SOURCE_PREFLIGHT,ORIGINAL_FINANCIAL_CATALOG_BYTES_MISSING,source_inventory.json
2023-10,2023-10-02,XU100,QUAGR,REJECTED_AT_SOURCE_PREFLIGHT,ORIGINAL_FINANCIAL_CATALOG_BYTES_MISSING,source_inventory.json
2023-10,2023-10-02,XU100,SAHOL,REJECTED_AT_SOURCE_PREFLIGHT,ORIGINAL_FINANCIAL_CATALOG_BYTES_MISSING,source_inventory.json
2023-10,2023-10-02,XU100,SASA,REJECTED_AT_SOURCE_PREFLIGHT,ORIGINAL_FINANCIAL_CATALOG_BYTES_MISSING,source_inventory.json
2023-10,2023-10-02,XU100,SISE,REJECTED_AT_SOURCE_PREFLIGHT,ORIGINAL_FINANCIAL_CATALOG_BYTES_MISSING,source_inventory.json
2023-10,2023-10-02,XU100,SKBNK,REJECTED_AT_SOURCE_PREFLIGHT,ORIGINAL_FINANCIAL_CATALOG_BYTES_MISSING,source_inventory.json
2023-10,2023-10-02,XU100,SMRTG,REJECTED_AT_SOURCE_PREFLIGHT,ORIGINAL_FINANCIAL_CATALOG_BYTES_MISSING,source_inventory.json
2023-10,2023-10-02,XU100,SNGYO,REJECTED_AT_SOURCE_PREFLIGHT,ORIGINAL_FINANCIAL_CATALOG_BYTES_MISSING,source_inventory.json
2023-10,2023-10-02,XU100,SOKM,REJECTED_AT_SOURCE_PREFLIGHT,ORIGINAL_FINANCIAL_CATALOG_BYTES_MISSING,source_inventory.json
2023-10,2023-10-02,XU100,TAVHL,REJECTED_AT_SOURCE_PREFLIGHT,ORIGINAL_FINANCIAL_CATALOG_BYTES_MISSING,source_inventory.json
2023-10,2023-10-02,XU100,TCELL,REJECTED_AT_SOURCE_PREFLIGHT,ORIGINAL_FINANCIAL_CATALOG_BYTES_MISSING,source_inventory.json
2023-10,2023-10-02,XU100,THYAO,REJECTED_AT_SOURCE_PREFLIGHT,ORIGINAL_FINANCIAL_CATALOG_BYTES_MISSING,source_inventory.json
2023-10,2023-10-02,XU100,TKFEN,REJECTED_AT_SOURCE_PREFLIGHT,ORIGINAL_FINANCIAL_CATALOG_BYTES_MISSING,source_inventory.json
2023-10,2023-10-02,XU100,TOASO,REJECTED_AT_SOURCE_PREFLIGHT,ORIGINAL_FINANCIAL_CATALOG_BYTES_MISSING,source_inventory.json
2023-10,2023-10-02,XU100,TSKB,REJECTED_AT_SOURCE_PREFLIGHT,ORIGINAL_FINANCIAL_CATALOG_BYTES_MISSING,source_inventory.json
2023-10,2023-10-02,XU100,TTKOM,REJECTED_AT_SOURCE_PREFLIGHT,ORIGINAL_FINANCIAL_CATALOG_BYTES_MISSING,source_inventory.json
2023-10,2023-10-02,XU100,TTRAK,REJECTED_AT_SOURCE_PREFLIGHT,ORIGINAL_FINANCIAL_CATALOG_BYTES_MISSING,source_inventory.json
2023-10,2023-10-02,XU100,TUKAS,REJECTED_AT_SOURCE_PREFLIGHT,ORIGINAL_FINANCIAL_CATALOG_BYTES_MISSING,source_inventory.json
2023-10,2023-10-02,XU100,TUPRS,REJECTED_AT_SOURCE_PREFLIGHT,ORIGINAL_FINANCIAL_CATALOG_BYTES_MISSING,source_inventory.json
2023-10,2023-10-02,XU100,ULKER,REJECTED_AT_SOURCE_PREFLIGHT,ORIGINAL_FINANCIAL_CATALOG_BYTES_MISSING,source_inventory.json
2023-10,2023-10-02,XU100,VAKBN,REJECTED_AT_SOURCE_PREFLIGHT,ORIGINAL_FINANCIAL_CATALOG_BYTES_MISSING,source_inventory.json
2023-10,2023-10-02,XU100,VESBE,REJECTED_AT_SOURCE_PREFLIGHT,ORIGINAL_FINANCIAL_CATALOG_BYTES_MISSING,source_inventory.json
2023-10,2023-10-02,XU100,VESTL,REJECTED_AT_SOURCE_PREFLIGHT,ORIGINAL_FINANCIAL_CATALOG_BYTES_MISSING,source_inventory.json
2023-10,2023-10-02,XU100,YEOTK,REJECTED_AT_SOURCE_PREFLIGHT,ORIGINAL_FINANCIAL_CATALOG_BYTES_MISSING,source_inventory.json
2023-10,2023-10-02,XU100,YKBNK,REJECTED_AT_SOURCE_PREFLIGHT,ORIGINAL_FINANCIAL_CATALOG_BYTES_MISSING,source_inventory.json
2023-10,2023-10-02,XU100,YYLGD,REJECTED_AT_SOURCE_PREFLIGHT,ORIGINAL_FINANCIAL_CATALOG_BYTES_MISSING,source_inventory.json
2023-10,2023-10-02,XU100,ZOREN,REJECTED_AT_SOURCE_PREFLIGHT,ORIGINAL_FINANCIAL_CATALOG_BYTES_MISSING,source_inventory.json
2023-11,2023-11-01,XU100,AEFES,REJECTED_AT_SOURCE_PREFLIGHT,ORIGINAL_FINANCIAL_CATALOG_BYTES_MISSING,source_inventory.json
2023-11,2023-11-01,XU100,AGHOL,REJECTED_AT_SOURCE_PREFLIGHT,ORIGINAL_FINANCIAL_CATALOG_BYTES_MISSING,source_inventory.json
2023-11,2023-11-01,XU100,AHGAZ,REJECTED_AT_SOURCE_PREFLIGHT,ORIGINAL_FINANCIAL_CATALOG_BYTES_MISSING,source_inventory.json
2023-11,2023-11-01,XU100,AKBNK,REJECTED_AT_SOURCE_PREFLIGHT,ORIGINAL_FINANCIAL_CATALOG_BYTES_MISSING,source_inventory.json
2023-11,2023-11-01,XU100,AKCNS,REJECTED_AT_SOURCE_PREFLIGHT,ORIGINAL_FINANCIAL_CATALOG_BYTES_MISSING,source_inventory.json
2023-11,2023-11-01,XU100,AKFGY,REJECTED_AT_SOURCE_PREFLIGHT,ORIGINAL_FINANCIAL_CATALOG_BYTES_MISSING,source_inventory.json
2023-11,2023-11-01,XU100,AKFYE,REJECTED_AT_SOURCE_PREFLIGHT,ORIGINAL_FINANCIAL_CATALOG_BYTES_MISSING,source_inventory.json
2023-11,2023-11-01,XU100,AKSA,REJECTED_AT_SOURCE_PREFLIGHT,ORIGINAL_FINANCIAL_CATALOG_BYTES_MISSING,source_inventory.json
2023-11,2023-11-01,XU100,AKSEN,REJECTED_AT_SOURCE_PREFLIGHT,ORIGINAL_FINANCIAL_CATALOG_BYTES_MISSING,source_inventory.json
2023-11,2023-11-01,XU100,ALARK,REJECTED_AT_SOURCE_PREFLIGHT,ORIGINAL_FINANCIAL_CATALOG_BYTES_MISSING,source_inventory.json
2023-11,2023-11-01,XU100,ALBRK,REJECTED_AT_SOURCE_PREFLIGHT,ORIGINAL_FINANCIAL_CATALOG_BYTES_MISSING,source_inventory.json
2023-11,2023-11-01,XU100,ALFAS,REJECTED_AT_SOURCE_PREFLIGHT,ORIGINAL_FINANCIAL_CATALOG_BYTES_MISSING,source_inventory.json
2023-11,2023-11-01,XU100,ARCLK,REJECTED_AT_SOURCE_PREFLIGHT,ORIGINAL_FINANCIAL_CATALOG_BYTES_MISSING,source_inventory.json
2023-11,2023-11-01,XU100,ASELS,REJECTED_AT_SOURCE_PREFLIGHT,ORIGINAL_FINANCIAL_CATALOG_BYTES_MISSING,source_inventory.json
2023-11,2023-11-01,XU100,ASTOR,REJECTED_AT_SOURCE_PREFLIGHT,ORIGINAL_FINANCIAL_CATALOG_BYTES_MISSING,source_inventory.json
2023-11,2023-11-01,XU100,BERA,REJECTED_AT_SOURCE_PREFLIGHT,ORIGINAL_FINANCIAL_CATALOG_BYTES_MISSING,source_inventory.json
2023-11,2023-11-01,XU100,BIENY,REJECTED_AT_SOURCE_PREFLIGHT,ORIGINAL_FINANCIAL_CATALOG_BYTES_MISSING,source_inventory.json
2023-11,2023-11-01,XU100,BIMAS,REJECTED_AT_SOURCE_PREFLIGHT,ORIGINAL_FINANCIAL_CATALOG_BYTES_MISSING,source_inventory.json
2023-11,2023-11-01,XU100,BRSAN,REJECTED_AT_SOURCE_PREFLIGHT,ORIGINAL_FINANCIAL_CATALOG_BYTES_MISSING,source_inventory.json
2023-11,2023-11-01,XU100,BRYAT,REJECTED_AT_SOURCE_PREFLIGHT,ORIGINAL_FINANCIAL_CATALOG_BYTES_MISSING,source_inventory.json
2023-11,2023-11-01,XU100,BUCIM,REJECTED_AT_SOURCE_PREFLIGHT,ORIGINAL_FINANCIAL_CATALOG_BYTES_MISSING,source_inventory.json
2023-11,2023-11-01,XU100,CANTE,REJECTED_AT_SOURCE_PREFLIGHT,ORIGINAL_FINANCIAL_CATALOG_BYTES_MISSING,source_inventory.json
2023-11,2023-11-01,XU100,CCOLA,REJECTED_AT_SOURCE_PREFLIGHT,ORIGINAL_FINANCIAL_CATALOG_BYTES_MISSING,source_inventory.json
2023-11,2023-11-01,XU100,CIMSA,REJECTED_AT_SOURCE_PREFLIGHT,ORIGINAL_FINANCIAL_CATALOG_BYTES_MISSING,source_inventory.json
2023-11,2023-11-01,XU100,CWENE,REJECTED_AT_SOURCE_PREFLIGHT,ORIGINAL_FINANCIAL_CATALOG_BYTES_MISSING,source_inventory.json
2023-11,2023-11-01,XU100,DOAS,REJECTED_AT_SOURCE_PREFLIGHT,ORIGINAL_FINANCIAL_CATALOG_BYTES_MISSING,source_inventory.json
2023-11,2023-11-01,XU100,DOHOL,REJECTED_AT_SOURCE_PREFLIGHT,ORIGINAL_FINANCIAL_CATALOG_BYTES_MISSING,source_inventory.json
2023-11,2023-11-01,XU100,ECILC,REJECTED_AT_SOURCE_PREFLIGHT,ORIGINAL_FINANCIAL_CATALOG_BYTES_MISSING,source_inventory.json
2023-11,2023-11-01,XU100,ECZYT,REJECTED_AT_SOURCE_PREFLIGHT,ORIGINAL_FINANCIAL_CATALOG_BYTES_MISSING,source_inventory.json
2023-11,2023-11-01,XU100,EGEEN,REJECTED_AT_SOURCE_PREFLIGHT,ORIGINAL_FINANCIAL_CATALOG_BYTES_MISSING,source_inventory.json
2023-11,2023-11-01,XU100,EKGYO,REJECTED_AT_SOURCE_PREFLIGHT,ORIGINAL_FINANCIAL_CATALOG_BYTES_MISSING,source_inventory.json
2023-11,2023-11-01,XU100,ENJSA,REJECTED_AT_SOURCE_PREFLIGHT,ORIGINAL_FINANCIAL_CATALOG_BYTES_MISSING,source_inventory.json
2023-11,2023-11-01,XU100,ENKAI,REJECTED_AT_SOURCE_PREFLIGHT,ORIGINAL_FINANCIAL_CATALOG_BYTES_MISSING,source_inventory.json
2023-11,2023-11-01,XU100,EREGL,REJECTED_AT_SOURCE_PREFLIGHT,ORIGINAL_FINANCIAL_CATALOG_BYTES_MISSING,source_inventory.json
2023-11,2023-11-01,XU100,EUPWR,REJECTED_AT_SOURCE_PREFLIGHT,ORIGINAL_FINANCIAL_CATALOG_BYTES_MISSING,source_inventory.json
2023-11,2023-11-01,XU100,EUREN,REJECTED_AT_SOURCE_PREFLIGHT,ORIGINAL_FINANCIAL_CATALOG_BYTES_MISSING,source_inventory.json
2023-11,2023-11-01,XU100,FROTO,REJECTED_AT_SOURCE_PREFLIGHT,ORIGINAL_FINANCIAL_CATALOG_BYTES_MISSING,source_inventory.json
2023-11,2023-11-01,XU100,GARAN,REJECTED_AT_SOURCE_PREFLIGHT,ORIGINAL_FINANCIAL_CATALOG_BYTES_MISSING,source_inventory.json
2023-11,2023-11-01,XU100,GENIL,REJECTED_AT_SOURCE_PREFLIGHT,ORIGINAL_FINANCIAL_CATALOG_BYTES_MISSING,source_inventory.json
2023-11,2023-11-01,XU100,GESAN,REJECTED_AT_SOURCE_PREFLIGHT,ORIGINAL_FINANCIAL_CATALOG_BYTES_MISSING,source_inventory.json
2023-11,2023-11-01,XU100,GLYHO,REJECTED_AT_SOURCE_PREFLIGHT,ORIGINAL_FINANCIAL_CATALOG_BYTES_MISSING,source_inventory.json
2023-11,2023-11-01,XU100,GUBRF,REJECTED_AT_SOURCE_PREFLIGHT,ORIGINAL_FINANCIAL_CATALOG_BYTES_MISSING,source_inventory.json
2023-11,2023-11-01,XU100,GWIND,REJECTED_AT_SOURCE_PREFLIGHT,ORIGINAL_FINANCIAL_CATALOG_BYTES_MISSING,source_inventory.json
2023-11,2023-11-01,XU100,HALKB,REJECTED_AT_SOURCE_PREFLIGHT,ORIGINAL_FINANCIAL_CATALOG_BYTES_MISSING,source_inventory.json
2023-11,2023-11-01,XU100,HEKTS,REJECTED_AT_SOURCE_PREFLIGHT,ORIGINAL_FINANCIAL_CATALOG_BYTES_MISSING,source_inventory.json
2023-11,2023-11-01,XU100,IMASM,REJECTED_AT_SOURCE_PREFLIGHT,ORIGINAL_FINANCIAL_CATALOG_BYTES_MISSING,source_inventory.json
2023-11,2023-11-01,XU100,IPEKE,REJECTED_AT_SOURCE_PREFLIGHT,ORIGINAL_FINANCIAL_CATALOG_BYTES_MISSING,source_inventory.json
2023-11,2023-11-01,XU100,ISCTR,REJECTED_AT_SOURCE_PREFLIGHT,ORIGINAL_FINANCIAL_CATALOG_BYTES_MISSING,source_inventory.json
2023-11,2023-11-01,XU100,ISDMR,REJECTED_AT_SOURCE_PREFLIGHT,ORIGINAL_FINANCIAL_CATALOG_BYTES_MISSING,source_inventory.json
2023-11,2023-11-01,XU100,ISGYO,REJECTED_AT_SOURCE_PREFLIGHT,ORIGINAL_FINANCIAL_CATALOG_BYTES_MISSING,source_inventory.json
2023-11,2023-11-01,XU100,ISMEN,REJECTED_AT_SOURCE_PREFLIGHT,ORIGINAL_FINANCIAL_CATALOG_BYTES_MISSING,source_inventory.json
2023-11,2023-11-01,XU100,IZMDC,REJECTED_AT_SOURCE_PREFLIGHT,ORIGINAL_FINANCIAL_CATALOG_BYTES_MISSING,source_inventory.json
2023-11,2023-11-01,XU100,KARSN,REJECTED_AT_SOURCE_PREFLIGHT,ORIGINAL_FINANCIAL_CATALOG_BYTES_MISSING,source_inventory.json
2023-11,2023-11-01,XU100,KAYSE,REJECTED_AT_SOURCE_PREFLIGHT,ORIGINAL_FINANCIAL_CATALOG_BYTES_MISSING,source_inventory.json
2023-11,2023-11-01,XU100,KCAER,REJECTED_AT_SOURCE_PREFLIGHT,ORIGINAL_FINANCIAL_CATALOG_BYTES_MISSING,source_inventory.json
2023-11,2023-11-01,XU100,KCHOL,REJECTED_AT_SOURCE_PREFLIGHT,ORIGINAL_FINANCIAL_CATALOG_BYTES_MISSING,source_inventory.json
2023-11,2023-11-01,XU100,KMPUR,REJECTED_AT_SOURCE_PREFLIGHT,ORIGINAL_FINANCIAL_CATALOG_BYTES_MISSING,source_inventory.json
2023-11,2023-11-01,XU100,KONTR,REJECTED_AT_SOURCE_PREFLIGHT,ORIGINAL_FINANCIAL_CATALOG_BYTES_MISSING,source_inventory.json
2023-11,2023-11-01,XU100,KONYA,REJECTED_AT_SOURCE_PREFLIGHT,ORIGINAL_FINANCIAL_CATALOG_BYTES_MISSING,source_inventory.json
2023-11,2023-11-01,XU100,KORDS,REJECTED_AT_SOURCE_PREFLIGHT,ORIGINAL_FINANCIAL_CATALOG_BYTES_MISSING,source_inventory.json
2023-11,2023-11-01,XU100,KOZAA,REJECTED_AT_SOURCE_PREFLIGHT,ORIGINAL_FINANCIAL_CATALOG_BYTES_MISSING,source_inventory.json
2023-11,2023-11-01,XU100,KOZAL,REJECTED_AT_SOURCE_PREFLIGHT,ORIGINAL_FINANCIAL_CATALOG_BYTES_MISSING,source_inventory.json
2023-11,2023-11-01,XU100,KRDMD,REJECTED_AT_SOURCE_PREFLIGHT,ORIGINAL_FINANCIAL_CATALOG_BYTES_MISSING,source_inventory.json
2023-11,2023-11-01,XU100,KZBGY,REJECTED_AT_SOURCE_PREFLIGHT,ORIGINAL_FINANCIAL_CATALOG_BYTES_MISSING,source_inventory.json
2023-11,2023-11-01,XU100,MAVI,REJECTED_AT_SOURCE_PREFLIGHT,ORIGINAL_FINANCIAL_CATALOG_BYTES_MISSING,source_inventory.json
2023-11,2023-11-01,XU100,MGROS,REJECTED_AT_SOURCE_PREFLIGHT,ORIGINAL_FINANCIAL_CATALOG_BYTES_MISSING,source_inventory.json
2023-11,2023-11-01,XU100,MIATK,REJECTED_AT_SOURCE_PREFLIGHT,ORIGINAL_FINANCIAL_CATALOG_BYTES_MISSING,source_inventory.json
2023-11,2023-11-01,XU100,ODAS,REJECTED_AT_SOURCE_PREFLIGHT,ORIGINAL_FINANCIAL_CATALOG_BYTES_MISSING,source_inventory.json
2023-11,2023-11-01,XU100,OTKAR,REJECTED_AT_SOURCE_PREFLIGHT,ORIGINAL_FINANCIAL_CATALOG_BYTES_MISSING,source_inventory.json
2023-11,2023-11-01,XU100,OYAKC,REJECTED_AT_SOURCE_PREFLIGHT,ORIGINAL_FINANCIAL_CATALOG_BYTES_MISSING,source_inventory.json
2023-11,2023-11-01,XU100,PENTA,REJECTED_AT_SOURCE_PREFLIGHT,ORIGINAL_FINANCIAL_CATALOG_BYTES_MISSING,source_inventory.json
2023-11,2023-11-01,XU100,PETKM,REJECTED_AT_SOURCE_PREFLIGHT,ORIGINAL_FINANCIAL_CATALOG_BYTES_MISSING,source_inventory.json
2023-11,2023-11-01,XU100,PGSUS,REJECTED_AT_SOURCE_PREFLIGHT,ORIGINAL_FINANCIAL_CATALOG_BYTES_MISSING,source_inventory.json
2023-11,2023-11-01,XU100,PSGYO,REJECTED_AT_SOURCE_PREFLIGHT,ORIGINAL_FINANCIAL_CATALOG_BYTES_MISSING,source_inventory.json
2023-11,2023-11-01,XU100,QUAGR,REJECTED_AT_SOURCE_PREFLIGHT,ORIGINAL_FINANCIAL_CATALOG_BYTES_MISSING,source_inventory.json
2023-11,2023-11-01,XU100,SAHOL,REJECTED_AT_SOURCE_PREFLIGHT,ORIGINAL_FINANCIAL_CATALOG_BYTES_MISSING,source_inventory.json
2023-11,2023-11-01,XU100,SASA,REJECTED_AT_SOURCE_PREFLIGHT,ORIGINAL_FINANCIAL_CATALOG_BYTES_MISSING,source_inventory.json
2023-11,2023-11-01,XU100,SISE,REJECTED_AT_SOURCE_PREFLIGHT,ORIGINAL_FINANCIAL_CATALOG_BYTES_MISSING,source_inventory.json
2023-11,2023-11-01,XU100,SKBNK,REJECTED_AT_SOURCE_PREFLIGHT,ORIGINAL_FINANCIAL_CATALOG_BYTES_MISSING,source_inventory.json
2023-11,2023-11-01,XU100,SMRTG,REJECTED_AT_SOURCE_PREFLIGHT,ORIGINAL_FINANCIAL_CATALOG_BYTES_MISSING,source_inventory.json
2023-11,2023-11-01,XU100,SNGYO,REJECTED_AT_SOURCE_PREFLIGHT,ORIGINAL_FINANCIAL_CATALOG_BYTES_MISSING,source_inventory.json
2023-11,2023-11-01,XU100,SOKM,REJECTED_AT_SOURCE_PREFLIGHT,ORIGINAL_FINANCIAL_CATALOG_BYTES_MISSING,source_inventory.json
2023-11,2023-11-01,XU100,TAVHL,REJECTED_AT_SOURCE_PREFLIGHT,ORIGINAL_FINANCIAL_CATALOG_BYTES_MISSING,source_inventory.json
2023-11,2023-11-01,XU100,TCELL,REJECTED_AT_SOURCE_PREFLIGHT,ORIGINAL_FINANCIAL_CATALOG_BYTES_MISSING,source_inventory.json
2023-11,2023-11-01,XU100,THYAO,REJECTED_AT_SOURCE_PREFLIGHT,ORIGINAL_FINANCIAL_CATALOG_BYTES_MISSING,source_inventory.json
2023-11,2023-11-01,XU100,TKFEN,REJECTED_AT_SOURCE_PREFLIGHT,ORIGINAL_FINANCIAL_CATALOG_BYTES_MISSING,source_inventory.json
2023-11,2023-11-01,XU100,TOASO,REJECTED_AT_SOURCE_PREFLIGHT,ORIGINAL_FINANCIAL_CATALOG_BYTES_MISSING,source_inventory.json
2023-11,2023-11-01,XU100,TSKB,REJECTED_AT_SOURCE_PREFLIGHT,ORIGINAL_FINANCIAL_CATALOG_BYTES_MISSING,source_inventory.json
2023-11,2023-11-01,XU100,TTKOM,REJECTED_AT_SOURCE_PREFLIGHT,ORIGINAL_FINANCIAL_CATALOG_BYTES_MISSING,source_inventory.json
2023-11,2023-11-01,XU100,TTRAK,REJECTED_AT_SOURCE_PREFLIGHT,ORIGINAL_FINANCIAL_CATALOG_BYTES_MISSING,source_inventory.json
2023-11,2023-11-01,XU100,TUKAS,REJECTED_AT_SOURCE_PREFLIGHT,ORIGINAL_FINANCIAL_CATALOG_BYTES_MISSING,source_inventory.json
2023-11,2023-11-01,XU100,TUPRS,REJECTED_AT_SOURCE_PREFLIGHT,ORIGINAL_FINANCIAL_CATALOG_BYTES_MISSING,source_inventory.json
2023-11,2023-11-01,XU100,ULKER,REJECTED_AT_SOURCE_PREFLIGHT,ORIGINAL_FINANCIAL_CATALOG_BYTES_MISSING,source_inventory.json
2023-11,2023-11-01,XU100,VAKBN,REJECTED_AT_SOURCE_PREFLIGHT,ORIGINAL_FINANCIAL_CATALOG_BYTES_MISSING,source_inventory.json
2023-11,2023-11-01,XU100,VESBE,REJECTED_AT_SOURCE_PREFLIGHT,ORIGINAL_FINANCIAL_CATALOG_BYTES_MISSING,source_inventory.json
2023-11,2023-11-01,XU100,VESTL,REJECTED_AT_SOURCE_PREFLIGHT,ORIGINAL_FINANCIAL_CATALOG_BYTES_MISSING,source_inventory.json
2023-11,2023-11-01,XU100,YEOTK,REJECTED_AT_SOURCE_PREFLIGHT,ORIGINAL_FINANCIAL_CATALOG_BYTES_MISSING,source_inventory.json
2023-11,2023-11-01,XU100,YKBNK,REJECTED_AT_SOURCE_PREFLIGHT,ORIGINAL_FINANCIAL_CATALOG_BYTES_MISSING,source_inventory.json
2023-11,2023-11-01,XU100,YYLGD,REJECTED_AT_SOURCE_PREFLIGHT,ORIGINAL_FINANCIAL_CATALOG_BYTES_MISSING,source_inventory.json
2023-11,2023-11-01,XU100,ZOREN,REJECTED_AT_SOURCE_PREFLIGHT,ORIGINAL_FINANCIAL_CATALOG_BYTES_MISSING,source_inventory.json
2023-12,2023-12-01,XU100,AEFES,REJECTED_AT_SOURCE_PREFLIGHT,ORIGINAL_FINANCIAL_CATALOG_BYTES_MISSING,source_inventory.json
2023-12,2023-12-01,XU100,AGHOL,REJECTED_AT_SOURCE_PREFLIGHT,ORIGINAL_FINANCIAL_CATALOG_BYTES_MISSING,source_inventory.json
2023-12,2023-12-01,XU100,AHGAZ,REJECTED_AT_SOURCE_PREFLIGHT,ORIGINAL_FINANCIAL_CATALOG_BYTES_MISSING,source_inventory.json
2023-12,2023-12-01,XU100,AKBNK,REJECTED_AT_SOURCE_PREFLIGHT,ORIGINAL_FINANCIAL_CATALOG_BYTES_MISSING,source_inventory.json
2023-12,2023-12-01,XU100,AKCNS,REJECTED_AT_SOURCE_PREFLIGHT,ORIGINAL_FINANCIAL_CATALOG_BYTES_MISSING,source_inventory.json
2023-12,2023-12-01,XU100,AKFGY,REJECTED_AT_SOURCE_PREFLIGHT,ORIGINAL_FINANCIAL_CATALOG_BYTES_MISSING,source_inventory.json
2023-12,2023-12-01,XU100,AKFYE,REJECTED_AT_SOURCE_PREFLIGHT,ORIGINAL_FINANCIAL_CATALOG_BYTES_MISSING,source_inventory.json
2023-12,2023-12-01,XU100,AKSA,REJECTED_AT_SOURCE_PREFLIGHT,ORIGINAL_FINANCIAL_CATALOG_BYTES_MISSING,source_inventory.json
2023-12,2023-12-01,XU100,AKSEN,REJECTED_AT_SOURCE_PREFLIGHT,ORIGINAL_FINANCIAL_CATALOG_BYTES_MISSING,source_inventory.json
2023-12,2023-12-01,XU100,ALARK,REJECTED_AT_SOURCE_PREFLIGHT,ORIGINAL_FINANCIAL_CATALOG_BYTES_MISSING,source_inventory.json
2023-12,2023-12-01,XU100,ALBRK,REJECTED_AT_SOURCE_PREFLIGHT,ORIGINAL_FINANCIAL_CATALOG_BYTES_MISSING,source_inventory.json
2023-12,2023-12-01,XU100,ALFAS,REJECTED_AT_SOURCE_PREFLIGHT,ORIGINAL_FINANCIAL_CATALOG_BYTES_MISSING,source_inventory.json
2023-12,2023-12-01,XU100,ARCLK,REJECTED_AT_SOURCE_PREFLIGHT,ORIGINAL_FINANCIAL_CATALOG_BYTES_MISSING,source_inventory.json
2023-12,2023-12-01,XU100,ASELS,REJECTED_AT_SOURCE_PREFLIGHT,ORIGINAL_FINANCIAL_CATALOG_BYTES_MISSING,source_inventory.json
2023-12,2023-12-01,XU100,ASTOR,REJECTED_AT_SOURCE_PREFLIGHT,ORIGINAL_FINANCIAL_CATALOG_BYTES_MISSING,source_inventory.json
2023-12,2023-12-01,XU100,BERA,REJECTED_AT_SOURCE_PREFLIGHT,ORIGINAL_FINANCIAL_CATALOG_BYTES_MISSING,source_inventory.json
2023-12,2023-12-01,XU100,BIENY,REJECTED_AT_SOURCE_PREFLIGHT,ORIGINAL_FINANCIAL_CATALOG_BYTES_MISSING,source_inventory.json
2023-12,2023-12-01,XU100,BIMAS,REJECTED_AT_SOURCE_PREFLIGHT,ORIGINAL_FINANCIAL_CATALOG_BYTES_MISSING,source_inventory.json
2023-12,2023-12-01,XU100,BRSAN,REJECTED_AT_SOURCE_PREFLIGHT,ORIGINAL_FINANCIAL_CATALOG_BYTES_MISSING,source_inventory.json
2023-12,2023-12-01,XU100,BRYAT,REJECTED_AT_SOURCE_PREFLIGHT,ORIGINAL_FINANCIAL_CATALOG_BYTES_MISSING,source_inventory.json
2023-12,2023-12-01,XU100,BUCIM,REJECTED_AT_SOURCE_PREFLIGHT,ORIGINAL_FINANCIAL_CATALOG_BYTES_MISSING,source_inventory.json
2023-12,2023-12-01,XU100,CANTE,REJECTED_AT_SOURCE_PREFLIGHT,ORIGINAL_FINANCIAL_CATALOG_BYTES_MISSING,source_inventory.json
2023-12,2023-12-01,XU100,CCOLA,REJECTED_AT_SOURCE_PREFLIGHT,ORIGINAL_FINANCIAL_CATALOG_BYTES_MISSING,source_inventory.json
2023-12,2023-12-01,XU100,CIMSA,REJECTED_AT_SOURCE_PREFLIGHT,ORIGINAL_FINANCIAL_CATALOG_BYTES_MISSING,source_inventory.json
2023-12,2023-12-01,XU100,CWENE,REJECTED_AT_SOURCE_PREFLIGHT,ORIGINAL_FINANCIAL_CATALOG_BYTES_MISSING,source_inventory.json
2023-12,2023-12-01,XU100,DOAS,REJECTED_AT_SOURCE_PREFLIGHT,ORIGINAL_FINANCIAL_CATALOG_BYTES_MISSING,source_inventory.json
2023-12,2023-12-01,XU100,DOHOL,REJECTED_AT_SOURCE_PREFLIGHT,ORIGINAL_FINANCIAL_CATALOG_BYTES_MISSING,source_inventory.json
2023-12,2023-12-01,XU100,ECILC,REJECTED_AT_SOURCE_PREFLIGHT,ORIGINAL_FINANCIAL_CATALOG_BYTES_MISSING,source_inventory.json
2023-12,2023-12-01,XU100,ECZYT,REJECTED_AT_SOURCE_PREFLIGHT,ORIGINAL_FINANCIAL_CATALOG_BYTES_MISSING,source_inventory.json
2023-12,2023-12-01,XU100,EGEEN,REJECTED_AT_SOURCE_PREFLIGHT,ORIGINAL_FINANCIAL_CATALOG_BYTES_MISSING,source_inventory.json
2023-12,2023-12-01,XU100,EKGYO,REJECTED_AT_SOURCE_PREFLIGHT,ORIGINAL_FINANCIAL_CATALOG_BYTES_MISSING,source_inventory.json
2023-12,2023-12-01,XU100,ENJSA,REJECTED_AT_SOURCE_PREFLIGHT,ORIGINAL_FINANCIAL_CATALOG_BYTES_MISSING,source_inventory.json
2023-12,2023-12-01,XU100,ENKAI,REJECTED_AT_SOURCE_PREFLIGHT,ORIGINAL_FINANCIAL_CATALOG_BYTES_MISSING,source_inventory.json
2023-12,2023-12-01,XU100,EREGL,REJECTED_AT_SOURCE_PREFLIGHT,ORIGINAL_FINANCIAL_CATALOG_BYTES_MISSING,source_inventory.json
2023-12,2023-12-01,XU100,EUPWR,REJECTED_AT_SOURCE_PREFLIGHT,ORIGINAL_FINANCIAL_CATALOG_BYTES_MISSING,source_inventory.json
2023-12,2023-12-01,XU100,EUREN,REJECTED_AT_SOURCE_PREFLIGHT,ORIGINAL_FINANCIAL_CATALOG_BYTES_MISSING,source_inventory.json
2023-12,2023-12-01,XU100,FROTO,REJECTED_AT_SOURCE_PREFLIGHT,ORIGINAL_FINANCIAL_CATALOG_BYTES_MISSING,source_inventory.json
2023-12,2023-12-01,XU100,GARAN,REJECTED_AT_SOURCE_PREFLIGHT,ORIGINAL_FINANCIAL_CATALOG_BYTES_MISSING,source_inventory.json
2023-12,2023-12-01,XU100,GENIL,REJECTED_AT_SOURCE_PREFLIGHT,ORIGINAL_FINANCIAL_CATALOG_BYTES_MISSING,source_inventory.json
2023-12,2023-12-01,XU100,GESAN,REJECTED_AT_SOURCE_PREFLIGHT,ORIGINAL_FINANCIAL_CATALOG_BYTES_MISSING,source_inventory.json
2023-12,2023-12-01,XU100,GLYHO,REJECTED_AT_SOURCE_PREFLIGHT,ORIGINAL_FINANCIAL_CATALOG_BYTES_MISSING,source_inventory.json
2023-12,2023-12-01,XU100,GUBRF,REJECTED_AT_SOURCE_PREFLIGHT,ORIGINAL_FINANCIAL_CATALOG_BYTES_MISSING,source_inventory.json
2023-12,2023-12-01,XU100,GWIND,REJECTED_AT_SOURCE_PREFLIGHT,ORIGINAL_FINANCIAL_CATALOG_BYTES_MISSING,source_inventory.json
2023-12,2023-12-01,XU100,HALKB,REJECTED_AT_SOURCE_PREFLIGHT,ORIGINAL_FINANCIAL_CATALOG_BYTES_MISSING,source_inventory.json
2023-12,2023-12-01,XU100,HEKTS,REJECTED_AT_SOURCE_PREFLIGHT,ORIGINAL_FINANCIAL_CATALOG_BYTES_MISSING,source_inventory.json
2023-12,2023-12-01,XU100,IMASM,REJECTED_AT_SOURCE_PREFLIGHT,ORIGINAL_FINANCIAL_CATALOG_BYTES_MISSING,source_inventory.json
2023-12,2023-12-01,XU100,IPEKE,REJECTED_AT_SOURCE_PREFLIGHT,ORIGINAL_FINANCIAL_CATALOG_BYTES_MISSING,source_inventory.json
2023-12,2023-12-01,XU100,ISCTR,REJECTED_AT_SOURCE_PREFLIGHT,ORIGINAL_FINANCIAL_CATALOG_BYTES_MISSING,source_inventory.json
2023-12,2023-12-01,XU100,ISDMR,REJECTED_AT_SOURCE_PREFLIGHT,ORIGINAL_FINANCIAL_CATALOG_BYTES_MISSING,source_inventory.json
2023-12,2023-12-01,XU100,ISGYO,REJECTED_AT_SOURCE_PREFLIGHT,ORIGINAL_FINANCIAL_CATALOG_BYTES_MISSING,source_inventory.json
2023-12,2023-12-01,XU100,ISMEN,REJECTED_AT_SOURCE_PREFLIGHT,ORIGINAL_FINANCIAL_CATALOG_BYTES_MISSING,source_inventory.json
2023-12,2023-12-01,XU100,IZMDC,REJECTED_AT_SOURCE_PREFLIGHT,ORIGINAL_FINANCIAL_CATALOG_BYTES_MISSING,source_inventory.json
2023-12,2023-12-01,XU100,KARSN,REJECTED_AT_SOURCE_PREFLIGHT,ORIGINAL_FINANCIAL_CATALOG_BYTES_MISSING,source_inventory.json
2023-12,2023-12-01,XU100,KAYSE,REJECTED_AT_SOURCE_PREFLIGHT,ORIGINAL_FINANCIAL_CATALOG_BYTES_MISSING,source_inventory.json
2023-12,2023-12-01,XU100,KCAER,REJECTED_AT_SOURCE_PREFLIGHT,ORIGINAL_FINANCIAL_CATALOG_BYTES_MISSING,source_inventory.json
2023-12,2023-12-01,XU100,KCHOL,REJECTED_AT_SOURCE_PREFLIGHT,ORIGINAL_FINANCIAL_CATALOG_BYTES_MISSING,source_inventory.json
2023-12,2023-12-01,XU100,KMPUR,REJECTED_AT_SOURCE_PREFLIGHT,ORIGINAL_FINANCIAL_CATALOG_BYTES_MISSING,source_inventory.json
2023-12,2023-12-01,XU100,KONTR,REJECTED_AT_SOURCE_PREFLIGHT,ORIGINAL_FINANCIAL_CATALOG_BYTES_MISSING,source_inventory.json
2023-12,2023-12-01,XU100,KONYA,REJECTED_AT_SOURCE_PREFLIGHT,ORIGINAL_FINANCIAL_CATALOG_BYTES_MISSING,source_inventory.json
2023-12,2023-12-01,XU100,KORDS,REJECTED_AT_SOURCE_PREFLIGHT,ORIGINAL_FINANCIAL_CATALOG_BYTES_MISSING,source_inventory.json
2023-12,2023-12-01,XU100,KOZAA,REJECTED_AT_SOURCE_PREFLIGHT,ORIGINAL_FINANCIAL_CATALOG_BYTES_MISSING,source_inventory.json
2023-12,2023-12-01,XU100,KOZAL,REJECTED_AT_SOURCE_PREFLIGHT,ORIGINAL_FINANCIAL_CATALOG_BYTES_MISSING,source_inventory.json
2023-12,2023-12-01,XU100,KRDMD,REJECTED_AT_SOURCE_PREFLIGHT,ORIGINAL_FINANCIAL_CATALOG_BYTES_MISSING,source_inventory.json
2023-12,2023-12-01,XU100,KZBGY,REJECTED_AT_SOURCE_PREFLIGHT,ORIGINAL_FINANCIAL_CATALOG_BYTES_MISSING,source_inventory.json
2023-12,2023-12-01,XU100,MAVI,REJECTED_AT_SOURCE_PREFLIGHT,ORIGINAL_FINANCIAL_CATALOG_BYTES_MISSING,source_inventory.json
2023-12,2023-12-01,XU100,MGROS,REJECTED_AT_SOURCE_PREFLIGHT,ORIGINAL_FINANCIAL_CATALOG_BYTES_MISSING,source_inventory.json
2023-12,2023-12-01,XU100,MIATK,REJECTED_AT_SOURCE_PREFLIGHT,ORIGINAL_FINANCIAL_CATALOG_BYTES_MISSING,source_inventory.json
2023-12,2023-12-01,XU100,ODAS,REJECTED_AT_SOURCE_PREFLIGHT,ORIGINAL_FINANCIAL_CATALOG_BYTES_MISSING,source_inventory.json
2023-12,2023-12-01,XU100,OTKAR,REJECTED_AT_SOURCE_PREFLIGHT,ORIGINAL_FINANCIAL_CATALOG_BYTES_MISSING,source_inventory.json
2023-12,2023-12-01,XU100,OYAKC,REJECTED_AT_SOURCE_PREFLIGHT,ORIGINAL_FINANCIAL_CATALOG_BYTES_MISSING,source_inventory.json
2023-12,2023-12-01,XU100,PENTA,REJECTED_AT_SOURCE_PREFLIGHT,ORIGINAL_FINANCIAL_CATALOG_BYTES_MISSING,source_inventory.json
2023-12,2023-12-01,XU100,PETKM,REJECTED_AT_SOURCE_PREFLIGHT,ORIGINAL_FINANCIAL_CATALOG_BYTES_MISSING,source_inventory.json
2023-12,2023-12-01,XU100,PGSUS,REJECTED_AT_SOURCE_PREFLIGHT,ORIGINAL_FINANCIAL_CATALOG_BYTES_MISSING,source_inventory.json
2023-12,2023-12-01,XU100,PSGYO,REJECTED_AT_SOURCE_PREFLIGHT,ORIGINAL_FINANCIAL_CATALOG_BYTES_MISSING,source_inventory.json
2023-12,2023-12-01,XU100,QUAGR,REJECTED_AT_SOURCE_PREFLIGHT,ORIGINAL_FINANCIAL_CATALOG_BYTES_MISSING,source_inventory.json
2023-12,2023-12-01,XU100,SAHOL,REJECTED_AT_SOURCE_PREFLIGHT,ORIGINAL_FINANCIAL_CATALOG_BYTES_MISSING,source_inventory.json
2023-12,2023-12-01,XU100,SASA,REJECTED_AT_SOURCE_PREFLIGHT,ORIGINAL_FINANCIAL_CATALOG_BYTES_MISSING,source_inventory.json
2023-12,2023-12-01,XU100,SISE,REJECTED_AT_SOURCE_PREFLIGHT,ORIGINAL_FINANCIAL_CATALOG_BYTES_MISSING,source_inventory.json
2023-12,2023-12-01,XU100,SKBNK,REJECTED_AT_SOURCE_PREFLIGHT,ORIGINAL_FINANCIAL_CATALOG_BYTES_MISSING,source_inventory.json
2023-12,2023-12-01,XU100,SMRTG,REJECTED_AT_SOURCE_PREFLIGHT,ORIGINAL_FINANCIAL_CATALOG_BYTES_MISSING,source_inventory.json
2023-12,2023-12-01,XU100,SNGYO,REJECTED_AT_SOURCE_PREFLIGHT,ORIGINAL_FINANCIAL_CATALOG_BYTES_MISSING,source_inventory.json
2023-12,2023-12-01,XU100,SOKM,REJECTED_AT_SOURCE_PREFLIGHT,ORIGINAL_FINANCIAL_CATALOG_BYTES_MISSING,source_inventory.json
2023-12,2023-12-01,XU100,TAVHL,REJECTED_AT_SOURCE_PREFLIGHT,ORIGINAL_FINANCIAL_CATALOG_BYTES_MISSING,source_inventory.json
2023-12,2023-12-01,XU100,TCELL,REJECTED_AT_SOURCE_PREFLIGHT,ORIGINAL_FINANCIAL_CATALOG_BYTES_MISSING,source_inventory.json
2023-12,2023-12-01,XU100,THYAO,REJECTED_AT_SOURCE_PREFLIGHT,ORIGINAL_FINANCIAL_CATALOG_BYTES_MISSING,source_inventory.json
2023-12,2023-12-01,XU100,TKFEN,REJECTED_AT_SOURCE_PREFLIGHT,ORIGINAL_FINANCIAL_CATALOG_BYTES_MISSING,source_inventory.json
2023-12,2023-12-01,XU100,TOASO,REJECTED_AT_SOURCE_PREFLIGHT,ORIGINAL_FINANCIAL_CATALOG_BYTES_MISSING,source_inventory.json
2023-12,2023-12-01,XU100,TSKB,REJECTED_AT_SOURCE_PREFLIGHT,ORIGINAL_FINANCIAL_CATALOG_BYTES_MISSING,source_inventory.json
2023-12,2023-12-01,XU100,TTKOM,REJECTED_AT_SOURCE_PREFLIGHT,ORIGINAL_FINANCIAL_CATALOG_BYTES_MISSING,source_inventory.json
2023-12,2023-12-01,XU100,TTRAK,REJECTED_AT_SOURCE_PREFLIGHT,ORIGINAL_FINANCIAL_CATALOG_BYTES_MISSING,source_inventory.json
2023-12,2023-12-01,XU100,TUKAS,REJECTED_AT_SOURCE_PREFLIGHT,ORIGINAL_FINANCIAL_CATALOG_BYTES_MISSING,source_inventory.json
2023-12,2023-12-01,XU100,TUPRS,REJECTED_AT_SOURCE_PREFLIGHT,ORIGINAL_FINANCIAL_CATALOG_BYTES_MISSING,source_inventory.json
2023-12,2023-12-01,XU100,ULKER,REJECTED_AT_SOURCE_PREFLIGHT,ORIGINAL_FINANCIAL_CATALOG_BYTES_MISSING,source_inventory.json
2023-12,2023-12-01,XU100,VAKBN,REJECTED_AT_SOURCE_PREFLIGHT,ORIGINAL_FINANCIAL_CATALOG_BYTES_MISSING,source_inventory.json
2023-12,2023-12-01,XU100,VESBE,REJECTED_AT_SOURCE_PREFLIGHT,ORIGINAL_FINANCIAL_CATALOG_BYTES_MISSING,source_inventory.json
2023-12,2023-12-01,XU100,VESTL,REJECTED_AT_SOURCE_PREFLIGHT,ORIGINAL_FINANCIAL_CATALOG_BYTES_MISSING,source_inventory.json
2023-12,2023-12-01,XU100,YEOTK,REJECTED_AT_SOURCE_PREFLIGHT,ORIGINAL_FINANCIAL_CATALOG_BYTES_MISSING,source_inventory.json
2023-12,2023-12-01,XU100,YKBNK,REJECTED_AT_SOURCE_PREFLIGHT,ORIGINAL_FINANCIAL_CATALOG_BYTES_MISSING,source_inventory.json
2023-12,2023-12-01,XU100,YYLGD,REJECTED_AT_SOURCE_PREFLIGHT,ORIGINAL_FINANCIAL_CATALOG_BYTES_MISSING,source_inventory.json
2023-12,2023-12-01,XU100,ZOREN,REJECTED_AT_SOURCE_PREFLIGHT,ORIGINAL_FINANCIAL_CATALOG_BYTES_MISSING,source_inventory.json
2024-01,2024-01-02,XU100,AEFES,REJECTED_AT_SOURCE_PREFLIGHT,ORIGINAL_FINANCIAL_CATALOG_BYTES_MISSING,source_inventory.json
2024-01,2024-01-02,XU100,AGHOL,REJECTED_AT_SOURCE_PREFLIGHT,ORIGINAL_FINANCIAL_CATALOG_BYTES_MISSING,source_inventory.json
2024-01,2024-01-02,XU100,AHGAZ,REJECTED_AT_SOURCE_PREFLIGHT,ORIGINAL_FINANCIAL_CATALOG_BYTES_MISSING,source_inventory.json
2024-01,2024-01-02,XU100,AKBNK,REJECTED_AT_SOURCE_PREFLIGHT,ORIGINAL_FINANCIAL_CATALOG_BYTES_MISSING,source_inventory.json
2024-01,2024-01-02,XU100,AKCNS,REJECTED_AT_SOURCE_PREFLIGHT,ORIGINAL_FINANCIAL_CATALOG_BYTES_MISSING,source_inventory.json
2024-01,2024-01-02,XU100,AKFYE,REJECTED_AT_SOURCE_PREFLIGHT,ORIGINAL_FINANCIAL_CATALOG_BYTES_MISSING,source_inventory.json
2024-01,2024-01-02,XU100,AKSA,REJECTED_AT_SOURCE_PREFLIGHT,ORIGINAL_FINANCIAL_CATALOG_BYTES_MISSING,source_inventory.json
2024-01,2024-01-02,XU100,AKSEN,REJECTED_AT_SOURCE_PREFLIGHT,ORIGINAL_FINANCIAL_CATALOG_BYTES_MISSING,source_inventory.json
2024-01,2024-01-02,XU100,ALARK,REJECTED_AT_SOURCE_PREFLIGHT,ORIGINAL_FINANCIAL_CATALOG_BYTES_MISSING,source_inventory.json
2024-01,2024-01-02,XU100,ALBRK,REJECTED_AT_SOURCE_PREFLIGHT,ORIGINAL_FINANCIAL_CATALOG_BYTES_MISSING,source_inventory.json
2024-01,2024-01-02,XU100,ALFAS,REJECTED_AT_SOURCE_PREFLIGHT,ORIGINAL_FINANCIAL_CATALOG_BYTES_MISSING,source_inventory.json
2024-01,2024-01-02,XU100,ARCLK,REJECTED_AT_SOURCE_PREFLIGHT,ORIGINAL_FINANCIAL_CATALOG_BYTES_MISSING,source_inventory.json
2024-01,2024-01-02,XU100,ASELS,REJECTED_AT_SOURCE_PREFLIGHT,ORIGINAL_FINANCIAL_CATALOG_BYTES_MISSING,source_inventory.json
2024-01,2024-01-02,XU100,ASGYO,REJECTED_AT_SOURCE_PREFLIGHT,ORIGINAL_FINANCIAL_CATALOG_BYTES_MISSING,source_inventory.json
2024-01,2024-01-02,XU100,ASTOR,REJECTED_AT_SOURCE_PREFLIGHT,ORIGINAL_FINANCIAL_CATALOG_BYTES_MISSING,source_inventory.json
2024-01,2024-01-02,XU100,BERA,REJECTED_AT_SOURCE_PREFLIGHT,ORIGINAL_FINANCIAL_CATALOG_BYTES_MISSING,source_inventory.json
2024-01,2024-01-02,XU100,BIENY,REJECTED_AT_SOURCE_PREFLIGHT,ORIGINAL_FINANCIAL_CATALOG_BYTES_MISSING,source_inventory.json
2024-01,2024-01-02,XU100,BIMAS,REJECTED_AT_SOURCE_PREFLIGHT,ORIGINAL_FINANCIAL_CATALOG_BYTES_MISSING,source_inventory.json
2024-01,2024-01-02,XU100,BIOEN,REJECTED_AT_SOURCE_PREFLIGHT,ORIGINAL_FINANCIAL_CATALOG_BYTES_MISSING,source_inventory.json
2024-01,2024-01-02,XU100,BOBET,REJECTED_AT_SOURCE_PREFLIGHT,ORIGINAL_FINANCIAL_CATALOG_BYTES_MISSING,source_inventory.json
2024-01,2024-01-02,XU100,BRSAN,REJECTED_AT_SOURCE_PREFLIGHT,ORIGINAL_FINANCIAL_CATALOG_BYTES_MISSING,source_inventory.json
2024-01,2024-01-02,XU100,BRYAT,REJECTED_AT_SOURCE_PREFLIGHT,ORIGINAL_FINANCIAL_CATALOG_BYTES_MISSING,source_inventory.json
2024-01,2024-01-02,XU100,BUCIM,REJECTED_AT_SOURCE_PREFLIGHT,ORIGINAL_FINANCIAL_CATALOG_BYTES_MISSING,source_inventory.json
2024-01,2024-01-02,XU100,CANTE,REJECTED_AT_SOURCE_PREFLIGHT,ORIGINAL_FINANCIAL_CATALOG_BYTES_MISSING,source_inventory.json
2024-01,2024-01-02,XU100,CCOLA,REJECTED_AT_SOURCE_PREFLIGHT,ORIGINAL_FINANCIAL_CATALOG_BYTES_MISSING,source_inventory.json
2024-01,2024-01-02,XU100,CIMSA,REJECTED_AT_SOURCE_PREFLIGHT,ORIGINAL_FINANCIAL_CATALOG_BYTES_MISSING,source_inventory.json
2024-01,2024-01-02,XU100,CWENE,REJECTED_AT_SOURCE_PREFLIGHT,ORIGINAL_FINANCIAL_CATALOG_BYTES_MISSING,source_inventory.json
2024-01,2024-01-02,XU100,DOAS,REJECTED_AT_SOURCE_PREFLIGHT,ORIGINAL_FINANCIAL_CATALOG_BYTES_MISSING,source_inventory.json
2024-01,2024-01-02,XU100,DOHOL,REJECTED_AT_SOURCE_PREFLIGHT,ORIGINAL_FINANCIAL_CATALOG_BYTES_MISSING,source_inventory.json
2024-01,2024-01-02,XU100,ECILC,REJECTED_AT_SOURCE_PREFLIGHT,ORIGINAL_FINANCIAL_CATALOG_BYTES_MISSING,source_inventory.json
2024-01,2024-01-02,XU100,ECZYT,REJECTED_AT_SOURCE_PREFLIGHT,ORIGINAL_FINANCIAL_CATALOG_BYTES_MISSING,source_inventory.json
2024-01,2024-01-02,XU100,EGEEN,REJECTED_AT_SOURCE_PREFLIGHT,ORIGINAL_FINANCIAL_CATALOG_BYTES_MISSING,source_inventory.json
2024-01,2024-01-02,XU100,EKGYO,REJECTED_AT_SOURCE_PREFLIGHT,ORIGINAL_FINANCIAL_CATALOG_BYTES_MISSING,source_inventory.json
2024-01,2024-01-02,XU100,ENERY,REJECTED_AT_SOURCE_PREFLIGHT,ORIGINAL_FINANCIAL_CATALOG_BYTES_MISSING,source_inventory.json
2024-01,2024-01-02,XU100,ENJSA,REJECTED_AT_SOURCE_PREFLIGHT,ORIGINAL_FINANCIAL_CATALOG_BYTES_MISSING,source_inventory.json
2024-01,2024-01-02,XU100,ENKAI,REJECTED_AT_SOURCE_PREFLIGHT,ORIGINAL_FINANCIAL_CATALOG_BYTES_MISSING,source_inventory.json
2024-01,2024-01-02,XU100,EREGL,REJECTED_AT_SOURCE_PREFLIGHT,ORIGINAL_FINANCIAL_CATALOG_BYTES_MISSING,source_inventory.json
2024-01,2024-01-02,XU100,EUPWR,REJECTED_AT_SOURCE_PREFLIGHT,ORIGINAL_FINANCIAL_CATALOG_BYTES_MISSING,source_inventory.json
2024-01,2024-01-02,XU100,EUREN,REJECTED_AT_SOURCE_PREFLIGHT,ORIGINAL_FINANCIAL_CATALOG_BYTES_MISSING,source_inventory.json
2024-01,2024-01-02,XU100,FROTO,REJECTED_AT_SOURCE_PREFLIGHT,ORIGINAL_FINANCIAL_CATALOG_BYTES_MISSING,source_inventory.json
2024-01,2024-01-02,XU100,GARAN,REJECTED_AT_SOURCE_PREFLIGHT,ORIGINAL_FINANCIAL_CATALOG_BYTES_MISSING,source_inventory.json
2024-01,2024-01-02,XU100,GESAN,REJECTED_AT_SOURCE_PREFLIGHT,ORIGINAL_FINANCIAL_CATALOG_BYTES_MISSING,source_inventory.json
2024-01,2024-01-02,XU100,GUBRF,REJECTED_AT_SOURCE_PREFLIGHT,ORIGINAL_FINANCIAL_CATALOG_BYTES_MISSING,source_inventory.json
2024-01,2024-01-02,XU100,GWIND,REJECTED_AT_SOURCE_PREFLIGHT,ORIGINAL_FINANCIAL_CATALOG_BYTES_MISSING,source_inventory.json
2024-01,2024-01-02,XU100,HALKB,REJECTED_AT_SOURCE_PREFLIGHT,ORIGINAL_FINANCIAL_CATALOG_BYTES_MISSING,source_inventory.json
2024-01,2024-01-02,XU100,HEKTS,REJECTED_AT_SOURCE_PREFLIGHT,ORIGINAL_FINANCIAL_CATALOG_BYTES_MISSING,source_inventory.json
2024-01,2024-01-02,XU100,IPEKE,REJECTED_AT_SOURCE_PREFLIGHT,ORIGINAL_FINANCIAL_CATALOG_BYTES_MISSING,source_inventory.json
2024-01,2024-01-02,XU100,ISCTR,REJECTED_AT_SOURCE_PREFLIGHT,ORIGINAL_FINANCIAL_CATALOG_BYTES_MISSING,source_inventory.json
2024-01,2024-01-02,XU100,ISDMR,REJECTED_AT_SOURCE_PREFLIGHT,ORIGINAL_FINANCIAL_CATALOG_BYTES_MISSING,source_inventory.json
2024-01,2024-01-02,XU100,ISGYO,REJECTED_AT_SOURCE_PREFLIGHT,ORIGINAL_FINANCIAL_CATALOG_BYTES_MISSING,source_inventory.json
2024-01,2024-01-02,XU100,ISMEN,REJECTED_AT_SOURCE_PREFLIGHT,ORIGINAL_FINANCIAL_CATALOG_BYTES_MISSING,source_inventory.json
2024-01,2024-01-02,XU100,IZENR,REJECTED_AT_SOURCE_PREFLIGHT,ORIGINAL_FINANCIAL_CATALOG_BYTES_MISSING,source_inventory.json
2024-01,2024-01-02,XU100,IZMDC,REJECTED_AT_SOURCE_PREFLIGHT,ORIGINAL_FINANCIAL_CATALOG_BYTES_MISSING,source_inventory.json
2024-01,2024-01-02,XU100,KARSN,REJECTED_AT_SOURCE_PREFLIGHT,ORIGINAL_FINANCIAL_CATALOG_BYTES_MISSING,source_inventory.json
2024-01,2024-01-02,XU100,KAYSE,REJECTED_AT_SOURCE_PREFLIGHT,ORIGINAL_FINANCIAL_CATALOG_BYTES_MISSING,source_inventory.json
2024-01,2024-01-02,XU100,KCAER,REJECTED_AT_SOURCE_PREFLIGHT,ORIGINAL_FINANCIAL_CATALOG_BYTES_MISSING,source_inventory.json
2024-01,2024-01-02,XU100,KCHOL,REJECTED_AT_SOURCE_PREFLIGHT,ORIGINAL_FINANCIAL_CATALOG_BYTES_MISSING,source_inventory.json
2024-01,2024-01-02,XU100,KLSER,REJECTED_AT_SOURCE_PREFLIGHT,ORIGINAL_FINANCIAL_CATALOG_BYTES_MISSING,source_inventory.json
2024-01,2024-01-02,XU100,KMPUR,REJECTED_AT_SOURCE_PREFLIGHT,ORIGINAL_FINANCIAL_CATALOG_BYTES_MISSING,source_inventory.json
2024-01,2024-01-02,XU100,KONTR,REJECTED_AT_SOURCE_PREFLIGHT,ORIGINAL_FINANCIAL_CATALOG_BYTES_MISSING,source_inventory.json
2024-01,2024-01-02,XU100,KONYA,REJECTED_AT_SOURCE_PREFLIGHT,ORIGINAL_FINANCIAL_CATALOG_BYTES_MISSING,source_inventory.json
2024-01,2024-01-02,XU100,KORDS,REJECTED_AT_SOURCE_PREFLIGHT,ORIGINAL_FINANCIAL_CATALOG_BYTES_MISSING,source_inventory.json
2024-01,2024-01-02,XU100,KOZAA,REJECTED_AT_SOURCE_PREFLIGHT,ORIGINAL_FINANCIAL_CATALOG_BYTES_MISSING,source_inventory.json
2024-01,2024-01-02,XU100,KOZAL,REJECTED_AT_SOURCE_PREFLIGHT,ORIGINAL_FINANCIAL_CATALOG_BYTES_MISSING,source_inventory.json
2024-01,2024-01-02,XU100,KRDMD,REJECTED_AT_SOURCE_PREFLIGHT,ORIGINAL_FINANCIAL_CATALOG_BYTES_MISSING,source_inventory.json
2024-01,2024-01-02,XU100,MAVI,REJECTED_AT_SOURCE_PREFLIGHT,ORIGINAL_FINANCIAL_CATALOG_BYTES_MISSING,source_inventory.json
2024-01,2024-01-02,XU100,MGROS,REJECTED_AT_SOURCE_PREFLIGHT,ORIGINAL_FINANCIAL_CATALOG_BYTES_MISSING,source_inventory.json
2024-01,2024-01-02,XU100,MIATK,REJECTED_AT_SOURCE_PREFLIGHT,ORIGINAL_FINANCIAL_CATALOG_BYTES_MISSING,source_inventory.json
2024-01,2024-01-02,XU100,ODAS,REJECTED_AT_SOURCE_PREFLIGHT,ORIGINAL_FINANCIAL_CATALOG_BYTES_MISSING,source_inventory.json
2024-01,2024-01-02,XU100,OTKAR,REJECTED_AT_SOURCE_PREFLIGHT,ORIGINAL_FINANCIAL_CATALOG_BYTES_MISSING,source_inventory.json
2024-01,2024-01-02,XU100,OYAKC,REJECTED_AT_SOURCE_PREFLIGHT,ORIGINAL_FINANCIAL_CATALOG_BYTES_MISSING,source_inventory.json
2024-01,2024-01-02,XU100,PENTA,REJECTED_AT_SOURCE_PREFLIGHT,ORIGINAL_FINANCIAL_CATALOG_BYTES_MISSING,source_inventory.json
2024-01,2024-01-02,XU100,PETKM,REJECTED_AT_SOURCE_PREFLIGHT,ORIGINAL_FINANCIAL_CATALOG_BYTES_MISSING,source_inventory.json
2024-01,2024-01-02,XU100,PGSUS,REJECTED_AT_SOURCE_PREFLIGHT,ORIGINAL_FINANCIAL_CATALOG_BYTES_MISSING,source_inventory.json
2024-01,2024-01-02,XU100,QUAGR,REJECTED_AT_SOURCE_PREFLIGHT,ORIGINAL_FINANCIAL_CATALOG_BYTES_MISSING,source_inventory.json
2024-01,2024-01-02,XU100,SAHOL,REJECTED_AT_SOURCE_PREFLIGHT,ORIGINAL_FINANCIAL_CATALOG_BYTES_MISSING,source_inventory.json
2024-01,2024-01-02,XU100,SASA,REJECTED_AT_SOURCE_PREFLIGHT,ORIGINAL_FINANCIAL_CATALOG_BYTES_MISSING,source_inventory.json
2024-01,2024-01-02,XU100,SDTTR,REJECTED_AT_SOURCE_PREFLIGHT,ORIGINAL_FINANCIAL_CATALOG_BYTES_MISSING,source_inventory.json
2024-01,2024-01-02,XU100,SISE,REJECTED_AT_SOURCE_PREFLIGHT,ORIGINAL_FINANCIAL_CATALOG_BYTES_MISSING,source_inventory.json
2024-01,2024-01-02,XU100,SKBNK,REJECTED_AT_SOURCE_PREFLIGHT,ORIGINAL_FINANCIAL_CATALOG_BYTES_MISSING,source_inventory.json
2024-01,2024-01-02,XU100,SMRTG,REJECTED_AT_SOURCE_PREFLIGHT,ORIGINAL_FINANCIAL_CATALOG_BYTES_MISSING,source_inventory.json
2024-01,2024-01-02,XU100,SOKM,REJECTED_AT_SOURCE_PREFLIGHT,ORIGINAL_FINANCIAL_CATALOG_BYTES_MISSING,source_inventory.json
2024-01,2024-01-02,XU100,TATEN,REJECTED_AT_SOURCE_PREFLIGHT,ORIGINAL_FINANCIAL_CATALOG_BYTES_MISSING,source_inventory.json
2024-01,2024-01-02,XU100,TAVHL,REJECTED_AT_SOURCE_PREFLIGHT,ORIGINAL_FINANCIAL_CATALOG_BYTES_MISSING,source_inventory.json
2024-01,2024-01-02,XU100,TCELL,REJECTED_AT_SOURCE_PREFLIGHT,ORIGINAL_FINANCIAL_CATALOG_BYTES_MISSING,source_inventory.json
2024-01,2024-01-02,XU100,THYAO,REJECTED_AT_SOURCE_PREFLIGHT,ORIGINAL_FINANCIAL_CATALOG_BYTES_MISSING,source_inventory.json
2024-01,2024-01-02,XU100,TKFEN,REJECTED_AT_SOURCE_PREFLIGHT,ORIGINAL_FINANCIAL_CATALOG_BYTES_MISSING,source_inventory.json
2024-01,2024-01-02,XU100,TOASO,REJECTED_AT_SOURCE_PREFLIGHT,ORIGINAL_FINANCIAL_CATALOG_BYTES_MISSING,source_inventory.json
2024-01,2024-01-02,XU100,TSKB,REJECTED_AT_SOURCE_PREFLIGHT,ORIGINAL_FINANCIAL_CATALOG_BYTES_MISSING,source_inventory.json
2024-01,2024-01-02,XU100,TTKOM,REJECTED_AT_SOURCE_PREFLIGHT,ORIGINAL_FINANCIAL_CATALOG_BYTES_MISSING,source_inventory.json
2024-01,2024-01-02,XU100,TTRAK,REJECTED_AT_SOURCE_PREFLIGHT,ORIGINAL_FINANCIAL_CATALOG_BYTES_MISSING,source_inventory.json
2024-01,2024-01-02,XU100,TUKAS,REJECTED_AT_SOURCE_PREFLIGHT,ORIGINAL_FINANCIAL_CATALOG_BYTES_MISSING,source_inventory.json
2024-01,2024-01-02,XU100,TUPRS,REJECTED_AT_SOURCE_PREFLIGHT,ORIGINAL_FINANCIAL_CATALOG_BYTES_MISSING,source_inventory.json
2024-01,2024-01-02,XU100,ULKER,REJECTED_AT_SOURCE_PREFLIGHT,ORIGINAL_FINANCIAL_CATALOG_BYTES_MISSING,source_inventory.json
2024-01,2024-01-02,XU100,VAKBN,REJECTED_AT_SOURCE_PREFLIGHT,ORIGINAL_FINANCIAL_CATALOG_BYTES_MISSING,source_inventory.json
2024-01,2024-01-02,XU100,VESTL,REJECTED_AT_SOURCE_PREFLIGHT,ORIGINAL_FINANCIAL_CATALOG_BYTES_MISSING,source_inventory.json
2024-01,2024-01-02,XU100,YEOTK,REJECTED_AT_SOURCE_PREFLIGHT,ORIGINAL_FINANCIAL_CATALOG_BYTES_MISSING,source_inventory.json
2024-01,2024-01-02,XU100,YKBNK,REJECTED_AT_SOURCE_PREFLIGHT,ORIGINAL_FINANCIAL_CATALOG_BYTES_MISSING,source_inventory.json
2024-01,2024-01-02,XU100,YYLGD,REJECTED_AT_SOURCE_PREFLIGHT,ORIGINAL_FINANCIAL_CATALOG_BYTES_MISSING,source_inventory.json
2024-01,2024-01-02,XU100,ZOREN,REJECTED_AT_SOURCE_PREFLIGHT,ORIGINAL_FINANCIAL_CATALOG_BYTES_MISSING,source_inventory.json
2024-02,2024-02-01,XU100,AEFES,REJECTED_AT_SOURCE_PREFLIGHT,ORIGINAL_FINANCIAL_CATALOG_BYTES_MISSING,source_inventory.json
2024-02,2024-02-01,XU100,AGHOL,REJECTED_AT_SOURCE_PREFLIGHT,ORIGINAL_FINANCIAL_CATALOG_BYTES_MISSING,source_inventory.json
2024-02,2024-02-01,XU100,AHGAZ,REJECTED_AT_SOURCE_PREFLIGHT,ORIGINAL_FINANCIAL_CATALOG_BYTES_MISSING,source_inventory.json
2024-02,2024-02-01,XU100,AKBNK,REJECTED_AT_SOURCE_PREFLIGHT,ORIGINAL_FINANCIAL_CATALOG_BYTES_MISSING,source_inventory.json
2024-02,2024-02-01,XU100,AKCNS,REJECTED_AT_SOURCE_PREFLIGHT,ORIGINAL_FINANCIAL_CATALOG_BYTES_MISSING,source_inventory.json
2024-02,2024-02-01,XU100,AKFYE,REJECTED_AT_SOURCE_PREFLIGHT,ORIGINAL_FINANCIAL_CATALOG_BYTES_MISSING,source_inventory.json
2024-02,2024-02-01,XU100,AKSA,REJECTED_AT_SOURCE_PREFLIGHT,ORIGINAL_FINANCIAL_CATALOG_BYTES_MISSING,source_inventory.json
2024-02,2024-02-01,XU100,AKSEN,REJECTED_AT_SOURCE_PREFLIGHT,ORIGINAL_FINANCIAL_CATALOG_BYTES_MISSING,source_inventory.json
2024-02,2024-02-01,XU100,ALARK,REJECTED_AT_SOURCE_PREFLIGHT,ORIGINAL_FINANCIAL_CATALOG_BYTES_MISSING,source_inventory.json
2024-02,2024-02-01,XU100,ALBRK,REJECTED_AT_SOURCE_PREFLIGHT,ORIGINAL_FINANCIAL_CATALOG_BYTES_MISSING,source_inventory.json
2024-02,2024-02-01,XU100,ALFAS,REJECTED_AT_SOURCE_PREFLIGHT,ORIGINAL_FINANCIAL_CATALOG_BYTES_MISSING,source_inventory.json
2024-02,2024-02-01,XU100,ARCLK,REJECTED_AT_SOURCE_PREFLIGHT,ORIGINAL_FINANCIAL_CATALOG_BYTES_MISSING,source_inventory.json
2024-02,2024-02-01,XU100,ASELS,REJECTED_AT_SOURCE_PREFLIGHT,ORIGINAL_FINANCIAL_CATALOG_BYTES_MISSING,source_inventory.json
2024-02,2024-02-01,XU100,ASGYO,REJECTED_AT_SOURCE_PREFLIGHT,ORIGINAL_FINANCIAL_CATALOG_BYTES_MISSING,source_inventory.json
2024-02,2024-02-01,XU100,ASTOR,REJECTED_AT_SOURCE_PREFLIGHT,ORIGINAL_FINANCIAL_CATALOG_BYTES_MISSING,source_inventory.json
2024-02,2024-02-01,XU100,BERA,REJECTED_AT_SOURCE_PREFLIGHT,ORIGINAL_FINANCIAL_CATALOG_BYTES_MISSING,source_inventory.json
2024-02,2024-02-01,XU100,BIENY,REJECTED_AT_SOURCE_PREFLIGHT,ORIGINAL_FINANCIAL_CATALOG_BYTES_MISSING,source_inventory.json
2024-02,2024-02-01,XU100,BIMAS,REJECTED_AT_SOURCE_PREFLIGHT,ORIGINAL_FINANCIAL_CATALOG_BYTES_MISSING,source_inventory.json
2024-02,2024-02-01,XU100,BIOEN,REJECTED_AT_SOURCE_PREFLIGHT,ORIGINAL_FINANCIAL_CATALOG_BYTES_MISSING,source_inventory.json
2024-02,2024-02-01,XU100,BOBET,REJECTED_AT_SOURCE_PREFLIGHT,ORIGINAL_FINANCIAL_CATALOG_BYTES_MISSING,source_inventory.json
2024-02,2024-02-01,XU100,BRSAN,REJECTED_AT_SOURCE_PREFLIGHT,ORIGINAL_FINANCIAL_CATALOG_BYTES_MISSING,source_inventory.json
2024-02,2024-02-01,XU100,BRYAT,REJECTED_AT_SOURCE_PREFLIGHT,ORIGINAL_FINANCIAL_CATALOG_BYTES_MISSING,source_inventory.json
2024-02,2024-02-01,XU100,BUCIM,REJECTED_AT_SOURCE_PREFLIGHT,ORIGINAL_FINANCIAL_CATALOG_BYTES_MISSING,source_inventory.json
2024-02,2024-02-01,XU100,CANTE,REJECTED_AT_SOURCE_PREFLIGHT,ORIGINAL_FINANCIAL_CATALOG_BYTES_MISSING,source_inventory.json
2024-02,2024-02-01,XU100,CCOLA,REJECTED_AT_SOURCE_PREFLIGHT,ORIGINAL_FINANCIAL_CATALOG_BYTES_MISSING,source_inventory.json
2024-02,2024-02-01,XU100,CIMSA,REJECTED_AT_SOURCE_PREFLIGHT,ORIGINAL_FINANCIAL_CATALOG_BYTES_MISSING,source_inventory.json
2024-02,2024-02-01,XU100,CWENE,REJECTED_AT_SOURCE_PREFLIGHT,ORIGINAL_FINANCIAL_CATALOG_BYTES_MISSING,source_inventory.json
2024-02,2024-02-01,XU100,DOAS,REJECTED_AT_SOURCE_PREFLIGHT,ORIGINAL_FINANCIAL_CATALOG_BYTES_MISSING,source_inventory.json
2024-02,2024-02-01,XU100,DOHOL,REJECTED_AT_SOURCE_PREFLIGHT,ORIGINAL_FINANCIAL_CATALOG_BYTES_MISSING,source_inventory.json
2024-02,2024-02-01,XU100,ECILC,REJECTED_AT_SOURCE_PREFLIGHT,ORIGINAL_FINANCIAL_CATALOG_BYTES_MISSING,source_inventory.json
2024-02,2024-02-01,XU100,ECZYT,REJECTED_AT_SOURCE_PREFLIGHT,ORIGINAL_FINANCIAL_CATALOG_BYTES_MISSING,source_inventory.json
2024-02,2024-02-01,XU100,EGEEN,REJECTED_AT_SOURCE_PREFLIGHT,ORIGINAL_FINANCIAL_CATALOG_BYTES_MISSING,source_inventory.json
2024-02,2024-02-01,XU100,EKGYO,REJECTED_AT_SOURCE_PREFLIGHT,ORIGINAL_FINANCIAL_CATALOG_BYTES_MISSING,source_inventory.json
2024-02,2024-02-01,XU100,ENERY,REJECTED_AT_SOURCE_PREFLIGHT,ORIGINAL_FINANCIAL_CATALOG_BYTES_MISSING,source_inventory.json
2024-02,2024-02-01,XU100,ENJSA,REJECTED_AT_SOURCE_PREFLIGHT,ORIGINAL_FINANCIAL_CATALOG_BYTES_MISSING,source_inventory.json
2024-02,2024-02-01,XU100,ENKAI,REJECTED_AT_SOURCE_PREFLIGHT,ORIGINAL_FINANCIAL_CATALOG_BYTES_MISSING,source_inventory.json
2024-02,2024-02-01,XU100,EREGL,REJECTED_AT_SOURCE_PREFLIGHT,ORIGINAL_FINANCIAL_CATALOG_BYTES_MISSING,source_inventory.json
2024-02,2024-02-01,XU100,EUPWR,REJECTED_AT_SOURCE_PREFLIGHT,ORIGINAL_FINANCIAL_CATALOG_BYTES_MISSING,source_inventory.json
2024-02,2024-02-01,XU100,EUREN,REJECTED_AT_SOURCE_PREFLIGHT,ORIGINAL_FINANCIAL_CATALOG_BYTES_MISSING,source_inventory.json
2024-02,2024-02-01,XU100,FROTO,REJECTED_AT_SOURCE_PREFLIGHT,ORIGINAL_FINANCIAL_CATALOG_BYTES_MISSING,source_inventory.json
2024-02,2024-02-01,XU100,GARAN,REJECTED_AT_SOURCE_PREFLIGHT,ORIGINAL_FINANCIAL_CATALOG_BYTES_MISSING,source_inventory.json
2024-02,2024-02-01,XU100,GESAN,REJECTED_AT_SOURCE_PREFLIGHT,ORIGINAL_FINANCIAL_CATALOG_BYTES_MISSING,source_inventory.json
2024-02,2024-02-01,XU100,GUBRF,REJECTED_AT_SOURCE_PREFLIGHT,ORIGINAL_FINANCIAL_CATALOG_BYTES_MISSING,source_inventory.json
2024-02,2024-02-01,XU100,GWIND,REJECTED_AT_SOURCE_PREFLIGHT,ORIGINAL_FINANCIAL_CATALOG_BYTES_MISSING,source_inventory.json
2024-02,2024-02-01,XU100,HALKB,REJECTED_AT_SOURCE_PREFLIGHT,ORIGINAL_FINANCIAL_CATALOG_BYTES_MISSING,source_inventory.json
2024-02,2024-02-01,XU100,HEKTS,REJECTED_AT_SOURCE_PREFLIGHT,ORIGINAL_FINANCIAL_CATALOG_BYTES_MISSING,source_inventory.json
2024-02,2024-02-01,XU100,IPEKE,REJECTED_AT_SOURCE_PREFLIGHT,ORIGINAL_FINANCIAL_CATALOG_BYTES_MISSING,source_inventory.json
2024-02,2024-02-01,XU100,ISCTR,REJECTED_AT_SOURCE_PREFLIGHT,ORIGINAL_FINANCIAL_CATALOG_BYTES_MISSING,source_inventory.json
2024-02,2024-02-01,XU100,ISDMR,REJECTED_AT_SOURCE_PREFLIGHT,ORIGINAL_FINANCIAL_CATALOG_BYTES_MISSING,source_inventory.json
2024-02,2024-02-01,XU100,ISGYO,REJECTED_AT_SOURCE_PREFLIGHT,ORIGINAL_FINANCIAL_CATALOG_BYTES_MISSING,source_inventory.json
2024-02,2024-02-01,XU100,ISMEN,REJECTED_AT_SOURCE_PREFLIGHT,ORIGINAL_FINANCIAL_CATALOG_BYTES_MISSING,source_inventory.json
2024-02,2024-02-01,XU100,IZENR,REJECTED_AT_SOURCE_PREFLIGHT,ORIGINAL_FINANCIAL_CATALOG_BYTES_MISSING,source_inventory.json
2024-02,2024-02-01,XU100,IZMDC,REJECTED_AT_SOURCE_PREFLIGHT,ORIGINAL_FINANCIAL_CATALOG_BYTES_MISSING,source_inventory.json
2024-02,2024-02-01,XU100,KARSN,REJECTED_AT_SOURCE_PREFLIGHT,ORIGINAL_FINANCIAL_CATALOG_BYTES_MISSING,source_inventory.json
2024-02,2024-02-01,XU100,KAYSE,REJECTED_AT_SOURCE_PREFLIGHT,ORIGINAL_FINANCIAL_CATALOG_BYTES_MISSING,source_inventory.json
2024-02,2024-02-01,XU100,KCAER,REJECTED_AT_SOURCE_PREFLIGHT,ORIGINAL_FINANCIAL_CATALOG_BYTES_MISSING,source_inventory.json
2024-02,2024-02-01,XU100,KCHOL,REJECTED_AT_SOURCE_PREFLIGHT,ORIGINAL_FINANCIAL_CATALOG_BYTES_MISSING,source_inventory.json
2024-02,2024-02-01,XU100,KLSER,REJECTED_AT_SOURCE_PREFLIGHT,ORIGINAL_FINANCIAL_CATALOG_BYTES_MISSING,source_inventory.json
2024-02,2024-02-01,XU100,KMPUR,REJECTED_AT_SOURCE_PREFLIGHT,ORIGINAL_FINANCIAL_CATALOG_BYTES_MISSING,source_inventory.json
2024-02,2024-02-01,XU100,KONTR,REJECTED_AT_SOURCE_PREFLIGHT,ORIGINAL_FINANCIAL_CATALOG_BYTES_MISSING,source_inventory.json
2024-02,2024-02-01,XU100,KONYA,REJECTED_AT_SOURCE_PREFLIGHT,ORIGINAL_FINANCIAL_CATALOG_BYTES_MISSING,source_inventory.json
2024-02,2024-02-01,XU100,KORDS,REJECTED_AT_SOURCE_PREFLIGHT,ORIGINAL_FINANCIAL_CATALOG_BYTES_MISSING,source_inventory.json
2024-02,2024-02-01,XU100,KOZAA,REJECTED_AT_SOURCE_PREFLIGHT,ORIGINAL_FINANCIAL_CATALOG_BYTES_MISSING,source_inventory.json
2024-02,2024-02-01,XU100,KOZAL,REJECTED_AT_SOURCE_PREFLIGHT,ORIGINAL_FINANCIAL_CATALOG_BYTES_MISSING,source_inventory.json
2024-02,2024-02-01,XU100,KRDMD,REJECTED_AT_SOURCE_PREFLIGHT,ORIGINAL_FINANCIAL_CATALOG_BYTES_MISSING,source_inventory.json
2024-02,2024-02-01,XU100,MAVI,REJECTED_AT_SOURCE_PREFLIGHT,ORIGINAL_FINANCIAL_CATALOG_BYTES_MISSING,source_inventory.json
2024-02,2024-02-01,XU100,MGROS,REJECTED_AT_SOURCE_PREFLIGHT,ORIGINAL_FINANCIAL_CATALOG_BYTES_MISSING,source_inventory.json
2024-02,2024-02-01,XU100,MIATK,REJECTED_AT_SOURCE_PREFLIGHT,ORIGINAL_FINANCIAL_CATALOG_BYTES_MISSING,source_inventory.json
2024-02,2024-02-01,XU100,ODAS,REJECTED_AT_SOURCE_PREFLIGHT,ORIGINAL_FINANCIAL_CATALOG_BYTES_MISSING,source_inventory.json
2024-02,2024-02-01,XU100,OTKAR,REJECTED_AT_SOURCE_PREFLIGHT,ORIGINAL_FINANCIAL_CATALOG_BYTES_MISSING,source_inventory.json
2024-02,2024-02-01,XU100,OYAKC,REJECTED_AT_SOURCE_PREFLIGHT,ORIGINAL_FINANCIAL_CATALOG_BYTES_MISSING,source_inventory.json
2024-02,2024-02-01,XU100,PENTA,REJECTED_AT_SOURCE_PREFLIGHT,ORIGINAL_FINANCIAL_CATALOG_BYTES_MISSING,source_inventory.json
2024-02,2024-02-01,XU100,PETKM,REJECTED_AT_SOURCE_PREFLIGHT,ORIGINAL_FINANCIAL_CATALOG_BYTES_MISSING,source_inventory.json
2024-02,2024-02-01,XU100,PGSUS,REJECTED_AT_SOURCE_PREFLIGHT,ORIGINAL_FINANCIAL_CATALOG_BYTES_MISSING,source_inventory.json
2024-02,2024-02-01,XU100,QUAGR,REJECTED_AT_SOURCE_PREFLIGHT,ORIGINAL_FINANCIAL_CATALOG_BYTES_MISSING,source_inventory.json
2024-02,2024-02-01,XU100,SAHOL,REJECTED_AT_SOURCE_PREFLIGHT,ORIGINAL_FINANCIAL_CATALOG_BYTES_MISSING,source_inventory.json
2024-02,2024-02-01,XU100,SASA,REJECTED_AT_SOURCE_PREFLIGHT,ORIGINAL_FINANCIAL_CATALOG_BYTES_MISSING,source_inventory.json
2024-02,2024-02-01,XU100,SDTTR,REJECTED_AT_SOURCE_PREFLIGHT,ORIGINAL_FINANCIAL_CATALOG_BYTES_MISSING,source_inventory.json
2024-02,2024-02-01,XU100,SISE,REJECTED_AT_SOURCE_PREFLIGHT,ORIGINAL_FINANCIAL_CATALOG_BYTES_MISSING,source_inventory.json
2024-02,2024-02-01,XU100,SKBNK,REJECTED_AT_SOURCE_PREFLIGHT,ORIGINAL_FINANCIAL_CATALOG_BYTES_MISSING,source_inventory.json
2024-02,2024-02-01,XU100,SMRTG,REJECTED_AT_SOURCE_PREFLIGHT,ORIGINAL_FINANCIAL_CATALOG_BYTES_MISSING,source_inventory.json
2024-02,2024-02-01,XU100,SOKM,REJECTED_AT_SOURCE_PREFLIGHT,ORIGINAL_FINANCIAL_CATALOG_BYTES_MISSING,source_inventory.json
2024-02,2024-02-01,XU100,TATEN,REJECTED_AT_SOURCE_PREFLIGHT,ORIGINAL_FINANCIAL_CATALOG_BYTES_MISSING,source_inventory.json
2024-02,2024-02-01,XU100,TAVHL,REJECTED_AT_SOURCE_PREFLIGHT,ORIGINAL_FINANCIAL_CATALOG_BYTES_MISSING,source_inventory.json
2024-02,2024-02-01,XU100,TCELL,REJECTED_AT_SOURCE_PREFLIGHT,ORIGINAL_FINANCIAL_CATALOG_BYTES_MISSING,source_inventory.json
2024-02,2024-02-01,XU100,THYAO,REJECTED_AT_SOURCE_PREFLIGHT,ORIGINAL_FINANCIAL_CATALOG_BYTES_MISSING,source_inventory.json
2024-02,2024-02-01,XU100,TKFEN,REJECTED_AT_SOURCE_PREFLIGHT,ORIGINAL_FINANCIAL_CATALOG_BYTES_MISSING,source_inventory.json
2024-02,2024-02-01,XU100,TOASO,REJECTED_AT_SOURCE_PREFLIGHT,ORIGINAL_FINANCIAL_CATALOG_BYTES_MISSING,source_inventory.json
2024-02,2024-02-01,XU100,TSKB,REJECTED_AT_SOURCE_PREFLIGHT,ORIGINAL_FINANCIAL_CATALOG_BYTES_MISSING,source_inventory.json
2024-02,2024-02-01,XU100,TTKOM,REJECTED_AT_SOURCE_PREFLIGHT,ORIGINAL_FINANCIAL_CATALOG_BYTES_MISSING,source_inventory.json
2024-02,2024-02-01,XU100,TTRAK,REJECTED_AT_SOURCE_PREFLIGHT,ORIGINAL_FINANCIAL_CATALOG_BYTES_MISSING,source_inventory.json
2024-02,2024-02-01,XU100,TUKAS,REJECTED_AT_SOURCE_PREFLIGHT,ORIGINAL_FINANCIAL_CATALOG_BYTES_MISSING,source_inventory.json
2024-02,2024-02-01,XU100,TUPRS,REJECTED_AT_SOURCE_PREFLIGHT,ORIGINAL_FINANCIAL_CATALOG_BYTES_MISSING,source_inventory.json
2024-02,2024-02-01,XU100,ULKER,REJECTED_AT_SOURCE_PREFLIGHT,ORIGINAL_FINANCIAL_CATALOG_BYTES_MISSING,source_inventory.json
2024-02,2024-02-01,XU100,VAKBN,REJECTED_AT_SOURCE_PREFLIGHT,ORIGINAL_FINANCIAL_CATALOG_BYTES_MISSING,source_inventory.json
2024-02,2024-02-01,XU100,VESTL,REJECTED_AT_SOURCE_PREFLIGHT,ORIGINAL_FINANCIAL_CATALOG_BYTES_MISSING,source_inventory.json
2024-02,2024-02-01,XU100,YEOTK,REJECTED_AT_SOURCE_PREFLIGHT,ORIGINAL_FINANCIAL_CATALOG_BYTES_MISSING,source_inventory.json
2024-02,2024-02-01,XU100,YKBNK,REJECTED_AT_SOURCE_PREFLIGHT,ORIGINAL_FINANCIAL_CATALOG_BYTES_MISSING,source_inventory.json
2024-02,2024-02-01,XU100,YYLGD,REJECTED_AT_SOURCE_PREFLIGHT,ORIGINAL_FINANCIAL_CATALOG_BYTES_MISSING,source_inventory.json
2024-02,2024-02-01,XU100,ZOREN,REJECTED_AT_SOURCE_PREFLIGHT,ORIGINAL_FINANCIAL_CATALOG_BYTES_MISSING,source_inventory.json
2024-03,2024-03-01,XU100,AEFES,REJECTED_AT_SOURCE_PREFLIGHT,ORIGINAL_FINANCIAL_CATALOG_BYTES_MISSING,source_inventory.json
2024-03,2024-03-01,XU100,AGHOL,REJECTED_AT_SOURCE_PREFLIGHT,ORIGINAL_FINANCIAL_CATALOG_BYTES_MISSING,source_inventory.json
2024-03,2024-03-01,XU100,AHGAZ,REJECTED_AT_SOURCE_PREFLIGHT,ORIGINAL_FINANCIAL_CATALOG_BYTES_MISSING,source_inventory.json
2024-03,2024-03-01,XU100,AKBNK,REJECTED_AT_SOURCE_PREFLIGHT,ORIGINAL_FINANCIAL_CATALOG_BYTES_MISSING,source_inventory.json
2024-03,2024-03-01,XU100,AKCNS,REJECTED_AT_SOURCE_PREFLIGHT,ORIGINAL_FINANCIAL_CATALOG_BYTES_MISSING,source_inventory.json
2024-03,2024-03-01,XU100,AKFYE,REJECTED_AT_SOURCE_PREFLIGHT,ORIGINAL_FINANCIAL_CATALOG_BYTES_MISSING,source_inventory.json
2024-03,2024-03-01,XU100,AKSA,REJECTED_AT_SOURCE_PREFLIGHT,ORIGINAL_FINANCIAL_CATALOG_BYTES_MISSING,source_inventory.json
2024-03,2024-03-01,XU100,AKSEN,REJECTED_AT_SOURCE_PREFLIGHT,ORIGINAL_FINANCIAL_CATALOG_BYTES_MISSING,source_inventory.json
2024-03,2024-03-01,XU100,ALARK,REJECTED_AT_SOURCE_PREFLIGHT,ORIGINAL_FINANCIAL_CATALOG_BYTES_MISSING,source_inventory.json
2024-03,2024-03-01,XU100,ALBRK,REJECTED_AT_SOURCE_PREFLIGHT,ORIGINAL_FINANCIAL_CATALOG_BYTES_MISSING,source_inventory.json
2024-03,2024-03-01,XU100,ALFAS,REJECTED_AT_SOURCE_PREFLIGHT,ORIGINAL_FINANCIAL_CATALOG_BYTES_MISSING,source_inventory.json
2024-03,2024-03-01,XU100,ARCLK,REJECTED_AT_SOURCE_PREFLIGHT,ORIGINAL_FINANCIAL_CATALOG_BYTES_MISSING,source_inventory.json
2024-03,2024-03-01,XU100,ASELS,REJECTED_AT_SOURCE_PREFLIGHT,ORIGINAL_FINANCIAL_CATALOG_BYTES_MISSING,source_inventory.json
2024-03,2024-03-01,XU100,ASGYO,REJECTED_AT_SOURCE_PREFLIGHT,ORIGINAL_FINANCIAL_CATALOG_BYTES_MISSING,source_inventory.json
2024-03,2024-03-01,XU100,ASTOR,REJECTED_AT_SOURCE_PREFLIGHT,ORIGINAL_FINANCIAL_CATALOG_BYTES_MISSING,source_inventory.json
2024-03,2024-03-01,XU100,BERA,REJECTED_AT_SOURCE_PREFLIGHT,ORIGINAL_FINANCIAL_CATALOG_BYTES_MISSING,source_inventory.json
2024-03,2024-03-01,XU100,BIENY,REJECTED_AT_SOURCE_PREFLIGHT,ORIGINAL_FINANCIAL_CATALOG_BYTES_MISSING,source_inventory.json
2024-03,2024-03-01,XU100,BIMAS,REJECTED_AT_SOURCE_PREFLIGHT,ORIGINAL_FINANCIAL_CATALOG_BYTES_MISSING,source_inventory.json
2024-03,2024-03-01,XU100,BIOEN,REJECTED_AT_SOURCE_PREFLIGHT,ORIGINAL_FINANCIAL_CATALOG_BYTES_MISSING,source_inventory.json
2024-03,2024-03-01,XU100,BOBET,REJECTED_AT_SOURCE_PREFLIGHT,ORIGINAL_FINANCIAL_CATALOG_BYTES_MISSING,source_inventory.json
2024-03,2024-03-01,XU100,BRSAN,REJECTED_AT_SOURCE_PREFLIGHT,ORIGINAL_FINANCIAL_CATALOG_BYTES_MISSING,source_inventory.json
2024-03,2024-03-01,XU100,BRYAT,REJECTED_AT_SOURCE_PREFLIGHT,ORIGINAL_FINANCIAL_CATALOG_BYTES_MISSING,source_inventory.json
2024-03,2024-03-01,XU100,BUCIM,REJECTED_AT_SOURCE_PREFLIGHT,ORIGINAL_FINANCIAL_CATALOG_BYTES_MISSING,source_inventory.json
2024-03,2024-03-01,XU100,CANTE,REJECTED_AT_SOURCE_PREFLIGHT,ORIGINAL_FINANCIAL_CATALOG_BYTES_MISSING,source_inventory.json
2024-03,2024-03-01,XU100,CCOLA,REJECTED_AT_SOURCE_PREFLIGHT,ORIGINAL_FINANCIAL_CATALOG_BYTES_MISSING,source_inventory.json
2024-03,2024-03-01,XU100,CIMSA,REJECTED_AT_SOURCE_PREFLIGHT,ORIGINAL_FINANCIAL_CATALOG_BYTES_MISSING,source_inventory.json
2024-03,2024-03-01,XU100,CWENE,REJECTED_AT_SOURCE_PREFLIGHT,ORIGINAL_FINANCIAL_CATALOG_BYTES_MISSING,source_inventory.json
2024-03,2024-03-01,XU100,DOAS,REJECTED_AT_SOURCE_PREFLIGHT,ORIGINAL_FINANCIAL_CATALOG_BYTES_MISSING,source_inventory.json
2024-03,2024-03-01,XU100,DOHOL,REJECTED_AT_SOURCE_PREFLIGHT,ORIGINAL_FINANCIAL_CATALOG_BYTES_MISSING,source_inventory.json
2024-03,2024-03-01,XU100,ECILC,REJECTED_AT_SOURCE_PREFLIGHT,ORIGINAL_FINANCIAL_CATALOG_BYTES_MISSING,source_inventory.json
2024-03,2024-03-01,XU100,ECZYT,REJECTED_AT_SOURCE_PREFLIGHT,ORIGINAL_FINANCIAL_CATALOG_BYTES_MISSING,source_inventory.json
2024-03,2024-03-01,XU100,EGEEN,REJECTED_AT_SOURCE_PREFLIGHT,ORIGINAL_FINANCIAL_CATALOG_BYTES_MISSING,source_inventory.json
2024-03,2024-03-01,XU100,EKGYO,REJECTED_AT_SOURCE_PREFLIGHT,ORIGINAL_FINANCIAL_CATALOG_BYTES_MISSING,source_inventory.json
2024-03,2024-03-01,XU100,ENERY,REJECTED_AT_SOURCE_PREFLIGHT,ORIGINAL_FINANCIAL_CATALOG_BYTES_MISSING,source_inventory.json
2024-03,2024-03-01,XU100,ENJSA,REJECTED_AT_SOURCE_PREFLIGHT,ORIGINAL_FINANCIAL_CATALOG_BYTES_MISSING,source_inventory.json
2024-03,2024-03-01,XU100,ENKAI,REJECTED_AT_SOURCE_PREFLIGHT,ORIGINAL_FINANCIAL_CATALOG_BYTES_MISSING,source_inventory.json
2024-03,2024-03-01,XU100,EREGL,REJECTED_AT_SOURCE_PREFLIGHT,ORIGINAL_FINANCIAL_CATALOG_BYTES_MISSING,source_inventory.json
2024-03,2024-03-01,XU100,EUPWR,REJECTED_AT_SOURCE_PREFLIGHT,ORIGINAL_FINANCIAL_CATALOG_BYTES_MISSING,source_inventory.json
2024-03,2024-03-01,XU100,EUREN,REJECTED_AT_SOURCE_PREFLIGHT,ORIGINAL_FINANCIAL_CATALOG_BYTES_MISSING,source_inventory.json
2024-03,2024-03-01,XU100,FROTO,REJECTED_AT_SOURCE_PREFLIGHT,ORIGINAL_FINANCIAL_CATALOG_BYTES_MISSING,source_inventory.json
2024-03,2024-03-01,XU100,GARAN,REJECTED_AT_SOURCE_PREFLIGHT,ORIGINAL_FINANCIAL_CATALOG_BYTES_MISSING,source_inventory.json
2024-03,2024-03-01,XU100,GESAN,REJECTED_AT_SOURCE_PREFLIGHT,ORIGINAL_FINANCIAL_CATALOG_BYTES_MISSING,source_inventory.json
2024-03,2024-03-01,XU100,GUBRF,REJECTED_AT_SOURCE_PREFLIGHT,ORIGINAL_FINANCIAL_CATALOG_BYTES_MISSING,source_inventory.json
2024-03,2024-03-01,XU100,GWIND,REJECTED_AT_SOURCE_PREFLIGHT,ORIGINAL_FINANCIAL_CATALOG_BYTES_MISSING,source_inventory.json
2024-03,2024-03-01,XU100,HALKB,REJECTED_AT_SOURCE_PREFLIGHT,ORIGINAL_FINANCIAL_CATALOG_BYTES_MISSING,source_inventory.json
2024-03,2024-03-01,XU100,HEKTS,REJECTED_AT_SOURCE_PREFLIGHT,ORIGINAL_FINANCIAL_CATALOG_BYTES_MISSING,source_inventory.json
2024-03,2024-03-01,XU100,IPEKE,REJECTED_AT_SOURCE_PREFLIGHT,ORIGINAL_FINANCIAL_CATALOG_BYTES_MISSING,source_inventory.json
2024-03,2024-03-01,XU100,ISCTR,REJECTED_AT_SOURCE_PREFLIGHT,ORIGINAL_FINANCIAL_CATALOG_BYTES_MISSING,source_inventory.json
2024-03,2024-03-01,XU100,ISDMR,REJECTED_AT_SOURCE_PREFLIGHT,ORIGINAL_FINANCIAL_CATALOG_BYTES_MISSING,source_inventory.json
2024-03,2024-03-01,XU100,ISGYO,REJECTED_AT_SOURCE_PREFLIGHT,ORIGINAL_FINANCIAL_CATALOG_BYTES_MISSING,source_inventory.json
2024-03,2024-03-01,XU100,ISMEN,REJECTED_AT_SOURCE_PREFLIGHT,ORIGINAL_FINANCIAL_CATALOG_BYTES_MISSING,source_inventory.json
2024-03,2024-03-01,XU100,IZENR,REJECTED_AT_SOURCE_PREFLIGHT,ORIGINAL_FINANCIAL_CATALOG_BYTES_MISSING,source_inventory.json
2024-03,2024-03-01,XU100,IZMDC,REJECTED_AT_SOURCE_PREFLIGHT,ORIGINAL_FINANCIAL_CATALOG_BYTES_MISSING,source_inventory.json
2024-03,2024-03-01,XU100,KARSN,REJECTED_AT_SOURCE_PREFLIGHT,ORIGINAL_FINANCIAL_CATALOG_BYTES_MISSING,source_inventory.json
2024-03,2024-03-01,XU100,KAYSE,REJECTED_AT_SOURCE_PREFLIGHT,ORIGINAL_FINANCIAL_CATALOG_BYTES_MISSING,source_inventory.json
2024-03,2024-03-01,XU100,KCAER,REJECTED_AT_SOURCE_PREFLIGHT,ORIGINAL_FINANCIAL_CATALOG_BYTES_MISSING,source_inventory.json
2024-03,2024-03-01,XU100,KCHOL,REJECTED_AT_SOURCE_PREFLIGHT,ORIGINAL_FINANCIAL_CATALOG_BYTES_MISSING,source_inventory.json
2024-03,2024-03-01,XU100,KLSER,REJECTED_AT_SOURCE_PREFLIGHT,ORIGINAL_FINANCIAL_CATALOG_BYTES_MISSING,source_inventory.json
2024-03,2024-03-01,XU100,KMPUR,REJECTED_AT_SOURCE_PREFLIGHT,ORIGINAL_FINANCIAL_CATALOG_BYTES_MISSING,source_inventory.json
2024-03,2024-03-01,XU100,KONTR,REJECTED_AT_SOURCE_PREFLIGHT,ORIGINAL_FINANCIAL_CATALOG_BYTES_MISSING,source_inventory.json
2024-03,2024-03-01,XU100,KONYA,REJECTED_AT_SOURCE_PREFLIGHT,ORIGINAL_FINANCIAL_CATALOG_BYTES_MISSING,source_inventory.json
2024-03,2024-03-01,XU100,KORDS,REJECTED_AT_SOURCE_PREFLIGHT,ORIGINAL_FINANCIAL_CATALOG_BYTES_MISSING,source_inventory.json
2024-03,2024-03-01,XU100,KOZAA,REJECTED_AT_SOURCE_PREFLIGHT,ORIGINAL_FINANCIAL_CATALOG_BYTES_MISSING,source_inventory.json
2024-03,2024-03-01,XU100,KOZAL,REJECTED_AT_SOURCE_PREFLIGHT,ORIGINAL_FINANCIAL_CATALOG_BYTES_MISSING,source_inventory.json
2024-03,2024-03-01,XU100,KRDMD,REJECTED_AT_SOURCE_PREFLIGHT,ORIGINAL_FINANCIAL_CATALOG_BYTES_MISSING,source_inventory.json
2024-03,2024-03-01,XU100,MAVI,REJECTED_AT_SOURCE_PREFLIGHT,ORIGINAL_FINANCIAL_CATALOG_BYTES_MISSING,source_inventory.json
2024-03,2024-03-01,XU100,MGROS,REJECTED_AT_SOURCE_PREFLIGHT,ORIGINAL_FINANCIAL_CATALOG_BYTES_MISSING,source_inventory.json
2024-03,2024-03-01,XU100,MIATK,REJECTED_AT_SOURCE_PREFLIGHT,ORIGINAL_FINANCIAL_CATALOG_BYTES_MISSING,source_inventory.json
2024-03,2024-03-01,XU100,ODAS,REJECTED_AT_SOURCE_PREFLIGHT,ORIGINAL_FINANCIAL_CATALOG_BYTES_MISSING,source_inventory.json
2024-03,2024-03-01,XU100,OTKAR,REJECTED_AT_SOURCE_PREFLIGHT,ORIGINAL_FINANCIAL_CATALOG_BYTES_MISSING,source_inventory.json
2024-03,2024-03-01,XU100,OYAKC,REJECTED_AT_SOURCE_PREFLIGHT,ORIGINAL_FINANCIAL_CATALOG_BYTES_MISSING,source_inventory.json
2024-03,2024-03-01,XU100,PENTA,REJECTED_AT_SOURCE_PREFLIGHT,ORIGINAL_FINANCIAL_CATALOG_BYTES_MISSING,source_inventory.json
2024-03,2024-03-01,XU100,PETKM,REJECTED_AT_SOURCE_PREFLIGHT,ORIGINAL_FINANCIAL_CATALOG_BYTES_MISSING,source_inventory.json
2024-03,2024-03-01,XU100,PGSUS,REJECTED_AT_SOURCE_PREFLIGHT,ORIGINAL_FINANCIAL_CATALOG_BYTES_MISSING,source_inventory.json
2024-03,2024-03-01,XU100,QUAGR,REJECTED_AT_SOURCE_PREFLIGHT,ORIGINAL_FINANCIAL_CATALOG_BYTES_MISSING,source_inventory.json
2024-03,2024-03-01,XU100,SAHOL,REJECTED_AT_SOURCE_PREFLIGHT,ORIGINAL_FINANCIAL_CATALOG_BYTES_MISSING,source_inventory.json
2024-03,2024-03-01,XU100,SASA,REJECTED_AT_SOURCE_PREFLIGHT,ORIGINAL_FINANCIAL_CATALOG_BYTES_MISSING,source_inventory.json
2024-03,2024-03-01,XU100,SDTTR,REJECTED_AT_SOURCE_PREFLIGHT,ORIGINAL_FINANCIAL_CATALOG_BYTES_MISSING,source_inventory.json
2024-03,2024-03-01,XU100,SISE,REJECTED_AT_SOURCE_PREFLIGHT,ORIGINAL_FINANCIAL_CATALOG_BYTES_MISSING,source_inventory.json
2024-03,2024-03-01,XU100,SKBNK,REJECTED_AT_SOURCE_PREFLIGHT,ORIGINAL_FINANCIAL_CATALOG_BYTES_MISSING,source_inventory.json
2024-03,2024-03-01,XU100,SMRTG,REJECTED_AT_SOURCE_PREFLIGHT,ORIGINAL_FINANCIAL_CATALOG_BYTES_MISSING,source_inventory.json
2024-03,2024-03-01,XU100,SOKM,REJECTED_AT_SOURCE_PREFLIGHT,ORIGINAL_FINANCIAL_CATALOG_BYTES_MISSING,source_inventory.json
2024-03,2024-03-01,XU100,TATEN,REJECTED_AT_SOURCE_PREFLIGHT,ORIGINAL_FINANCIAL_CATALOG_BYTES_MISSING,source_inventory.json
2024-03,2024-03-01,XU100,TAVHL,REJECTED_AT_SOURCE_PREFLIGHT,ORIGINAL_FINANCIAL_CATALOG_BYTES_MISSING,source_inventory.json
2024-03,2024-03-01,XU100,TCELL,REJECTED_AT_SOURCE_PREFLIGHT,ORIGINAL_FINANCIAL_CATALOG_BYTES_MISSING,source_inventory.json
2024-03,2024-03-01,XU100,THYAO,REJECTED_AT_SOURCE_PREFLIGHT,ORIGINAL_FINANCIAL_CATALOG_BYTES_MISSING,source_inventory.json
2024-03,2024-03-01,XU100,TKFEN,REJECTED_AT_SOURCE_PREFLIGHT,ORIGINAL_FINANCIAL_CATALOG_BYTES_MISSING,source_inventory.json
2024-03,2024-03-01,XU100,TOASO,REJECTED_AT_SOURCE_PREFLIGHT,ORIGINAL_FINANCIAL_CATALOG_BYTES_MISSING,source_inventory.json
2024-03,2024-03-01,XU100,TSKB,REJECTED_AT_SOURCE_PREFLIGHT,ORIGINAL_FINANCIAL_CATALOG_BYTES_MISSING,source_inventory.json
2024-03,2024-03-01,XU100,TTKOM,REJECTED_AT_SOURCE_PREFLIGHT,ORIGINAL_FINANCIAL_CATALOG_BYTES_MISSING,source_inventory.json
2024-03,2024-03-01,XU100,TTRAK,REJECTED_AT_SOURCE_PREFLIGHT,ORIGINAL_FINANCIAL_CATALOG_BYTES_MISSING,source_inventory.json
2024-03,2024-03-01,XU100,TUKAS,REJECTED_AT_SOURCE_PREFLIGHT,ORIGINAL_FINANCIAL_CATALOG_BYTES_MISSING,source_inventory.json
2024-03,2024-03-01,XU100,TUPRS,REJECTED_AT_SOURCE_PREFLIGHT,ORIGINAL_FINANCIAL_CATALOG_BYTES_MISSING,source_inventory.json
2024-03,2024-03-01,XU100,ULKER,REJECTED_AT_SOURCE_PREFLIGHT,ORIGINAL_FINANCIAL_CATALOG_BYTES_MISSING,source_inventory.json
2024-03,2024-03-01,XU100,VAKBN,REJECTED_AT_SOURCE_PREFLIGHT,ORIGINAL_FINANCIAL_CATALOG_BYTES_MISSING,source_inventory.json
2024-03,2024-03-01,XU100,VESTL,REJECTED_AT_SOURCE_PREFLIGHT,ORIGINAL_FINANCIAL_CATALOG_BYTES_MISSING,source_inventory.json
2024-03,2024-03-01,XU100,YEOTK,REJECTED_AT_SOURCE_PREFLIGHT,ORIGINAL_FINANCIAL_CATALOG_BYTES_MISSING,source_inventory.json
2024-03,2024-03-01,XU100,YKBNK,REJECTED_AT_SOURCE_PREFLIGHT,ORIGINAL_FINANCIAL_CATALOG_BYTES_MISSING,source_inventory.json
2024-03,2024-03-01,XU100,YYLGD,REJECTED_AT_SOURCE_PREFLIGHT,ORIGINAL_FINANCIAL_CATALOG_BYTES_MISSING,source_inventory.json
2024-03,2024-03-01,XU100,ZOREN,REJECTED_AT_SOURCE_PREFLIGHT,ORIGINAL_FINANCIAL_CATALOG_BYTES_MISSING,source_inventory.json
2024-04,2024-04-01,XU100,AEFES,REJECTED_AT_SOURCE_PREFLIGHT,ORIGINAL_FINANCIAL_CATALOG_BYTES_MISSING,source_inventory.json
2024-04,2024-04-01,XU100,AGROT,REJECTED_AT_SOURCE_PREFLIGHT,ORIGINAL_FINANCIAL_CATALOG_BYTES_MISSING,source_inventory.json
2024-04,2024-04-01,XU100,AHGAZ,REJECTED_AT_SOURCE_PREFLIGHT,ORIGINAL_FINANCIAL_CATALOG_BYTES_MISSING,source_inventory.json
2024-04,2024-04-01,XU100,AKBNK,REJECTED_AT_SOURCE_PREFLIGHT,ORIGINAL_FINANCIAL_CATALOG_BYTES_MISSING,source_inventory.json
2024-04,2024-04-01,XU100,AKCNS,REJECTED_AT_SOURCE_PREFLIGHT,ORIGINAL_FINANCIAL_CATALOG_BYTES_MISSING,source_inventory.json
2024-04,2024-04-01,XU100,AKFGY,REJECTED_AT_SOURCE_PREFLIGHT,ORIGINAL_FINANCIAL_CATALOG_BYTES_MISSING,source_inventory.json
2024-04,2024-04-01,XU100,AKFYE,REJECTED_AT_SOURCE_PREFLIGHT,ORIGINAL_FINANCIAL_CATALOG_BYTES_MISSING,source_inventory.json
2024-04,2024-04-01,XU100,AKSA,REJECTED_AT_SOURCE_PREFLIGHT,ORIGINAL_FINANCIAL_CATALOG_BYTES_MISSING,source_inventory.json
2024-04,2024-04-01,XU100,AKSEN,REJECTED_AT_SOURCE_PREFLIGHT,ORIGINAL_FINANCIAL_CATALOG_BYTES_MISSING,source_inventory.json
2024-04,2024-04-01,XU100,ALARK,REJECTED_AT_SOURCE_PREFLIGHT,ORIGINAL_FINANCIAL_CATALOG_BYTES_MISSING,source_inventory.json
2024-04,2024-04-01,XU100,ALBRK,REJECTED_AT_SOURCE_PREFLIGHT,ORIGINAL_FINANCIAL_CATALOG_BYTES_MISSING,source_inventory.json
2024-04,2024-04-01,XU100,ALFAS,REJECTED_AT_SOURCE_PREFLIGHT,ORIGINAL_FINANCIAL_CATALOG_BYTES_MISSING,source_inventory.json
2024-04,2024-04-01,XU100,ANSGR,REJECTED_AT_SOURCE_PREFLIGHT,ORIGINAL_FINANCIAL_CATALOG_BYTES_MISSING,source_inventory.json
2024-04,2024-04-01,XU100,ARCLK,REJECTED_AT_SOURCE_PREFLIGHT,ORIGINAL_FINANCIAL_CATALOG_BYTES_MISSING,source_inventory.json
2024-04,2024-04-01,XU100,ASELS,REJECTED_AT_SOURCE_PREFLIGHT,ORIGINAL_FINANCIAL_CATALOG_BYTES_MISSING,source_inventory.json
2024-04,2024-04-01,XU100,ASTOR,REJECTED_AT_SOURCE_PREFLIGHT,ORIGINAL_FINANCIAL_CATALOG_BYTES_MISSING,source_inventory.json
2024-04,2024-04-01,XU100,BERA,REJECTED_AT_SOURCE_PREFLIGHT,ORIGINAL_FINANCIAL_CATALOG_BYTES_MISSING,source_inventory.json
2024-04,2024-04-01,XU100,BFREN,REJECTED_AT_SOURCE_PREFLIGHT,ORIGINAL_FINANCIAL_CATALOG_BYTES_MISSING,source_inventory.json
2024-04,2024-04-01,XU100,BIENY,REJECTED_AT_SOURCE_PREFLIGHT,ORIGINAL_FINANCIAL_CATALOG_BYTES_MISSING,source_inventory.json
2024-04,2024-04-01,XU100,BIMAS,REJECTED_AT_SOURCE_PREFLIGHT,ORIGINAL_FINANCIAL_CATALOG_BYTES_MISSING,source_inventory.json
2024-04,2024-04-01,XU100,BIOEN,REJECTED_AT_SOURCE_PREFLIGHT,ORIGINAL_FINANCIAL_CATALOG_BYTES_MISSING,source_inventory.json
2024-04,2024-04-01,XU100,BOBET,REJECTED_AT_SOURCE_PREFLIGHT,ORIGINAL_FINANCIAL_CATALOG_BYTES_MISSING,source_inventory.json
2024-04,2024-04-01,XU100,BRSAN,REJECTED_AT_SOURCE_PREFLIGHT,ORIGINAL_FINANCIAL_CATALOG_BYTES_MISSING,source_inventory.json
2024-04,2024-04-01,XU100,BRYAT,REJECTED_AT_SOURCE_PREFLIGHT,ORIGINAL_FINANCIAL_CATALOG_BYTES_MISSING,source_inventory.json
2024-04,2024-04-01,XU100,BTCIM,REJECTED_AT_SOURCE_PREFLIGHT,ORIGINAL_FINANCIAL_CATALOG_BYTES_MISSING,source_inventory.json
2024-04,2024-04-01,XU100,CANTE,REJECTED_AT_SOURCE_PREFLIGHT,ORIGINAL_FINANCIAL_CATALOG_BYTES_MISSING,source_inventory.json
2024-04,2024-04-01,XU100,CCOLA,REJECTED_AT_SOURCE_PREFLIGHT,ORIGINAL_FINANCIAL_CATALOG_BYTES_MISSING,source_inventory.json
2024-04,2024-04-01,XU100,CIMSA,REJECTED_AT_SOURCE_PREFLIGHT,ORIGINAL_FINANCIAL_CATALOG_BYTES_MISSING,source_inventory.json
2024-04,2024-04-01,XU100,CWENE,REJECTED_AT_SOURCE_PREFLIGHT,ORIGINAL_FINANCIAL_CATALOG_BYTES_MISSING,source_inventory.json
2024-04,2024-04-01,XU100,DOAS,REJECTED_AT_SOURCE_PREFLIGHT,ORIGINAL_FINANCIAL_CATALOG_BYTES_MISSING,source_inventory.json
2024-04,2024-04-01,XU100,DOHOL,REJECTED_AT_SOURCE_PREFLIGHT,ORIGINAL_FINANCIAL_CATALOG_BYTES_MISSING,source_inventory.json
2024-04,2024-04-01,XU100,ECILC,REJECTED_AT_SOURCE_PREFLIGHT,ORIGINAL_FINANCIAL_CATALOG_BYTES_MISSING,source_inventory.json
2024-04,2024-04-01,XU100,ECZYT,REJECTED_AT_SOURCE_PREFLIGHT,ORIGINAL_FINANCIAL_CATALOG_BYTES_MISSING,source_inventory.json
2024-04,2024-04-01,XU100,EGEEN,REJECTED_AT_SOURCE_PREFLIGHT,ORIGINAL_FINANCIAL_CATALOG_BYTES_MISSING,source_inventory.json
2024-04,2024-04-01,XU100,EKGYO,REJECTED_AT_SOURCE_PREFLIGHT,ORIGINAL_FINANCIAL_CATALOG_BYTES_MISSING,source_inventory.json
2024-04,2024-04-01,XU100,ENERY,REJECTED_AT_SOURCE_PREFLIGHT,ORIGINAL_FINANCIAL_CATALOG_BYTES_MISSING,source_inventory.json
2024-04,2024-04-01,XU100,ENJSA,REJECTED_AT_SOURCE_PREFLIGHT,ORIGINAL_FINANCIAL_CATALOG_BYTES_MISSING,source_inventory.json
2024-04,2024-04-01,XU100,ENKAI,REJECTED_AT_SOURCE_PREFLIGHT,ORIGINAL_FINANCIAL_CATALOG_BYTES_MISSING,source_inventory.json
2024-04,2024-04-01,XU100,EREGL,REJECTED_AT_SOURCE_PREFLIGHT,ORIGINAL_FINANCIAL_CATALOG_BYTES_MISSING,source_inventory.json
2024-04,2024-04-01,XU100,EUPWR,REJECTED_AT_SOURCE_PREFLIGHT,ORIGINAL_FINANCIAL_CATALOG_BYTES_MISSING,source_inventory.json
2024-04,2024-04-01,XU100,EUREN,REJECTED_AT_SOURCE_PREFLIGHT,ORIGINAL_FINANCIAL_CATALOG_BYTES_MISSING,source_inventory.json
2024-04,2024-04-01,XU100,FROTO,REJECTED_AT_SOURCE_PREFLIGHT,ORIGINAL_FINANCIAL_CATALOG_BYTES_MISSING,source_inventory.json
2024-04,2024-04-01,XU100,GARAN,REJECTED_AT_SOURCE_PREFLIGHT,ORIGINAL_FINANCIAL_CATALOG_BYTES_MISSING,source_inventory.json
2024-04,2024-04-01,XU100,GESAN,REJECTED_AT_SOURCE_PREFLIGHT,ORIGINAL_FINANCIAL_CATALOG_BYTES_MISSING,source_inventory.json
2024-04,2024-04-01,XU100,GUBRF,REJECTED_AT_SOURCE_PREFLIGHT,ORIGINAL_FINANCIAL_CATALOG_BYTES_MISSING,source_inventory.json
2024-04,2024-04-01,XU100,GWIND,REJECTED_AT_SOURCE_PREFLIGHT,ORIGINAL_FINANCIAL_CATALOG_BYTES_MISSING,source_inventory.json
2024-04,2024-04-01,XU100,HALKB,REJECTED_AT_SOURCE_PREFLIGHT,ORIGINAL_FINANCIAL_CATALOG_BYTES_MISSING,source_inventory.json
2024-04,2024-04-01,XU100,HEKTS,REJECTED_AT_SOURCE_PREFLIGHT,ORIGINAL_FINANCIAL_CATALOG_BYTES_MISSING,source_inventory.json
2024-04,2024-04-01,XU100,IPEKE,REJECTED_AT_SOURCE_PREFLIGHT,ORIGINAL_FINANCIAL_CATALOG_BYTES_MISSING,source_inventory.json
2024-04,2024-04-01,XU100,ISCTR,REJECTED_AT_SOURCE_PREFLIGHT,ORIGINAL_FINANCIAL_CATALOG_BYTES_MISSING,source_inventory.json
2024-04,2024-04-01,XU100,ISGYO,REJECTED_AT_SOURCE_PREFLIGHT,ORIGINAL_FINANCIAL_CATALOG_BYTES_MISSING,source_inventory.json
2024-04,2024-04-01,XU100,ISMEN,REJECTED_AT_SOURCE_PREFLIGHT,ORIGINAL_FINANCIAL_CATALOG_BYTES_MISSING,source_inventory.json
2024-04,2024-04-01,XU100,IZENR,REJECTED_AT_SOURCE_PREFLIGHT,ORIGINAL_FINANCIAL_CATALOG_BYTES_MISSING,source_inventory.json
2024-04,2024-04-01,XU100,KAYSE,REJECTED_AT_SOURCE_PREFLIGHT,ORIGINAL_FINANCIAL_CATALOG_BYTES_MISSING,source_inventory.json
2024-04,2024-04-01,XU100,KCAER,REJECTED_AT_SOURCE_PREFLIGHT,ORIGINAL_FINANCIAL_CATALOG_BYTES_MISSING,source_inventory.json
2024-04,2024-04-01,XU100,KCHOL,REJECTED_AT_SOURCE_PREFLIGHT,ORIGINAL_FINANCIAL_CATALOG_BYTES_MISSING,source_inventory.json
2024-04,2024-04-01,XU100,KLSER,REJECTED_AT_SOURCE_PREFLIGHT,ORIGINAL_FINANCIAL_CATALOG_BYTES_MISSING,source_inventory.json
2024-04,2024-04-01,XU100,KONTR,REJECTED_AT_SOURCE_PREFLIGHT,ORIGINAL_FINANCIAL_CATALOG_BYTES_MISSING,source_inventory.json
2024-04,2024-04-01,XU100,KONYA,REJECTED_AT_SOURCE_PREFLIGHT,ORIGINAL_FINANCIAL_CATALOG_BYTES_MISSING,source_inventory.json
2024-04,2024-04-01,XU100,KOZAA,REJECTED_AT_SOURCE_PREFLIGHT,ORIGINAL_FINANCIAL_CATALOG_BYTES_MISSING,source_inventory.json
2024-04,2024-04-01,XU100,KOZAL,REJECTED_AT_SOURCE_PREFLIGHT,ORIGINAL_FINANCIAL_CATALOG_BYTES_MISSING,source_inventory.json
2024-04,2024-04-01,XU100,KRDMD,REJECTED_AT_SOURCE_PREFLIGHT,ORIGINAL_FINANCIAL_CATALOG_BYTES_MISSING,source_inventory.json
2024-04,2024-04-01,XU100,MAVI,REJECTED_AT_SOURCE_PREFLIGHT,ORIGINAL_FINANCIAL_CATALOG_BYTES_MISSING,source_inventory.json
2024-04,2024-04-01,XU100,MGROS,REJECTED_AT_SOURCE_PREFLIGHT,ORIGINAL_FINANCIAL_CATALOG_BYTES_MISSING,source_inventory.json
2024-04,2024-04-01,XU100,MIATK,REJECTED_AT_SOURCE_PREFLIGHT,ORIGINAL_FINANCIAL_CATALOG_BYTES_MISSING,source_inventory.json
2024-04,2024-04-01,XU100,ODAS,REJECTED_AT_SOURCE_PREFLIGHT,ORIGINAL_FINANCIAL_CATALOG_BYTES_MISSING,source_inventory.json
2024-04,2024-04-01,XU100,OTKAR,REJECTED_AT_SOURCE_PREFLIGHT,ORIGINAL_FINANCIAL_CATALOG_BYTES_MISSING,source_inventory.json
2024-04,2024-04-01,XU100,OYAKC,REJECTED_AT_SOURCE_PREFLIGHT,ORIGINAL_FINANCIAL_CATALOG_BYTES_MISSING,source_inventory.json
2024-04,2024-04-01,XU100,PETKM,REJECTED_AT_SOURCE_PREFLIGHT,ORIGINAL_FINANCIAL_CATALOG_BYTES_MISSING,source_inventory.json
2024-04,2024-04-01,XU100,PGSUS,REJECTED_AT_SOURCE_PREFLIGHT,ORIGINAL_FINANCIAL_CATALOG_BYTES_MISSING,source_inventory.json
2024-04,2024-04-01,XU100,QUAGR,REJECTED_AT_SOURCE_PREFLIGHT,ORIGINAL_FINANCIAL_CATALOG_BYTES_MISSING,source_inventory.json
2024-04,2024-04-01,XU100,REEDR,REJECTED_AT_SOURCE_PREFLIGHT,ORIGINAL_FINANCIAL_CATALOG_BYTES_MISSING,source_inventory.json
2024-04,2024-04-01,XU100,SAHOL,REJECTED_AT_SOURCE_PREFLIGHT,ORIGINAL_FINANCIAL_CATALOG_BYTES_MISSING,source_inventory.json
2024-04,2024-04-01,XU100,SASA,REJECTED_AT_SOURCE_PREFLIGHT,ORIGINAL_FINANCIAL_CATALOG_BYTES_MISSING,source_inventory.json
2024-04,2024-04-01,XU100,SAYAS,REJECTED_AT_SOURCE_PREFLIGHT,ORIGINAL_FINANCIAL_CATALOG_BYTES_MISSING,source_inventory.json
2024-04,2024-04-01,XU100,SDTTR,REJECTED_AT_SOURCE_PREFLIGHT,ORIGINAL_FINANCIAL_CATALOG_BYTES_MISSING,source_inventory.json
2024-04,2024-04-01,XU100,SISE,REJECTED_AT_SOURCE_PREFLIGHT,ORIGINAL_FINANCIAL_CATALOG_BYTES_MISSING,source_inventory.json
2024-04,2024-04-01,XU100,SKBNK,REJECTED_AT_SOURCE_PREFLIGHT,ORIGINAL_FINANCIAL_CATALOG_BYTES_MISSING,source_inventory.json
2024-04,2024-04-01,XU100,SMRTG,REJECTED_AT_SOURCE_PREFLIGHT,ORIGINAL_FINANCIAL_CATALOG_BYTES_MISSING,source_inventory.json
2024-04,2024-04-01,XU100,SOKM,REJECTED_AT_SOURCE_PREFLIGHT,ORIGINAL_FINANCIAL_CATALOG_BYTES_MISSING,source_inventory.json
2024-04,2024-04-01,XU100,TABGD,REJECTED_AT_SOURCE_PREFLIGHT,ORIGINAL_FINANCIAL_CATALOG_BYTES_MISSING,source_inventory.json
2024-04,2024-04-01,XU100,TAVHL,REJECTED_AT_SOURCE_PREFLIGHT,ORIGINAL_FINANCIAL_CATALOG_BYTES_MISSING,source_inventory.json
2024-04,2024-04-01,XU100,TCELL,REJECTED_AT_SOURCE_PREFLIGHT,ORIGINAL_FINANCIAL_CATALOG_BYTES_MISSING,source_inventory.json
2024-04,2024-04-01,XU100,THYAO,REJECTED_AT_SOURCE_PREFLIGHT,ORIGINAL_FINANCIAL_CATALOG_BYTES_MISSING,source_inventory.json
2024-04,2024-04-01,XU100,TKFEN,REJECTED_AT_SOURCE_PREFLIGHT,ORIGINAL_FINANCIAL_CATALOG_BYTES_MISSING,source_inventory.json
2024-04,2024-04-01,XU100,TOASO,REJECTED_AT_SOURCE_PREFLIGHT,ORIGINAL_FINANCIAL_CATALOG_BYTES_MISSING,source_inventory.json
2024-04,2024-04-01,XU100,TSKB,REJECTED_AT_SOURCE_PREFLIGHT,ORIGINAL_FINANCIAL_CATALOG_BYTES_MISSING,source_inventory.json
2024-04,2024-04-01,XU100,TTKOM,REJECTED_AT_SOURCE_PREFLIGHT,ORIGINAL_FINANCIAL_CATALOG_BYTES_MISSING,source_inventory.json
2024-04,2024-04-01,XU100,TTRAK,REJECTED_AT_SOURCE_PREFLIGHT,ORIGINAL_FINANCIAL_CATALOG_BYTES_MISSING,source_inventory.json
2024-04,2024-04-01,XU100,TUKAS,REJECTED_AT_SOURCE_PREFLIGHT,ORIGINAL_FINANCIAL_CATALOG_BYTES_MISSING,source_inventory.json
2024-04,2024-04-01,XU100,TUPRS,REJECTED_AT_SOURCE_PREFLIGHT,ORIGINAL_FINANCIAL_CATALOG_BYTES_MISSING,source_inventory.json
2024-04,2024-04-01,XU100,TURSG,REJECTED_AT_SOURCE_PREFLIGHT,ORIGINAL_FINANCIAL_CATALOG_BYTES_MISSING,source_inventory.json
2024-04,2024-04-01,XU100,ULKER,REJECTED_AT_SOURCE_PREFLIGHT,ORIGINAL_FINANCIAL_CATALOG_BYTES_MISSING,source_inventory.json
2024-04,2024-04-01,XU100,VAKBN,REJECTED_AT_SOURCE_PREFLIGHT,ORIGINAL_FINANCIAL_CATALOG_BYTES_MISSING,source_inventory.json
2024-04,2024-04-01,XU100,VESBE,REJECTED_AT_SOURCE_PREFLIGHT,ORIGINAL_FINANCIAL_CATALOG_BYTES_MISSING,source_inventory.json
2024-04,2024-04-01,XU100,VESTL,REJECTED_AT_SOURCE_PREFLIGHT,ORIGINAL_FINANCIAL_CATALOG_BYTES_MISSING,source_inventory.json
2024-04,2024-04-01,XU100,YEOTK,REJECTED_AT_SOURCE_PREFLIGHT,ORIGINAL_FINANCIAL_CATALOG_BYTES_MISSING,source_inventory.json
2024-04,2024-04-01,XU100,YKBNK,REJECTED_AT_SOURCE_PREFLIGHT,ORIGINAL_FINANCIAL_CATALOG_BYTES_MISSING,source_inventory.json
2024-04,2024-04-01,XU100,YYLGD,REJECTED_AT_SOURCE_PREFLIGHT,ORIGINAL_FINANCIAL_CATALOG_BYTES_MISSING,source_inventory.json
2024-04,2024-04-01,XU100,ZOREN,REJECTED_AT_SOURCE_PREFLIGHT,ORIGINAL_FINANCIAL_CATALOG_BYTES_MISSING,source_inventory.json
2024-05,2024-05-02,XU100,AEFES,REJECTED_AT_SOURCE_PREFLIGHT,ORIGINAL_FINANCIAL_CATALOG_BYTES_MISSING,source_inventory.json
2024-05,2024-05-02,XU100,AGROT,REJECTED_AT_SOURCE_PREFLIGHT,ORIGINAL_FINANCIAL_CATALOG_BYTES_MISSING,source_inventory.json
2024-05,2024-05-02,XU100,AHGAZ,REJECTED_AT_SOURCE_PREFLIGHT,ORIGINAL_FINANCIAL_CATALOG_BYTES_MISSING,source_inventory.json
2024-05,2024-05-02,XU100,AKBNK,REJECTED_AT_SOURCE_PREFLIGHT,ORIGINAL_FINANCIAL_CATALOG_BYTES_MISSING,source_inventory.json
2024-05,2024-05-02,XU100,AKCNS,REJECTED_AT_SOURCE_PREFLIGHT,ORIGINAL_FINANCIAL_CATALOG_BYTES_MISSING,source_inventory.json
2024-05,2024-05-02,XU100,AKFGY,REJECTED_AT_SOURCE_PREFLIGHT,ORIGINAL_FINANCIAL_CATALOG_BYTES_MISSING,source_inventory.json
2024-05,2024-05-02,XU100,AKFYE,REJECTED_AT_SOURCE_PREFLIGHT,ORIGINAL_FINANCIAL_CATALOG_BYTES_MISSING,source_inventory.json
2024-05,2024-05-02,XU100,AKSA,REJECTED_AT_SOURCE_PREFLIGHT,ORIGINAL_FINANCIAL_CATALOG_BYTES_MISSING,source_inventory.json
2024-05,2024-05-02,XU100,AKSEN,REJECTED_AT_SOURCE_PREFLIGHT,ORIGINAL_FINANCIAL_CATALOG_BYTES_MISSING,source_inventory.json
2024-05,2024-05-02,XU100,ALARK,REJECTED_AT_SOURCE_PREFLIGHT,ORIGINAL_FINANCIAL_CATALOG_BYTES_MISSING,source_inventory.json
2024-05,2024-05-02,XU100,ALBRK,REJECTED_AT_SOURCE_PREFLIGHT,ORIGINAL_FINANCIAL_CATALOG_BYTES_MISSING,source_inventory.json
2024-05,2024-05-02,XU100,ALFAS,REJECTED_AT_SOURCE_PREFLIGHT,ORIGINAL_FINANCIAL_CATALOG_BYTES_MISSING,source_inventory.json
2024-05,2024-05-02,XU100,ANSGR,REJECTED_AT_SOURCE_PREFLIGHT,ORIGINAL_FINANCIAL_CATALOG_BYTES_MISSING,source_inventory.json
2024-05,2024-05-02,XU100,ARCLK,REJECTED_AT_SOURCE_PREFLIGHT,ORIGINAL_FINANCIAL_CATALOG_BYTES_MISSING,source_inventory.json
2024-05,2024-05-02,XU100,ASELS,REJECTED_AT_SOURCE_PREFLIGHT,ORIGINAL_FINANCIAL_CATALOG_BYTES_MISSING,source_inventory.json
2024-05,2024-05-02,XU100,ASTOR,REJECTED_AT_SOURCE_PREFLIGHT,ORIGINAL_FINANCIAL_CATALOG_BYTES_MISSING,source_inventory.json
2024-05,2024-05-02,XU100,BERA,REJECTED_AT_SOURCE_PREFLIGHT,ORIGINAL_FINANCIAL_CATALOG_BYTES_MISSING,source_inventory.json
2024-05,2024-05-02,XU100,BFREN,REJECTED_AT_SOURCE_PREFLIGHT,ORIGINAL_FINANCIAL_CATALOG_BYTES_MISSING,source_inventory.json
2024-05,2024-05-02,XU100,BIENY,REJECTED_AT_SOURCE_PREFLIGHT,ORIGINAL_FINANCIAL_CATALOG_BYTES_MISSING,source_inventory.json
2024-05,2024-05-02,XU100,BIMAS,REJECTED_AT_SOURCE_PREFLIGHT,ORIGINAL_FINANCIAL_CATALOG_BYTES_MISSING,source_inventory.json
2024-05,2024-05-02,XU100,BIOEN,REJECTED_AT_SOURCE_PREFLIGHT,ORIGINAL_FINANCIAL_CATALOG_BYTES_MISSING,source_inventory.json
2024-05,2024-05-02,XU100,BOBET,REJECTED_AT_SOURCE_PREFLIGHT,ORIGINAL_FINANCIAL_CATALOG_BYTES_MISSING,source_inventory.json
2024-05,2024-05-02,XU100,BRSAN,REJECTED_AT_SOURCE_PREFLIGHT,ORIGINAL_FINANCIAL_CATALOG_BYTES_MISSING,source_inventory.json
2024-05,2024-05-02,XU100,BRYAT,REJECTED_AT_SOURCE_PREFLIGHT,ORIGINAL_FINANCIAL_CATALOG_BYTES_MISSING,source_inventory.json
2024-05,2024-05-02,XU100,BTCIM,REJECTED_AT_SOURCE_PREFLIGHT,ORIGINAL_FINANCIAL_CATALOG_BYTES_MISSING,source_inventory.json
2024-05,2024-05-02,XU100,CANTE,REJECTED_AT_SOURCE_PREFLIGHT,ORIGINAL_FINANCIAL_CATALOG_BYTES_MISSING,source_inventory.json
2024-05,2024-05-02,XU100,CCOLA,REJECTED_AT_SOURCE_PREFLIGHT,ORIGINAL_FINANCIAL_CATALOG_BYTES_MISSING,source_inventory.json
2024-05,2024-05-02,XU100,CIMSA,REJECTED_AT_SOURCE_PREFLIGHT,ORIGINAL_FINANCIAL_CATALOG_BYTES_MISSING,source_inventory.json
2024-05,2024-05-02,XU100,CWENE,REJECTED_AT_SOURCE_PREFLIGHT,ORIGINAL_FINANCIAL_CATALOG_BYTES_MISSING,source_inventory.json
2024-05,2024-05-02,XU100,DOAS,REJECTED_AT_SOURCE_PREFLIGHT,ORIGINAL_FINANCIAL_CATALOG_BYTES_MISSING,source_inventory.json
2024-05,2024-05-02,XU100,DOHOL,REJECTED_AT_SOURCE_PREFLIGHT,ORIGINAL_FINANCIAL_CATALOG_BYTES_MISSING,source_inventory.json
2024-05,2024-05-02,XU100,ECILC,REJECTED_AT_SOURCE_PREFLIGHT,ORIGINAL_FINANCIAL_CATALOG_BYTES_MISSING,source_inventory.json
2024-05,2024-05-02,XU100,ECZYT,REJECTED_AT_SOURCE_PREFLIGHT,ORIGINAL_FINANCIAL_CATALOG_BYTES_MISSING,source_inventory.json
2024-05,2024-05-02,XU100,EGEEN,REJECTED_AT_SOURCE_PREFLIGHT,ORIGINAL_FINANCIAL_CATALOG_BYTES_MISSING,source_inventory.json
2024-05,2024-05-02,XU100,EKGYO,REJECTED_AT_SOURCE_PREFLIGHT,ORIGINAL_FINANCIAL_CATALOG_BYTES_MISSING,source_inventory.json
2024-05,2024-05-02,XU100,ENERY,REJECTED_AT_SOURCE_PREFLIGHT,ORIGINAL_FINANCIAL_CATALOG_BYTES_MISSING,source_inventory.json
2024-05,2024-05-02,XU100,ENJSA,REJECTED_AT_SOURCE_PREFLIGHT,ORIGINAL_FINANCIAL_CATALOG_BYTES_MISSING,source_inventory.json
2024-05,2024-05-02,XU100,ENKAI,REJECTED_AT_SOURCE_PREFLIGHT,ORIGINAL_FINANCIAL_CATALOG_BYTES_MISSING,source_inventory.json
2024-05,2024-05-02,XU100,EREGL,REJECTED_AT_SOURCE_PREFLIGHT,ORIGINAL_FINANCIAL_CATALOG_BYTES_MISSING,source_inventory.json
2024-05,2024-05-02,XU100,EUPWR,REJECTED_AT_SOURCE_PREFLIGHT,ORIGINAL_FINANCIAL_CATALOG_BYTES_MISSING,source_inventory.json
2024-05,2024-05-02,XU100,EUREN,REJECTED_AT_SOURCE_PREFLIGHT,ORIGINAL_FINANCIAL_CATALOG_BYTES_MISSING,source_inventory.json
2024-05,2024-05-02,XU100,FROTO,REJECTED_AT_SOURCE_PREFLIGHT,ORIGINAL_FINANCIAL_CATALOG_BYTES_MISSING,source_inventory.json
2024-05,2024-05-02,XU100,GARAN,REJECTED_AT_SOURCE_PREFLIGHT,ORIGINAL_FINANCIAL_CATALOG_BYTES_MISSING,source_inventory.json
2024-05,2024-05-02,XU100,GESAN,REJECTED_AT_SOURCE_PREFLIGHT,ORIGINAL_FINANCIAL_CATALOG_BYTES_MISSING,source_inventory.json
2024-05,2024-05-02,XU100,GUBRF,REJECTED_AT_SOURCE_PREFLIGHT,ORIGINAL_FINANCIAL_CATALOG_BYTES_MISSING,source_inventory.json
2024-05,2024-05-02,XU100,GWIND,REJECTED_AT_SOURCE_PREFLIGHT,ORIGINAL_FINANCIAL_CATALOG_BYTES_MISSING,source_inventory.json
2024-05,2024-05-02,XU100,HALKB,REJECTED_AT_SOURCE_PREFLIGHT,ORIGINAL_FINANCIAL_CATALOG_BYTES_MISSING,source_inventory.json
2024-05,2024-05-02,XU100,HEKTS,REJECTED_AT_SOURCE_PREFLIGHT,ORIGINAL_FINANCIAL_CATALOG_BYTES_MISSING,source_inventory.json
2024-05,2024-05-02,XU100,IPEKE,REJECTED_AT_SOURCE_PREFLIGHT,ORIGINAL_FINANCIAL_CATALOG_BYTES_MISSING,source_inventory.json
2024-05,2024-05-02,XU100,ISCTR,REJECTED_AT_SOURCE_PREFLIGHT,ORIGINAL_FINANCIAL_CATALOG_BYTES_MISSING,source_inventory.json
2024-05,2024-05-02,XU100,ISGYO,REJECTED_AT_SOURCE_PREFLIGHT,ORIGINAL_FINANCIAL_CATALOG_BYTES_MISSING,source_inventory.json
2024-05,2024-05-02,XU100,ISMEN,REJECTED_AT_SOURCE_PREFLIGHT,ORIGINAL_FINANCIAL_CATALOG_BYTES_MISSING,source_inventory.json
2024-05,2024-05-02,XU100,IZENR,REJECTED_AT_SOURCE_PREFLIGHT,ORIGINAL_FINANCIAL_CATALOG_BYTES_MISSING,source_inventory.json
2024-05,2024-05-02,XU100,KAYSE,REJECTED_AT_SOURCE_PREFLIGHT,ORIGINAL_FINANCIAL_CATALOG_BYTES_MISSING,source_inventory.json
2024-05,2024-05-02,XU100,KCAER,REJECTED_AT_SOURCE_PREFLIGHT,ORIGINAL_FINANCIAL_CATALOG_BYTES_MISSING,source_inventory.json
2024-05,2024-05-02,XU100,KCHOL,REJECTED_AT_SOURCE_PREFLIGHT,ORIGINAL_FINANCIAL_CATALOG_BYTES_MISSING,source_inventory.json
2024-05,2024-05-02,XU100,KLSER,REJECTED_AT_SOURCE_PREFLIGHT,ORIGINAL_FINANCIAL_CATALOG_BYTES_MISSING,source_inventory.json
2024-05,2024-05-02,XU100,KONTR,REJECTED_AT_SOURCE_PREFLIGHT,ORIGINAL_FINANCIAL_CATALOG_BYTES_MISSING,source_inventory.json
2024-05,2024-05-02,XU100,KONYA,REJECTED_AT_SOURCE_PREFLIGHT,ORIGINAL_FINANCIAL_CATALOG_BYTES_MISSING,source_inventory.json
2024-05,2024-05-02,XU100,KOZAA,REJECTED_AT_SOURCE_PREFLIGHT,ORIGINAL_FINANCIAL_CATALOG_BYTES_MISSING,source_inventory.json
2024-05,2024-05-02,XU100,KOZAL,REJECTED_AT_SOURCE_PREFLIGHT,ORIGINAL_FINANCIAL_CATALOG_BYTES_MISSING,source_inventory.json
2024-05,2024-05-02,XU100,KRDMD,REJECTED_AT_SOURCE_PREFLIGHT,ORIGINAL_FINANCIAL_CATALOG_BYTES_MISSING,source_inventory.json
2024-05,2024-05-02,XU100,MAVI,REJECTED_AT_SOURCE_PREFLIGHT,ORIGINAL_FINANCIAL_CATALOG_BYTES_MISSING,source_inventory.json
2024-05,2024-05-02,XU100,MGROS,REJECTED_AT_SOURCE_PREFLIGHT,ORIGINAL_FINANCIAL_CATALOG_BYTES_MISSING,source_inventory.json
2024-05,2024-05-02,XU100,MIATK,REJECTED_AT_SOURCE_PREFLIGHT,ORIGINAL_FINANCIAL_CATALOG_BYTES_MISSING,source_inventory.json
2024-05,2024-05-02,XU100,ODAS,REJECTED_AT_SOURCE_PREFLIGHT,ORIGINAL_FINANCIAL_CATALOG_BYTES_MISSING,source_inventory.json
2024-05,2024-05-02,XU100,OTKAR,REJECTED_AT_SOURCE_PREFLIGHT,ORIGINAL_FINANCIAL_CATALOG_BYTES_MISSING,source_inventory.json
2024-05,2024-05-02,XU100,OYAKC,REJECTED_AT_SOURCE_PREFLIGHT,ORIGINAL_FINANCIAL_CATALOG_BYTES_MISSING,source_inventory.json
2024-05,2024-05-02,XU100,PETKM,REJECTED_AT_SOURCE_PREFLIGHT,ORIGINAL_FINANCIAL_CATALOG_BYTES_MISSING,source_inventory.json
2024-05,2024-05-02,XU100,PGSUS,REJECTED_AT_SOURCE_PREFLIGHT,ORIGINAL_FINANCIAL_CATALOG_BYTES_MISSING,source_inventory.json
2024-05,2024-05-02,XU100,QUAGR,REJECTED_AT_SOURCE_PREFLIGHT,ORIGINAL_FINANCIAL_CATALOG_BYTES_MISSING,source_inventory.json
2024-05,2024-05-02,XU100,REEDR,REJECTED_AT_SOURCE_PREFLIGHT,ORIGINAL_FINANCIAL_CATALOG_BYTES_MISSING,source_inventory.json
2024-05,2024-05-02,XU100,SAHOL,REJECTED_AT_SOURCE_PREFLIGHT,ORIGINAL_FINANCIAL_CATALOG_BYTES_MISSING,source_inventory.json
2024-05,2024-05-02,XU100,SASA,REJECTED_AT_SOURCE_PREFLIGHT,ORIGINAL_FINANCIAL_CATALOG_BYTES_MISSING,source_inventory.json
2024-05,2024-05-02,XU100,SAYAS,REJECTED_AT_SOURCE_PREFLIGHT,ORIGINAL_FINANCIAL_CATALOG_BYTES_MISSING,source_inventory.json
2024-05,2024-05-02,XU100,SDTTR,REJECTED_AT_SOURCE_PREFLIGHT,ORIGINAL_FINANCIAL_CATALOG_BYTES_MISSING,source_inventory.json
2024-05,2024-05-02,XU100,SISE,REJECTED_AT_SOURCE_PREFLIGHT,ORIGINAL_FINANCIAL_CATALOG_BYTES_MISSING,source_inventory.json
2024-05,2024-05-02,XU100,SKBNK,REJECTED_AT_SOURCE_PREFLIGHT,ORIGINAL_FINANCIAL_CATALOG_BYTES_MISSING,source_inventory.json
2024-05,2024-05-02,XU100,SMRTG,REJECTED_AT_SOURCE_PREFLIGHT,ORIGINAL_FINANCIAL_CATALOG_BYTES_MISSING,source_inventory.json
2024-05,2024-05-02,XU100,SOKM,REJECTED_AT_SOURCE_PREFLIGHT,ORIGINAL_FINANCIAL_CATALOG_BYTES_MISSING,source_inventory.json
2024-05,2024-05-02,XU100,TABGD,REJECTED_AT_SOURCE_PREFLIGHT,ORIGINAL_FINANCIAL_CATALOG_BYTES_MISSING,source_inventory.json
2024-05,2024-05-02,XU100,TAVHL,REJECTED_AT_SOURCE_PREFLIGHT,ORIGINAL_FINANCIAL_CATALOG_BYTES_MISSING,source_inventory.json
2024-05,2024-05-02,XU100,TCELL,REJECTED_AT_SOURCE_PREFLIGHT,ORIGINAL_FINANCIAL_CATALOG_BYTES_MISSING,source_inventory.json
2024-05,2024-05-02,XU100,THYAO,REJECTED_AT_SOURCE_PREFLIGHT,ORIGINAL_FINANCIAL_CATALOG_BYTES_MISSING,source_inventory.json
2024-05,2024-05-02,XU100,TKFEN,REJECTED_AT_SOURCE_PREFLIGHT,ORIGINAL_FINANCIAL_CATALOG_BYTES_MISSING,source_inventory.json
2024-05,2024-05-02,XU100,TOASO,REJECTED_AT_SOURCE_PREFLIGHT,ORIGINAL_FINANCIAL_CATALOG_BYTES_MISSING,source_inventory.json
2024-05,2024-05-02,XU100,TSKB,REJECTED_AT_SOURCE_PREFLIGHT,ORIGINAL_FINANCIAL_CATALOG_BYTES_MISSING,source_inventory.json
2024-05,2024-05-02,XU100,TTKOM,REJECTED_AT_SOURCE_PREFLIGHT,ORIGINAL_FINANCIAL_CATALOG_BYTES_MISSING,source_inventory.json
2024-05,2024-05-02,XU100,TTRAK,REJECTED_AT_SOURCE_PREFLIGHT,ORIGINAL_FINANCIAL_CATALOG_BYTES_MISSING,source_inventory.json
2024-05,2024-05-02,XU100,TUKAS,REJECTED_AT_SOURCE_PREFLIGHT,ORIGINAL_FINANCIAL_CATALOG_BYTES_MISSING,source_inventory.json
2024-05,2024-05-02,XU100,TUPRS,REJECTED_AT_SOURCE_PREFLIGHT,ORIGINAL_FINANCIAL_CATALOG_BYTES_MISSING,source_inventory.json
2024-05,2024-05-02,XU100,TURSG,REJECTED_AT_SOURCE_PREFLIGHT,ORIGINAL_FINANCIAL_CATALOG_BYTES_MISSING,source_inventory.json
2024-05,2024-05-02,XU100,ULKER,REJECTED_AT_SOURCE_PREFLIGHT,ORIGINAL_FINANCIAL_CATALOG_BYTES_MISSING,source_inventory.json
2024-05,2024-05-02,XU100,VAKBN,REJECTED_AT_SOURCE_PREFLIGHT,ORIGINAL_FINANCIAL_CATALOG_BYTES_MISSING,source_inventory.json
2024-05,2024-05-02,XU100,VESBE,REJECTED_AT_SOURCE_PREFLIGHT,ORIGINAL_FINANCIAL_CATALOG_BYTES_MISSING,source_inventory.json
2024-05,2024-05-02,XU100,VESTL,REJECTED_AT_SOURCE_PREFLIGHT,ORIGINAL_FINANCIAL_CATALOG_BYTES_MISSING,source_inventory.json
2024-05,2024-05-02,XU100,YEOTK,REJECTED_AT_SOURCE_PREFLIGHT,ORIGINAL_FINANCIAL_CATALOG_BYTES_MISSING,source_inventory.json
2024-05,2024-05-02,XU100,YKBNK,REJECTED_AT_SOURCE_PREFLIGHT,ORIGINAL_FINANCIAL_CATALOG_BYTES_MISSING,source_inventory.json
2024-05,2024-05-02,XU100,YYLGD,REJECTED_AT_SOURCE_PREFLIGHT,ORIGINAL_FINANCIAL_CATALOG_BYTES_MISSING,source_inventory.json
2024-05,2024-05-02,XU100,ZOREN,REJECTED_AT_SOURCE_PREFLIGHT,ORIGINAL_FINANCIAL_CATALOG_BYTES_MISSING,source_inventory.json
2024-06,2024-06-03,XU100,AEFES,REJECTED_AT_SOURCE_PREFLIGHT,ORIGINAL_FINANCIAL_CATALOG_BYTES_MISSING,source_inventory.json
2024-06,2024-06-03,XU100,AGROT,REJECTED_AT_SOURCE_PREFLIGHT,ORIGINAL_FINANCIAL_CATALOG_BYTES_MISSING,source_inventory.json
2024-06,2024-06-03,XU100,AHGAZ,REJECTED_AT_SOURCE_PREFLIGHT,ORIGINAL_FINANCIAL_CATALOG_BYTES_MISSING,source_inventory.json
2024-06,2024-06-03,XU100,AKBNK,REJECTED_AT_SOURCE_PREFLIGHT,ORIGINAL_FINANCIAL_CATALOG_BYTES_MISSING,source_inventory.json
2024-06,2024-06-03,XU100,AKCNS,REJECTED_AT_SOURCE_PREFLIGHT,ORIGINAL_FINANCIAL_CATALOG_BYTES_MISSING,source_inventory.json
2024-06,2024-06-03,XU100,AKFGY,REJECTED_AT_SOURCE_PREFLIGHT,ORIGINAL_FINANCIAL_CATALOG_BYTES_MISSING,source_inventory.json
2024-06,2024-06-03,XU100,AKFYE,REJECTED_AT_SOURCE_PREFLIGHT,ORIGINAL_FINANCIAL_CATALOG_BYTES_MISSING,source_inventory.json
2024-06,2024-06-03,XU100,AKSA,REJECTED_AT_SOURCE_PREFLIGHT,ORIGINAL_FINANCIAL_CATALOG_BYTES_MISSING,source_inventory.json
2024-06,2024-06-03,XU100,AKSEN,REJECTED_AT_SOURCE_PREFLIGHT,ORIGINAL_FINANCIAL_CATALOG_BYTES_MISSING,source_inventory.json
2024-06,2024-06-03,XU100,ALARK,REJECTED_AT_SOURCE_PREFLIGHT,ORIGINAL_FINANCIAL_CATALOG_BYTES_MISSING,source_inventory.json
2024-06,2024-06-03,XU100,ALBRK,REJECTED_AT_SOURCE_PREFLIGHT,ORIGINAL_FINANCIAL_CATALOG_BYTES_MISSING,source_inventory.json
2024-06,2024-06-03,XU100,ALFAS,REJECTED_AT_SOURCE_PREFLIGHT,ORIGINAL_FINANCIAL_CATALOG_BYTES_MISSING,source_inventory.json
2024-06,2024-06-03,XU100,ANSGR,REJECTED_AT_SOURCE_PREFLIGHT,ORIGINAL_FINANCIAL_CATALOG_BYTES_MISSING,source_inventory.json
2024-06,2024-06-03,XU100,ARCLK,REJECTED_AT_SOURCE_PREFLIGHT,ORIGINAL_FINANCIAL_CATALOG_BYTES_MISSING,source_inventory.json
2024-06,2024-06-03,XU100,ASELS,REJECTED_AT_SOURCE_PREFLIGHT,ORIGINAL_FINANCIAL_CATALOG_BYTES_MISSING,source_inventory.json
2024-06,2024-06-03,XU100,ASTOR,REJECTED_AT_SOURCE_PREFLIGHT,ORIGINAL_FINANCIAL_CATALOG_BYTES_MISSING,source_inventory.json
2024-06,2024-06-03,XU100,BERA,REJECTED_AT_SOURCE_PREFLIGHT,ORIGINAL_FINANCIAL_CATALOG_BYTES_MISSING,source_inventory.json
2024-06,2024-06-03,XU100,BFREN,REJECTED_AT_SOURCE_PREFLIGHT,ORIGINAL_FINANCIAL_CATALOG_BYTES_MISSING,source_inventory.json
2024-06,2024-06-03,XU100,BIENY,REJECTED_AT_SOURCE_PREFLIGHT,ORIGINAL_FINANCIAL_CATALOG_BYTES_MISSING,source_inventory.json
2024-06,2024-06-03,XU100,BIMAS,REJECTED_AT_SOURCE_PREFLIGHT,ORIGINAL_FINANCIAL_CATALOG_BYTES_MISSING,source_inventory.json
2024-06,2024-06-03,XU100,BIOEN,REJECTED_AT_SOURCE_PREFLIGHT,ORIGINAL_FINANCIAL_CATALOG_BYTES_MISSING,source_inventory.json
2024-06,2024-06-03,XU100,BOBET,REJECTED_AT_SOURCE_PREFLIGHT,ORIGINAL_FINANCIAL_CATALOG_BYTES_MISSING,source_inventory.json
2024-06,2024-06-03,XU100,BRSAN,REJECTED_AT_SOURCE_PREFLIGHT,ORIGINAL_FINANCIAL_CATALOG_BYTES_MISSING,source_inventory.json
2024-06,2024-06-03,XU100,BRYAT,REJECTED_AT_SOURCE_PREFLIGHT,ORIGINAL_FINANCIAL_CATALOG_BYTES_MISSING,source_inventory.json
2024-06,2024-06-03,XU100,BTCIM,REJECTED_AT_SOURCE_PREFLIGHT,ORIGINAL_FINANCIAL_CATALOG_BYTES_MISSING,source_inventory.json
2024-06,2024-06-03,XU100,CANTE,REJECTED_AT_SOURCE_PREFLIGHT,ORIGINAL_FINANCIAL_CATALOG_BYTES_MISSING,source_inventory.json
2024-06,2024-06-03,XU100,CCOLA,REJECTED_AT_SOURCE_PREFLIGHT,ORIGINAL_FINANCIAL_CATALOG_BYTES_MISSING,source_inventory.json
2024-06,2024-06-03,XU100,CIMSA,REJECTED_AT_SOURCE_PREFLIGHT,ORIGINAL_FINANCIAL_CATALOG_BYTES_MISSING,source_inventory.json
2024-06,2024-06-03,XU100,CWENE,REJECTED_AT_SOURCE_PREFLIGHT,ORIGINAL_FINANCIAL_CATALOG_BYTES_MISSING,source_inventory.json
2024-06,2024-06-03,XU100,DOAS,REJECTED_AT_SOURCE_PREFLIGHT,ORIGINAL_FINANCIAL_CATALOG_BYTES_MISSING,source_inventory.json
2024-06,2024-06-03,XU100,DOHOL,REJECTED_AT_SOURCE_PREFLIGHT,ORIGINAL_FINANCIAL_CATALOG_BYTES_MISSING,source_inventory.json
2024-06,2024-06-03,XU100,ECILC,REJECTED_AT_SOURCE_PREFLIGHT,ORIGINAL_FINANCIAL_CATALOG_BYTES_MISSING,source_inventory.json
2024-06,2024-06-03,XU100,ECZYT,REJECTED_AT_SOURCE_PREFLIGHT,ORIGINAL_FINANCIAL_CATALOG_BYTES_MISSING,source_inventory.json
2024-06,2024-06-03,XU100,EGEEN,REJECTED_AT_SOURCE_PREFLIGHT,ORIGINAL_FINANCIAL_CATALOG_BYTES_MISSING,source_inventory.json
2024-06,2024-06-03,XU100,EKGYO,REJECTED_AT_SOURCE_PREFLIGHT,ORIGINAL_FINANCIAL_CATALOG_BYTES_MISSING,source_inventory.json
2024-06,2024-06-03,XU100,ENERY,REJECTED_AT_SOURCE_PREFLIGHT,ORIGINAL_FINANCIAL_CATALOG_BYTES_MISSING,source_inventory.json
2024-06,2024-06-03,XU100,ENJSA,REJECTED_AT_SOURCE_PREFLIGHT,ORIGINAL_FINANCIAL_CATALOG_BYTES_MISSING,source_inventory.json
2024-06,2024-06-03,XU100,ENKAI,REJECTED_AT_SOURCE_PREFLIGHT,ORIGINAL_FINANCIAL_CATALOG_BYTES_MISSING,source_inventory.json
2024-06,2024-06-03,XU100,EREGL,REJECTED_AT_SOURCE_PREFLIGHT,ORIGINAL_FINANCIAL_CATALOG_BYTES_MISSING,source_inventory.json
2024-06,2024-06-03,XU100,EUPWR,REJECTED_AT_SOURCE_PREFLIGHT,ORIGINAL_FINANCIAL_CATALOG_BYTES_MISSING,source_inventory.json
2024-06,2024-06-03,XU100,EUREN,REJECTED_AT_SOURCE_PREFLIGHT,ORIGINAL_FINANCIAL_CATALOG_BYTES_MISSING,source_inventory.json
2024-06,2024-06-03,XU100,FROTO,REJECTED_AT_SOURCE_PREFLIGHT,ORIGINAL_FINANCIAL_CATALOG_BYTES_MISSING,source_inventory.json
2024-06,2024-06-03,XU100,GARAN,REJECTED_AT_SOURCE_PREFLIGHT,ORIGINAL_FINANCIAL_CATALOG_BYTES_MISSING,source_inventory.json
2024-06,2024-06-03,XU100,GESAN,REJECTED_AT_SOURCE_PREFLIGHT,ORIGINAL_FINANCIAL_CATALOG_BYTES_MISSING,source_inventory.json
2024-06,2024-06-03,XU100,GUBRF,REJECTED_AT_SOURCE_PREFLIGHT,ORIGINAL_FINANCIAL_CATALOG_BYTES_MISSING,source_inventory.json
2024-06,2024-06-03,XU100,GWIND,REJECTED_AT_SOURCE_PREFLIGHT,ORIGINAL_FINANCIAL_CATALOG_BYTES_MISSING,source_inventory.json
2024-06,2024-06-03,XU100,HALKB,REJECTED_AT_SOURCE_PREFLIGHT,ORIGINAL_FINANCIAL_CATALOG_BYTES_MISSING,source_inventory.json
2024-06,2024-06-03,XU100,HEKTS,REJECTED_AT_SOURCE_PREFLIGHT,ORIGINAL_FINANCIAL_CATALOG_BYTES_MISSING,source_inventory.json
2024-06,2024-06-03,XU100,IPEKE,REJECTED_AT_SOURCE_PREFLIGHT,ORIGINAL_FINANCIAL_CATALOG_BYTES_MISSING,source_inventory.json
2024-06,2024-06-03,XU100,ISCTR,REJECTED_AT_SOURCE_PREFLIGHT,ORIGINAL_FINANCIAL_CATALOG_BYTES_MISSING,source_inventory.json
2024-06,2024-06-03,XU100,ISGYO,REJECTED_AT_SOURCE_PREFLIGHT,ORIGINAL_FINANCIAL_CATALOG_BYTES_MISSING,source_inventory.json
2024-06,2024-06-03,XU100,ISMEN,REJECTED_AT_SOURCE_PREFLIGHT,ORIGINAL_FINANCIAL_CATALOG_BYTES_MISSING,source_inventory.json
2024-06,2024-06-03,XU100,IZENR,REJECTED_AT_SOURCE_PREFLIGHT,ORIGINAL_FINANCIAL_CATALOG_BYTES_MISSING,source_inventory.json
2024-06,2024-06-03,XU100,KAYSE,REJECTED_AT_SOURCE_PREFLIGHT,ORIGINAL_FINANCIAL_CATALOG_BYTES_MISSING,source_inventory.json
2024-06,2024-06-03,XU100,KCAER,REJECTED_AT_SOURCE_PREFLIGHT,ORIGINAL_FINANCIAL_CATALOG_BYTES_MISSING,source_inventory.json
2024-06,2024-06-03,XU100,KCHOL,REJECTED_AT_SOURCE_PREFLIGHT,ORIGINAL_FINANCIAL_CATALOG_BYTES_MISSING,source_inventory.json
2024-06,2024-06-03,XU100,KLSER,REJECTED_AT_SOURCE_PREFLIGHT,ORIGINAL_FINANCIAL_CATALOG_BYTES_MISSING,source_inventory.json
2024-06,2024-06-03,XU100,KONTR,REJECTED_AT_SOURCE_PREFLIGHT,ORIGINAL_FINANCIAL_CATALOG_BYTES_MISSING,source_inventory.json
2024-06,2024-06-03,XU100,KONYA,REJECTED_AT_SOURCE_PREFLIGHT,ORIGINAL_FINANCIAL_CATALOG_BYTES_MISSING,source_inventory.json
2024-06,2024-06-03,XU100,KOZAA,REJECTED_AT_SOURCE_PREFLIGHT,ORIGINAL_FINANCIAL_CATALOG_BYTES_MISSING,source_inventory.json
2024-06,2024-06-03,XU100,KOZAL,REJECTED_AT_SOURCE_PREFLIGHT,ORIGINAL_FINANCIAL_CATALOG_BYTES_MISSING,source_inventory.json
2024-06,2024-06-03,XU100,KRDMD,REJECTED_AT_SOURCE_PREFLIGHT,ORIGINAL_FINANCIAL_CATALOG_BYTES_MISSING,source_inventory.json
2024-06,2024-06-03,XU100,MAVI,REJECTED_AT_SOURCE_PREFLIGHT,ORIGINAL_FINANCIAL_CATALOG_BYTES_MISSING,source_inventory.json
2024-06,2024-06-03,XU100,MGROS,REJECTED_AT_SOURCE_PREFLIGHT,ORIGINAL_FINANCIAL_CATALOG_BYTES_MISSING,source_inventory.json
2024-06,2024-06-03,XU100,MIATK,REJECTED_AT_SOURCE_PREFLIGHT,ORIGINAL_FINANCIAL_CATALOG_BYTES_MISSING,source_inventory.json
2024-06,2024-06-03,XU100,ODAS,REJECTED_AT_SOURCE_PREFLIGHT,ORIGINAL_FINANCIAL_CATALOG_BYTES_MISSING,source_inventory.json
2024-06,2024-06-03,XU100,OTKAR,REJECTED_AT_SOURCE_PREFLIGHT,ORIGINAL_FINANCIAL_CATALOG_BYTES_MISSING,source_inventory.json
2024-06,2024-06-03,XU100,OYAKC,REJECTED_AT_SOURCE_PREFLIGHT,ORIGINAL_FINANCIAL_CATALOG_BYTES_MISSING,source_inventory.json
2024-06,2024-06-03,XU100,PETKM,REJECTED_AT_SOURCE_PREFLIGHT,ORIGINAL_FINANCIAL_CATALOG_BYTES_MISSING,source_inventory.json
2024-06,2024-06-03,XU100,PGSUS,REJECTED_AT_SOURCE_PREFLIGHT,ORIGINAL_FINANCIAL_CATALOG_BYTES_MISSING,source_inventory.json
2024-06,2024-06-03,XU100,QUAGR,REJECTED_AT_SOURCE_PREFLIGHT,ORIGINAL_FINANCIAL_CATALOG_BYTES_MISSING,source_inventory.json
2024-06,2024-06-03,XU100,REEDR,REJECTED_AT_SOURCE_PREFLIGHT,ORIGINAL_FINANCIAL_CATALOG_BYTES_MISSING,source_inventory.json
2024-06,2024-06-03,XU100,SAHOL,REJECTED_AT_SOURCE_PREFLIGHT,ORIGINAL_FINANCIAL_CATALOG_BYTES_MISSING,source_inventory.json
2024-06,2024-06-03,XU100,SASA,REJECTED_AT_SOURCE_PREFLIGHT,ORIGINAL_FINANCIAL_CATALOG_BYTES_MISSING,source_inventory.json
2024-06,2024-06-03,XU100,SAYAS,REJECTED_AT_SOURCE_PREFLIGHT,ORIGINAL_FINANCIAL_CATALOG_BYTES_MISSING,source_inventory.json
2024-06,2024-06-03,XU100,SDTTR,REJECTED_AT_SOURCE_PREFLIGHT,ORIGINAL_FINANCIAL_CATALOG_BYTES_MISSING,source_inventory.json
2024-06,2024-06-03,XU100,SISE,REJECTED_AT_SOURCE_PREFLIGHT,ORIGINAL_FINANCIAL_CATALOG_BYTES_MISSING,source_inventory.json
2024-06,2024-06-03,XU100,SKBNK,REJECTED_AT_SOURCE_PREFLIGHT,ORIGINAL_FINANCIAL_CATALOG_BYTES_MISSING,source_inventory.json
2024-06,2024-06-03,XU100,SMRTG,REJECTED_AT_SOURCE_PREFLIGHT,ORIGINAL_FINANCIAL_CATALOG_BYTES_MISSING,source_inventory.json
2024-06,2024-06-03,XU100,SOKM,REJECTED_AT_SOURCE_PREFLIGHT,ORIGINAL_FINANCIAL_CATALOG_BYTES_MISSING,source_inventory.json
2024-06,2024-06-03,XU100,TABGD,REJECTED_AT_SOURCE_PREFLIGHT,ORIGINAL_FINANCIAL_CATALOG_BYTES_MISSING,source_inventory.json
2024-06,2024-06-03,XU100,TAVHL,REJECTED_AT_SOURCE_PREFLIGHT,ORIGINAL_FINANCIAL_CATALOG_BYTES_MISSING,source_inventory.json
2024-06,2024-06-03,XU100,TCELL,REJECTED_AT_SOURCE_PREFLIGHT,ORIGINAL_FINANCIAL_CATALOG_BYTES_MISSING,source_inventory.json
2024-06,2024-06-03,XU100,THYAO,REJECTED_AT_SOURCE_PREFLIGHT,ORIGINAL_FINANCIAL_CATALOG_BYTES_MISSING,source_inventory.json
2024-06,2024-06-03,XU100,TKFEN,REJECTED_AT_SOURCE_PREFLIGHT,ORIGINAL_FINANCIAL_CATALOG_BYTES_MISSING,source_inventory.json
2024-06,2024-06-03,XU100,TOASO,REJECTED_AT_SOURCE_PREFLIGHT,ORIGINAL_FINANCIAL_CATALOG_BYTES_MISSING,source_inventory.json
2024-06,2024-06-03,XU100,TSKB,REJECTED_AT_SOURCE_PREFLIGHT,ORIGINAL_FINANCIAL_CATALOG_BYTES_MISSING,source_inventory.json
2024-06,2024-06-03,XU100,TTKOM,REJECTED_AT_SOURCE_PREFLIGHT,ORIGINAL_FINANCIAL_CATALOG_BYTES_MISSING,source_inventory.json
2024-06,2024-06-03,XU100,TTRAK,REJECTED_AT_SOURCE_PREFLIGHT,ORIGINAL_FINANCIAL_CATALOG_BYTES_MISSING,source_inventory.json
2024-06,2024-06-03,XU100,TUKAS,REJECTED_AT_SOURCE_PREFLIGHT,ORIGINAL_FINANCIAL_CATALOG_BYTES_MISSING,source_inventory.json
2024-06,2024-06-03,XU100,TUPRS,REJECTED_AT_SOURCE_PREFLIGHT,ORIGINAL_FINANCIAL_CATALOG_BYTES_MISSING,source_inventory.json
2024-06,2024-06-03,XU100,TURSG,REJECTED_AT_SOURCE_PREFLIGHT,ORIGINAL_FINANCIAL_CATALOG_BYTES_MISSING,source_inventory.json
2024-06,2024-06-03,XU100,ULKER,REJECTED_AT_SOURCE_PREFLIGHT,ORIGINAL_FINANCIAL_CATALOG_BYTES_MISSING,source_inventory.json
2024-06,2024-06-03,XU100,VAKBN,REJECTED_AT_SOURCE_PREFLIGHT,ORIGINAL_FINANCIAL_CATALOG_BYTES_MISSING,source_inventory.json
2024-06,2024-06-03,XU100,VESBE,REJECTED_AT_SOURCE_PREFLIGHT,ORIGINAL_FINANCIAL_CATALOG_BYTES_MISSING,source_inventory.json
2024-06,2024-06-03,XU100,VESTL,REJECTED_AT_SOURCE_PREFLIGHT,ORIGINAL_FINANCIAL_CATALOG_BYTES_MISSING,source_inventory.json
2024-06,2024-06-03,XU100,YEOTK,REJECTED_AT_SOURCE_PREFLIGHT,ORIGINAL_FINANCIAL_CATALOG_BYTES_MISSING,source_inventory.json
2024-06,2024-06-03,XU100,YKBNK,REJECTED_AT_SOURCE_PREFLIGHT,ORIGINAL_FINANCIAL_CATALOG_BYTES_MISSING,source_inventory.json
2024-06,2024-06-03,XU100,YYLGD,REJECTED_AT_SOURCE_PREFLIGHT,ORIGINAL_FINANCIAL_CATALOG_BYTES_MISSING,source_inventory.json
2024-06,2024-06-03,XU100,ZOREN,REJECTED_AT_SOURCE_PREFLIGHT,ORIGINAL_FINANCIAL_CATALOG_BYTES_MISSING,source_inventory.json
2024-07,2024-07-01,XU100,AEFES,REJECTED_AT_SOURCE_PREFLIGHT,ORIGINAL_FINANCIAL_CATALOG_BYTES_MISSING,source_inventory.json
2024-07,2024-07-01,XU100,AGHOL,REJECTED_AT_SOURCE_PREFLIGHT,ORIGINAL_FINANCIAL_CATALOG_BYTES_MISSING,source_inventory.json
2024-07,2024-07-01,XU100,AGROT,REJECTED_AT_SOURCE_PREFLIGHT,ORIGINAL_FINANCIAL_CATALOG_BYTES_MISSING,source_inventory.json
2024-07,2024-07-01,XU100,AKBNK,REJECTED_AT_SOURCE_PREFLIGHT,ORIGINAL_FINANCIAL_CATALOG_BYTES_MISSING,source_inventory.json
2024-07,2024-07-01,XU100,AKFGY,REJECTED_AT_SOURCE_PREFLIGHT,ORIGINAL_FINANCIAL_CATALOG_BYTES_MISSING,source_inventory.json
2024-07,2024-07-01,XU100,AKFYE,REJECTED_AT_SOURCE_PREFLIGHT,ORIGINAL_FINANCIAL_CATALOG_BYTES_MISSING,source_inventory.json
2024-07,2024-07-01,XU100,AKSA,REJECTED_AT_SOURCE_PREFLIGHT,ORIGINAL_FINANCIAL_CATALOG_BYTES_MISSING,source_inventory.json
2024-07,2024-07-01,XU100,AKSEN,REJECTED_AT_SOURCE_PREFLIGHT,ORIGINAL_FINANCIAL_CATALOG_BYTES_MISSING,source_inventory.json
2024-07,2024-07-01,XU100,ALARK,REJECTED_AT_SOURCE_PREFLIGHT,ORIGINAL_FINANCIAL_CATALOG_BYTES_MISSING,source_inventory.json
2024-07,2024-07-01,XU100,ALFAS,REJECTED_AT_SOURCE_PREFLIGHT,ORIGINAL_FINANCIAL_CATALOG_BYTES_MISSING,source_inventory.json
2024-07,2024-07-01,XU100,ARCLK,REJECTED_AT_SOURCE_PREFLIGHT,ORIGINAL_FINANCIAL_CATALOG_BYTES_MISSING,source_inventory.json
2024-07,2024-07-01,XU100,ARDYZ,REJECTED_AT_SOURCE_PREFLIGHT,ORIGINAL_FINANCIAL_CATALOG_BYTES_MISSING,source_inventory.json
2024-07,2024-07-01,XU100,ASELS,REJECTED_AT_SOURCE_PREFLIGHT,ORIGINAL_FINANCIAL_CATALOG_BYTES_MISSING,source_inventory.json
2024-07,2024-07-01,XU100,ASTOR,REJECTED_AT_SOURCE_PREFLIGHT,ORIGINAL_FINANCIAL_CATALOG_BYTES_MISSING,source_inventory.json
2024-07,2024-07-01,XU100,BERA,REJECTED_AT_SOURCE_PREFLIGHT,ORIGINAL_FINANCIAL_CATALOG_BYTES_MISSING,source_inventory.json
2024-07,2024-07-01,XU100,BFREN,REJECTED_AT_SOURCE_PREFLIGHT,ORIGINAL_FINANCIAL_CATALOG_BYTES_MISSING,source_inventory.json
2024-07,2024-07-01,XU100,BIMAS,REJECTED_AT_SOURCE_PREFLIGHT,ORIGINAL_FINANCIAL_CATALOG_BYTES_MISSING,source_inventory.json
2024-07,2024-07-01,XU100,BINHO,REJECTED_AT_SOURCE_PREFLIGHT,ORIGINAL_FINANCIAL_CATALOG_BYTES_MISSING,source_inventory.json
2024-07,2024-07-01,XU100,BRSAN,REJECTED_AT_SOURCE_PREFLIGHT,ORIGINAL_FINANCIAL_CATALOG_BYTES_MISSING,source_inventory.json
2024-07,2024-07-01,XU100,BRYAT,REJECTED_AT_SOURCE_PREFLIGHT,ORIGINAL_FINANCIAL_CATALOG_BYTES_MISSING,source_inventory.json
2024-07,2024-07-01,XU100,BTCIM,REJECTED_AT_SOURCE_PREFLIGHT,ORIGINAL_FINANCIAL_CATALOG_BYTES_MISSING,source_inventory.json
2024-07,2024-07-01,XU100,CANTE,REJECTED_AT_SOURCE_PREFLIGHT,ORIGINAL_FINANCIAL_CATALOG_BYTES_MISSING,source_inventory.json
2024-07,2024-07-01,XU100,CCOLA,REJECTED_AT_SOURCE_PREFLIGHT,ORIGINAL_FINANCIAL_CATALOG_BYTES_MISSING,source_inventory.json
2024-07,2024-07-01,XU100,CIMSA,REJECTED_AT_SOURCE_PREFLIGHT,ORIGINAL_FINANCIAL_CATALOG_BYTES_MISSING,source_inventory.json
2024-07,2024-07-01,XU100,CWENE,REJECTED_AT_SOURCE_PREFLIGHT,ORIGINAL_FINANCIAL_CATALOG_BYTES_MISSING,source_inventory.json
2024-07,2024-07-01,XU100,DOAS,REJECTED_AT_SOURCE_PREFLIGHT,ORIGINAL_FINANCIAL_CATALOG_BYTES_MISSING,source_inventory.json
2024-07,2024-07-01,XU100,DOHOL,REJECTED_AT_SOURCE_PREFLIGHT,ORIGINAL_FINANCIAL_CATALOG_BYTES_MISSING,source_inventory.json
2024-07,2024-07-01,XU100,ECILC,REJECTED_AT_SOURCE_PREFLIGHT,ORIGINAL_FINANCIAL_CATALOG_BYTES_MISSING,source_inventory.json
2024-07,2024-07-01,XU100,ECZYT,REJECTED_AT_SOURCE_PREFLIGHT,ORIGINAL_FINANCIAL_CATALOG_BYTES_MISSING,source_inventory.json
2024-07,2024-07-01,XU100,EGEEN,REJECTED_AT_SOURCE_PREFLIGHT,ORIGINAL_FINANCIAL_CATALOG_BYTES_MISSING,source_inventory.json
2024-07,2024-07-01,XU100,EKGYO,REJECTED_AT_SOURCE_PREFLIGHT,ORIGINAL_FINANCIAL_CATALOG_BYTES_MISSING,source_inventory.json
2024-07,2024-07-01,XU100,ENERY,REJECTED_AT_SOURCE_PREFLIGHT,ORIGINAL_FINANCIAL_CATALOG_BYTES_MISSING,source_inventory.json
2024-07,2024-07-01,XU100,ENJSA,REJECTED_AT_SOURCE_PREFLIGHT,ORIGINAL_FINANCIAL_CATALOG_BYTES_MISSING,source_inventory.json
2024-07,2024-07-01,XU100,ENKAI,REJECTED_AT_SOURCE_PREFLIGHT,ORIGINAL_FINANCIAL_CATALOG_BYTES_MISSING,source_inventory.json
2024-07,2024-07-01,XU100,EREGL,REJECTED_AT_SOURCE_PREFLIGHT,ORIGINAL_FINANCIAL_CATALOG_BYTES_MISSING,source_inventory.json
2024-07,2024-07-01,XU100,EUPWR,REJECTED_AT_SOURCE_PREFLIGHT,ORIGINAL_FINANCIAL_CATALOG_BYTES_MISSING,source_inventory.json
2024-07,2024-07-01,XU100,EUREN,REJECTED_AT_SOURCE_PREFLIGHT,ORIGINAL_FINANCIAL_CATALOG_BYTES_MISSING,source_inventory.json
2024-07,2024-07-01,XU100,FROTO,REJECTED_AT_SOURCE_PREFLIGHT,ORIGINAL_FINANCIAL_CATALOG_BYTES_MISSING,source_inventory.json
2024-07,2024-07-01,XU100,GARAN,REJECTED_AT_SOURCE_PREFLIGHT,ORIGINAL_FINANCIAL_CATALOG_BYTES_MISSING,source_inventory.json
2024-07,2024-07-01,XU100,GESAN,REJECTED_AT_SOURCE_PREFLIGHT,ORIGINAL_FINANCIAL_CATALOG_BYTES_MISSING,source_inventory.json
2024-07,2024-07-01,XU100,GOLTS,REJECTED_AT_SOURCE_PREFLIGHT,ORIGINAL_FINANCIAL_CATALOG_BYTES_MISSING,source_inventory.json
2024-07,2024-07-01,XU100,GUBRF,REJECTED_AT_SOURCE_PREFLIGHT,ORIGINAL_FINANCIAL_CATALOG_BYTES_MISSING,source_inventory.json
2024-07,2024-07-01,XU100,HALKB,REJECTED_AT_SOURCE_PREFLIGHT,ORIGINAL_FINANCIAL_CATALOG_BYTES_MISSING,source_inventory.json
2024-07,2024-07-01,XU100,HEKTS,REJECTED_AT_SOURCE_PREFLIGHT,ORIGINAL_FINANCIAL_CATALOG_BYTES_MISSING,source_inventory.json
2024-07,2024-07-01,XU100,ISCTR,REJECTED_AT_SOURCE_PREFLIGHT,ORIGINAL_FINANCIAL_CATALOG_BYTES_MISSING,source_inventory.json
2024-07,2024-07-01,XU100,ISGYO,REJECTED_AT_SOURCE_PREFLIGHT,ORIGINAL_FINANCIAL_CATALOG_BYTES_MISSING,source_inventory.json
2024-07,2024-07-01,XU100,ISMEN,REJECTED_AT_SOURCE_PREFLIGHT,ORIGINAL_FINANCIAL_CATALOG_BYTES_MISSING,source_inventory.json
2024-07,2024-07-01,XU100,IZENR,REJECTED_AT_SOURCE_PREFLIGHT,ORIGINAL_FINANCIAL_CATALOG_BYTES_MISSING,source_inventory.json
2024-07,2024-07-01,XU100,KAYSE,REJECTED_AT_SOURCE_PREFLIGHT,ORIGINAL_FINANCIAL_CATALOG_BYTES_MISSING,source_inventory.json
2024-07,2024-07-01,XU100,KCAER,REJECTED_AT_SOURCE_PREFLIGHT,ORIGINAL_FINANCIAL_CATALOG_BYTES_MISSING,source_inventory.json
2024-07,2024-07-01,XU100,KCHOL,REJECTED_AT_SOURCE_PREFLIGHT,ORIGINAL_FINANCIAL_CATALOG_BYTES_MISSING,source_inventory.json
2024-07,2024-07-01,XU100,KLSER,REJECTED_AT_SOURCE_PREFLIGHT,ORIGINAL_FINANCIAL_CATALOG_BYTES_MISSING,source_inventory.json
2024-07,2024-07-01,XU100,KONTR,REJECTED_AT_SOURCE_PREFLIGHT,ORIGINAL_FINANCIAL_CATALOG_BYTES_MISSING,source_inventory.json
2024-07,2024-07-01,XU100,KONYA,REJECTED_AT_SOURCE_PREFLIGHT,ORIGINAL_FINANCIAL_CATALOG_BYTES_MISSING,source_inventory.json
2024-07,2024-07-01,XU100,KOZAA,REJECTED_AT_SOURCE_PREFLIGHT,ORIGINAL_FINANCIAL_CATALOG_BYTES_MISSING,source_inventory.json
2024-07,2024-07-01,XU100,KOZAL,REJECTED_AT_SOURCE_PREFLIGHT,ORIGINAL_FINANCIAL_CATALOG_BYTES_MISSING,source_inventory.json
2024-07,2024-07-01,XU100,KRDMD,REJECTED_AT_SOURCE_PREFLIGHT,ORIGINAL_FINANCIAL_CATALOG_BYTES_MISSING,source_inventory.json
2024-07,2024-07-01,XU100,KTLEV,REJECTED_AT_SOURCE_PREFLIGHT,ORIGINAL_FINANCIAL_CATALOG_BYTES_MISSING,source_inventory.json
2024-07,2024-07-01,XU100,LMKDC,REJECTED_AT_SOURCE_PREFLIGHT,ORIGINAL_FINANCIAL_CATALOG_BYTES_MISSING,source_inventory.json
2024-07,2024-07-01,XU100,MAVI,REJECTED_AT_SOURCE_PREFLIGHT,ORIGINAL_FINANCIAL_CATALOG_BYTES_MISSING,source_inventory.json
2024-07,2024-07-01,XU100,MGROS,REJECTED_AT_SOURCE_PREFLIGHT,ORIGINAL_FINANCIAL_CATALOG_BYTES_MISSING,source_inventory.json
2024-07,2024-07-01,XU100,MIATK,REJECTED_AT_SOURCE_PREFLIGHT,ORIGINAL_FINANCIAL_CATALOG_BYTES_MISSING,source_inventory.json
2024-07,2024-07-01,XU100,OBAMS,REJECTED_AT_SOURCE_PREFLIGHT,ORIGINAL_FINANCIAL_CATALOG_BYTES_MISSING,source_inventory.json
2024-07,2024-07-01,XU100,ODAS,REJECTED_AT_SOURCE_PREFLIGHT,ORIGINAL_FINANCIAL_CATALOG_BYTES_MISSING,source_inventory.json
2024-07,2024-07-01,XU100,OTKAR,REJECTED_AT_SOURCE_PREFLIGHT,ORIGINAL_FINANCIAL_CATALOG_BYTES_MISSING,source_inventory.json
2024-07,2024-07-01,XU100,OYAKC,REJECTED_AT_SOURCE_PREFLIGHT,ORIGINAL_FINANCIAL_CATALOG_BYTES_MISSING,source_inventory.json
2024-07,2024-07-01,XU100,PEKGY,REJECTED_AT_SOURCE_PREFLIGHT,ORIGINAL_FINANCIAL_CATALOG_BYTES_MISSING,source_inventory.json
2024-07,2024-07-01,XU100,PETKM,REJECTED_AT_SOURCE_PREFLIGHT,ORIGINAL_FINANCIAL_CATALOG_BYTES_MISSING,source_inventory.json
2024-07,2024-07-01,XU100,PGSUS,REJECTED_AT_SOURCE_PREFLIGHT,ORIGINAL_FINANCIAL_CATALOG_BYTES_MISSING,source_inventory.json
2024-07,2024-07-01,XU100,QUAGR,REJECTED_AT_SOURCE_PREFLIGHT,ORIGINAL_FINANCIAL_CATALOG_BYTES_MISSING,source_inventory.json
2024-07,2024-07-01,XU100,REEDR,REJECTED_AT_SOURCE_PREFLIGHT,ORIGINAL_FINANCIAL_CATALOG_BYTES_MISSING,source_inventory.json
2024-07,2024-07-01,XU100,SAHOL,REJECTED_AT_SOURCE_PREFLIGHT,ORIGINAL_FINANCIAL_CATALOG_BYTES_MISSING,source_inventory.json
2024-07,2024-07-01,XU100,SASA,REJECTED_AT_SOURCE_PREFLIGHT,ORIGINAL_FINANCIAL_CATALOG_BYTES_MISSING,source_inventory.json
2024-07,2024-07-01,XU100,SDTTR,REJECTED_AT_SOURCE_PREFLIGHT,ORIGINAL_FINANCIAL_CATALOG_BYTES_MISSING,source_inventory.json
2024-07,2024-07-01,XU100,SISE,REJECTED_AT_SOURCE_PREFLIGHT,ORIGINAL_FINANCIAL_CATALOG_BYTES_MISSING,source_inventory.json
2024-07,2024-07-01,XU100,SKBNK,REJECTED_AT_SOURCE_PREFLIGHT,ORIGINAL_FINANCIAL_CATALOG_BYTES_MISSING,source_inventory.json
2024-07,2024-07-01,XU100,SMRTG,REJECTED_AT_SOURCE_PREFLIGHT,ORIGINAL_FINANCIAL_CATALOG_BYTES_MISSING,source_inventory.json
2024-07,2024-07-01,XU100,SOKM,REJECTED_AT_SOURCE_PREFLIGHT,ORIGINAL_FINANCIAL_CATALOG_BYTES_MISSING,source_inventory.json
2024-07,2024-07-01,XU100,TABGD,REJECTED_AT_SOURCE_PREFLIGHT,ORIGINAL_FINANCIAL_CATALOG_BYTES_MISSING,source_inventory.json
2024-07,2024-07-01,XU100,TAVHL,REJECTED_AT_SOURCE_PREFLIGHT,ORIGINAL_FINANCIAL_CATALOG_BYTES_MISSING,source_inventory.json
2024-07,2024-07-01,XU100,TCELL,REJECTED_AT_SOURCE_PREFLIGHT,ORIGINAL_FINANCIAL_CATALOG_BYTES_MISSING,source_inventory.json
2024-07,2024-07-01,XU100,THYAO,REJECTED_AT_SOURCE_PREFLIGHT,ORIGINAL_FINANCIAL_CATALOG_BYTES_MISSING,source_inventory.json
2024-07,2024-07-01,XU100,TKFEN,REJECTED_AT_SOURCE_PREFLIGHT,ORIGINAL_FINANCIAL_CATALOG_BYTES_MISSING,source_inventory.json
2024-07,2024-07-01,XU100,TKNSA,REJECTED_AT_SOURCE_PREFLIGHT,ORIGINAL_FINANCIAL_CATALOG_BYTES_MISSING,source_inventory.json
2024-07,2024-07-01,XU100,TMSN,REJECTED_AT_SOURCE_PREFLIGHT,ORIGINAL_FINANCIAL_CATALOG_BYTES_MISSING,source_inventory.json
2024-07,2024-07-01,XU100,TOASO,REJECTED_AT_SOURCE_PREFLIGHT,ORIGINAL_FINANCIAL_CATALOG_BYTES_MISSING,source_inventory.json
2024-07,2024-07-01,XU100,TSKB,REJECTED_AT_SOURCE_PREFLIGHT,ORIGINAL_FINANCIAL_CATALOG_BYTES_MISSING,source_inventory.json
2024-07,2024-07-01,XU100,TTKOM,REJECTED_AT_SOURCE_PREFLIGHT,ORIGINAL_FINANCIAL_CATALOG_BYTES_MISSING,source_inventory.json
2024-07,2024-07-01,XU100,TTRAK,REJECTED_AT_SOURCE_PREFLIGHT,ORIGINAL_FINANCIAL_CATALOG_BYTES_MISSING,source_inventory.json
2024-07,2024-07-01,XU100,TUKAS,REJECTED_AT_SOURCE_PREFLIGHT,ORIGINAL_FINANCIAL_CATALOG_BYTES_MISSING,source_inventory.json
2024-07,2024-07-01,XU100,TUPRS,REJECTED_AT_SOURCE_PREFLIGHT,ORIGINAL_FINANCIAL_CATALOG_BYTES_MISSING,source_inventory.json
2024-07,2024-07-01,XU100,TURSG,REJECTED_AT_SOURCE_PREFLIGHT,ORIGINAL_FINANCIAL_CATALOG_BYTES_MISSING,source_inventory.json
2024-07,2024-07-01,XU100,ULKER,REJECTED_AT_SOURCE_PREFLIGHT,ORIGINAL_FINANCIAL_CATALOG_BYTES_MISSING,source_inventory.json
2024-07,2024-07-01,XU100,VAKBN,REJECTED_AT_SOURCE_PREFLIGHT,ORIGINAL_FINANCIAL_CATALOG_BYTES_MISSING,source_inventory.json
2024-07,2024-07-01,XU100,VESBE,REJECTED_AT_SOURCE_PREFLIGHT,ORIGINAL_FINANCIAL_CATALOG_BYTES_MISSING,source_inventory.json
2024-07,2024-07-01,XU100,VESTL,REJECTED_AT_SOURCE_PREFLIGHT,ORIGINAL_FINANCIAL_CATALOG_BYTES_MISSING,source_inventory.json
2024-07,2024-07-01,XU100,YEOTK,REJECTED_AT_SOURCE_PREFLIGHT,ORIGINAL_FINANCIAL_CATALOG_BYTES_MISSING,source_inventory.json
2024-07,2024-07-01,XU100,YKBNK,REJECTED_AT_SOURCE_PREFLIGHT,ORIGINAL_FINANCIAL_CATALOG_BYTES_MISSING,source_inventory.json
2024-07,2024-07-01,XU100,YYLGD,REJECTED_AT_SOURCE_PREFLIGHT,ORIGINAL_FINANCIAL_CATALOG_BYTES_MISSING,source_inventory.json
2024-07,2024-07-01,XU100,ZOREN,REJECTED_AT_SOURCE_PREFLIGHT,ORIGINAL_FINANCIAL_CATALOG_BYTES_MISSING,source_inventory.json
2024-08,2024-08-01,XU100,AEFES,REJECTED_AT_SOURCE_PREFLIGHT,ORIGINAL_FINANCIAL_CATALOG_BYTES_MISSING,source_inventory.json
2024-08,2024-08-01,XU100,AGHOL,REJECTED_AT_SOURCE_PREFLIGHT,ORIGINAL_FINANCIAL_CATALOG_BYTES_MISSING,source_inventory.json
2024-08,2024-08-01,XU100,AGROT,REJECTED_AT_SOURCE_PREFLIGHT,ORIGINAL_FINANCIAL_CATALOG_BYTES_MISSING,source_inventory.json
2024-08,2024-08-01,XU100,AKBNK,REJECTED_AT_SOURCE_PREFLIGHT,ORIGINAL_FINANCIAL_CATALOG_BYTES_MISSING,source_inventory.json
2024-08,2024-08-01,XU100,AKFGY,REJECTED_AT_SOURCE_PREFLIGHT,ORIGINAL_FINANCIAL_CATALOG_BYTES_MISSING,source_inventory.json
2024-08,2024-08-01,XU100,AKFYE,REJECTED_AT_SOURCE_PREFLIGHT,ORIGINAL_FINANCIAL_CATALOG_BYTES_MISSING,source_inventory.json
2024-08,2024-08-01,XU100,AKSA,REJECTED_AT_SOURCE_PREFLIGHT,ORIGINAL_FINANCIAL_CATALOG_BYTES_MISSING,source_inventory.json
2024-08,2024-08-01,XU100,AKSEN,REJECTED_AT_SOURCE_PREFLIGHT,ORIGINAL_FINANCIAL_CATALOG_BYTES_MISSING,source_inventory.json
2024-08,2024-08-01,XU100,ALARK,REJECTED_AT_SOURCE_PREFLIGHT,ORIGINAL_FINANCIAL_CATALOG_BYTES_MISSING,source_inventory.json
2024-08,2024-08-01,XU100,ALFAS,REJECTED_AT_SOURCE_PREFLIGHT,ORIGINAL_FINANCIAL_CATALOG_BYTES_MISSING,source_inventory.json
2024-08,2024-08-01,XU100,ARCLK,REJECTED_AT_SOURCE_PREFLIGHT,ORIGINAL_FINANCIAL_CATALOG_BYTES_MISSING,source_inventory.json
2024-08,2024-08-01,XU100,ARDYZ,REJECTED_AT_SOURCE_PREFLIGHT,ORIGINAL_FINANCIAL_CATALOG_BYTES_MISSING,source_inventory.json
2024-08,2024-08-01,XU100,ASELS,REJECTED_AT_SOURCE_PREFLIGHT,ORIGINAL_FINANCIAL_CATALOG_BYTES_MISSING,source_inventory.json
2024-08,2024-08-01,XU100,ASTOR,REJECTED_AT_SOURCE_PREFLIGHT,ORIGINAL_FINANCIAL_CATALOG_BYTES_MISSING,source_inventory.json
2024-08,2024-08-01,XU100,BERA,REJECTED_AT_SOURCE_PREFLIGHT,ORIGINAL_FINANCIAL_CATALOG_BYTES_MISSING,source_inventory.json
2024-08,2024-08-01,XU100,BFREN,REJECTED_AT_SOURCE_PREFLIGHT,ORIGINAL_FINANCIAL_CATALOG_BYTES_MISSING,source_inventory.json
2024-08,2024-08-01,XU100,BIMAS,REJECTED_AT_SOURCE_PREFLIGHT,ORIGINAL_FINANCIAL_CATALOG_BYTES_MISSING,source_inventory.json
2024-08,2024-08-01,XU100,BINHO,REJECTED_AT_SOURCE_PREFLIGHT,ORIGINAL_FINANCIAL_CATALOG_BYTES_MISSING,source_inventory.json
2024-08,2024-08-01,XU100,BRSAN,REJECTED_AT_SOURCE_PREFLIGHT,ORIGINAL_FINANCIAL_CATALOG_BYTES_MISSING,source_inventory.json
2024-08,2024-08-01,XU100,BRYAT,REJECTED_AT_SOURCE_PREFLIGHT,ORIGINAL_FINANCIAL_CATALOG_BYTES_MISSING,source_inventory.json
2024-08,2024-08-01,XU100,BTCIM,REJECTED_AT_SOURCE_PREFLIGHT,ORIGINAL_FINANCIAL_CATALOG_BYTES_MISSING,source_inventory.json
2024-08,2024-08-01,XU100,CANTE,REJECTED_AT_SOURCE_PREFLIGHT,ORIGINAL_FINANCIAL_CATALOG_BYTES_MISSING,source_inventory.json
2024-08,2024-08-01,XU100,CCOLA,REJECTED_AT_SOURCE_PREFLIGHT,ORIGINAL_FINANCIAL_CATALOG_BYTES_MISSING,source_inventory.json
2024-08,2024-08-01,XU100,CIMSA,REJECTED_AT_SOURCE_PREFLIGHT,ORIGINAL_FINANCIAL_CATALOG_BYTES_MISSING,source_inventory.json
2024-08,2024-08-01,XU100,CWENE,REJECTED_AT_SOURCE_PREFLIGHT,ORIGINAL_FINANCIAL_CATALOG_BYTES_MISSING,source_inventory.json
2024-08,2024-08-01,XU100,DOAS,REJECTED_AT_SOURCE_PREFLIGHT,ORIGINAL_FINANCIAL_CATALOG_BYTES_MISSING,source_inventory.json
2024-08,2024-08-01,XU100,DOHOL,REJECTED_AT_SOURCE_PREFLIGHT,ORIGINAL_FINANCIAL_CATALOG_BYTES_MISSING,source_inventory.json
2024-08,2024-08-01,XU100,ECILC,REJECTED_AT_SOURCE_PREFLIGHT,ORIGINAL_FINANCIAL_CATALOG_BYTES_MISSING,source_inventory.json
2024-08,2024-08-01,XU100,ECZYT,REJECTED_AT_SOURCE_PREFLIGHT,ORIGINAL_FINANCIAL_CATALOG_BYTES_MISSING,source_inventory.json
2024-08,2024-08-01,XU100,EGEEN,REJECTED_AT_SOURCE_PREFLIGHT,ORIGINAL_FINANCIAL_CATALOG_BYTES_MISSING,source_inventory.json
2024-08,2024-08-01,XU100,EKGYO,REJECTED_AT_SOURCE_PREFLIGHT,ORIGINAL_FINANCIAL_CATALOG_BYTES_MISSING,source_inventory.json
2024-08,2024-08-01,XU100,ENERY,REJECTED_AT_SOURCE_PREFLIGHT,ORIGINAL_FINANCIAL_CATALOG_BYTES_MISSING,source_inventory.json
2024-08,2024-08-01,XU100,ENJSA,REJECTED_AT_SOURCE_PREFLIGHT,ORIGINAL_FINANCIAL_CATALOG_BYTES_MISSING,source_inventory.json
2024-08,2024-08-01,XU100,ENKAI,REJECTED_AT_SOURCE_PREFLIGHT,ORIGINAL_FINANCIAL_CATALOG_BYTES_MISSING,source_inventory.json
2024-08,2024-08-01,XU100,EREGL,REJECTED_AT_SOURCE_PREFLIGHT,ORIGINAL_FINANCIAL_CATALOG_BYTES_MISSING,source_inventory.json
2024-08,2024-08-01,XU100,EUPWR,REJECTED_AT_SOURCE_PREFLIGHT,ORIGINAL_FINANCIAL_CATALOG_BYTES_MISSING,source_inventory.json
2024-08,2024-08-01,XU100,EUREN,REJECTED_AT_SOURCE_PREFLIGHT,ORIGINAL_FINANCIAL_CATALOG_BYTES_MISSING,source_inventory.json
2024-08,2024-08-01,XU100,FROTO,REJECTED_AT_SOURCE_PREFLIGHT,ORIGINAL_FINANCIAL_CATALOG_BYTES_MISSING,source_inventory.json
2024-08,2024-08-01,XU100,GARAN,REJECTED_AT_SOURCE_PREFLIGHT,ORIGINAL_FINANCIAL_CATALOG_BYTES_MISSING,source_inventory.json
2024-08,2024-08-01,XU100,GESAN,REJECTED_AT_SOURCE_PREFLIGHT,ORIGINAL_FINANCIAL_CATALOG_BYTES_MISSING,source_inventory.json
2024-08,2024-08-01,XU100,GOLTS,REJECTED_AT_SOURCE_PREFLIGHT,ORIGINAL_FINANCIAL_CATALOG_BYTES_MISSING,source_inventory.json
2024-08,2024-08-01,XU100,GUBRF,REJECTED_AT_SOURCE_PREFLIGHT,ORIGINAL_FINANCIAL_CATALOG_BYTES_MISSING,source_inventory.json
2024-08,2024-08-01,XU100,HALKB,REJECTED_AT_SOURCE_PREFLIGHT,ORIGINAL_FINANCIAL_CATALOG_BYTES_MISSING,source_inventory.json
2024-08,2024-08-01,XU100,HEKTS,REJECTED_AT_SOURCE_PREFLIGHT,ORIGINAL_FINANCIAL_CATALOG_BYTES_MISSING,source_inventory.json
2024-08,2024-08-01,XU100,ISCTR,REJECTED_AT_SOURCE_PREFLIGHT,ORIGINAL_FINANCIAL_CATALOG_BYTES_MISSING,source_inventory.json
2024-08,2024-08-01,XU100,ISGYO,REJECTED_AT_SOURCE_PREFLIGHT,ORIGINAL_FINANCIAL_CATALOG_BYTES_MISSING,source_inventory.json
2024-08,2024-08-01,XU100,ISMEN,REJECTED_AT_SOURCE_PREFLIGHT,ORIGINAL_FINANCIAL_CATALOG_BYTES_MISSING,source_inventory.json
2024-08,2024-08-01,XU100,IZENR,REJECTED_AT_SOURCE_PREFLIGHT,ORIGINAL_FINANCIAL_CATALOG_BYTES_MISSING,source_inventory.json
2024-08,2024-08-01,XU100,KAYSE,REJECTED_AT_SOURCE_PREFLIGHT,ORIGINAL_FINANCIAL_CATALOG_BYTES_MISSING,source_inventory.json
2024-08,2024-08-01,XU100,KCAER,REJECTED_AT_SOURCE_PREFLIGHT,ORIGINAL_FINANCIAL_CATALOG_BYTES_MISSING,source_inventory.json
2024-08,2024-08-01,XU100,KCHOL,REJECTED_AT_SOURCE_PREFLIGHT,ORIGINAL_FINANCIAL_CATALOG_BYTES_MISSING,source_inventory.json
2024-08,2024-08-01,XU100,KLSER,REJECTED_AT_SOURCE_PREFLIGHT,ORIGINAL_FINANCIAL_CATALOG_BYTES_MISSING,source_inventory.json
2024-08,2024-08-01,XU100,KONTR,REJECTED_AT_SOURCE_PREFLIGHT,ORIGINAL_FINANCIAL_CATALOG_BYTES_MISSING,source_inventory.json
2024-08,2024-08-01,XU100,KONYA,REJECTED_AT_SOURCE_PREFLIGHT,ORIGINAL_FINANCIAL_CATALOG_BYTES_MISSING,source_inventory.json
2024-08,2024-08-01,XU100,KOZAA,REJECTED_AT_SOURCE_PREFLIGHT,ORIGINAL_FINANCIAL_CATALOG_BYTES_MISSING,source_inventory.json
2024-08,2024-08-01,XU100,KOZAL,REJECTED_AT_SOURCE_PREFLIGHT,ORIGINAL_FINANCIAL_CATALOG_BYTES_MISSING,source_inventory.json
2024-08,2024-08-01,XU100,KRDMD,REJECTED_AT_SOURCE_PREFLIGHT,ORIGINAL_FINANCIAL_CATALOG_BYTES_MISSING,source_inventory.json
2024-08,2024-08-01,XU100,KTLEV,REJECTED_AT_SOURCE_PREFLIGHT,ORIGINAL_FINANCIAL_CATALOG_BYTES_MISSING,source_inventory.json
2024-08,2024-08-01,XU100,LMKDC,REJECTED_AT_SOURCE_PREFLIGHT,ORIGINAL_FINANCIAL_CATALOG_BYTES_MISSING,source_inventory.json
2024-08,2024-08-01,XU100,MAVI,REJECTED_AT_SOURCE_PREFLIGHT,ORIGINAL_FINANCIAL_CATALOG_BYTES_MISSING,source_inventory.json
2024-08,2024-08-01,XU100,MGROS,REJECTED_AT_SOURCE_PREFLIGHT,ORIGINAL_FINANCIAL_CATALOG_BYTES_MISSING,source_inventory.json
2024-08,2024-08-01,XU100,MIATK,REJECTED_AT_SOURCE_PREFLIGHT,ORIGINAL_FINANCIAL_CATALOG_BYTES_MISSING,source_inventory.json
2024-08,2024-08-01,XU100,OBAMS,REJECTED_AT_SOURCE_PREFLIGHT,ORIGINAL_FINANCIAL_CATALOG_BYTES_MISSING,source_inventory.json
2024-08,2024-08-01,XU100,ODAS,REJECTED_AT_SOURCE_PREFLIGHT,ORIGINAL_FINANCIAL_CATALOG_BYTES_MISSING,source_inventory.json
2024-08,2024-08-01,XU100,OTKAR,REJECTED_AT_SOURCE_PREFLIGHT,ORIGINAL_FINANCIAL_CATALOG_BYTES_MISSING,source_inventory.json
2024-08,2024-08-01,XU100,OYAKC,REJECTED_AT_SOURCE_PREFLIGHT,ORIGINAL_FINANCIAL_CATALOG_BYTES_MISSING,source_inventory.json
2024-08,2024-08-01,XU100,PEKGY,REJECTED_AT_SOURCE_PREFLIGHT,ORIGINAL_FINANCIAL_CATALOG_BYTES_MISSING,source_inventory.json
2024-08,2024-08-01,XU100,PETKM,REJECTED_AT_SOURCE_PREFLIGHT,ORIGINAL_FINANCIAL_CATALOG_BYTES_MISSING,source_inventory.json
2024-08,2024-08-01,XU100,PGSUS,REJECTED_AT_SOURCE_PREFLIGHT,ORIGINAL_FINANCIAL_CATALOG_BYTES_MISSING,source_inventory.json
2024-08,2024-08-01,XU100,QUAGR,REJECTED_AT_SOURCE_PREFLIGHT,ORIGINAL_FINANCIAL_CATALOG_BYTES_MISSING,source_inventory.json
2024-08,2024-08-01,XU100,REEDR,REJECTED_AT_SOURCE_PREFLIGHT,ORIGINAL_FINANCIAL_CATALOG_BYTES_MISSING,source_inventory.json
2024-08,2024-08-01,XU100,SAHOL,REJECTED_AT_SOURCE_PREFLIGHT,ORIGINAL_FINANCIAL_CATALOG_BYTES_MISSING,source_inventory.json
2024-08,2024-08-01,XU100,SASA,REJECTED_AT_SOURCE_PREFLIGHT,ORIGINAL_FINANCIAL_CATALOG_BYTES_MISSING,source_inventory.json
2024-08,2024-08-01,XU100,SDTTR,REJECTED_AT_SOURCE_PREFLIGHT,ORIGINAL_FINANCIAL_CATALOG_BYTES_MISSING,source_inventory.json
2024-08,2024-08-01,XU100,SISE,REJECTED_AT_SOURCE_PREFLIGHT,ORIGINAL_FINANCIAL_CATALOG_BYTES_MISSING,source_inventory.json
2024-08,2024-08-01,XU100,SKBNK,REJECTED_AT_SOURCE_PREFLIGHT,ORIGINAL_FINANCIAL_CATALOG_BYTES_MISSING,source_inventory.json
2024-08,2024-08-01,XU100,SMRTG,REJECTED_AT_SOURCE_PREFLIGHT,ORIGINAL_FINANCIAL_CATALOG_BYTES_MISSING,source_inventory.json
2024-08,2024-08-01,XU100,SOKM,REJECTED_AT_SOURCE_PREFLIGHT,ORIGINAL_FINANCIAL_CATALOG_BYTES_MISSING,source_inventory.json
2024-08,2024-08-01,XU100,TABGD,REJECTED_AT_SOURCE_PREFLIGHT,ORIGINAL_FINANCIAL_CATALOG_BYTES_MISSING,source_inventory.json
2024-08,2024-08-01,XU100,TAVHL,REJECTED_AT_SOURCE_PREFLIGHT,ORIGINAL_FINANCIAL_CATALOG_BYTES_MISSING,source_inventory.json
2024-08,2024-08-01,XU100,TCELL,REJECTED_AT_SOURCE_PREFLIGHT,ORIGINAL_FINANCIAL_CATALOG_BYTES_MISSING,source_inventory.json
2024-08,2024-08-01,XU100,THYAO,REJECTED_AT_SOURCE_PREFLIGHT,ORIGINAL_FINANCIAL_CATALOG_BYTES_MISSING,source_inventory.json
2024-08,2024-08-01,XU100,TKFEN,REJECTED_AT_SOURCE_PREFLIGHT,ORIGINAL_FINANCIAL_CATALOG_BYTES_MISSING,source_inventory.json
2024-08,2024-08-01,XU100,TKNSA,REJECTED_AT_SOURCE_PREFLIGHT,ORIGINAL_FINANCIAL_CATALOG_BYTES_MISSING,source_inventory.json
2024-08,2024-08-01,XU100,TMSN,REJECTED_AT_SOURCE_PREFLIGHT,ORIGINAL_FINANCIAL_CATALOG_BYTES_MISSING,source_inventory.json
2024-08,2024-08-01,XU100,TOASO,REJECTED_AT_SOURCE_PREFLIGHT,ORIGINAL_FINANCIAL_CATALOG_BYTES_MISSING,source_inventory.json
2024-08,2024-08-01,XU100,TSKB,REJECTED_AT_SOURCE_PREFLIGHT,ORIGINAL_FINANCIAL_CATALOG_BYTES_MISSING,source_inventory.json
2024-08,2024-08-01,XU100,TTKOM,REJECTED_AT_SOURCE_PREFLIGHT,ORIGINAL_FINANCIAL_CATALOG_BYTES_MISSING,source_inventory.json
2024-08,2024-08-01,XU100,TTRAK,REJECTED_AT_SOURCE_PREFLIGHT,ORIGINAL_FINANCIAL_CATALOG_BYTES_MISSING,source_inventory.json
2024-08,2024-08-01,XU100,TUKAS,REJECTED_AT_SOURCE_PREFLIGHT,ORIGINAL_FINANCIAL_CATALOG_BYTES_MISSING,source_inventory.json
2024-08,2024-08-01,XU100,TUPRS,REJECTED_AT_SOURCE_PREFLIGHT,ORIGINAL_FINANCIAL_CATALOG_BYTES_MISSING,source_inventory.json
2024-08,2024-08-01,XU100,TURSG,REJECTED_AT_SOURCE_PREFLIGHT,ORIGINAL_FINANCIAL_CATALOG_BYTES_MISSING,source_inventory.json
2024-08,2024-08-01,XU100,ULKER,REJECTED_AT_SOURCE_PREFLIGHT,ORIGINAL_FINANCIAL_CATALOG_BYTES_MISSING,source_inventory.json
2024-08,2024-08-01,XU100,VAKBN,REJECTED_AT_SOURCE_PREFLIGHT,ORIGINAL_FINANCIAL_CATALOG_BYTES_MISSING,source_inventory.json
2024-08,2024-08-01,XU100,VESBE,REJECTED_AT_SOURCE_PREFLIGHT,ORIGINAL_FINANCIAL_CATALOG_BYTES_MISSING,source_inventory.json
2024-08,2024-08-01,XU100,VESTL,REJECTED_AT_SOURCE_PREFLIGHT,ORIGINAL_FINANCIAL_CATALOG_BYTES_MISSING,source_inventory.json
2024-08,2024-08-01,XU100,YEOTK,REJECTED_AT_SOURCE_PREFLIGHT,ORIGINAL_FINANCIAL_CATALOG_BYTES_MISSING,source_inventory.json
2024-08,2024-08-01,XU100,YKBNK,REJECTED_AT_SOURCE_PREFLIGHT,ORIGINAL_FINANCIAL_CATALOG_BYTES_MISSING,source_inventory.json
2024-08,2024-08-01,XU100,YYLGD,REJECTED_AT_SOURCE_PREFLIGHT,ORIGINAL_FINANCIAL_CATALOG_BYTES_MISSING,source_inventory.json
2024-08,2024-08-01,XU100,ZOREN,REJECTED_AT_SOURCE_PREFLIGHT,ORIGINAL_FINANCIAL_CATALOG_BYTES_MISSING,source_inventory.json
2024-09,2024-09-02,XU100,AEFES,REJECTED_AT_SOURCE_PREFLIGHT,ORIGINAL_FINANCIAL_CATALOG_BYTES_MISSING,source_inventory.json
2024-09,2024-09-02,XU100,AGHOL,REJECTED_AT_SOURCE_PREFLIGHT,ORIGINAL_FINANCIAL_CATALOG_BYTES_MISSING,source_inventory.json
2024-09,2024-09-02,XU100,AGROT,REJECTED_AT_SOURCE_PREFLIGHT,ORIGINAL_FINANCIAL_CATALOG_BYTES_MISSING,source_inventory.json
2024-09,2024-09-02,XU100,AKBNK,REJECTED_AT_SOURCE_PREFLIGHT,ORIGINAL_FINANCIAL_CATALOG_BYTES_MISSING,source_inventory.json
2024-09,2024-09-02,XU100,AKFGY,REJECTED_AT_SOURCE_PREFLIGHT,ORIGINAL_FINANCIAL_CATALOG_BYTES_MISSING,source_inventory.json
2024-09,2024-09-02,XU100,AKFYE,REJECTED_AT_SOURCE_PREFLIGHT,ORIGINAL_FINANCIAL_CATALOG_BYTES_MISSING,source_inventory.json
2024-09,2024-09-02,XU100,AKSA,REJECTED_AT_SOURCE_PREFLIGHT,ORIGINAL_FINANCIAL_CATALOG_BYTES_MISSING,source_inventory.json
2024-09,2024-09-02,XU100,AKSEN,REJECTED_AT_SOURCE_PREFLIGHT,ORIGINAL_FINANCIAL_CATALOG_BYTES_MISSING,source_inventory.json
2024-09,2024-09-02,XU100,ALARK,REJECTED_AT_SOURCE_PREFLIGHT,ORIGINAL_FINANCIAL_CATALOG_BYTES_MISSING,source_inventory.json
2024-09,2024-09-02,XU100,ALFAS,REJECTED_AT_SOURCE_PREFLIGHT,ORIGINAL_FINANCIAL_CATALOG_BYTES_MISSING,source_inventory.json
2024-09,2024-09-02,XU100,ARCLK,REJECTED_AT_SOURCE_PREFLIGHT,ORIGINAL_FINANCIAL_CATALOG_BYTES_MISSING,source_inventory.json
2024-09,2024-09-02,XU100,ARDYZ,REJECTED_AT_SOURCE_PREFLIGHT,ORIGINAL_FINANCIAL_CATALOG_BYTES_MISSING,source_inventory.json
2024-09,2024-09-02,XU100,ASELS,REJECTED_AT_SOURCE_PREFLIGHT,ORIGINAL_FINANCIAL_CATALOG_BYTES_MISSING,source_inventory.json
2024-09,2024-09-02,XU100,ASTOR,REJECTED_AT_SOURCE_PREFLIGHT,ORIGINAL_FINANCIAL_CATALOG_BYTES_MISSING,source_inventory.json
2024-09,2024-09-02,XU100,BERA,REJECTED_AT_SOURCE_PREFLIGHT,ORIGINAL_FINANCIAL_CATALOG_BYTES_MISSING,source_inventory.json
2024-09,2024-09-02,XU100,BFREN,REJECTED_AT_SOURCE_PREFLIGHT,ORIGINAL_FINANCIAL_CATALOG_BYTES_MISSING,source_inventory.json
2024-09,2024-09-02,XU100,BIMAS,REJECTED_AT_SOURCE_PREFLIGHT,ORIGINAL_FINANCIAL_CATALOG_BYTES_MISSING,source_inventory.json
2024-09,2024-09-02,XU100,BINHO,REJECTED_AT_SOURCE_PREFLIGHT,ORIGINAL_FINANCIAL_CATALOG_BYTES_MISSING,source_inventory.json
2024-09,2024-09-02,XU100,BRSAN,REJECTED_AT_SOURCE_PREFLIGHT,ORIGINAL_FINANCIAL_CATALOG_BYTES_MISSING,source_inventory.json
2024-09,2024-09-02,XU100,BRYAT,REJECTED_AT_SOURCE_PREFLIGHT,ORIGINAL_FINANCIAL_CATALOG_BYTES_MISSING,source_inventory.json
2024-09,2024-09-02,XU100,BTCIM,REJECTED_AT_SOURCE_PREFLIGHT,ORIGINAL_FINANCIAL_CATALOG_BYTES_MISSING,source_inventory.json
2024-09,2024-09-02,XU100,CANTE,REJECTED_AT_SOURCE_PREFLIGHT,ORIGINAL_FINANCIAL_CATALOG_BYTES_MISSING,source_inventory.json
2024-09,2024-09-02,XU100,CCOLA,REJECTED_AT_SOURCE_PREFLIGHT,ORIGINAL_FINANCIAL_CATALOG_BYTES_MISSING,source_inventory.json
2024-09,2024-09-02,XU100,CIMSA,REJECTED_AT_SOURCE_PREFLIGHT,ORIGINAL_FINANCIAL_CATALOG_BYTES_MISSING,source_inventory.json
2024-09,2024-09-02,XU100,CWENE,REJECTED_AT_SOURCE_PREFLIGHT,ORIGINAL_FINANCIAL_CATALOG_BYTES_MISSING,source_inventory.json
2024-09,2024-09-02,XU100,DOAS,REJECTED_AT_SOURCE_PREFLIGHT,ORIGINAL_FINANCIAL_CATALOG_BYTES_MISSING,source_inventory.json
2024-09,2024-09-02,XU100,DOHOL,REJECTED_AT_SOURCE_PREFLIGHT,ORIGINAL_FINANCIAL_CATALOG_BYTES_MISSING,source_inventory.json
2024-09,2024-09-02,XU100,ECILC,REJECTED_AT_SOURCE_PREFLIGHT,ORIGINAL_FINANCIAL_CATALOG_BYTES_MISSING,source_inventory.json
2024-09,2024-09-02,XU100,ECZYT,REJECTED_AT_SOURCE_PREFLIGHT,ORIGINAL_FINANCIAL_CATALOG_BYTES_MISSING,source_inventory.json
2024-09,2024-09-02,XU100,EGEEN,REJECTED_AT_SOURCE_PREFLIGHT,ORIGINAL_FINANCIAL_CATALOG_BYTES_MISSING,source_inventory.json
2024-09,2024-09-02,XU100,EKGYO,REJECTED_AT_SOURCE_PREFLIGHT,ORIGINAL_FINANCIAL_CATALOG_BYTES_MISSING,source_inventory.json
2024-09,2024-09-02,XU100,ENERY,REJECTED_AT_SOURCE_PREFLIGHT,ORIGINAL_FINANCIAL_CATALOG_BYTES_MISSING,source_inventory.json
2024-09,2024-09-02,XU100,ENJSA,REJECTED_AT_SOURCE_PREFLIGHT,ORIGINAL_FINANCIAL_CATALOG_BYTES_MISSING,source_inventory.json
2024-09,2024-09-02,XU100,ENKAI,REJECTED_AT_SOURCE_PREFLIGHT,ORIGINAL_FINANCIAL_CATALOG_BYTES_MISSING,source_inventory.json
2024-09,2024-09-02,XU100,EREGL,REJECTED_AT_SOURCE_PREFLIGHT,ORIGINAL_FINANCIAL_CATALOG_BYTES_MISSING,source_inventory.json
2024-09,2024-09-02,XU100,EUPWR,REJECTED_AT_SOURCE_PREFLIGHT,ORIGINAL_FINANCIAL_CATALOG_BYTES_MISSING,source_inventory.json
2024-09,2024-09-02,XU100,EUREN,REJECTED_AT_SOURCE_PREFLIGHT,ORIGINAL_FINANCIAL_CATALOG_BYTES_MISSING,source_inventory.json
2024-09,2024-09-02,XU100,FROTO,REJECTED_AT_SOURCE_PREFLIGHT,ORIGINAL_FINANCIAL_CATALOG_BYTES_MISSING,source_inventory.json
2024-09,2024-09-02,XU100,GARAN,REJECTED_AT_SOURCE_PREFLIGHT,ORIGINAL_FINANCIAL_CATALOG_BYTES_MISSING,source_inventory.json
2024-09,2024-09-02,XU100,GESAN,REJECTED_AT_SOURCE_PREFLIGHT,ORIGINAL_FINANCIAL_CATALOG_BYTES_MISSING,source_inventory.json
2024-09,2024-09-02,XU100,GOLTS,REJECTED_AT_SOURCE_PREFLIGHT,ORIGINAL_FINANCIAL_CATALOG_BYTES_MISSING,source_inventory.json
2024-09,2024-09-02,XU100,GUBRF,REJECTED_AT_SOURCE_PREFLIGHT,ORIGINAL_FINANCIAL_CATALOG_BYTES_MISSING,source_inventory.json
2024-09,2024-09-02,XU100,HALKB,REJECTED_AT_SOURCE_PREFLIGHT,ORIGINAL_FINANCIAL_CATALOG_BYTES_MISSING,source_inventory.json
2024-09,2024-09-02,XU100,HEKTS,REJECTED_AT_SOURCE_PREFLIGHT,ORIGINAL_FINANCIAL_CATALOG_BYTES_MISSING,source_inventory.json
2024-09,2024-09-02,XU100,ISCTR,REJECTED_AT_SOURCE_PREFLIGHT,ORIGINAL_FINANCIAL_CATALOG_BYTES_MISSING,source_inventory.json
2024-09,2024-09-02,XU100,ISGYO,REJECTED_AT_SOURCE_PREFLIGHT,ORIGINAL_FINANCIAL_CATALOG_BYTES_MISSING,source_inventory.json
2024-09,2024-09-02,XU100,ISMEN,REJECTED_AT_SOURCE_PREFLIGHT,ORIGINAL_FINANCIAL_CATALOG_BYTES_MISSING,source_inventory.json
2024-09,2024-09-02,XU100,IZENR,REJECTED_AT_SOURCE_PREFLIGHT,ORIGINAL_FINANCIAL_CATALOG_BYTES_MISSING,source_inventory.json
2024-09,2024-09-02,XU100,KAYSE,REJECTED_AT_SOURCE_PREFLIGHT,ORIGINAL_FINANCIAL_CATALOG_BYTES_MISSING,source_inventory.json
2024-09,2024-09-02,XU100,KCAER,REJECTED_AT_SOURCE_PREFLIGHT,ORIGINAL_FINANCIAL_CATALOG_BYTES_MISSING,source_inventory.json
2024-09,2024-09-02,XU100,KCHOL,REJECTED_AT_SOURCE_PREFLIGHT,ORIGINAL_FINANCIAL_CATALOG_BYTES_MISSING,source_inventory.json
2024-09,2024-09-02,XU100,KLSER,REJECTED_AT_SOURCE_PREFLIGHT,ORIGINAL_FINANCIAL_CATALOG_BYTES_MISSING,source_inventory.json
2024-09,2024-09-02,XU100,KONTR,REJECTED_AT_SOURCE_PREFLIGHT,ORIGINAL_FINANCIAL_CATALOG_BYTES_MISSING,source_inventory.json
2024-09,2024-09-02,XU100,KONYA,REJECTED_AT_SOURCE_PREFLIGHT,ORIGINAL_FINANCIAL_CATALOG_BYTES_MISSING,source_inventory.json
2024-09,2024-09-02,XU100,KOZAA,REJECTED_AT_SOURCE_PREFLIGHT,ORIGINAL_FINANCIAL_CATALOG_BYTES_MISSING,source_inventory.json
2024-09,2024-09-02,XU100,KOZAL,REJECTED_AT_SOURCE_PREFLIGHT,ORIGINAL_FINANCIAL_CATALOG_BYTES_MISSING,source_inventory.json
2024-09,2024-09-02,XU100,KRDMD,REJECTED_AT_SOURCE_PREFLIGHT,ORIGINAL_FINANCIAL_CATALOG_BYTES_MISSING,source_inventory.json
2024-09,2024-09-02,XU100,KTLEV,REJECTED_AT_SOURCE_PREFLIGHT,ORIGINAL_FINANCIAL_CATALOG_BYTES_MISSING,source_inventory.json
2024-09,2024-09-02,XU100,LMKDC,REJECTED_AT_SOURCE_PREFLIGHT,ORIGINAL_FINANCIAL_CATALOG_BYTES_MISSING,source_inventory.json
2024-09,2024-09-02,XU100,MAVI,REJECTED_AT_SOURCE_PREFLIGHT,ORIGINAL_FINANCIAL_CATALOG_BYTES_MISSING,source_inventory.json
2024-09,2024-09-02,XU100,MGROS,REJECTED_AT_SOURCE_PREFLIGHT,ORIGINAL_FINANCIAL_CATALOG_BYTES_MISSING,source_inventory.json
2024-09,2024-09-02,XU100,MIATK,REJECTED_AT_SOURCE_PREFLIGHT,ORIGINAL_FINANCIAL_CATALOG_BYTES_MISSING,source_inventory.json
2024-09,2024-09-02,XU100,OBAMS,REJECTED_AT_SOURCE_PREFLIGHT,ORIGINAL_FINANCIAL_CATALOG_BYTES_MISSING,source_inventory.json
2024-09,2024-09-02,XU100,ODAS,REJECTED_AT_SOURCE_PREFLIGHT,ORIGINAL_FINANCIAL_CATALOG_BYTES_MISSING,source_inventory.json
2024-09,2024-09-02,XU100,OTKAR,REJECTED_AT_SOURCE_PREFLIGHT,ORIGINAL_FINANCIAL_CATALOG_BYTES_MISSING,source_inventory.json
2024-09,2024-09-02,XU100,OYAKC,REJECTED_AT_SOURCE_PREFLIGHT,ORIGINAL_FINANCIAL_CATALOG_BYTES_MISSING,source_inventory.json
2024-09,2024-09-02,XU100,PEKGY,REJECTED_AT_SOURCE_PREFLIGHT,ORIGINAL_FINANCIAL_CATALOG_BYTES_MISSING,source_inventory.json
2024-09,2024-09-02,XU100,PETKM,REJECTED_AT_SOURCE_PREFLIGHT,ORIGINAL_FINANCIAL_CATALOG_BYTES_MISSING,source_inventory.json
2024-09,2024-09-02,XU100,PGSUS,REJECTED_AT_SOURCE_PREFLIGHT,ORIGINAL_FINANCIAL_CATALOG_BYTES_MISSING,source_inventory.json
2024-09,2024-09-02,XU100,QUAGR,REJECTED_AT_SOURCE_PREFLIGHT,ORIGINAL_FINANCIAL_CATALOG_BYTES_MISSING,source_inventory.json
2024-09,2024-09-02,XU100,REEDR,REJECTED_AT_SOURCE_PREFLIGHT,ORIGINAL_FINANCIAL_CATALOG_BYTES_MISSING,source_inventory.json
2024-09,2024-09-02,XU100,SAHOL,REJECTED_AT_SOURCE_PREFLIGHT,ORIGINAL_FINANCIAL_CATALOG_BYTES_MISSING,source_inventory.json
2024-09,2024-09-02,XU100,SASA,REJECTED_AT_SOURCE_PREFLIGHT,ORIGINAL_FINANCIAL_CATALOG_BYTES_MISSING,source_inventory.json
2024-09,2024-09-02,XU100,SDTTR,REJECTED_AT_SOURCE_PREFLIGHT,ORIGINAL_FINANCIAL_CATALOG_BYTES_MISSING,source_inventory.json
2024-09,2024-09-02,XU100,SISE,REJECTED_AT_SOURCE_PREFLIGHT,ORIGINAL_FINANCIAL_CATALOG_BYTES_MISSING,source_inventory.json
2024-09,2024-09-02,XU100,SKBNK,REJECTED_AT_SOURCE_PREFLIGHT,ORIGINAL_FINANCIAL_CATALOG_BYTES_MISSING,source_inventory.json
2024-09,2024-09-02,XU100,SMRTG,REJECTED_AT_SOURCE_PREFLIGHT,ORIGINAL_FINANCIAL_CATALOG_BYTES_MISSING,source_inventory.json
2024-09,2024-09-02,XU100,SOKM,REJECTED_AT_SOURCE_PREFLIGHT,ORIGINAL_FINANCIAL_CATALOG_BYTES_MISSING,source_inventory.json
2024-09,2024-09-02,XU100,TABGD,REJECTED_AT_SOURCE_PREFLIGHT,ORIGINAL_FINANCIAL_CATALOG_BYTES_MISSING,source_inventory.json
2024-09,2024-09-02,XU100,TAVHL,REJECTED_AT_SOURCE_PREFLIGHT,ORIGINAL_FINANCIAL_CATALOG_BYTES_MISSING,source_inventory.json
2024-09,2024-09-02,XU100,TCELL,REJECTED_AT_SOURCE_PREFLIGHT,ORIGINAL_FINANCIAL_CATALOG_BYTES_MISSING,source_inventory.json
2024-09,2024-09-02,XU100,THYAO,REJECTED_AT_SOURCE_PREFLIGHT,ORIGINAL_FINANCIAL_CATALOG_BYTES_MISSING,source_inventory.json
2024-09,2024-09-02,XU100,TKFEN,REJECTED_AT_SOURCE_PREFLIGHT,ORIGINAL_FINANCIAL_CATALOG_BYTES_MISSING,source_inventory.json
2024-09,2024-09-02,XU100,TKNSA,REJECTED_AT_SOURCE_PREFLIGHT,ORIGINAL_FINANCIAL_CATALOG_BYTES_MISSING,source_inventory.json
2024-09,2024-09-02,XU100,TMSN,REJECTED_AT_SOURCE_PREFLIGHT,ORIGINAL_FINANCIAL_CATALOG_BYTES_MISSING,source_inventory.json
2024-09,2024-09-02,XU100,TOASO,REJECTED_AT_SOURCE_PREFLIGHT,ORIGINAL_FINANCIAL_CATALOG_BYTES_MISSING,source_inventory.json
2024-09,2024-09-02,XU100,TSKB,REJECTED_AT_SOURCE_PREFLIGHT,ORIGINAL_FINANCIAL_CATALOG_BYTES_MISSING,source_inventory.json
2024-09,2024-09-02,XU100,TTKOM,REJECTED_AT_SOURCE_PREFLIGHT,ORIGINAL_FINANCIAL_CATALOG_BYTES_MISSING,source_inventory.json
2024-09,2024-09-02,XU100,TTRAK,REJECTED_AT_SOURCE_PREFLIGHT,ORIGINAL_FINANCIAL_CATALOG_BYTES_MISSING,source_inventory.json
2024-09,2024-09-02,XU100,TUKAS,REJECTED_AT_SOURCE_PREFLIGHT,ORIGINAL_FINANCIAL_CATALOG_BYTES_MISSING,source_inventory.json
2024-09,2024-09-02,XU100,TUPRS,REJECTED_AT_SOURCE_PREFLIGHT,ORIGINAL_FINANCIAL_CATALOG_BYTES_MISSING,source_inventory.json
2024-09,2024-09-02,XU100,TURSG,REJECTED_AT_SOURCE_PREFLIGHT,ORIGINAL_FINANCIAL_CATALOG_BYTES_MISSING,source_inventory.json
2024-09,2024-09-02,XU100,ULKER,REJECTED_AT_SOURCE_PREFLIGHT,ORIGINAL_FINANCIAL_CATALOG_BYTES_MISSING,source_inventory.json
2024-09,2024-09-02,XU100,VAKBN,REJECTED_AT_SOURCE_PREFLIGHT,ORIGINAL_FINANCIAL_CATALOG_BYTES_MISSING,source_inventory.json
2024-09,2024-09-02,XU100,VESBE,REJECTED_AT_SOURCE_PREFLIGHT,ORIGINAL_FINANCIAL_CATALOG_BYTES_MISSING,source_inventory.json
2024-09,2024-09-02,XU100,VESTL,REJECTED_AT_SOURCE_PREFLIGHT,ORIGINAL_FINANCIAL_CATALOG_BYTES_MISSING,source_inventory.json
2024-09,2024-09-02,XU100,YEOTK,REJECTED_AT_SOURCE_PREFLIGHT,ORIGINAL_FINANCIAL_CATALOG_BYTES_MISSING,source_inventory.json
2024-09,2024-09-02,XU100,YKBNK,REJECTED_AT_SOURCE_PREFLIGHT,ORIGINAL_FINANCIAL_CATALOG_BYTES_MISSING,source_inventory.json
2024-09,2024-09-02,XU100,YYLGD,REJECTED_AT_SOURCE_PREFLIGHT,ORIGINAL_FINANCIAL_CATALOG_BYTES_MISSING,source_inventory.json
2024-09,2024-09-02,XU100,ZOREN,REJECTED_AT_SOURCE_PREFLIGHT,ORIGINAL_FINANCIAL_CATALOG_BYTES_MISSING,source_inventory.json
2024-10,2024-10-01,XU100,ADEL,REJECTED_AT_SOURCE_PREFLIGHT,ORIGINAL_FINANCIAL_CATALOG_BYTES_MISSING,source_inventory.json
2024-10,2024-10-01,XU100,AEFES,REJECTED_AT_SOURCE_PREFLIGHT,ORIGINAL_FINANCIAL_CATALOG_BYTES_MISSING,source_inventory.json
2024-10,2024-10-01,XU100,AGHOL,REJECTED_AT_SOURCE_PREFLIGHT,ORIGINAL_FINANCIAL_CATALOG_BYTES_MISSING,source_inventory.json
2024-10,2024-10-01,XU100,AGROT,REJECTED_AT_SOURCE_PREFLIGHT,ORIGINAL_FINANCIAL_CATALOG_BYTES_MISSING,source_inventory.json
2024-10,2024-10-01,XU100,AKBNK,REJECTED_AT_SOURCE_PREFLIGHT,ORIGINAL_FINANCIAL_CATALOG_BYTES_MISSING,source_inventory.json
2024-10,2024-10-01,XU100,AKFGY,REJECTED_AT_SOURCE_PREFLIGHT,ORIGINAL_FINANCIAL_CATALOG_BYTES_MISSING,source_inventory.json
2024-10,2024-10-01,XU100,AKFYE,REJECTED_AT_SOURCE_PREFLIGHT,ORIGINAL_FINANCIAL_CATALOG_BYTES_MISSING,source_inventory.json
2024-10,2024-10-01,XU100,AKSA,REJECTED_AT_SOURCE_PREFLIGHT,ORIGINAL_FINANCIAL_CATALOG_BYTES_MISSING,source_inventory.json
2024-10,2024-10-01,XU100,AKSEN,REJECTED_AT_SOURCE_PREFLIGHT,ORIGINAL_FINANCIAL_CATALOG_BYTES_MISSING,source_inventory.json
2024-10,2024-10-01,XU100,ALARK,REJECTED_AT_SOURCE_PREFLIGHT,ORIGINAL_FINANCIAL_CATALOG_BYTES_MISSING,source_inventory.json
2024-10,2024-10-01,XU100,ALFAS,REJECTED_AT_SOURCE_PREFLIGHT,ORIGINAL_FINANCIAL_CATALOG_BYTES_MISSING,source_inventory.json
2024-10,2024-10-01,XU100,ALTNY,REJECTED_AT_SOURCE_PREFLIGHT,ORIGINAL_FINANCIAL_CATALOG_BYTES_MISSING,source_inventory.json
2024-10,2024-10-01,XU100,ANSGR,REJECTED_AT_SOURCE_PREFLIGHT,ORIGINAL_FINANCIAL_CATALOG_BYTES_MISSING,source_inventory.json
2024-10,2024-10-01,XU100,ARCLK,REJECTED_AT_SOURCE_PREFLIGHT,ORIGINAL_FINANCIAL_CATALOG_BYTES_MISSING,source_inventory.json
2024-10,2024-10-01,XU100,ARDYZ,REJECTED_AT_SOURCE_PREFLIGHT,ORIGINAL_FINANCIAL_CATALOG_BYTES_MISSING,source_inventory.json
2024-10,2024-10-01,XU100,ASELS,REJECTED_AT_SOURCE_PREFLIGHT,ORIGINAL_FINANCIAL_CATALOG_BYTES_MISSING,source_inventory.json
2024-10,2024-10-01,XU100,ASTOR,REJECTED_AT_SOURCE_PREFLIGHT,ORIGINAL_FINANCIAL_CATALOG_BYTES_MISSING,source_inventory.json
2024-10,2024-10-01,XU100,BERA,REJECTED_AT_SOURCE_PREFLIGHT,ORIGINAL_FINANCIAL_CATALOG_BYTES_MISSING,source_inventory.json
2024-10,2024-10-01,XU100,BIMAS,REJECTED_AT_SOURCE_PREFLIGHT,ORIGINAL_FINANCIAL_CATALOG_BYTES_MISSING,source_inventory.json
2024-10,2024-10-01,XU100,BINHO,REJECTED_AT_SOURCE_PREFLIGHT,ORIGINAL_FINANCIAL_CATALOG_BYTES_MISSING,source_inventory.json
2024-10,2024-10-01,XU100,BJKAS,REJECTED_AT_SOURCE_PREFLIGHT,ORIGINAL_FINANCIAL_CATALOG_BYTES_MISSING,source_inventory.json
2024-10,2024-10-01,XU100,BRSAN,REJECTED_AT_SOURCE_PREFLIGHT,ORIGINAL_FINANCIAL_CATALOG_BYTES_MISSING,source_inventory.json
2024-10,2024-10-01,XU100,BRYAT,REJECTED_AT_SOURCE_PREFLIGHT,ORIGINAL_FINANCIAL_CATALOG_BYTES_MISSING,source_inventory.json
2024-10,2024-10-01,XU100,BTCIM,REJECTED_AT_SOURCE_PREFLIGHT,ORIGINAL_FINANCIAL_CATALOG_BYTES_MISSING,source_inventory.json
2024-10,2024-10-01,XU100,CANTE,REJECTED_AT_SOURCE_PREFLIGHT,ORIGINAL_FINANCIAL_CATALOG_BYTES_MISSING,source_inventory.json
2024-10,2024-10-01,XU100,CCOLA,REJECTED_AT_SOURCE_PREFLIGHT,ORIGINAL_FINANCIAL_CATALOG_BYTES_MISSING,source_inventory.json
2024-10,2024-10-01,XU100,CIMSA,REJECTED_AT_SOURCE_PREFLIGHT,ORIGINAL_FINANCIAL_CATALOG_BYTES_MISSING,source_inventory.json
2024-10,2024-10-01,XU100,CLEBI,REJECTED_AT_SOURCE_PREFLIGHT,ORIGINAL_FINANCIAL_CATALOG_BYTES_MISSING,source_inventory.json
2024-10,2024-10-01,XU100,CWENE,REJECTED_AT_SOURCE_PREFLIGHT,ORIGINAL_FINANCIAL_CATALOG_BYTES_MISSING,source_inventory.json
2024-10,2024-10-01,XU100,DOAS,REJECTED_AT_SOURCE_PREFLIGHT,ORIGINAL_FINANCIAL_CATALOG_BYTES_MISSING,source_inventory.json
2024-10,2024-10-01,XU100,DOHOL,REJECTED_AT_SOURCE_PREFLIGHT,ORIGINAL_FINANCIAL_CATALOG_BYTES_MISSING,source_inventory.json
2024-10,2024-10-01,XU100,ECILC,REJECTED_AT_SOURCE_PREFLIGHT,ORIGINAL_FINANCIAL_CATALOG_BYTES_MISSING,source_inventory.json
2024-10,2024-10-01,XU100,EGEEN,REJECTED_AT_SOURCE_PREFLIGHT,ORIGINAL_FINANCIAL_CATALOG_BYTES_MISSING,source_inventory.json
2024-10,2024-10-01,XU100,EKGYO,REJECTED_AT_SOURCE_PREFLIGHT,ORIGINAL_FINANCIAL_CATALOG_BYTES_MISSING,source_inventory.json
2024-10,2024-10-01,XU100,ENERY,REJECTED_AT_SOURCE_PREFLIGHT,ORIGINAL_FINANCIAL_CATALOG_BYTES_MISSING,source_inventory.json
2024-10,2024-10-01,XU100,ENJSA,REJECTED_AT_SOURCE_PREFLIGHT,ORIGINAL_FINANCIAL_CATALOG_BYTES_MISSING,source_inventory.json
2024-10,2024-10-01,XU100,ENKAI,REJECTED_AT_SOURCE_PREFLIGHT,ORIGINAL_FINANCIAL_CATALOG_BYTES_MISSING,source_inventory.json
2024-10,2024-10-01,XU100,EREGL,REJECTED_AT_SOURCE_PREFLIGHT,ORIGINAL_FINANCIAL_CATALOG_BYTES_MISSING,source_inventory.json
2024-10,2024-10-01,XU100,EUPWR,REJECTED_AT_SOURCE_PREFLIGHT,ORIGINAL_FINANCIAL_CATALOG_BYTES_MISSING,source_inventory.json
2024-10,2024-10-01,XU100,FENER,REJECTED_AT_SOURCE_PREFLIGHT,ORIGINAL_FINANCIAL_CATALOG_BYTES_MISSING,source_inventory.json
2024-10,2024-10-01,XU100,FROTO,REJECTED_AT_SOURCE_PREFLIGHT,ORIGINAL_FINANCIAL_CATALOG_BYTES_MISSING,source_inventory.json
2024-10,2024-10-01,XU100,GARAN,REJECTED_AT_SOURCE_PREFLIGHT,ORIGINAL_FINANCIAL_CATALOG_BYTES_MISSING,source_inventory.json
2024-10,2024-10-01,XU100,GESAN,REJECTED_AT_SOURCE_PREFLIGHT,ORIGINAL_FINANCIAL_CATALOG_BYTES_MISSING,source_inventory.json
2024-10,2024-10-01,XU100,GOLTS,REJECTED_AT_SOURCE_PREFLIGHT,ORIGINAL_FINANCIAL_CATALOG_BYTES_MISSING,source_inventory.json
2024-10,2024-10-01,XU100,GUBRF,REJECTED_AT_SOURCE_PREFLIGHT,ORIGINAL_FINANCIAL_CATALOG_BYTES_MISSING,source_inventory.json
2024-10,2024-10-01,XU100,HALKB,REJECTED_AT_SOURCE_PREFLIGHT,ORIGINAL_FINANCIAL_CATALOG_BYTES_MISSING,source_inventory.json
2024-10,2024-10-01,XU100,HEKTS,REJECTED_AT_SOURCE_PREFLIGHT,ORIGINAL_FINANCIAL_CATALOG_BYTES_MISSING,source_inventory.json
2024-10,2024-10-01,XU100,ISCTR,REJECTED_AT_SOURCE_PREFLIGHT,ORIGINAL_FINANCIAL_CATALOG_BYTES_MISSING,source_inventory.json
2024-10,2024-10-01,XU100,ISMEN,REJECTED_AT_SOURCE_PREFLIGHT,ORIGINAL_FINANCIAL_CATALOG_BYTES_MISSING,source_inventory.json
2024-10,2024-10-01,XU100,KARSN,REJECTED_AT_SOURCE_PREFLIGHT,ORIGINAL_FINANCIAL_CATALOG_BYTES_MISSING,source_inventory.json
2024-10,2024-10-01,XU100,KCAER,REJECTED_AT_SOURCE_PREFLIGHT,ORIGINAL_FINANCIAL_CATALOG_BYTES_MISSING,source_inventory.json
2024-10,2024-10-01,XU100,KCHOL,REJECTED_AT_SOURCE_PREFLIGHT,ORIGINAL_FINANCIAL_CATALOG_BYTES_MISSING,source_inventory.json
2024-10,2024-10-01,XU100,KLSER,REJECTED_AT_SOURCE_PREFLIGHT,ORIGINAL_FINANCIAL_CATALOG_BYTES_MISSING,source_inventory.json
2024-10,2024-10-01,XU100,KONTR,REJECTED_AT_SOURCE_PREFLIGHT,ORIGINAL_FINANCIAL_CATALOG_BYTES_MISSING,source_inventory.json
2024-10,2024-10-01,XU100,KONYA,REJECTED_AT_SOURCE_PREFLIGHT,ORIGINAL_FINANCIAL_CATALOG_BYTES_MISSING,source_inventory.json
2024-10,2024-10-01,XU100,KOZAA,REJECTED_AT_SOURCE_PREFLIGHT,ORIGINAL_FINANCIAL_CATALOG_BYTES_MISSING,source_inventory.json
2024-10,2024-10-01,XU100,KOZAL,REJECTED_AT_SOURCE_PREFLIGHT,ORIGINAL_FINANCIAL_CATALOG_BYTES_MISSING,source_inventory.json
2024-10,2024-10-01,XU100,KRDMD,REJECTED_AT_SOURCE_PREFLIGHT,ORIGINAL_FINANCIAL_CATALOG_BYTES_MISSING,source_inventory.json
2024-10,2024-10-01,XU100,KTLEV,REJECTED_AT_SOURCE_PREFLIGHT,ORIGINAL_FINANCIAL_CATALOG_BYTES_MISSING,source_inventory.json
2024-10,2024-10-01,XU100,LMKDC,REJECTED_AT_SOURCE_PREFLIGHT,ORIGINAL_FINANCIAL_CATALOG_BYTES_MISSING,source_inventory.json
2024-10,2024-10-01,XU100,MAVI,REJECTED_AT_SOURCE_PREFLIGHT,ORIGINAL_FINANCIAL_CATALOG_BYTES_MISSING,source_inventory.json
2024-10,2024-10-01,XU100,MGROS,REJECTED_AT_SOURCE_PREFLIGHT,ORIGINAL_FINANCIAL_CATALOG_BYTES_MISSING,source_inventory.json
2024-10,2024-10-01,XU100,MIATK,REJECTED_AT_SOURCE_PREFLIGHT,ORIGINAL_FINANCIAL_CATALOG_BYTES_MISSING,source_inventory.json
2024-10,2024-10-01,XU100,MPARK,REJECTED_AT_SOURCE_PREFLIGHT,ORIGINAL_FINANCIAL_CATALOG_BYTES_MISSING,source_inventory.json
2024-10,2024-10-01,XU100,OBAMS,REJECTED_AT_SOURCE_PREFLIGHT,ORIGINAL_FINANCIAL_CATALOG_BYTES_MISSING,source_inventory.json
2024-10,2024-10-01,XU100,ODAS,REJECTED_AT_SOURCE_PREFLIGHT,ORIGINAL_FINANCIAL_CATALOG_BYTES_MISSING,source_inventory.json
2024-10,2024-10-01,XU100,OTKAR,REJECTED_AT_SOURCE_PREFLIGHT,ORIGINAL_FINANCIAL_CATALOG_BYTES_MISSING,source_inventory.json
2024-10,2024-10-01,XU100,OYAKC,REJECTED_AT_SOURCE_PREFLIGHT,ORIGINAL_FINANCIAL_CATALOG_BYTES_MISSING,source_inventory.json
2024-10,2024-10-01,XU100,PAPIL,REJECTED_AT_SOURCE_PREFLIGHT,ORIGINAL_FINANCIAL_CATALOG_BYTES_MISSING,source_inventory.json
2024-10,2024-10-01,XU100,PEKGY,REJECTED_AT_SOURCE_PREFLIGHT,ORIGINAL_FINANCIAL_CATALOG_BYTES_MISSING,source_inventory.json
2024-10,2024-10-01,XU100,PETKM,REJECTED_AT_SOURCE_PREFLIGHT,ORIGINAL_FINANCIAL_CATALOG_BYTES_MISSING,source_inventory.json
2024-10,2024-10-01,XU100,PGSUS,REJECTED_AT_SOURCE_PREFLIGHT,ORIGINAL_FINANCIAL_CATALOG_BYTES_MISSING,source_inventory.json
2024-10,2024-10-01,XU100,REEDR,REJECTED_AT_SOURCE_PREFLIGHT,ORIGINAL_FINANCIAL_CATALOG_BYTES_MISSING,source_inventory.json
2024-10,2024-10-01,XU100,RGYAS,REJECTED_AT_SOURCE_PREFLIGHT,ORIGINAL_FINANCIAL_CATALOG_BYTES_MISSING,source_inventory.json
2024-10,2024-10-01,XU100,SAHOL,REJECTED_AT_SOURCE_PREFLIGHT,ORIGINAL_FINANCIAL_CATALOG_BYTES_MISSING,source_inventory.json
2024-10,2024-10-01,XU100,SASA,REJECTED_AT_SOURCE_PREFLIGHT,ORIGINAL_FINANCIAL_CATALOG_BYTES_MISSING,source_inventory.json
2024-10,2024-10-01,XU100,SISE,REJECTED_AT_SOURCE_PREFLIGHT,ORIGINAL_FINANCIAL_CATALOG_BYTES_MISSING,source_inventory.json
2024-10,2024-10-01,XU100,SKBNK,REJECTED_AT_SOURCE_PREFLIGHT,ORIGINAL_FINANCIAL_CATALOG_BYTES_MISSING,source_inventory.json
2024-10,2024-10-01,XU100,SMRTG,REJECTED_AT_SOURCE_PREFLIGHT,ORIGINAL_FINANCIAL_CATALOG_BYTES_MISSING,source_inventory.json
2024-10,2024-10-01,XU100,SOKM,REJECTED_AT_SOURCE_PREFLIGHT,ORIGINAL_FINANCIAL_CATALOG_BYTES_MISSING,source_inventory.json
2024-10,2024-10-01,XU100,TABGD,REJECTED_AT_SOURCE_PREFLIGHT,ORIGINAL_FINANCIAL_CATALOG_BYTES_MISSING,source_inventory.json
2024-10,2024-10-01,XU100,TAVHL,REJECTED_AT_SOURCE_PREFLIGHT,ORIGINAL_FINANCIAL_CATALOG_BYTES_MISSING,source_inventory.json
2024-10,2024-10-01,XU100,TCELL,REJECTED_AT_SOURCE_PREFLIGHT,ORIGINAL_FINANCIAL_CATALOG_BYTES_MISSING,source_inventory.json
2024-10,2024-10-01,XU100,THYAO,REJECTED_AT_SOURCE_PREFLIGHT,ORIGINAL_FINANCIAL_CATALOG_BYTES_MISSING,source_inventory.json
2024-10,2024-10-01,XU100,TKFEN,REJECTED_AT_SOURCE_PREFLIGHT,ORIGINAL_FINANCIAL_CATALOG_BYTES_MISSING,source_inventory.json
2024-10,2024-10-01,XU100,TMSN,REJECTED_AT_SOURCE_PREFLIGHT,ORIGINAL_FINANCIAL_CATALOG_BYTES_MISSING,source_inventory.json
2024-10,2024-10-01,XU100,TOASO,REJECTED_AT_SOURCE_PREFLIGHT,ORIGINAL_FINANCIAL_CATALOG_BYTES_MISSING,source_inventory.json
2024-10,2024-10-01,XU100,TSKB,REJECTED_AT_SOURCE_PREFLIGHT,ORIGINAL_FINANCIAL_CATALOG_BYTES_MISSING,source_inventory.json
2024-10,2024-10-01,XU100,TTKOM,REJECTED_AT_SOURCE_PREFLIGHT,ORIGINAL_FINANCIAL_CATALOG_BYTES_MISSING,source_inventory.json
2024-10,2024-10-01,XU100,TTRAK,REJECTED_AT_SOURCE_PREFLIGHT,ORIGINAL_FINANCIAL_CATALOG_BYTES_MISSING,source_inventory.json
2024-10,2024-10-01,XU100,TUKAS,REJECTED_AT_SOURCE_PREFLIGHT,ORIGINAL_FINANCIAL_CATALOG_BYTES_MISSING,source_inventory.json
2024-10,2024-10-01,XU100,TUPRS,REJECTED_AT_SOURCE_PREFLIGHT,ORIGINAL_FINANCIAL_CATALOG_BYTES_MISSING,source_inventory.json
2024-10,2024-10-01,XU100,TURSG,REJECTED_AT_SOURCE_PREFLIGHT,ORIGINAL_FINANCIAL_CATALOG_BYTES_MISSING,source_inventory.json
2024-10,2024-10-01,XU100,ULKER,REJECTED_AT_SOURCE_PREFLIGHT,ORIGINAL_FINANCIAL_CATALOG_BYTES_MISSING,source_inventory.json
2024-10,2024-10-01,XU100,VAKBN,REJECTED_AT_SOURCE_PREFLIGHT,ORIGINAL_FINANCIAL_CATALOG_BYTES_MISSING,source_inventory.json
2024-10,2024-10-01,XU100,VESBE,REJECTED_AT_SOURCE_PREFLIGHT,ORIGINAL_FINANCIAL_CATALOG_BYTES_MISSING,source_inventory.json
2024-10,2024-10-01,XU100,VESTL,REJECTED_AT_SOURCE_PREFLIGHT,ORIGINAL_FINANCIAL_CATALOG_BYTES_MISSING,source_inventory.json
2024-10,2024-10-01,XU100,YEOTK,REJECTED_AT_SOURCE_PREFLIGHT,ORIGINAL_FINANCIAL_CATALOG_BYTES_MISSING,source_inventory.json
2024-10,2024-10-01,XU100,YKBNK,REJECTED_AT_SOURCE_PREFLIGHT,ORIGINAL_FINANCIAL_CATALOG_BYTES_MISSING,source_inventory.json
2024-10,2024-10-01,XU100,ZOREN,REJECTED_AT_SOURCE_PREFLIGHT,ORIGINAL_FINANCIAL_CATALOG_BYTES_MISSING,source_inventory.json
2024-11,2024-11-01,XU100,ADEL,REJECTED_AT_SOURCE_PREFLIGHT,ORIGINAL_FINANCIAL_CATALOG_BYTES_MISSING,source_inventory.json
2024-11,2024-11-01,XU100,AEFES,REJECTED_AT_SOURCE_PREFLIGHT,ORIGINAL_FINANCIAL_CATALOG_BYTES_MISSING,source_inventory.json
2024-11,2024-11-01,XU100,AGHOL,REJECTED_AT_SOURCE_PREFLIGHT,ORIGINAL_FINANCIAL_CATALOG_BYTES_MISSING,source_inventory.json
2024-11,2024-11-01,XU100,AGROT,REJECTED_AT_SOURCE_PREFLIGHT,ORIGINAL_FINANCIAL_CATALOG_BYTES_MISSING,source_inventory.json
2024-11,2024-11-01,XU100,AKBNK,REJECTED_AT_SOURCE_PREFLIGHT,ORIGINAL_FINANCIAL_CATALOG_BYTES_MISSING,source_inventory.json
2024-11,2024-11-01,XU100,AKFGY,REJECTED_AT_SOURCE_PREFLIGHT,ORIGINAL_FINANCIAL_CATALOG_BYTES_MISSING,source_inventory.json
2024-11,2024-11-01,XU100,AKFYE,REJECTED_AT_SOURCE_PREFLIGHT,ORIGINAL_FINANCIAL_CATALOG_BYTES_MISSING,source_inventory.json
2024-11,2024-11-01,XU100,AKSA,REJECTED_AT_SOURCE_PREFLIGHT,ORIGINAL_FINANCIAL_CATALOG_BYTES_MISSING,source_inventory.json
2024-11,2024-11-01,XU100,AKSEN,REJECTED_AT_SOURCE_PREFLIGHT,ORIGINAL_FINANCIAL_CATALOG_BYTES_MISSING,source_inventory.json
2024-11,2024-11-01,XU100,ALARK,REJECTED_AT_SOURCE_PREFLIGHT,ORIGINAL_FINANCIAL_CATALOG_BYTES_MISSING,source_inventory.json
2024-11,2024-11-01,XU100,ALFAS,REJECTED_AT_SOURCE_PREFLIGHT,ORIGINAL_FINANCIAL_CATALOG_BYTES_MISSING,source_inventory.json
2024-11,2024-11-01,XU100,ALTNY,REJECTED_AT_SOURCE_PREFLIGHT,ORIGINAL_FINANCIAL_CATALOG_BYTES_MISSING,source_inventory.json
2024-11,2024-11-01,XU100,ANSGR,REJECTED_AT_SOURCE_PREFLIGHT,ORIGINAL_FINANCIAL_CATALOG_BYTES_MISSING,source_inventory.json
2024-11,2024-11-01,XU100,ARCLK,REJECTED_AT_SOURCE_PREFLIGHT,ORIGINAL_FINANCIAL_CATALOG_BYTES_MISSING,source_inventory.json
2024-11,2024-11-01,XU100,ARDYZ,REJECTED_AT_SOURCE_PREFLIGHT,ORIGINAL_FINANCIAL_CATALOG_BYTES_MISSING,source_inventory.json
2024-11,2024-11-01,XU100,ASELS,REJECTED_AT_SOURCE_PREFLIGHT,ORIGINAL_FINANCIAL_CATALOG_BYTES_MISSING,source_inventory.json
2024-11,2024-11-01,XU100,ASTOR,REJECTED_AT_SOURCE_PREFLIGHT,ORIGINAL_FINANCIAL_CATALOG_BYTES_MISSING,source_inventory.json
2024-11,2024-11-01,XU100,BERA,REJECTED_AT_SOURCE_PREFLIGHT,ORIGINAL_FINANCIAL_CATALOG_BYTES_MISSING,source_inventory.json
2024-11,2024-11-01,XU100,BIMAS,REJECTED_AT_SOURCE_PREFLIGHT,ORIGINAL_FINANCIAL_CATALOG_BYTES_MISSING,source_inventory.json
2024-11,2024-11-01,XU100,BINHO,REJECTED_AT_SOURCE_PREFLIGHT,ORIGINAL_FINANCIAL_CATALOG_BYTES_MISSING,source_inventory.json
2024-11,2024-11-01,XU100,BJKAS,REJECTED_AT_SOURCE_PREFLIGHT,ORIGINAL_FINANCIAL_CATALOG_BYTES_MISSING,source_inventory.json
2024-11,2024-11-01,XU100,BRSAN,REJECTED_AT_SOURCE_PREFLIGHT,ORIGINAL_FINANCIAL_CATALOG_BYTES_MISSING,source_inventory.json
2024-11,2024-11-01,XU100,BRYAT,REJECTED_AT_SOURCE_PREFLIGHT,ORIGINAL_FINANCIAL_CATALOG_BYTES_MISSING,source_inventory.json
2024-11,2024-11-01,XU100,BTCIM,REJECTED_AT_SOURCE_PREFLIGHT,ORIGINAL_FINANCIAL_CATALOG_BYTES_MISSING,source_inventory.json
2024-11,2024-11-01,XU100,CANTE,REJECTED_AT_SOURCE_PREFLIGHT,ORIGINAL_FINANCIAL_CATALOG_BYTES_MISSING,source_inventory.json
2024-11,2024-11-01,XU100,CCOLA,REJECTED_AT_SOURCE_PREFLIGHT,ORIGINAL_FINANCIAL_CATALOG_BYTES_MISSING,source_inventory.json
2024-11,2024-11-01,XU100,CIMSA,REJECTED_AT_SOURCE_PREFLIGHT,ORIGINAL_FINANCIAL_CATALOG_BYTES_MISSING,source_inventory.json
2024-11,2024-11-01,XU100,CLEBI,REJECTED_AT_SOURCE_PREFLIGHT,ORIGINAL_FINANCIAL_CATALOG_BYTES_MISSING,source_inventory.json
2024-11,2024-11-01,XU100,CWENE,REJECTED_AT_SOURCE_PREFLIGHT,ORIGINAL_FINANCIAL_CATALOG_BYTES_MISSING,source_inventory.json
2024-11,2024-11-01,XU100,DOAS,REJECTED_AT_SOURCE_PREFLIGHT,ORIGINAL_FINANCIAL_CATALOG_BYTES_MISSING,source_inventory.json
2024-11,2024-11-01,XU100,DOHOL,REJECTED_AT_SOURCE_PREFLIGHT,ORIGINAL_FINANCIAL_CATALOG_BYTES_MISSING,source_inventory.json
2024-11,2024-11-01,XU100,ECILC,REJECTED_AT_SOURCE_PREFLIGHT,ORIGINAL_FINANCIAL_CATALOG_BYTES_MISSING,source_inventory.json
2024-11,2024-11-01,XU100,EGEEN,REJECTED_AT_SOURCE_PREFLIGHT,ORIGINAL_FINANCIAL_CATALOG_BYTES_MISSING,source_inventory.json
2024-11,2024-11-01,XU100,EKGYO,REJECTED_AT_SOURCE_PREFLIGHT,ORIGINAL_FINANCIAL_CATALOG_BYTES_MISSING,source_inventory.json
2024-11,2024-11-01,XU100,ENERY,REJECTED_AT_SOURCE_PREFLIGHT,ORIGINAL_FINANCIAL_CATALOG_BYTES_MISSING,source_inventory.json
2024-11,2024-11-01,XU100,ENJSA,REJECTED_AT_SOURCE_PREFLIGHT,ORIGINAL_FINANCIAL_CATALOG_BYTES_MISSING,source_inventory.json
2024-11,2024-11-01,XU100,ENKAI,REJECTED_AT_SOURCE_PREFLIGHT,ORIGINAL_FINANCIAL_CATALOG_BYTES_MISSING,source_inventory.json
2024-11,2024-11-01,XU100,EREGL,REJECTED_AT_SOURCE_PREFLIGHT,ORIGINAL_FINANCIAL_CATALOG_BYTES_MISSING,source_inventory.json
2024-11,2024-11-01,XU100,EUPWR,REJECTED_AT_SOURCE_PREFLIGHT,ORIGINAL_FINANCIAL_CATALOG_BYTES_MISSING,source_inventory.json
2024-11,2024-11-01,XU100,FENER,REJECTED_AT_SOURCE_PREFLIGHT,ORIGINAL_FINANCIAL_CATALOG_BYTES_MISSING,source_inventory.json
2024-11,2024-11-01,XU100,FROTO,REJECTED_AT_SOURCE_PREFLIGHT,ORIGINAL_FINANCIAL_CATALOG_BYTES_MISSING,source_inventory.json
2024-11,2024-11-01,XU100,GARAN,REJECTED_AT_SOURCE_PREFLIGHT,ORIGINAL_FINANCIAL_CATALOG_BYTES_MISSING,source_inventory.json
2024-11,2024-11-01,XU100,GESAN,REJECTED_AT_SOURCE_PREFLIGHT,ORIGINAL_FINANCIAL_CATALOG_BYTES_MISSING,source_inventory.json
2024-11,2024-11-01,XU100,GOLTS,REJECTED_AT_SOURCE_PREFLIGHT,ORIGINAL_FINANCIAL_CATALOG_BYTES_MISSING,source_inventory.json
2024-11,2024-11-01,XU100,GUBRF,REJECTED_AT_SOURCE_PREFLIGHT,ORIGINAL_FINANCIAL_CATALOG_BYTES_MISSING,source_inventory.json
2024-11,2024-11-01,XU100,HALKB,REJECTED_AT_SOURCE_PREFLIGHT,ORIGINAL_FINANCIAL_CATALOG_BYTES_MISSING,source_inventory.json
2024-11,2024-11-01,XU100,HEKTS,REJECTED_AT_SOURCE_PREFLIGHT,ORIGINAL_FINANCIAL_CATALOG_BYTES_MISSING,source_inventory.json
2024-11,2024-11-01,XU100,ISCTR,REJECTED_AT_SOURCE_PREFLIGHT,ORIGINAL_FINANCIAL_CATALOG_BYTES_MISSING,source_inventory.json
2024-11,2024-11-01,XU100,ISMEN,REJECTED_AT_SOURCE_PREFLIGHT,ORIGINAL_FINANCIAL_CATALOG_BYTES_MISSING,source_inventory.json
2024-11,2024-11-01,XU100,KARSN,REJECTED_AT_SOURCE_PREFLIGHT,ORIGINAL_FINANCIAL_CATALOG_BYTES_MISSING,source_inventory.json
2024-11,2024-11-01,XU100,KCAER,REJECTED_AT_SOURCE_PREFLIGHT,ORIGINAL_FINANCIAL_CATALOG_BYTES_MISSING,source_inventory.json
2024-11,2024-11-01,XU100,KCHOL,REJECTED_AT_SOURCE_PREFLIGHT,ORIGINAL_FINANCIAL_CATALOG_BYTES_MISSING,source_inventory.json
2024-11,2024-11-01,XU100,KLSER,REJECTED_AT_SOURCE_PREFLIGHT,ORIGINAL_FINANCIAL_CATALOG_BYTES_MISSING,source_inventory.json
2024-11,2024-11-01,XU100,KONTR,REJECTED_AT_SOURCE_PREFLIGHT,ORIGINAL_FINANCIAL_CATALOG_BYTES_MISSING,source_inventory.json
2024-11,2024-11-01,XU100,KONYA,REJECTED_AT_SOURCE_PREFLIGHT,ORIGINAL_FINANCIAL_CATALOG_BYTES_MISSING,source_inventory.json
2024-11,2024-11-01,XU100,KOZAA,REJECTED_AT_SOURCE_PREFLIGHT,ORIGINAL_FINANCIAL_CATALOG_BYTES_MISSING,source_inventory.json
2024-11,2024-11-01,XU100,KOZAL,REJECTED_AT_SOURCE_PREFLIGHT,ORIGINAL_FINANCIAL_CATALOG_BYTES_MISSING,source_inventory.json
2024-11,2024-11-01,XU100,KRDMD,REJECTED_AT_SOURCE_PREFLIGHT,ORIGINAL_FINANCIAL_CATALOG_BYTES_MISSING,source_inventory.json
2024-11,2024-11-01,XU100,KTLEV,REJECTED_AT_SOURCE_PREFLIGHT,ORIGINAL_FINANCIAL_CATALOG_BYTES_MISSING,source_inventory.json
2024-11,2024-11-01,XU100,LMKDC,REJECTED_AT_SOURCE_PREFLIGHT,ORIGINAL_FINANCIAL_CATALOG_BYTES_MISSING,source_inventory.json
2024-11,2024-11-01,XU100,MAVI,REJECTED_AT_SOURCE_PREFLIGHT,ORIGINAL_FINANCIAL_CATALOG_BYTES_MISSING,source_inventory.json
2024-11,2024-11-01,XU100,MGROS,REJECTED_AT_SOURCE_PREFLIGHT,ORIGINAL_FINANCIAL_CATALOG_BYTES_MISSING,source_inventory.json
2024-11,2024-11-01,XU100,MIATK,REJECTED_AT_SOURCE_PREFLIGHT,ORIGINAL_FINANCIAL_CATALOG_BYTES_MISSING,source_inventory.json
2024-11,2024-11-01,XU100,MPARK,REJECTED_AT_SOURCE_PREFLIGHT,ORIGINAL_FINANCIAL_CATALOG_BYTES_MISSING,source_inventory.json
2024-11,2024-11-01,XU100,OBAMS,REJECTED_AT_SOURCE_PREFLIGHT,ORIGINAL_FINANCIAL_CATALOG_BYTES_MISSING,source_inventory.json
2024-11,2024-11-01,XU100,ODAS,REJECTED_AT_SOURCE_PREFLIGHT,ORIGINAL_FINANCIAL_CATALOG_BYTES_MISSING,source_inventory.json
2024-11,2024-11-01,XU100,OTKAR,REJECTED_AT_SOURCE_PREFLIGHT,ORIGINAL_FINANCIAL_CATALOG_BYTES_MISSING,source_inventory.json
2024-11,2024-11-01,XU100,OYAKC,REJECTED_AT_SOURCE_PREFLIGHT,ORIGINAL_FINANCIAL_CATALOG_BYTES_MISSING,source_inventory.json
2024-11,2024-11-01,XU100,PAPIL,REJECTED_AT_SOURCE_PREFLIGHT,ORIGINAL_FINANCIAL_CATALOG_BYTES_MISSING,source_inventory.json
2024-11,2024-11-01,XU100,PEKGY,REJECTED_AT_SOURCE_PREFLIGHT,ORIGINAL_FINANCIAL_CATALOG_BYTES_MISSING,source_inventory.json
2024-11,2024-11-01,XU100,PETKM,REJECTED_AT_SOURCE_PREFLIGHT,ORIGINAL_FINANCIAL_CATALOG_BYTES_MISSING,source_inventory.json
2024-11,2024-11-01,XU100,PGSUS,REJECTED_AT_SOURCE_PREFLIGHT,ORIGINAL_FINANCIAL_CATALOG_BYTES_MISSING,source_inventory.json
2024-11,2024-11-01,XU100,REEDR,REJECTED_AT_SOURCE_PREFLIGHT,ORIGINAL_FINANCIAL_CATALOG_BYTES_MISSING,source_inventory.json
2024-11,2024-11-01,XU100,RGYAS,REJECTED_AT_SOURCE_PREFLIGHT,ORIGINAL_FINANCIAL_CATALOG_BYTES_MISSING,source_inventory.json
2024-11,2024-11-01,XU100,SAHOL,REJECTED_AT_SOURCE_PREFLIGHT,ORIGINAL_FINANCIAL_CATALOG_BYTES_MISSING,source_inventory.json
2024-11,2024-11-01,XU100,SASA,REJECTED_AT_SOURCE_PREFLIGHT,ORIGINAL_FINANCIAL_CATALOG_BYTES_MISSING,source_inventory.json
2024-11,2024-11-01,XU100,SISE,REJECTED_AT_SOURCE_PREFLIGHT,ORIGINAL_FINANCIAL_CATALOG_BYTES_MISSING,source_inventory.json
2024-11,2024-11-01,XU100,SKBNK,REJECTED_AT_SOURCE_PREFLIGHT,ORIGINAL_FINANCIAL_CATALOG_BYTES_MISSING,source_inventory.json
2024-11,2024-11-01,XU100,SMRTG,REJECTED_AT_SOURCE_PREFLIGHT,ORIGINAL_FINANCIAL_CATALOG_BYTES_MISSING,source_inventory.json
2024-11,2024-11-01,XU100,SOKM,REJECTED_AT_SOURCE_PREFLIGHT,ORIGINAL_FINANCIAL_CATALOG_BYTES_MISSING,source_inventory.json
2024-11,2024-11-01,XU100,TABGD,REJECTED_AT_SOURCE_PREFLIGHT,ORIGINAL_FINANCIAL_CATALOG_BYTES_MISSING,source_inventory.json
2024-11,2024-11-01,XU100,TAVHL,REJECTED_AT_SOURCE_PREFLIGHT,ORIGINAL_FINANCIAL_CATALOG_BYTES_MISSING,source_inventory.json
2024-11,2024-11-01,XU100,TCELL,REJECTED_AT_SOURCE_PREFLIGHT,ORIGINAL_FINANCIAL_CATALOG_BYTES_MISSING,source_inventory.json
2024-11,2024-11-01,XU100,THYAO,REJECTED_AT_SOURCE_PREFLIGHT,ORIGINAL_FINANCIAL_CATALOG_BYTES_MISSING,source_inventory.json
2024-11,2024-11-01,XU100,TKFEN,REJECTED_AT_SOURCE_PREFLIGHT,ORIGINAL_FINANCIAL_CATALOG_BYTES_MISSING,source_inventory.json
2024-11,2024-11-01,XU100,TMSN,REJECTED_AT_SOURCE_PREFLIGHT,ORIGINAL_FINANCIAL_CATALOG_BYTES_MISSING,source_inventory.json
2024-11,2024-11-01,XU100,TOASO,REJECTED_AT_SOURCE_PREFLIGHT,ORIGINAL_FINANCIAL_CATALOG_BYTES_MISSING,source_inventory.json
2024-11,2024-11-01,XU100,TSKB,REJECTED_AT_SOURCE_PREFLIGHT,ORIGINAL_FINANCIAL_CATALOG_BYTES_MISSING,source_inventory.json
2024-11,2024-11-01,XU100,TTKOM,REJECTED_AT_SOURCE_PREFLIGHT,ORIGINAL_FINANCIAL_CATALOG_BYTES_MISSING,source_inventory.json
2024-11,2024-11-01,XU100,TTRAK,REJECTED_AT_SOURCE_PREFLIGHT,ORIGINAL_FINANCIAL_CATALOG_BYTES_MISSING,source_inventory.json
2024-11,2024-11-01,XU100,TUKAS,REJECTED_AT_SOURCE_PREFLIGHT,ORIGINAL_FINANCIAL_CATALOG_BYTES_MISSING,source_inventory.json
2024-11,2024-11-01,XU100,TUPRS,REJECTED_AT_SOURCE_PREFLIGHT,ORIGINAL_FINANCIAL_CATALOG_BYTES_MISSING,source_inventory.json
2024-11,2024-11-01,XU100,TURSG,REJECTED_AT_SOURCE_PREFLIGHT,ORIGINAL_FINANCIAL_CATALOG_BYTES_MISSING,source_inventory.json
2024-11,2024-11-01,XU100,ULKER,REJECTED_AT_SOURCE_PREFLIGHT,ORIGINAL_FINANCIAL_CATALOG_BYTES_MISSING,source_inventory.json
2024-11,2024-11-01,XU100,VAKBN,REJECTED_AT_SOURCE_PREFLIGHT,ORIGINAL_FINANCIAL_CATALOG_BYTES_MISSING,source_inventory.json
2024-11,2024-11-01,XU100,VESBE,REJECTED_AT_SOURCE_PREFLIGHT,ORIGINAL_FINANCIAL_CATALOG_BYTES_MISSING,source_inventory.json
2024-11,2024-11-01,XU100,VESTL,REJECTED_AT_SOURCE_PREFLIGHT,ORIGINAL_FINANCIAL_CATALOG_BYTES_MISSING,source_inventory.json
2024-11,2024-11-01,XU100,YEOTK,REJECTED_AT_SOURCE_PREFLIGHT,ORIGINAL_FINANCIAL_CATALOG_BYTES_MISSING,source_inventory.json
2024-11,2024-11-01,XU100,YKBNK,REJECTED_AT_SOURCE_PREFLIGHT,ORIGINAL_FINANCIAL_CATALOG_BYTES_MISSING,source_inventory.json
2024-11,2024-11-01,XU100,ZOREN,REJECTED_AT_SOURCE_PREFLIGHT,ORIGINAL_FINANCIAL_CATALOG_BYTES_MISSING,source_inventory.json
2024-12,2024-12-02,XU100,ADEL,REJECTED_AT_SOURCE_PREFLIGHT,ORIGINAL_FINANCIAL_CATALOG_BYTES_MISSING,source_inventory.json
2024-12,2024-12-02,XU100,AEFES,REJECTED_AT_SOURCE_PREFLIGHT,ORIGINAL_FINANCIAL_CATALOG_BYTES_MISSING,source_inventory.json
2024-12,2024-12-02,XU100,AGHOL,REJECTED_AT_SOURCE_PREFLIGHT,ORIGINAL_FINANCIAL_CATALOG_BYTES_MISSING,source_inventory.json
2024-12,2024-12-02,XU100,AGROT,REJECTED_AT_SOURCE_PREFLIGHT,ORIGINAL_FINANCIAL_CATALOG_BYTES_MISSING,source_inventory.json
2024-12,2024-12-02,XU100,AKBNK,REJECTED_AT_SOURCE_PREFLIGHT,ORIGINAL_FINANCIAL_CATALOG_BYTES_MISSING,source_inventory.json
2024-12,2024-12-02,XU100,AKFGY,REJECTED_AT_SOURCE_PREFLIGHT,ORIGINAL_FINANCIAL_CATALOG_BYTES_MISSING,source_inventory.json
2024-12,2024-12-02,XU100,AKFYE,REJECTED_AT_SOURCE_PREFLIGHT,ORIGINAL_FINANCIAL_CATALOG_BYTES_MISSING,source_inventory.json
2024-12,2024-12-02,XU100,AKSA,REJECTED_AT_SOURCE_PREFLIGHT,ORIGINAL_FINANCIAL_CATALOG_BYTES_MISSING,source_inventory.json
2024-12,2024-12-02,XU100,AKSEN,REJECTED_AT_SOURCE_PREFLIGHT,ORIGINAL_FINANCIAL_CATALOG_BYTES_MISSING,source_inventory.json
2024-12,2024-12-02,XU100,ALARK,REJECTED_AT_SOURCE_PREFLIGHT,ORIGINAL_FINANCIAL_CATALOG_BYTES_MISSING,source_inventory.json
2024-12,2024-12-02,XU100,ALFAS,REJECTED_AT_SOURCE_PREFLIGHT,ORIGINAL_FINANCIAL_CATALOG_BYTES_MISSING,source_inventory.json
2024-12,2024-12-02,XU100,ALTNY,REJECTED_AT_SOURCE_PREFLIGHT,ORIGINAL_FINANCIAL_CATALOG_BYTES_MISSING,source_inventory.json
2024-12,2024-12-02,XU100,ANSGR,REJECTED_AT_SOURCE_PREFLIGHT,ORIGINAL_FINANCIAL_CATALOG_BYTES_MISSING,source_inventory.json
2024-12,2024-12-02,XU100,ARCLK,REJECTED_AT_SOURCE_PREFLIGHT,ORIGINAL_FINANCIAL_CATALOG_BYTES_MISSING,source_inventory.json
2024-12,2024-12-02,XU100,ARDYZ,REJECTED_AT_SOURCE_PREFLIGHT,ORIGINAL_FINANCIAL_CATALOG_BYTES_MISSING,source_inventory.json
2024-12,2024-12-02,XU100,ASELS,REJECTED_AT_SOURCE_PREFLIGHT,ORIGINAL_FINANCIAL_CATALOG_BYTES_MISSING,source_inventory.json
2024-12,2024-12-02,XU100,ASTOR,REJECTED_AT_SOURCE_PREFLIGHT,ORIGINAL_FINANCIAL_CATALOG_BYTES_MISSING,source_inventory.json
2024-12,2024-12-02,XU100,BERA,REJECTED_AT_SOURCE_PREFLIGHT,ORIGINAL_FINANCIAL_CATALOG_BYTES_MISSING,source_inventory.json
2024-12,2024-12-02,XU100,BIMAS,REJECTED_AT_SOURCE_PREFLIGHT,ORIGINAL_FINANCIAL_CATALOG_BYTES_MISSING,source_inventory.json
2024-12,2024-12-02,XU100,BINHO,REJECTED_AT_SOURCE_PREFLIGHT,ORIGINAL_FINANCIAL_CATALOG_BYTES_MISSING,source_inventory.json
2024-12,2024-12-02,XU100,BJKAS,REJECTED_AT_SOURCE_PREFLIGHT,ORIGINAL_FINANCIAL_CATALOG_BYTES_MISSING,source_inventory.json
2024-12,2024-12-02,XU100,BRSAN,REJECTED_AT_SOURCE_PREFLIGHT,ORIGINAL_FINANCIAL_CATALOG_BYTES_MISSING,source_inventory.json
2024-12,2024-12-02,XU100,BRYAT,REJECTED_AT_SOURCE_PREFLIGHT,ORIGINAL_FINANCIAL_CATALOG_BYTES_MISSING,source_inventory.json
2024-12,2024-12-02,XU100,BTCIM,REJECTED_AT_SOURCE_PREFLIGHT,ORIGINAL_FINANCIAL_CATALOG_BYTES_MISSING,source_inventory.json
2024-12,2024-12-02,XU100,CANTE,REJECTED_AT_SOURCE_PREFLIGHT,ORIGINAL_FINANCIAL_CATALOG_BYTES_MISSING,source_inventory.json
2024-12,2024-12-02,XU100,CCOLA,REJECTED_AT_SOURCE_PREFLIGHT,ORIGINAL_FINANCIAL_CATALOG_BYTES_MISSING,source_inventory.json
2024-12,2024-12-02,XU100,CIMSA,REJECTED_AT_SOURCE_PREFLIGHT,ORIGINAL_FINANCIAL_CATALOG_BYTES_MISSING,source_inventory.json
2024-12,2024-12-02,XU100,CLEBI,REJECTED_AT_SOURCE_PREFLIGHT,ORIGINAL_FINANCIAL_CATALOG_BYTES_MISSING,source_inventory.json
2024-12,2024-12-02,XU100,CWENE,REJECTED_AT_SOURCE_PREFLIGHT,ORIGINAL_FINANCIAL_CATALOG_BYTES_MISSING,source_inventory.json
2024-12,2024-12-02,XU100,DOAS,REJECTED_AT_SOURCE_PREFLIGHT,ORIGINAL_FINANCIAL_CATALOG_BYTES_MISSING,source_inventory.json
2024-12,2024-12-02,XU100,DOHOL,REJECTED_AT_SOURCE_PREFLIGHT,ORIGINAL_FINANCIAL_CATALOG_BYTES_MISSING,source_inventory.json
2024-12,2024-12-02,XU100,ECILC,REJECTED_AT_SOURCE_PREFLIGHT,ORIGINAL_FINANCIAL_CATALOG_BYTES_MISSING,source_inventory.json
2024-12,2024-12-02,XU100,EGEEN,REJECTED_AT_SOURCE_PREFLIGHT,ORIGINAL_FINANCIAL_CATALOG_BYTES_MISSING,source_inventory.json
2024-12,2024-12-02,XU100,EKGYO,REJECTED_AT_SOURCE_PREFLIGHT,ORIGINAL_FINANCIAL_CATALOG_BYTES_MISSING,source_inventory.json
2024-12,2024-12-02,XU100,ENERY,REJECTED_AT_SOURCE_PREFLIGHT,ORIGINAL_FINANCIAL_CATALOG_BYTES_MISSING,source_inventory.json
2024-12,2024-12-02,XU100,ENJSA,REJECTED_AT_SOURCE_PREFLIGHT,ORIGINAL_FINANCIAL_CATALOG_BYTES_MISSING,source_inventory.json
2024-12,2024-12-02,XU100,ENKAI,REJECTED_AT_SOURCE_PREFLIGHT,ORIGINAL_FINANCIAL_CATALOG_BYTES_MISSING,source_inventory.json
2024-12,2024-12-02,XU100,EREGL,REJECTED_AT_SOURCE_PREFLIGHT,ORIGINAL_FINANCIAL_CATALOG_BYTES_MISSING,source_inventory.json
2024-12,2024-12-02,XU100,EUPWR,REJECTED_AT_SOURCE_PREFLIGHT,ORIGINAL_FINANCIAL_CATALOG_BYTES_MISSING,source_inventory.json
2024-12,2024-12-02,XU100,FENER,REJECTED_AT_SOURCE_PREFLIGHT,ORIGINAL_FINANCIAL_CATALOG_BYTES_MISSING,source_inventory.json
2024-12,2024-12-02,XU100,FROTO,REJECTED_AT_SOURCE_PREFLIGHT,ORIGINAL_FINANCIAL_CATALOG_BYTES_MISSING,source_inventory.json
2024-12,2024-12-02,XU100,GARAN,REJECTED_AT_SOURCE_PREFLIGHT,ORIGINAL_FINANCIAL_CATALOG_BYTES_MISSING,source_inventory.json
2024-12,2024-12-02,XU100,GESAN,REJECTED_AT_SOURCE_PREFLIGHT,ORIGINAL_FINANCIAL_CATALOG_BYTES_MISSING,source_inventory.json
2024-12,2024-12-02,XU100,GOLTS,REJECTED_AT_SOURCE_PREFLIGHT,ORIGINAL_FINANCIAL_CATALOG_BYTES_MISSING,source_inventory.json
2024-12,2024-12-02,XU100,GUBRF,REJECTED_AT_SOURCE_PREFLIGHT,ORIGINAL_FINANCIAL_CATALOG_BYTES_MISSING,source_inventory.json
2024-12,2024-12-02,XU100,HALKB,REJECTED_AT_SOURCE_PREFLIGHT,ORIGINAL_FINANCIAL_CATALOG_BYTES_MISSING,source_inventory.json
2024-12,2024-12-02,XU100,HEKTS,REJECTED_AT_SOURCE_PREFLIGHT,ORIGINAL_FINANCIAL_CATALOG_BYTES_MISSING,source_inventory.json
2024-12,2024-12-02,XU100,ISCTR,REJECTED_AT_SOURCE_PREFLIGHT,ORIGINAL_FINANCIAL_CATALOG_BYTES_MISSING,source_inventory.json
2024-12,2024-12-02,XU100,ISMEN,REJECTED_AT_SOURCE_PREFLIGHT,ORIGINAL_FINANCIAL_CATALOG_BYTES_MISSING,source_inventory.json
2024-12,2024-12-02,XU100,KARSN,REJECTED_AT_SOURCE_PREFLIGHT,ORIGINAL_FINANCIAL_CATALOG_BYTES_MISSING,source_inventory.json
2024-12,2024-12-02,XU100,KCAER,REJECTED_AT_SOURCE_PREFLIGHT,ORIGINAL_FINANCIAL_CATALOG_BYTES_MISSING,source_inventory.json
2024-12,2024-12-02,XU100,KCHOL,REJECTED_AT_SOURCE_PREFLIGHT,ORIGINAL_FINANCIAL_CATALOG_BYTES_MISSING,source_inventory.json
2024-12,2024-12-02,XU100,KLSER,REJECTED_AT_SOURCE_PREFLIGHT,ORIGINAL_FINANCIAL_CATALOG_BYTES_MISSING,source_inventory.json
2024-12,2024-12-02,XU100,KONTR,REJECTED_AT_SOURCE_PREFLIGHT,ORIGINAL_FINANCIAL_CATALOG_BYTES_MISSING,source_inventory.json
2024-12,2024-12-02,XU100,KONYA,REJECTED_AT_SOURCE_PREFLIGHT,ORIGINAL_FINANCIAL_CATALOG_BYTES_MISSING,source_inventory.json
2024-12,2024-12-02,XU100,KOZAA,REJECTED_AT_SOURCE_PREFLIGHT,ORIGINAL_FINANCIAL_CATALOG_BYTES_MISSING,source_inventory.json
2024-12,2024-12-02,XU100,KOZAL,REJECTED_AT_SOURCE_PREFLIGHT,ORIGINAL_FINANCIAL_CATALOG_BYTES_MISSING,source_inventory.json
2024-12,2024-12-02,XU100,KRDMD,REJECTED_AT_SOURCE_PREFLIGHT,ORIGINAL_FINANCIAL_CATALOG_BYTES_MISSING,source_inventory.json
2024-12,2024-12-02,XU100,KTLEV,REJECTED_AT_SOURCE_PREFLIGHT,ORIGINAL_FINANCIAL_CATALOG_BYTES_MISSING,source_inventory.json
2024-12,2024-12-02,XU100,LMKDC,REJECTED_AT_SOURCE_PREFLIGHT,ORIGINAL_FINANCIAL_CATALOG_BYTES_MISSING,source_inventory.json
2024-12,2024-12-02,XU100,MAVI,REJECTED_AT_SOURCE_PREFLIGHT,ORIGINAL_FINANCIAL_CATALOG_BYTES_MISSING,source_inventory.json
2024-12,2024-12-02,XU100,MGROS,REJECTED_AT_SOURCE_PREFLIGHT,ORIGINAL_FINANCIAL_CATALOG_BYTES_MISSING,source_inventory.json
2024-12,2024-12-02,XU100,MIATK,REJECTED_AT_SOURCE_PREFLIGHT,ORIGINAL_FINANCIAL_CATALOG_BYTES_MISSING,source_inventory.json
2024-12,2024-12-02,XU100,MPARK,REJECTED_AT_SOURCE_PREFLIGHT,ORIGINAL_FINANCIAL_CATALOG_BYTES_MISSING,source_inventory.json
2024-12,2024-12-02,XU100,OBAMS,REJECTED_AT_SOURCE_PREFLIGHT,ORIGINAL_FINANCIAL_CATALOG_BYTES_MISSING,source_inventory.json
2024-12,2024-12-02,XU100,ODAS,REJECTED_AT_SOURCE_PREFLIGHT,ORIGINAL_FINANCIAL_CATALOG_BYTES_MISSING,source_inventory.json
2024-12,2024-12-02,XU100,OTKAR,REJECTED_AT_SOURCE_PREFLIGHT,ORIGINAL_FINANCIAL_CATALOG_BYTES_MISSING,source_inventory.json
2024-12,2024-12-02,XU100,OYAKC,REJECTED_AT_SOURCE_PREFLIGHT,ORIGINAL_FINANCIAL_CATALOG_BYTES_MISSING,source_inventory.json
2024-12,2024-12-02,XU100,PAPIL,REJECTED_AT_SOURCE_PREFLIGHT,ORIGINAL_FINANCIAL_CATALOG_BYTES_MISSING,source_inventory.json
2024-12,2024-12-02,XU100,PEKGY,REJECTED_AT_SOURCE_PREFLIGHT,ORIGINAL_FINANCIAL_CATALOG_BYTES_MISSING,source_inventory.json
2024-12,2024-12-02,XU100,PETKM,REJECTED_AT_SOURCE_PREFLIGHT,ORIGINAL_FINANCIAL_CATALOG_BYTES_MISSING,source_inventory.json
2024-12,2024-12-02,XU100,PGSUS,REJECTED_AT_SOURCE_PREFLIGHT,ORIGINAL_FINANCIAL_CATALOG_BYTES_MISSING,source_inventory.json
2024-12,2024-12-02,XU100,REEDR,REJECTED_AT_SOURCE_PREFLIGHT,ORIGINAL_FINANCIAL_CATALOG_BYTES_MISSING,source_inventory.json
2024-12,2024-12-02,XU100,RGYAS,REJECTED_AT_SOURCE_PREFLIGHT,ORIGINAL_FINANCIAL_CATALOG_BYTES_MISSING,source_inventory.json
2024-12,2024-12-02,XU100,SAHOL,REJECTED_AT_SOURCE_PREFLIGHT,ORIGINAL_FINANCIAL_CATALOG_BYTES_MISSING,source_inventory.json
2024-12,2024-12-02,XU100,SASA,REJECTED_AT_SOURCE_PREFLIGHT,ORIGINAL_FINANCIAL_CATALOG_BYTES_MISSING,source_inventory.json
2024-12,2024-12-02,XU100,SISE,REJECTED_AT_SOURCE_PREFLIGHT,ORIGINAL_FINANCIAL_CATALOG_BYTES_MISSING,source_inventory.json
2024-12,2024-12-02,XU100,SKBNK,REJECTED_AT_SOURCE_PREFLIGHT,ORIGINAL_FINANCIAL_CATALOG_BYTES_MISSING,source_inventory.json
2024-12,2024-12-02,XU100,SMRTG,REJECTED_AT_SOURCE_PREFLIGHT,ORIGINAL_FINANCIAL_CATALOG_BYTES_MISSING,source_inventory.json
2024-12,2024-12-02,XU100,SOKM,REJECTED_AT_SOURCE_PREFLIGHT,ORIGINAL_FINANCIAL_CATALOG_BYTES_MISSING,source_inventory.json
2024-12,2024-12-02,XU100,TABGD,REJECTED_AT_SOURCE_PREFLIGHT,ORIGINAL_FINANCIAL_CATALOG_BYTES_MISSING,source_inventory.json
2024-12,2024-12-02,XU100,TAVHL,REJECTED_AT_SOURCE_PREFLIGHT,ORIGINAL_FINANCIAL_CATALOG_BYTES_MISSING,source_inventory.json
2024-12,2024-12-02,XU100,TCELL,REJECTED_AT_SOURCE_PREFLIGHT,ORIGINAL_FINANCIAL_CATALOG_BYTES_MISSING,source_inventory.json
2024-12,2024-12-02,XU100,THYAO,REJECTED_AT_SOURCE_PREFLIGHT,ORIGINAL_FINANCIAL_CATALOG_BYTES_MISSING,source_inventory.json
2024-12,2024-12-02,XU100,TKFEN,REJECTED_AT_SOURCE_PREFLIGHT,ORIGINAL_FINANCIAL_CATALOG_BYTES_MISSING,source_inventory.json
2024-12,2024-12-02,XU100,TMSN,REJECTED_AT_SOURCE_PREFLIGHT,ORIGINAL_FINANCIAL_CATALOG_BYTES_MISSING,source_inventory.json
2024-12,2024-12-02,XU100,TOASO,REJECTED_AT_SOURCE_PREFLIGHT,ORIGINAL_FINANCIAL_CATALOG_BYTES_MISSING,source_inventory.json
2024-12,2024-12-02,XU100,TSKB,REJECTED_AT_SOURCE_PREFLIGHT,ORIGINAL_FINANCIAL_CATALOG_BYTES_MISSING,source_inventory.json
2024-12,2024-12-02,XU100,TTKOM,REJECTED_AT_SOURCE_PREFLIGHT,ORIGINAL_FINANCIAL_CATALOG_BYTES_MISSING,source_inventory.json
2024-12,2024-12-02,XU100,TTRAK,REJECTED_AT_SOURCE_PREFLIGHT,ORIGINAL_FINANCIAL_CATALOG_BYTES_MISSING,source_inventory.json
2024-12,2024-12-02,XU100,TUKAS,REJECTED_AT_SOURCE_PREFLIGHT,ORIGINAL_FINANCIAL_CATALOG_BYTES_MISSING,source_inventory.json
2024-12,2024-12-02,XU100,TUPRS,REJECTED_AT_SOURCE_PREFLIGHT,ORIGINAL_FINANCIAL_CATALOG_BYTES_MISSING,source_inventory.json
2024-12,2024-12-02,XU100,TURSG,REJECTED_AT_SOURCE_PREFLIGHT,ORIGINAL_FINANCIAL_CATALOG_BYTES_MISSING,source_inventory.json
2024-12,2024-12-02,XU100,ULKER,REJECTED_AT_SOURCE_PREFLIGHT,ORIGINAL_FINANCIAL_CATALOG_BYTES_MISSING,source_inventory.json
2024-12,2024-12-02,XU100,VAKBN,REJECTED_AT_SOURCE_PREFLIGHT,ORIGINAL_FINANCIAL_CATALOG_BYTES_MISSING,source_inventory.json
2024-12,2024-12-02,XU100,VESBE,REJECTED_AT_SOURCE_PREFLIGHT,ORIGINAL_FINANCIAL_CATALOG_BYTES_MISSING,source_inventory.json
2024-12,2024-12-02,XU100,VESTL,REJECTED_AT_SOURCE_PREFLIGHT,ORIGINAL_FINANCIAL_CATALOG_BYTES_MISSING,source_inventory.json
2024-12,2024-12-02,XU100,YEOTK,REJECTED_AT_SOURCE_PREFLIGHT,ORIGINAL_FINANCIAL_CATALOG_BYTES_MISSING,source_inventory.json
2024-12,2024-12-02,XU100,YKBNK,REJECTED_AT_SOURCE_PREFLIGHT,ORIGINAL_FINANCIAL_CATALOG_BYTES_MISSING,source_inventory.json
2024-12,2024-12-02,XU100,ZOREN,REJECTED_AT_SOURCE_PREFLIGHT,ORIGINAL_FINANCIAL_CATALOG_BYTES_MISSING,source_inventory.json
2025-01,2025-01-02,XU100,AEFES,REJECTED_AT_SOURCE_PREFLIGHT,ORIGINAL_FINANCIAL_CATALOG_BYTES_MISSING,source_inventory.json
2025-01,2025-01-02,XU100,AGHOL,REJECTED_AT_SOURCE_PREFLIGHT,ORIGINAL_FINANCIAL_CATALOG_BYTES_MISSING,source_inventory.json
2025-01,2025-01-02,XU100,AGROT,REJECTED_AT_SOURCE_PREFLIGHT,ORIGINAL_FINANCIAL_CATALOG_BYTES_MISSING,source_inventory.json
2025-01,2025-01-02,XU100,AKBNK,REJECTED_AT_SOURCE_PREFLIGHT,ORIGINAL_FINANCIAL_CATALOG_BYTES_MISSING,source_inventory.json
2025-01,2025-01-02,XU100,AKFYE,REJECTED_AT_SOURCE_PREFLIGHT,ORIGINAL_FINANCIAL_CATALOG_BYTES_MISSING,source_inventory.json
2025-01,2025-01-02,XU100,AKSA,REJECTED_AT_SOURCE_PREFLIGHT,ORIGINAL_FINANCIAL_CATALOG_BYTES_MISSING,source_inventory.json
2025-01,2025-01-02,XU100,AKSEN,REJECTED_AT_SOURCE_PREFLIGHT,ORIGINAL_FINANCIAL_CATALOG_BYTES_MISSING,source_inventory.json
2025-01,2025-01-02,XU100,ALARK,REJECTED_AT_SOURCE_PREFLIGHT,ORIGINAL_FINANCIAL_CATALOG_BYTES_MISSING,source_inventory.json
2025-01,2025-01-02,XU100,ALFAS,REJECTED_AT_SOURCE_PREFLIGHT,ORIGINAL_FINANCIAL_CATALOG_BYTES_MISSING,source_inventory.json
2025-01,2025-01-02,XU100,ALTNY,REJECTED_AT_SOURCE_PREFLIGHT,ORIGINAL_FINANCIAL_CATALOG_BYTES_MISSING,source_inventory.json
2025-01,2025-01-02,XU100,ANHYT,REJECTED_AT_SOURCE_PREFLIGHT,ORIGINAL_FINANCIAL_CATALOG_BYTES_MISSING,source_inventory.json
2025-01,2025-01-02,XU100,ANSGR,REJECTED_AT_SOURCE_PREFLIGHT,ORIGINAL_FINANCIAL_CATALOG_BYTES_MISSING,source_inventory.json
2025-01,2025-01-02,XU100,ARCLK,REJECTED_AT_SOURCE_PREFLIGHT,ORIGINAL_FINANCIAL_CATALOG_BYTES_MISSING,source_inventory.json
2025-01,2025-01-02,XU100,ARDYZ,REJECTED_AT_SOURCE_PREFLIGHT,ORIGINAL_FINANCIAL_CATALOG_BYTES_MISSING,source_inventory.json
2025-01,2025-01-02,XU100,ASELS,REJECTED_AT_SOURCE_PREFLIGHT,ORIGINAL_FINANCIAL_CATALOG_BYTES_MISSING,source_inventory.json
2025-01,2025-01-02,XU100,ASTOR,REJECTED_AT_SOURCE_PREFLIGHT,ORIGINAL_FINANCIAL_CATALOG_BYTES_MISSING,source_inventory.json
2025-01,2025-01-02,XU100,BERA,REJECTED_AT_SOURCE_PREFLIGHT,ORIGINAL_FINANCIAL_CATALOG_BYTES_MISSING,source_inventory.json
2025-01,2025-01-02,XU100,BIMAS,REJECTED_AT_SOURCE_PREFLIGHT,ORIGINAL_FINANCIAL_CATALOG_BYTES_MISSING,source_inventory.json
2025-01,2025-01-02,XU100,BRSAN,REJECTED_AT_SOURCE_PREFLIGHT,ORIGINAL_FINANCIAL_CATALOG_BYTES_MISSING,source_inventory.json
2025-01,2025-01-02,XU100,BRYAT,REJECTED_AT_SOURCE_PREFLIGHT,ORIGINAL_FINANCIAL_CATALOG_BYTES_MISSING,source_inventory.json
2025-01,2025-01-02,XU100,BSOKE,REJECTED_AT_SOURCE_PREFLIGHT,ORIGINAL_FINANCIAL_CATALOG_BYTES_MISSING,source_inventory.json
2025-01,2025-01-02,XU100,BTCIM,REJECTED_AT_SOURCE_PREFLIGHT,ORIGINAL_FINANCIAL_CATALOG_BYTES_MISSING,source_inventory.json
2025-01,2025-01-02,XU100,CANTE,REJECTED_AT_SOURCE_PREFLIGHT,ORIGINAL_FINANCIAL_CATALOG_BYTES_MISSING,source_inventory.json
2025-01,2025-01-02,XU100,CCOLA,REJECTED_AT_SOURCE_PREFLIGHT,ORIGINAL_FINANCIAL_CATALOG_BYTES_MISSING,source_inventory.json
2025-01,2025-01-02,XU100,CIMSA,REJECTED_AT_SOURCE_PREFLIGHT,ORIGINAL_FINANCIAL_CATALOG_BYTES_MISSING,source_inventory.json
2025-01,2025-01-02,XU100,CLEBI,REJECTED_AT_SOURCE_PREFLIGHT,ORIGINAL_FINANCIAL_CATALOG_BYTES_MISSING,source_inventory.json
2025-01,2025-01-02,XU100,CVKMD,REJECTED_AT_SOURCE_PREFLIGHT,ORIGINAL_FINANCIAL_CATALOG_BYTES_MISSING,source_inventory.json
2025-01,2025-01-02,XU100,CWENE,REJECTED_AT_SOURCE_PREFLIGHT,ORIGINAL_FINANCIAL_CATALOG_BYTES_MISSING,source_inventory.json
2025-01,2025-01-02,XU100,DOAS,REJECTED_AT_SOURCE_PREFLIGHT,ORIGINAL_FINANCIAL_CATALOG_BYTES_MISSING,source_inventory.json
2025-01,2025-01-02,XU100,DOHOL,REJECTED_AT_SOURCE_PREFLIGHT,ORIGINAL_FINANCIAL_CATALOG_BYTES_MISSING,source_inventory.json
2025-01,2025-01-02,XU100,ECILC,REJECTED_AT_SOURCE_PREFLIGHT,ORIGINAL_FINANCIAL_CATALOG_BYTES_MISSING,source_inventory.json
2025-01,2025-01-02,XU100,EGEEN,REJECTED_AT_SOURCE_PREFLIGHT,ORIGINAL_FINANCIAL_CATALOG_BYTES_MISSING,source_inventory.json
2025-01,2025-01-02,XU100,EKGYO,REJECTED_AT_SOURCE_PREFLIGHT,ORIGINAL_FINANCIAL_CATALOG_BYTES_MISSING,source_inventory.json
2025-01,2025-01-02,XU100,ENERY,REJECTED_AT_SOURCE_PREFLIGHT,ORIGINAL_FINANCIAL_CATALOG_BYTES_MISSING,source_inventory.json
2025-01,2025-01-02,XU100,ENJSA,REJECTED_AT_SOURCE_PREFLIGHT,ORIGINAL_FINANCIAL_CATALOG_BYTES_MISSING,source_inventory.json
2025-01,2025-01-02,XU100,ENKAI,REJECTED_AT_SOURCE_PREFLIGHT,ORIGINAL_FINANCIAL_CATALOG_BYTES_MISSING,source_inventory.json
2025-01,2025-01-02,XU100,EREGL,REJECTED_AT_SOURCE_PREFLIGHT,ORIGINAL_FINANCIAL_CATALOG_BYTES_MISSING,source_inventory.json
2025-01,2025-01-02,XU100,EUPWR,REJECTED_AT_SOURCE_PREFLIGHT,ORIGINAL_FINANCIAL_CATALOG_BYTES_MISSING,source_inventory.json
2025-01,2025-01-02,XU100,FENER,REJECTED_AT_SOURCE_PREFLIGHT,ORIGINAL_FINANCIAL_CATALOG_BYTES_MISSING,source_inventory.json
2025-01,2025-01-02,XU100,FROTO,REJECTED_AT_SOURCE_PREFLIGHT,ORIGINAL_FINANCIAL_CATALOG_BYTES_MISSING,source_inventory.json
2025-01,2025-01-02,XU100,GARAN,REJECTED_AT_SOURCE_PREFLIGHT,ORIGINAL_FINANCIAL_CATALOG_BYTES_MISSING,source_inventory.json
2025-01,2025-01-02,XU100,GESAN,REJECTED_AT_SOURCE_PREFLIGHT,ORIGINAL_FINANCIAL_CATALOG_BYTES_MISSING,source_inventory.json
2025-01,2025-01-02,XU100,GOLTS,REJECTED_AT_SOURCE_PREFLIGHT,ORIGINAL_FINANCIAL_CATALOG_BYTES_MISSING,source_inventory.json
2025-01,2025-01-02,XU100,GUBRF,REJECTED_AT_SOURCE_PREFLIGHT,ORIGINAL_FINANCIAL_CATALOG_BYTES_MISSING,source_inventory.json
2025-01,2025-01-02,XU100,HALKB,REJECTED_AT_SOURCE_PREFLIGHT,ORIGINAL_FINANCIAL_CATALOG_BYTES_MISSING,source_inventory.json
2025-01,2025-01-02,XU100,HEKTS,REJECTED_AT_SOURCE_PREFLIGHT,ORIGINAL_FINANCIAL_CATALOG_BYTES_MISSING,source_inventory.json
2025-01,2025-01-02,XU100,IEYHO,REJECTED_AT_SOURCE_PREFLIGHT,ORIGINAL_FINANCIAL_CATALOG_BYTES_MISSING,source_inventory.json
2025-01,2025-01-02,XU100,ISCTR,REJECTED_AT_SOURCE_PREFLIGHT,ORIGINAL_FINANCIAL_CATALOG_BYTES_MISSING,source_inventory.json
2025-01,2025-01-02,XU100,ISMEN,REJECTED_AT_SOURCE_PREFLIGHT,ORIGINAL_FINANCIAL_CATALOG_BYTES_MISSING,source_inventory.json
2025-01,2025-01-02,XU100,KARSN,REJECTED_AT_SOURCE_PREFLIGHT,ORIGINAL_FINANCIAL_CATALOG_BYTES_MISSING,source_inventory.json
2025-01,2025-01-02,XU100,KCAER,REJECTED_AT_SOURCE_PREFLIGHT,ORIGINAL_FINANCIAL_CATALOG_BYTES_MISSING,source_inventory.json
2025-01,2025-01-02,XU100,KCHOL,REJECTED_AT_SOURCE_PREFLIGHT,ORIGINAL_FINANCIAL_CATALOG_BYTES_MISSING,source_inventory.json
2025-01,2025-01-02,XU100,KLSER,REJECTED_AT_SOURCE_PREFLIGHT,ORIGINAL_FINANCIAL_CATALOG_BYTES_MISSING,source_inventory.json
2025-01,2025-01-02,XU100,KONTR,REJECTED_AT_SOURCE_PREFLIGHT,ORIGINAL_FINANCIAL_CATALOG_BYTES_MISSING,source_inventory.json
2025-01,2025-01-02,XU100,KONYA,REJECTED_AT_SOURCE_PREFLIGHT,ORIGINAL_FINANCIAL_CATALOG_BYTES_MISSING,source_inventory.json
2025-01,2025-01-02,XU100,KOZAA,REJECTED_AT_SOURCE_PREFLIGHT,ORIGINAL_FINANCIAL_CATALOG_BYTES_MISSING,source_inventory.json
2025-01,2025-01-02,XU100,KOZAL,REJECTED_AT_SOURCE_PREFLIGHT,ORIGINAL_FINANCIAL_CATALOG_BYTES_MISSING,source_inventory.json
2025-01,2025-01-02,XU100,KRDMD,REJECTED_AT_SOURCE_PREFLIGHT,ORIGINAL_FINANCIAL_CATALOG_BYTES_MISSING,source_inventory.json
2025-01,2025-01-02,XU100,LIDER,REJECTED_AT_SOURCE_PREFLIGHT,ORIGINAL_FINANCIAL_CATALOG_BYTES_MISSING,source_inventory.json
2025-01,2025-01-02,XU100,MAGEN,REJECTED_AT_SOURCE_PREFLIGHT,ORIGINAL_FINANCIAL_CATALOG_BYTES_MISSING,source_inventory.json
2025-01,2025-01-02,XU100,MAVI,REJECTED_AT_SOURCE_PREFLIGHT,ORIGINAL_FINANCIAL_CATALOG_BYTES_MISSING,source_inventory.json
2025-01,2025-01-02,XU100,MGROS,REJECTED_AT_SOURCE_PREFLIGHT,ORIGINAL_FINANCIAL_CATALOG_BYTES_MISSING,source_inventory.json
2025-01,2025-01-02,XU100,MIATK,REJECTED_AT_SOURCE_PREFLIGHT,ORIGINAL_FINANCIAL_CATALOG_BYTES_MISSING,source_inventory.json
2025-01,2025-01-02,XU100,MPARK,REJECTED_AT_SOURCE_PREFLIGHT,ORIGINAL_FINANCIAL_CATALOG_BYTES_MISSING,source_inventory.json
2025-01,2025-01-02,XU100,NTHOL,REJECTED_AT_SOURCE_PREFLIGHT,ORIGINAL_FINANCIAL_CATALOG_BYTES_MISSING,source_inventory.json
2025-01,2025-01-02,XU100,ODAS,REJECTED_AT_SOURCE_PREFLIGHT,ORIGINAL_FINANCIAL_CATALOG_BYTES_MISSING,source_inventory.json
2025-01,2025-01-02,XU100,OTKAR,REJECTED_AT_SOURCE_PREFLIGHT,ORIGINAL_FINANCIAL_CATALOG_BYTES_MISSING,source_inventory.json
2025-01,2025-01-02,XU100,OYAKC,REJECTED_AT_SOURCE_PREFLIGHT,ORIGINAL_FINANCIAL_CATALOG_BYTES_MISSING,source_inventory.json
2025-01,2025-01-02,XU100,PASEU,REJECTED_AT_SOURCE_PREFLIGHT,ORIGINAL_FINANCIAL_CATALOG_BYTES_MISSING,source_inventory.json
2025-01,2025-01-02,XU100,PETKM,REJECTED_AT_SOURCE_PREFLIGHT,ORIGINAL_FINANCIAL_CATALOG_BYTES_MISSING,source_inventory.json
2025-01,2025-01-02,XU100,PGSUS,REJECTED_AT_SOURCE_PREFLIGHT,ORIGINAL_FINANCIAL_CATALOG_BYTES_MISSING,source_inventory.json
2025-01,2025-01-02,XU100,REEDR,REJECTED_AT_SOURCE_PREFLIGHT,ORIGINAL_FINANCIAL_CATALOG_BYTES_MISSING,source_inventory.json
2025-01,2025-01-02,XU100,SAHOL,REJECTED_AT_SOURCE_PREFLIGHT,ORIGINAL_FINANCIAL_CATALOG_BYTES_MISSING,source_inventory.json
2025-01,2025-01-02,XU100,SASA,REJECTED_AT_SOURCE_PREFLIGHT,ORIGINAL_FINANCIAL_CATALOG_BYTES_MISSING,source_inventory.json
2025-01,2025-01-02,XU100,SDTTR,REJECTED_AT_SOURCE_PREFLIGHT,ORIGINAL_FINANCIAL_CATALOG_BYTES_MISSING,source_inventory.json
2025-01,2025-01-02,XU100,SELEC,REJECTED_AT_SOURCE_PREFLIGHT,ORIGINAL_FINANCIAL_CATALOG_BYTES_MISSING,source_inventory.json
2025-01,2025-01-02,XU100,SISE,REJECTED_AT_SOURCE_PREFLIGHT,ORIGINAL_FINANCIAL_CATALOG_BYTES_MISSING,source_inventory.json
2025-01,2025-01-02,XU100,SKBNK,REJECTED_AT_SOURCE_PREFLIGHT,ORIGINAL_FINANCIAL_CATALOG_BYTES_MISSING,source_inventory.json
2025-01,2025-01-02,XU100,SMRTG,REJECTED_AT_SOURCE_PREFLIGHT,ORIGINAL_FINANCIAL_CATALOG_BYTES_MISSING,source_inventory.json
2025-01,2025-01-02,XU100,SOKM,REJECTED_AT_SOURCE_PREFLIGHT,ORIGINAL_FINANCIAL_CATALOG_BYTES_MISSING,source_inventory.json
2025-01,2025-01-02,XU100,TABGD,REJECTED_AT_SOURCE_PREFLIGHT,ORIGINAL_FINANCIAL_CATALOG_BYTES_MISSING,source_inventory.json
2025-01,2025-01-02,XU100,TAVHL,REJECTED_AT_SOURCE_PREFLIGHT,ORIGINAL_FINANCIAL_CATALOG_BYTES_MISSING,source_inventory.json
2025-01,2025-01-02,XU100,TCELL,REJECTED_AT_SOURCE_PREFLIGHT,ORIGINAL_FINANCIAL_CATALOG_BYTES_MISSING,source_inventory.json
2025-01,2025-01-02,XU100,THYAO,REJECTED_AT_SOURCE_PREFLIGHT,ORIGINAL_FINANCIAL_CATALOG_BYTES_MISSING,source_inventory.json
2025-01,2025-01-02,XU100,TKFEN,REJECTED_AT_SOURCE_PREFLIGHT,ORIGINAL_FINANCIAL_CATALOG_BYTES_MISSING,source_inventory.json
2025-01,2025-01-02,XU100,TMSN,REJECTED_AT_SOURCE_PREFLIGHT,ORIGINAL_FINANCIAL_CATALOG_BYTES_MISSING,source_inventory.json
2025-01,2025-01-02,XU100,TOASO,REJECTED_AT_SOURCE_PREFLIGHT,ORIGINAL_FINANCIAL_CATALOG_BYTES_MISSING,source_inventory.json
2025-01,2025-01-02,XU100,TSKB,REJECTED_AT_SOURCE_PREFLIGHT,ORIGINAL_FINANCIAL_CATALOG_BYTES_MISSING,source_inventory.json
2025-01,2025-01-02,XU100,TSPOR,REJECTED_AT_SOURCE_PREFLIGHT,ORIGINAL_FINANCIAL_CATALOG_BYTES_MISSING,source_inventory.json
2025-01,2025-01-02,XU100,TTKOM,REJECTED_AT_SOURCE_PREFLIGHT,ORIGINAL_FINANCIAL_CATALOG_BYTES_MISSING,source_inventory.json
2025-01,2025-01-02,XU100,TTRAK,REJECTED_AT_SOURCE_PREFLIGHT,ORIGINAL_FINANCIAL_CATALOG_BYTES_MISSING,source_inventory.json
2025-01,2025-01-02,XU100,TUKAS,REJECTED_AT_SOURCE_PREFLIGHT,ORIGINAL_FINANCIAL_CATALOG_BYTES_MISSING,source_inventory.json
2025-01,2025-01-02,XU100,TUPRS,REJECTED_AT_SOURCE_PREFLIGHT,ORIGINAL_FINANCIAL_CATALOG_BYTES_MISSING,source_inventory.json
2025-01,2025-01-02,XU100,TURSG,REJECTED_AT_SOURCE_PREFLIGHT,ORIGINAL_FINANCIAL_CATALOG_BYTES_MISSING,source_inventory.json
2025-01,2025-01-02,XU100,ULKER,REJECTED_AT_SOURCE_PREFLIGHT,ORIGINAL_FINANCIAL_CATALOG_BYTES_MISSING,source_inventory.json
2025-01,2025-01-02,XU100,VAKBN,REJECTED_AT_SOURCE_PREFLIGHT,ORIGINAL_FINANCIAL_CATALOG_BYTES_MISSING,source_inventory.json
2025-01,2025-01-02,XU100,VESTL,REJECTED_AT_SOURCE_PREFLIGHT,ORIGINAL_FINANCIAL_CATALOG_BYTES_MISSING,source_inventory.json
2025-01,2025-01-02,XU100,YEOTK,REJECTED_AT_SOURCE_PREFLIGHT,ORIGINAL_FINANCIAL_CATALOG_BYTES_MISSING,source_inventory.json
2025-01,2025-01-02,XU100,YKBNK,REJECTED_AT_SOURCE_PREFLIGHT,ORIGINAL_FINANCIAL_CATALOG_BYTES_MISSING,source_inventory.json
2025-01,2025-01-02,XU100,ZOREN,REJECTED_AT_SOURCE_PREFLIGHT,ORIGINAL_FINANCIAL_CATALOG_BYTES_MISSING,source_inventory.json
2025-02,2025-02-03,XU100,AEFES,REJECTED_AT_SOURCE_PREFLIGHT,ORIGINAL_FINANCIAL_CATALOG_BYTES_MISSING,source_inventory.json
2025-02,2025-02-03,XU100,AGHOL,REJECTED_AT_SOURCE_PREFLIGHT,ORIGINAL_FINANCIAL_CATALOG_BYTES_MISSING,source_inventory.json
2025-02,2025-02-03,XU100,AGROT,REJECTED_AT_SOURCE_PREFLIGHT,ORIGINAL_FINANCIAL_CATALOG_BYTES_MISSING,source_inventory.json
2025-02,2025-02-03,XU100,AKBNK,REJECTED_AT_SOURCE_PREFLIGHT,ORIGINAL_FINANCIAL_CATALOG_BYTES_MISSING,source_inventory.json
2025-02,2025-02-03,XU100,AKFYE,REJECTED_AT_SOURCE_PREFLIGHT,ORIGINAL_FINANCIAL_CATALOG_BYTES_MISSING,source_inventory.json
2025-02,2025-02-03,XU100,AKSA,REJECTED_AT_SOURCE_PREFLIGHT,ORIGINAL_FINANCIAL_CATALOG_BYTES_MISSING,source_inventory.json
2025-02,2025-02-03,XU100,AKSEN,REJECTED_AT_SOURCE_PREFLIGHT,ORIGINAL_FINANCIAL_CATALOG_BYTES_MISSING,source_inventory.json
2025-02,2025-02-03,XU100,ALARK,REJECTED_AT_SOURCE_PREFLIGHT,ORIGINAL_FINANCIAL_CATALOG_BYTES_MISSING,source_inventory.json
2025-02,2025-02-03,XU100,ALFAS,REJECTED_AT_SOURCE_PREFLIGHT,ORIGINAL_FINANCIAL_CATALOG_BYTES_MISSING,source_inventory.json
2025-02,2025-02-03,XU100,ALTNY,REJECTED_AT_SOURCE_PREFLIGHT,ORIGINAL_FINANCIAL_CATALOG_BYTES_MISSING,source_inventory.json
2025-02,2025-02-03,XU100,ANHYT,REJECTED_AT_SOURCE_PREFLIGHT,ORIGINAL_FINANCIAL_CATALOG_BYTES_MISSING,source_inventory.json
2025-02,2025-02-03,XU100,ANSGR,REJECTED_AT_SOURCE_PREFLIGHT,ORIGINAL_FINANCIAL_CATALOG_BYTES_MISSING,source_inventory.json
2025-02,2025-02-03,XU100,ARCLK,REJECTED_AT_SOURCE_PREFLIGHT,ORIGINAL_FINANCIAL_CATALOG_BYTES_MISSING,source_inventory.json
2025-02,2025-02-03,XU100,ARDYZ,REJECTED_AT_SOURCE_PREFLIGHT,ORIGINAL_FINANCIAL_CATALOG_BYTES_MISSING,source_inventory.json
2025-02,2025-02-03,XU100,ASELS,REJECTED_AT_SOURCE_PREFLIGHT,ORIGINAL_FINANCIAL_CATALOG_BYTES_MISSING,source_inventory.json
2025-02,2025-02-03,XU100,ASTOR,REJECTED_AT_SOURCE_PREFLIGHT,ORIGINAL_FINANCIAL_CATALOG_BYTES_MISSING,source_inventory.json
2025-02,2025-02-03,XU100,BERA,REJECTED_AT_SOURCE_PREFLIGHT,ORIGINAL_FINANCIAL_CATALOG_BYTES_MISSING,source_inventory.json
2025-02,2025-02-03,XU100,BIMAS,REJECTED_AT_SOURCE_PREFLIGHT,ORIGINAL_FINANCIAL_CATALOG_BYTES_MISSING,source_inventory.json
2025-02,2025-02-03,XU100,BRSAN,REJECTED_AT_SOURCE_PREFLIGHT,ORIGINAL_FINANCIAL_CATALOG_BYTES_MISSING,source_inventory.json
2025-02,2025-02-03,XU100,BRYAT,REJECTED_AT_SOURCE_PREFLIGHT,ORIGINAL_FINANCIAL_CATALOG_BYTES_MISSING,source_inventory.json
2025-02,2025-02-03,XU100,BSOKE,REJECTED_AT_SOURCE_PREFLIGHT,ORIGINAL_FINANCIAL_CATALOG_BYTES_MISSING,source_inventory.json
2025-02,2025-02-03,XU100,BTCIM,REJECTED_AT_SOURCE_PREFLIGHT,ORIGINAL_FINANCIAL_CATALOG_BYTES_MISSING,source_inventory.json
2025-02,2025-02-03,XU100,CANTE,REJECTED_AT_SOURCE_PREFLIGHT,ORIGINAL_FINANCIAL_CATALOG_BYTES_MISSING,source_inventory.json
2025-02,2025-02-03,XU100,CCOLA,REJECTED_AT_SOURCE_PREFLIGHT,ORIGINAL_FINANCIAL_CATALOG_BYTES_MISSING,source_inventory.json
2025-02,2025-02-03,XU100,CIMSA,REJECTED_AT_SOURCE_PREFLIGHT,ORIGINAL_FINANCIAL_CATALOG_BYTES_MISSING,source_inventory.json
2025-02,2025-02-03,XU100,CLEBI,REJECTED_AT_SOURCE_PREFLIGHT,ORIGINAL_FINANCIAL_CATALOG_BYTES_MISSING,source_inventory.json
2025-02,2025-02-03,XU100,CVKMD,REJECTED_AT_SOURCE_PREFLIGHT,ORIGINAL_FINANCIAL_CATALOG_BYTES_MISSING,source_inventory.json
2025-02,2025-02-03,XU100,CWENE,REJECTED_AT_SOURCE_PREFLIGHT,ORIGINAL_FINANCIAL_CATALOG_BYTES_MISSING,source_inventory.json
2025-02,2025-02-03,XU100,DOAS,REJECTED_AT_SOURCE_PREFLIGHT,ORIGINAL_FINANCIAL_CATALOG_BYTES_MISSING,source_inventory.json
2025-02,2025-02-03,XU100,DOHOL,REJECTED_AT_SOURCE_PREFLIGHT,ORIGINAL_FINANCIAL_CATALOG_BYTES_MISSING,source_inventory.json
2025-02,2025-02-03,XU100,ECILC,REJECTED_AT_SOURCE_PREFLIGHT,ORIGINAL_FINANCIAL_CATALOG_BYTES_MISSING,source_inventory.json
2025-02,2025-02-03,XU100,EGEEN,REJECTED_AT_SOURCE_PREFLIGHT,ORIGINAL_FINANCIAL_CATALOG_BYTES_MISSING,source_inventory.json
2025-02,2025-02-03,XU100,EKGYO,REJECTED_AT_SOURCE_PREFLIGHT,ORIGINAL_FINANCIAL_CATALOG_BYTES_MISSING,source_inventory.json
2025-02,2025-02-03,XU100,ENERY,REJECTED_AT_SOURCE_PREFLIGHT,ORIGINAL_FINANCIAL_CATALOG_BYTES_MISSING,source_inventory.json
2025-02,2025-02-03,XU100,ENJSA,REJECTED_AT_SOURCE_PREFLIGHT,ORIGINAL_FINANCIAL_CATALOG_BYTES_MISSING,source_inventory.json
2025-02,2025-02-03,XU100,ENKAI,REJECTED_AT_SOURCE_PREFLIGHT,ORIGINAL_FINANCIAL_CATALOG_BYTES_MISSING,source_inventory.json
2025-02,2025-02-03,XU100,EREGL,REJECTED_AT_SOURCE_PREFLIGHT,ORIGINAL_FINANCIAL_CATALOG_BYTES_MISSING,source_inventory.json
2025-02,2025-02-03,XU100,EUPWR,REJECTED_AT_SOURCE_PREFLIGHT,ORIGINAL_FINANCIAL_CATALOG_BYTES_MISSING,source_inventory.json
2025-02,2025-02-03,XU100,FENER,REJECTED_AT_SOURCE_PREFLIGHT,ORIGINAL_FINANCIAL_CATALOG_BYTES_MISSING,source_inventory.json
2025-02,2025-02-03,XU100,FROTO,REJECTED_AT_SOURCE_PREFLIGHT,ORIGINAL_FINANCIAL_CATALOG_BYTES_MISSING,source_inventory.json
2025-02,2025-02-03,XU100,GARAN,REJECTED_AT_SOURCE_PREFLIGHT,ORIGINAL_FINANCIAL_CATALOG_BYTES_MISSING,source_inventory.json
2025-02,2025-02-03,XU100,GESAN,REJECTED_AT_SOURCE_PREFLIGHT,ORIGINAL_FINANCIAL_CATALOG_BYTES_MISSING,source_inventory.json
2025-02,2025-02-03,XU100,GOLTS,REJECTED_AT_SOURCE_PREFLIGHT,ORIGINAL_FINANCIAL_CATALOG_BYTES_MISSING,source_inventory.json
2025-02,2025-02-03,XU100,GUBRF,REJECTED_AT_SOURCE_PREFLIGHT,ORIGINAL_FINANCIAL_CATALOG_BYTES_MISSING,source_inventory.json
2025-02,2025-02-03,XU100,HALKB,REJECTED_AT_SOURCE_PREFLIGHT,ORIGINAL_FINANCIAL_CATALOG_BYTES_MISSING,source_inventory.json
2025-02,2025-02-03,XU100,HEKTS,REJECTED_AT_SOURCE_PREFLIGHT,ORIGINAL_FINANCIAL_CATALOG_BYTES_MISSING,source_inventory.json
2025-02,2025-02-03,XU100,IEYHO,REJECTED_AT_SOURCE_PREFLIGHT,ORIGINAL_FINANCIAL_CATALOG_BYTES_MISSING,source_inventory.json
2025-02,2025-02-03,XU100,ISCTR,REJECTED_AT_SOURCE_PREFLIGHT,ORIGINAL_FINANCIAL_CATALOG_BYTES_MISSING,source_inventory.json
2025-02,2025-02-03,XU100,ISMEN,REJECTED_AT_SOURCE_PREFLIGHT,ORIGINAL_FINANCIAL_CATALOG_BYTES_MISSING,source_inventory.json
2025-02,2025-02-03,XU100,KARSN,REJECTED_AT_SOURCE_PREFLIGHT,ORIGINAL_FINANCIAL_CATALOG_BYTES_MISSING,source_inventory.json
2025-02,2025-02-03,XU100,KCAER,REJECTED_AT_SOURCE_PREFLIGHT,ORIGINAL_FINANCIAL_CATALOG_BYTES_MISSING,source_inventory.json
2025-02,2025-02-03,XU100,KCHOL,REJECTED_AT_SOURCE_PREFLIGHT,ORIGINAL_FINANCIAL_CATALOG_BYTES_MISSING,source_inventory.json
2025-02,2025-02-03,XU100,KLSER,REJECTED_AT_SOURCE_PREFLIGHT,ORIGINAL_FINANCIAL_CATALOG_BYTES_MISSING,source_inventory.json
2025-02,2025-02-03,XU100,KONTR,REJECTED_AT_SOURCE_PREFLIGHT,ORIGINAL_FINANCIAL_CATALOG_BYTES_MISSING,source_inventory.json
2025-02,2025-02-03,XU100,KONYA,REJECTED_AT_SOURCE_PREFLIGHT,ORIGINAL_FINANCIAL_CATALOG_BYTES_MISSING,source_inventory.json
2025-02,2025-02-03,XU100,KOZAA,REJECTED_AT_SOURCE_PREFLIGHT,ORIGINAL_FINANCIAL_CATALOG_BYTES_MISSING,source_inventory.json
2025-02,2025-02-03,XU100,KOZAL,REJECTED_AT_SOURCE_PREFLIGHT,ORIGINAL_FINANCIAL_CATALOG_BYTES_MISSING,source_inventory.json
2025-02,2025-02-03,XU100,KRDMD,REJECTED_AT_SOURCE_PREFLIGHT,ORIGINAL_FINANCIAL_CATALOG_BYTES_MISSING,source_inventory.json
2025-02,2025-02-03,XU100,LIDER,REJECTED_AT_SOURCE_PREFLIGHT,ORIGINAL_FINANCIAL_CATALOG_BYTES_MISSING,source_inventory.json
2025-02,2025-02-03,XU100,MAGEN,REJECTED_AT_SOURCE_PREFLIGHT,ORIGINAL_FINANCIAL_CATALOG_BYTES_MISSING,source_inventory.json
2025-02,2025-02-03,XU100,MAVI,REJECTED_AT_SOURCE_PREFLIGHT,ORIGINAL_FINANCIAL_CATALOG_BYTES_MISSING,source_inventory.json
2025-02,2025-02-03,XU100,MGROS,REJECTED_AT_SOURCE_PREFLIGHT,ORIGINAL_FINANCIAL_CATALOG_BYTES_MISSING,source_inventory.json
2025-02,2025-02-03,XU100,MIATK,REJECTED_AT_SOURCE_PREFLIGHT,ORIGINAL_FINANCIAL_CATALOG_BYTES_MISSING,source_inventory.json
2025-02,2025-02-03,XU100,MPARK,REJECTED_AT_SOURCE_PREFLIGHT,ORIGINAL_FINANCIAL_CATALOG_BYTES_MISSING,source_inventory.json
2025-02,2025-02-03,XU100,NTHOL,REJECTED_AT_SOURCE_PREFLIGHT,ORIGINAL_FINANCIAL_CATALOG_BYTES_MISSING,source_inventory.json
2025-02,2025-02-03,XU100,ODAS,REJECTED_AT_SOURCE_PREFLIGHT,ORIGINAL_FINANCIAL_CATALOG_BYTES_MISSING,source_inventory.json
2025-02,2025-02-03,XU100,OTKAR,REJECTED_AT_SOURCE_PREFLIGHT,ORIGINAL_FINANCIAL_CATALOG_BYTES_MISSING,source_inventory.json
2025-02,2025-02-03,XU100,OYAKC,REJECTED_AT_SOURCE_PREFLIGHT,ORIGINAL_FINANCIAL_CATALOG_BYTES_MISSING,source_inventory.json
2025-02,2025-02-03,XU100,PASEU,REJECTED_AT_SOURCE_PREFLIGHT,ORIGINAL_FINANCIAL_CATALOG_BYTES_MISSING,source_inventory.json
2025-02,2025-02-03,XU100,PETKM,REJECTED_AT_SOURCE_PREFLIGHT,ORIGINAL_FINANCIAL_CATALOG_BYTES_MISSING,source_inventory.json
2025-02,2025-02-03,XU100,PGSUS,REJECTED_AT_SOURCE_PREFLIGHT,ORIGINAL_FINANCIAL_CATALOG_BYTES_MISSING,source_inventory.json
2025-02,2025-02-03,XU100,REEDR,REJECTED_AT_SOURCE_PREFLIGHT,ORIGINAL_FINANCIAL_CATALOG_BYTES_MISSING,source_inventory.json
2025-02,2025-02-03,XU100,SAHOL,REJECTED_AT_SOURCE_PREFLIGHT,ORIGINAL_FINANCIAL_CATALOG_BYTES_MISSING,source_inventory.json
2025-02,2025-02-03,XU100,SASA,REJECTED_AT_SOURCE_PREFLIGHT,ORIGINAL_FINANCIAL_CATALOG_BYTES_MISSING,source_inventory.json
2025-02,2025-02-03,XU100,SDTTR,REJECTED_AT_SOURCE_PREFLIGHT,ORIGINAL_FINANCIAL_CATALOG_BYTES_MISSING,source_inventory.json
2025-02,2025-02-03,XU100,SELEC,REJECTED_AT_SOURCE_PREFLIGHT,ORIGINAL_FINANCIAL_CATALOG_BYTES_MISSING,source_inventory.json
2025-02,2025-02-03,XU100,SISE,REJECTED_AT_SOURCE_PREFLIGHT,ORIGINAL_FINANCIAL_CATALOG_BYTES_MISSING,source_inventory.json
2025-02,2025-02-03,XU100,SKBNK,REJECTED_AT_SOURCE_PREFLIGHT,ORIGINAL_FINANCIAL_CATALOG_BYTES_MISSING,source_inventory.json
2025-02,2025-02-03,XU100,SMRTG,REJECTED_AT_SOURCE_PREFLIGHT,ORIGINAL_FINANCIAL_CATALOG_BYTES_MISSING,source_inventory.json
2025-02,2025-02-03,XU100,SOKM,REJECTED_AT_SOURCE_PREFLIGHT,ORIGINAL_FINANCIAL_CATALOG_BYTES_MISSING,source_inventory.json
2025-02,2025-02-03,XU100,TABGD,REJECTED_AT_SOURCE_PREFLIGHT,ORIGINAL_FINANCIAL_CATALOG_BYTES_MISSING,source_inventory.json
2025-02,2025-02-03,XU100,TAVHL,REJECTED_AT_SOURCE_PREFLIGHT,ORIGINAL_FINANCIAL_CATALOG_BYTES_MISSING,source_inventory.json
2025-02,2025-02-03,XU100,TCELL,REJECTED_AT_SOURCE_PREFLIGHT,ORIGINAL_FINANCIAL_CATALOG_BYTES_MISSING,source_inventory.json
2025-02,2025-02-03,XU100,THYAO,REJECTED_AT_SOURCE_PREFLIGHT,ORIGINAL_FINANCIAL_CATALOG_BYTES_MISSING,source_inventory.json
2025-02,2025-02-03,XU100,TKFEN,REJECTED_AT_SOURCE_PREFLIGHT,ORIGINAL_FINANCIAL_CATALOG_BYTES_MISSING,source_inventory.json
2025-02,2025-02-03,XU100,TMSN,REJECTED_AT_SOURCE_PREFLIGHT,ORIGINAL_FINANCIAL_CATALOG_BYTES_MISSING,source_inventory.json
2025-02,2025-02-03,XU100,TOASO,REJECTED_AT_SOURCE_PREFLIGHT,ORIGINAL_FINANCIAL_CATALOG_BYTES_MISSING,source_inventory.json
2025-02,2025-02-03,XU100,TSKB,REJECTED_AT_SOURCE_PREFLIGHT,ORIGINAL_FINANCIAL_CATALOG_BYTES_MISSING,source_inventory.json
2025-02,2025-02-03,XU100,TSPOR,REJECTED_AT_SOURCE_PREFLIGHT,ORIGINAL_FINANCIAL_CATALOG_BYTES_MISSING,source_inventory.json
2025-02,2025-02-03,XU100,TTKOM,REJECTED_AT_SOURCE_PREFLIGHT,ORIGINAL_FINANCIAL_CATALOG_BYTES_MISSING,source_inventory.json
2025-02,2025-02-03,XU100,TTRAK,REJECTED_AT_SOURCE_PREFLIGHT,ORIGINAL_FINANCIAL_CATALOG_BYTES_MISSING,source_inventory.json
2025-02,2025-02-03,XU100,TUKAS,REJECTED_AT_SOURCE_PREFLIGHT,ORIGINAL_FINANCIAL_CATALOG_BYTES_MISSING,source_inventory.json
2025-02,2025-02-03,XU100,TUPRS,REJECTED_AT_SOURCE_PREFLIGHT,ORIGINAL_FINANCIAL_CATALOG_BYTES_MISSING,source_inventory.json
2025-02,2025-02-03,XU100,TURSG,REJECTED_AT_SOURCE_PREFLIGHT,ORIGINAL_FINANCIAL_CATALOG_BYTES_MISSING,source_inventory.json
2025-02,2025-02-03,XU100,ULKER,REJECTED_AT_SOURCE_PREFLIGHT,ORIGINAL_FINANCIAL_CATALOG_BYTES_MISSING,source_inventory.json
2025-02,2025-02-03,XU100,VAKBN,REJECTED_AT_SOURCE_PREFLIGHT,ORIGINAL_FINANCIAL_CATALOG_BYTES_MISSING,source_inventory.json
2025-02,2025-02-03,XU100,VESTL,REJECTED_AT_SOURCE_PREFLIGHT,ORIGINAL_FINANCIAL_CATALOG_BYTES_MISSING,source_inventory.json
2025-02,2025-02-03,XU100,YEOTK,REJECTED_AT_SOURCE_PREFLIGHT,ORIGINAL_FINANCIAL_CATALOG_BYTES_MISSING,source_inventory.json
2025-02,2025-02-03,XU100,YKBNK,REJECTED_AT_SOURCE_PREFLIGHT,ORIGINAL_FINANCIAL_CATALOG_BYTES_MISSING,source_inventory.json
2025-02,2025-02-03,XU100,ZOREN,REJECTED_AT_SOURCE_PREFLIGHT,ORIGINAL_FINANCIAL_CATALOG_BYTES_MISSING,source_inventory.json
2025-03,2025-03-03,XU100,AEFES,REJECTED_AT_SOURCE_PREFLIGHT,ORIGINAL_FINANCIAL_CATALOG_BYTES_MISSING,source_inventory.json
2025-03,2025-03-03,XU100,AGHOL,REJECTED_AT_SOURCE_PREFLIGHT,ORIGINAL_FINANCIAL_CATALOG_BYTES_MISSING,source_inventory.json
2025-03,2025-03-03,XU100,AGROT,REJECTED_AT_SOURCE_PREFLIGHT,ORIGINAL_FINANCIAL_CATALOG_BYTES_MISSING,source_inventory.json
2025-03,2025-03-03,XU100,AKBNK,REJECTED_AT_SOURCE_PREFLIGHT,ORIGINAL_FINANCIAL_CATALOG_BYTES_MISSING,source_inventory.json
2025-03,2025-03-03,XU100,AKFYE,REJECTED_AT_SOURCE_PREFLIGHT,ORIGINAL_FINANCIAL_CATALOG_BYTES_MISSING,source_inventory.json
2025-03,2025-03-03,XU100,AKSA,REJECTED_AT_SOURCE_PREFLIGHT,ORIGINAL_FINANCIAL_CATALOG_BYTES_MISSING,source_inventory.json
2025-03,2025-03-03,XU100,AKSEN,REJECTED_AT_SOURCE_PREFLIGHT,ORIGINAL_FINANCIAL_CATALOG_BYTES_MISSING,source_inventory.json
2025-03,2025-03-03,XU100,ALARK,REJECTED_AT_SOURCE_PREFLIGHT,ORIGINAL_FINANCIAL_CATALOG_BYTES_MISSING,source_inventory.json
2025-03,2025-03-03,XU100,ALFAS,REJECTED_AT_SOURCE_PREFLIGHT,ORIGINAL_FINANCIAL_CATALOG_BYTES_MISSING,source_inventory.json
2025-03,2025-03-03,XU100,ALTNY,REJECTED_AT_SOURCE_PREFLIGHT,ORIGINAL_FINANCIAL_CATALOG_BYTES_MISSING,source_inventory.json
2025-03,2025-03-03,XU100,ANHYT,REJECTED_AT_SOURCE_PREFLIGHT,ORIGINAL_FINANCIAL_CATALOG_BYTES_MISSING,source_inventory.json
2025-03,2025-03-03,XU100,ANSGR,REJECTED_AT_SOURCE_PREFLIGHT,ORIGINAL_FINANCIAL_CATALOG_BYTES_MISSING,source_inventory.json
2025-03,2025-03-03,XU100,ARCLK,REJECTED_AT_SOURCE_PREFLIGHT,ORIGINAL_FINANCIAL_CATALOG_BYTES_MISSING,source_inventory.json
2025-03,2025-03-03,XU100,ARDYZ,REJECTED_AT_SOURCE_PREFLIGHT,ORIGINAL_FINANCIAL_CATALOG_BYTES_MISSING,source_inventory.json
2025-03,2025-03-03,XU100,ASELS,REJECTED_AT_SOURCE_PREFLIGHT,ORIGINAL_FINANCIAL_CATALOG_BYTES_MISSING,source_inventory.json
2025-03,2025-03-03,XU100,ASTOR,REJECTED_AT_SOURCE_PREFLIGHT,ORIGINAL_FINANCIAL_CATALOG_BYTES_MISSING,source_inventory.json
2025-03,2025-03-03,XU100,BERA,REJECTED_AT_SOURCE_PREFLIGHT,ORIGINAL_FINANCIAL_CATALOG_BYTES_MISSING,source_inventory.json
2025-03,2025-03-03,XU100,BIMAS,REJECTED_AT_SOURCE_PREFLIGHT,ORIGINAL_FINANCIAL_CATALOG_BYTES_MISSING,source_inventory.json
2025-03,2025-03-03,XU100,BRSAN,REJECTED_AT_SOURCE_PREFLIGHT,ORIGINAL_FINANCIAL_CATALOG_BYTES_MISSING,source_inventory.json
2025-03,2025-03-03,XU100,BRYAT,REJECTED_AT_SOURCE_PREFLIGHT,ORIGINAL_FINANCIAL_CATALOG_BYTES_MISSING,source_inventory.json
2025-03,2025-03-03,XU100,BSOKE,REJECTED_AT_SOURCE_PREFLIGHT,ORIGINAL_FINANCIAL_CATALOG_BYTES_MISSING,source_inventory.json
2025-03,2025-03-03,XU100,BTCIM,REJECTED_AT_SOURCE_PREFLIGHT,ORIGINAL_FINANCIAL_CATALOG_BYTES_MISSING,source_inventory.json
2025-03,2025-03-03,XU100,CANTE,REJECTED_AT_SOURCE_PREFLIGHT,ORIGINAL_FINANCIAL_CATALOG_BYTES_MISSING,source_inventory.json
2025-03,2025-03-03,XU100,CCOLA,REJECTED_AT_SOURCE_PREFLIGHT,ORIGINAL_FINANCIAL_CATALOG_BYTES_MISSING,source_inventory.json
2025-03,2025-03-03,XU100,CIMSA,REJECTED_AT_SOURCE_PREFLIGHT,ORIGINAL_FINANCIAL_CATALOG_BYTES_MISSING,source_inventory.json
2025-03,2025-03-03,XU100,CLEBI,REJECTED_AT_SOURCE_PREFLIGHT,ORIGINAL_FINANCIAL_CATALOG_BYTES_MISSING,source_inventory.json
2025-03,2025-03-03,XU100,CVKMD,REJECTED_AT_SOURCE_PREFLIGHT,ORIGINAL_FINANCIAL_CATALOG_BYTES_MISSING,source_inventory.json
2025-03,2025-03-03,XU100,CWENE,REJECTED_AT_SOURCE_PREFLIGHT,ORIGINAL_FINANCIAL_CATALOG_BYTES_MISSING,source_inventory.json
2025-03,2025-03-03,XU100,DOAS,REJECTED_AT_SOURCE_PREFLIGHT,ORIGINAL_FINANCIAL_CATALOG_BYTES_MISSING,source_inventory.json
2025-03,2025-03-03,XU100,DOHOL,REJECTED_AT_SOURCE_PREFLIGHT,ORIGINAL_FINANCIAL_CATALOG_BYTES_MISSING,source_inventory.json
2025-03,2025-03-03,XU100,ECILC,REJECTED_AT_SOURCE_PREFLIGHT,ORIGINAL_FINANCIAL_CATALOG_BYTES_MISSING,source_inventory.json
2025-03,2025-03-03,XU100,EGEEN,REJECTED_AT_SOURCE_PREFLIGHT,ORIGINAL_FINANCIAL_CATALOG_BYTES_MISSING,source_inventory.json
2025-03,2025-03-03,XU100,EKGYO,REJECTED_AT_SOURCE_PREFLIGHT,ORIGINAL_FINANCIAL_CATALOG_BYTES_MISSING,source_inventory.json
2025-03,2025-03-03,XU100,ENERY,REJECTED_AT_SOURCE_PREFLIGHT,ORIGINAL_FINANCIAL_CATALOG_BYTES_MISSING,source_inventory.json
2025-03,2025-03-03,XU100,ENJSA,REJECTED_AT_SOURCE_PREFLIGHT,ORIGINAL_FINANCIAL_CATALOG_BYTES_MISSING,source_inventory.json
2025-03,2025-03-03,XU100,ENKAI,REJECTED_AT_SOURCE_PREFLIGHT,ORIGINAL_FINANCIAL_CATALOG_BYTES_MISSING,source_inventory.json
2025-03,2025-03-03,XU100,EREGL,REJECTED_AT_SOURCE_PREFLIGHT,ORIGINAL_FINANCIAL_CATALOG_BYTES_MISSING,source_inventory.json
2025-03,2025-03-03,XU100,EUPWR,REJECTED_AT_SOURCE_PREFLIGHT,ORIGINAL_FINANCIAL_CATALOG_BYTES_MISSING,source_inventory.json
2025-03,2025-03-03,XU100,FENER,REJECTED_AT_SOURCE_PREFLIGHT,ORIGINAL_FINANCIAL_CATALOG_BYTES_MISSING,source_inventory.json
2025-03,2025-03-03,XU100,FROTO,REJECTED_AT_SOURCE_PREFLIGHT,ORIGINAL_FINANCIAL_CATALOG_BYTES_MISSING,source_inventory.json
2025-03,2025-03-03,XU100,GARAN,REJECTED_AT_SOURCE_PREFLIGHT,ORIGINAL_FINANCIAL_CATALOG_BYTES_MISSING,source_inventory.json
2025-03,2025-03-03,XU100,GESAN,REJECTED_AT_SOURCE_PREFLIGHT,ORIGINAL_FINANCIAL_CATALOG_BYTES_MISSING,source_inventory.json
2025-03,2025-03-03,XU100,GOLTS,REJECTED_AT_SOURCE_PREFLIGHT,ORIGINAL_FINANCIAL_CATALOG_BYTES_MISSING,source_inventory.json
2025-03,2025-03-03,XU100,GUBRF,REJECTED_AT_SOURCE_PREFLIGHT,ORIGINAL_FINANCIAL_CATALOG_BYTES_MISSING,source_inventory.json
2025-03,2025-03-03,XU100,HALKB,REJECTED_AT_SOURCE_PREFLIGHT,ORIGINAL_FINANCIAL_CATALOG_BYTES_MISSING,source_inventory.json
2025-03,2025-03-03,XU100,HEKTS,REJECTED_AT_SOURCE_PREFLIGHT,ORIGINAL_FINANCIAL_CATALOG_BYTES_MISSING,source_inventory.json
2025-03,2025-03-03,XU100,IEYHO,REJECTED_AT_SOURCE_PREFLIGHT,ORIGINAL_FINANCIAL_CATALOG_BYTES_MISSING,source_inventory.json
2025-03,2025-03-03,XU100,ISCTR,REJECTED_AT_SOURCE_PREFLIGHT,ORIGINAL_FINANCIAL_CATALOG_BYTES_MISSING,source_inventory.json
2025-03,2025-03-03,XU100,ISMEN,REJECTED_AT_SOURCE_PREFLIGHT,ORIGINAL_FINANCIAL_CATALOG_BYTES_MISSING,source_inventory.json
2025-03,2025-03-03,XU100,KARSN,REJECTED_AT_SOURCE_PREFLIGHT,ORIGINAL_FINANCIAL_CATALOG_BYTES_MISSING,source_inventory.json
2025-03,2025-03-03,XU100,KCAER,REJECTED_AT_SOURCE_PREFLIGHT,ORIGINAL_FINANCIAL_CATALOG_BYTES_MISSING,source_inventory.json
2025-03,2025-03-03,XU100,KCHOL,REJECTED_AT_SOURCE_PREFLIGHT,ORIGINAL_FINANCIAL_CATALOG_BYTES_MISSING,source_inventory.json
2025-03,2025-03-03,XU100,KLSER,REJECTED_AT_SOURCE_PREFLIGHT,ORIGINAL_FINANCIAL_CATALOG_BYTES_MISSING,source_inventory.json
2025-03,2025-03-03,XU100,KONTR,REJECTED_AT_SOURCE_PREFLIGHT,ORIGINAL_FINANCIAL_CATALOG_BYTES_MISSING,source_inventory.json
2025-03,2025-03-03,XU100,KONYA,REJECTED_AT_SOURCE_PREFLIGHT,ORIGINAL_FINANCIAL_CATALOG_BYTES_MISSING,source_inventory.json
2025-03,2025-03-03,XU100,KOZAA,REJECTED_AT_SOURCE_PREFLIGHT,ORIGINAL_FINANCIAL_CATALOG_BYTES_MISSING,source_inventory.json
2025-03,2025-03-03,XU100,KOZAL,REJECTED_AT_SOURCE_PREFLIGHT,ORIGINAL_FINANCIAL_CATALOG_BYTES_MISSING,source_inventory.json
2025-03,2025-03-03,XU100,KRDMD,REJECTED_AT_SOURCE_PREFLIGHT,ORIGINAL_FINANCIAL_CATALOG_BYTES_MISSING,source_inventory.json
2025-03,2025-03-03,XU100,LIDER,REJECTED_AT_SOURCE_PREFLIGHT,ORIGINAL_FINANCIAL_CATALOG_BYTES_MISSING,source_inventory.json
2025-03,2025-03-03,XU100,MAGEN,REJECTED_AT_SOURCE_PREFLIGHT,ORIGINAL_FINANCIAL_CATALOG_BYTES_MISSING,source_inventory.json
2025-03,2025-03-03,XU100,MAVI,REJECTED_AT_SOURCE_PREFLIGHT,ORIGINAL_FINANCIAL_CATALOG_BYTES_MISSING,source_inventory.json
2025-03,2025-03-03,XU100,MGROS,REJECTED_AT_SOURCE_PREFLIGHT,ORIGINAL_FINANCIAL_CATALOG_BYTES_MISSING,source_inventory.json
2025-03,2025-03-03,XU100,MIATK,REJECTED_AT_SOURCE_PREFLIGHT,ORIGINAL_FINANCIAL_CATALOG_BYTES_MISSING,source_inventory.json
2025-03,2025-03-03,XU100,MPARK,REJECTED_AT_SOURCE_PREFLIGHT,ORIGINAL_FINANCIAL_CATALOG_BYTES_MISSING,source_inventory.json
2025-03,2025-03-03,XU100,NTHOL,REJECTED_AT_SOURCE_PREFLIGHT,ORIGINAL_FINANCIAL_CATALOG_BYTES_MISSING,source_inventory.json
2025-03,2025-03-03,XU100,ODAS,REJECTED_AT_SOURCE_PREFLIGHT,ORIGINAL_FINANCIAL_CATALOG_BYTES_MISSING,source_inventory.json
2025-03,2025-03-03,XU100,OTKAR,REJECTED_AT_SOURCE_PREFLIGHT,ORIGINAL_FINANCIAL_CATALOG_BYTES_MISSING,source_inventory.json
2025-03,2025-03-03,XU100,OYAKC,REJECTED_AT_SOURCE_PREFLIGHT,ORIGINAL_FINANCIAL_CATALOG_BYTES_MISSING,source_inventory.json
2025-03,2025-03-03,XU100,PASEU,REJECTED_AT_SOURCE_PREFLIGHT,ORIGINAL_FINANCIAL_CATALOG_BYTES_MISSING,source_inventory.json
2025-03,2025-03-03,XU100,PETKM,REJECTED_AT_SOURCE_PREFLIGHT,ORIGINAL_FINANCIAL_CATALOG_BYTES_MISSING,source_inventory.json
2025-03,2025-03-03,XU100,PGSUS,REJECTED_AT_SOURCE_PREFLIGHT,ORIGINAL_FINANCIAL_CATALOG_BYTES_MISSING,source_inventory.json
2025-03,2025-03-03,XU100,REEDR,REJECTED_AT_SOURCE_PREFLIGHT,ORIGINAL_FINANCIAL_CATALOG_BYTES_MISSING,source_inventory.json
2025-03,2025-03-03,XU100,SAHOL,REJECTED_AT_SOURCE_PREFLIGHT,ORIGINAL_FINANCIAL_CATALOG_BYTES_MISSING,source_inventory.json
2025-03,2025-03-03,XU100,SASA,REJECTED_AT_SOURCE_PREFLIGHT,ORIGINAL_FINANCIAL_CATALOG_BYTES_MISSING,source_inventory.json
2025-03,2025-03-03,XU100,SDTTR,REJECTED_AT_SOURCE_PREFLIGHT,ORIGINAL_FINANCIAL_CATALOG_BYTES_MISSING,source_inventory.json
2025-03,2025-03-03,XU100,SELEC,REJECTED_AT_SOURCE_PREFLIGHT,ORIGINAL_FINANCIAL_CATALOG_BYTES_MISSING,source_inventory.json
2025-03,2025-03-03,XU100,SISE,REJECTED_AT_SOURCE_PREFLIGHT,ORIGINAL_FINANCIAL_CATALOG_BYTES_MISSING,source_inventory.json
2025-03,2025-03-03,XU100,SKBNK,REJECTED_AT_SOURCE_PREFLIGHT,ORIGINAL_FINANCIAL_CATALOG_BYTES_MISSING,source_inventory.json
2025-03,2025-03-03,XU100,SMRTG,REJECTED_AT_SOURCE_PREFLIGHT,ORIGINAL_FINANCIAL_CATALOG_BYTES_MISSING,source_inventory.json
2025-03,2025-03-03,XU100,SOKM,REJECTED_AT_SOURCE_PREFLIGHT,ORIGINAL_FINANCIAL_CATALOG_BYTES_MISSING,source_inventory.json
2025-03,2025-03-03,XU100,TABGD,REJECTED_AT_SOURCE_PREFLIGHT,ORIGINAL_FINANCIAL_CATALOG_BYTES_MISSING,source_inventory.json
2025-03,2025-03-03,XU100,TAVHL,REJECTED_AT_SOURCE_PREFLIGHT,ORIGINAL_FINANCIAL_CATALOG_BYTES_MISSING,source_inventory.json
2025-03,2025-03-03,XU100,TCELL,REJECTED_AT_SOURCE_PREFLIGHT,ORIGINAL_FINANCIAL_CATALOG_BYTES_MISSING,source_inventory.json
2025-03,2025-03-03,XU100,THYAO,REJECTED_AT_SOURCE_PREFLIGHT,ORIGINAL_FINANCIAL_CATALOG_BYTES_MISSING,source_inventory.json
2025-03,2025-03-03,XU100,TKFEN,REJECTED_AT_SOURCE_PREFLIGHT,ORIGINAL_FINANCIAL_CATALOG_BYTES_MISSING,source_inventory.json
2025-03,2025-03-03,XU100,TMSN,REJECTED_AT_SOURCE_PREFLIGHT,ORIGINAL_FINANCIAL_CATALOG_BYTES_MISSING,source_inventory.json
2025-03,2025-03-03,XU100,TOASO,REJECTED_AT_SOURCE_PREFLIGHT,ORIGINAL_FINANCIAL_CATALOG_BYTES_MISSING,source_inventory.json
2025-03,2025-03-03,XU100,TSKB,REJECTED_AT_SOURCE_PREFLIGHT,ORIGINAL_FINANCIAL_CATALOG_BYTES_MISSING,source_inventory.json
2025-03,2025-03-03,XU100,TSPOR,REJECTED_AT_SOURCE_PREFLIGHT,ORIGINAL_FINANCIAL_CATALOG_BYTES_MISSING,source_inventory.json
2025-03,2025-03-03,XU100,TTKOM,REJECTED_AT_SOURCE_PREFLIGHT,ORIGINAL_FINANCIAL_CATALOG_BYTES_MISSING,source_inventory.json
2025-03,2025-03-03,XU100,TTRAK,REJECTED_AT_SOURCE_PREFLIGHT,ORIGINAL_FINANCIAL_CATALOG_BYTES_MISSING,source_inventory.json
2025-03,2025-03-03,XU100,TUKAS,REJECTED_AT_SOURCE_PREFLIGHT,ORIGINAL_FINANCIAL_CATALOG_BYTES_MISSING,source_inventory.json
2025-03,2025-03-03,XU100,TUPRS,REJECTED_AT_SOURCE_PREFLIGHT,ORIGINAL_FINANCIAL_CATALOG_BYTES_MISSING,source_inventory.json
2025-03,2025-03-03,XU100,TURSG,REJECTED_AT_SOURCE_PREFLIGHT,ORIGINAL_FINANCIAL_CATALOG_BYTES_MISSING,source_inventory.json
2025-03,2025-03-03,XU100,ULKER,REJECTED_AT_SOURCE_PREFLIGHT,ORIGINAL_FINANCIAL_CATALOG_BYTES_MISSING,source_inventory.json
2025-03,2025-03-03,XU100,VAKBN,REJECTED_AT_SOURCE_PREFLIGHT,ORIGINAL_FINANCIAL_CATALOG_BYTES_MISSING,source_inventory.json
2025-03,2025-03-03,XU100,VESTL,REJECTED_AT_SOURCE_PREFLIGHT,ORIGINAL_FINANCIAL_CATALOG_BYTES_MISSING,source_inventory.json
2025-03,2025-03-03,XU100,YEOTK,REJECTED_AT_SOURCE_PREFLIGHT,ORIGINAL_FINANCIAL_CATALOG_BYTES_MISSING,source_inventory.json
2025-03,2025-03-03,XU100,YKBNK,REJECTED_AT_SOURCE_PREFLIGHT,ORIGINAL_FINANCIAL_CATALOG_BYTES_MISSING,source_inventory.json
2025-03,2025-03-03,XU100,ZOREN,REJECTED_AT_SOURCE_PREFLIGHT,ORIGINAL_FINANCIAL_CATALOG_BYTES_MISSING,source_inventory.json
2025-04,2025-04-02,XU100,AEFES,REJECTED_AT_SOURCE_PREFLIGHT,ORIGINAL_FINANCIAL_CATALOG_BYTES_MISSING,source_inventory.json
2025-04,2025-04-02,XU100,AGHOL,REJECTED_AT_SOURCE_PREFLIGHT,ORIGINAL_FINANCIAL_CATALOG_BYTES_MISSING,source_inventory.json
2025-04,2025-04-02,XU100,AGROT,REJECTED_AT_SOURCE_PREFLIGHT,ORIGINAL_FINANCIAL_CATALOG_BYTES_MISSING,source_inventory.json
2025-04,2025-04-02,XU100,AHGAZ,REJECTED_AT_SOURCE_PREFLIGHT,ORIGINAL_FINANCIAL_CATALOG_BYTES_MISSING,source_inventory.json
2025-04,2025-04-02,XU100,AKBNK,REJECTED_AT_SOURCE_PREFLIGHT,ORIGINAL_FINANCIAL_CATALOG_BYTES_MISSING,source_inventory.json
2025-04,2025-04-02,XU100,AKSA,REJECTED_AT_SOURCE_PREFLIGHT,ORIGINAL_FINANCIAL_CATALOG_BYTES_MISSING,source_inventory.json
2025-04,2025-04-02,XU100,AKSEN,REJECTED_AT_SOURCE_PREFLIGHT,ORIGINAL_FINANCIAL_CATALOG_BYTES_MISSING,source_inventory.json
2025-04,2025-04-02,XU100,ALARK,REJECTED_AT_SOURCE_PREFLIGHT,ORIGINAL_FINANCIAL_CATALOG_BYTES_MISSING,source_inventory.json
2025-04,2025-04-02,XU100,ALFAS,REJECTED_AT_SOURCE_PREFLIGHT,ORIGINAL_FINANCIAL_CATALOG_BYTES_MISSING,source_inventory.json
2025-04,2025-04-02,XU100,ALTNY,REJECTED_AT_SOURCE_PREFLIGHT,ORIGINAL_FINANCIAL_CATALOG_BYTES_MISSING,source_inventory.json
2025-04,2025-04-02,XU100,ANHYT,REJECTED_AT_SOURCE_PREFLIGHT,ORIGINAL_FINANCIAL_CATALOG_BYTES_MISSING,source_inventory.json
2025-04,2025-04-02,XU100,ANSGR,REJECTED_AT_SOURCE_PREFLIGHT,ORIGINAL_FINANCIAL_CATALOG_BYTES_MISSING,source_inventory.json
2025-04,2025-04-02,XU100,ARCLK,REJECTED_AT_SOURCE_PREFLIGHT,ORIGINAL_FINANCIAL_CATALOG_BYTES_MISSING,source_inventory.json
2025-04,2025-04-02,XU100,ARDYZ,REJECTED_AT_SOURCE_PREFLIGHT,ORIGINAL_FINANCIAL_CATALOG_BYTES_MISSING,source_inventory.json
2025-04,2025-04-02,XU100,ASELS,REJECTED_AT_SOURCE_PREFLIGHT,ORIGINAL_FINANCIAL_CATALOG_BYTES_MISSING,source_inventory.json
2025-04,2025-04-02,XU100,ASTOR,REJECTED_AT_SOURCE_PREFLIGHT,ORIGINAL_FINANCIAL_CATALOG_BYTES_MISSING,source_inventory.json
2025-04,2025-04-02,XU100,AVPGY,REJECTED_AT_SOURCE_PREFLIGHT,ORIGINAL_FINANCIAL_CATALOG_BYTES_MISSING,source_inventory.json
2025-04,2025-04-02,XU100,BERA,REJECTED_AT_SOURCE_PREFLIGHT,ORIGINAL_FINANCIAL_CATALOG_BYTES_MISSING,source_inventory.json
2025-04,2025-04-02,XU100,BIMAS,REJECTED_AT_SOURCE_PREFLIGHT,ORIGINAL_FINANCIAL_CATALOG_BYTES_MISSING,source_inventory.json
2025-04,2025-04-02,XU100,BRSAN,REJECTED_AT_SOURCE_PREFLIGHT,ORIGINAL_FINANCIAL_CATALOG_BYTES_MISSING,source_inventory.json
2025-04,2025-04-02,XU100,BRYAT,REJECTED_AT_SOURCE_PREFLIGHT,ORIGINAL_FINANCIAL_CATALOG_BYTES_MISSING,source_inventory.json
2025-04,2025-04-02,XU100,BSOKE,REJECTED_AT_SOURCE_PREFLIGHT,ORIGINAL_FINANCIAL_CATALOG_BYTES_MISSING,source_inventory.json
2025-04,2025-04-02,XU100,BTCIM,REJECTED_AT_SOURCE_PREFLIGHT,ORIGINAL_FINANCIAL_CATALOG_BYTES_MISSING,source_inventory.json
2025-04,2025-04-02,XU100,CANTE,REJECTED_AT_SOURCE_PREFLIGHT,ORIGINAL_FINANCIAL_CATALOG_BYTES_MISSING,source_inventory.json
2025-04,2025-04-02,XU100,CCOLA,REJECTED_AT_SOURCE_PREFLIGHT,ORIGINAL_FINANCIAL_CATALOG_BYTES_MISSING,source_inventory.json
2025-04,2025-04-02,XU100,CIMSA,REJECTED_AT_SOURCE_PREFLIGHT,ORIGINAL_FINANCIAL_CATALOG_BYTES_MISSING,source_inventory.json
2025-04,2025-04-02,XU100,CLEBI,REJECTED_AT_SOURCE_PREFLIGHT,ORIGINAL_FINANCIAL_CATALOG_BYTES_MISSING,source_inventory.json
2025-04,2025-04-02,XU100,CWENE,REJECTED_AT_SOURCE_PREFLIGHT,ORIGINAL_FINANCIAL_CATALOG_BYTES_MISSING,source_inventory.json
2025-04,2025-04-02,XU100,DOAS,REJECTED_AT_SOURCE_PREFLIGHT,ORIGINAL_FINANCIAL_CATALOG_BYTES_MISSING,source_inventory.json
2025-04,2025-04-02,XU100,DOHOL,REJECTED_AT_SOURCE_PREFLIGHT,ORIGINAL_FINANCIAL_CATALOG_BYTES_MISSING,source_inventory.json
2025-04,2025-04-02,XU100,ECILC,REJECTED_AT_SOURCE_PREFLIGHT,ORIGINAL_FINANCIAL_CATALOG_BYTES_MISSING,source_inventory.json
2025-04,2025-04-02,XU100,EFORC,REJECTED_AT_SOURCE_PREFLIGHT,ORIGINAL_FINANCIAL_CATALOG_BYTES_MISSING,source_inventory.json
2025-04,2025-04-02,XU100,EGEEN,REJECTED_AT_SOURCE_PREFLIGHT,ORIGINAL_FINANCIAL_CATALOG_BYTES_MISSING,source_inventory.json
2025-04,2025-04-02,XU100,EKGYO,REJECTED_AT_SOURCE_PREFLIGHT,ORIGINAL_FINANCIAL_CATALOG_BYTES_MISSING,source_inventory.json
2025-04,2025-04-02,XU100,ENERY,REJECTED_AT_SOURCE_PREFLIGHT,ORIGINAL_FINANCIAL_CATALOG_BYTES_MISSING,source_inventory.json
2025-04,2025-04-02,XU100,ENJSA,REJECTED_AT_SOURCE_PREFLIGHT,ORIGINAL_FINANCIAL_CATALOG_BYTES_MISSING,source_inventory.json
2025-04,2025-04-02,XU100,ENKAI,REJECTED_AT_SOURCE_PREFLIGHT,ORIGINAL_FINANCIAL_CATALOG_BYTES_MISSING,source_inventory.json
2025-04,2025-04-02,XU100,EREGL,REJECTED_AT_SOURCE_PREFLIGHT,ORIGINAL_FINANCIAL_CATALOG_BYTES_MISSING,source_inventory.json
2025-04,2025-04-02,XU100,EUPWR,REJECTED_AT_SOURCE_PREFLIGHT,ORIGINAL_FINANCIAL_CATALOG_BYTES_MISSING,source_inventory.json
2025-04,2025-04-02,XU100,FROTO,REJECTED_AT_SOURCE_PREFLIGHT,ORIGINAL_FINANCIAL_CATALOG_BYTES_MISSING,source_inventory.json
2025-04,2025-04-02,XU100,GARAN,REJECTED_AT_SOURCE_PREFLIGHT,ORIGINAL_FINANCIAL_CATALOG_BYTES_MISSING,source_inventory.json
2025-04,2025-04-02,XU100,GESAN,REJECTED_AT_SOURCE_PREFLIGHT,ORIGINAL_FINANCIAL_CATALOG_BYTES_MISSING,source_inventory.json
2025-04,2025-04-02,XU100,GOLTS,REJECTED_AT_SOURCE_PREFLIGHT,ORIGINAL_FINANCIAL_CATALOG_BYTES_MISSING,source_inventory.json
2025-04,2025-04-02,XU100,GRTHO,REJECTED_AT_SOURCE_PREFLIGHT,ORIGINAL_FINANCIAL_CATALOG_BYTES_MISSING,source_inventory.json
2025-04,2025-04-02,XU100,GSRAY,REJECTED_AT_SOURCE_PREFLIGHT,ORIGINAL_FINANCIAL_CATALOG_BYTES_MISSING,source_inventory.json
2025-04,2025-04-02,XU100,GUBRF,REJECTED_AT_SOURCE_PREFLIGHT,ORIGINAL_FINANCIAL_CATALOG_BYTES_MISSING,source_inventory.json
2025-04,2025-04-02,XU100,HALKB,REJECTED_AT_SOURCE_PREFLIGHT,ORIGINAL_FINANCIAL_CATALOG_BYTES_MISSING,source_inventory.json
2025-04,2025-04-02,XU100,HEKTS,REJECTED_AT_SOURCE_PREFLIGHT,ORIGINAL_FINANCIAL_CATALOG_BYTES_MISSING,source_inventory.json
2025-04,2025-04-02,XU100,IEYHO,REJECTED_AT_SOURCE_PREFLIGHT,ORIGINAL_FINANCIAL_CATALOG_BYTES_MISSING,source_inventory.json
2025-04,2025-04-02,XU100,ISCTR,REJECTED_AT_SOURCE_PREFLIGHT,ORIGINAL_FINANCIAL_CATALOG_BYTES_MISSING,source_inventory.json
2025-04,2025-04-02,XU100,ISMEN,REJECTED_AT_SOURCE_PREFLIGHT,ORIGINAL_FINANCIAL_CATALOG_BYTES_MISSING,source_inventory.json
2025-04,2025-04-02,XU100,KARSN,REJECTED_AT_SOURCE_PREFLIGHT,ORIGINAL_FINANCIAL_CATALOG_BYTES_MISSING,source_inventory.json
2025-04,2025-04-02,XU100,KCAER,REJECTED_AT_SOURCE_PREFLIGHT,ORIGINAL_FINANCIAL_CATALOG_BYTES_MISSING,source_inventory.json
2025-04,2025-04-02,XU100,KCHOL,REJECTED_AT_SOURCE_PREFLIGHT,ORIGINAL_FINANCIAL_CATALOG_BYTES_MISSING,source_inventory.json
2025-04,2025-04-02,XU100,KONTR,REJECTED_AT_SOURCE_PREFLIGHT,ORIGINAL_FINANCIAL_CATALOG_BYTES_MISSING,source_inventory.json
2025-04,2025-04-02,XU100,KONYA,REJECTED_AT_SOURCE_PREFLIGHT,ORIGINAL_FINANCIAL_CATALOG_BYTES_MISSING,source_inventory.json
2025-04,2025-04-02,XU100,KOZAA,REJECTED_AT_SOURCE_PREFLIGHT,ORIGINAL_FINANCIAL_CATALOG_BYTES_MISSING,source_inventory.json
2025-04,2025-04-02,XU100,KOZAL,REJECTED_AT_SOURCE_PREFLIGHT,ORIGINAL_FINANCIAL_CATALOG_BYTES_MISSING,source_inventory.json
2025-04,2025-04-02,XU100,KRDMD,REJECTED_AT_SOURCE_PREFLIGHT,ORIGINAL_FINANCIAL_CATALOG_BYTES_MISSING,source_inventory.json
2025-04,2025-04-02,XU100,KTLEV,REJECTED_AT_SOURCE_PREFLIGHT,ORIGINAL_FINANCIAL_CATALOG_BYTES_MISSING,source_inventory.json
2025-04,2025-04-02,XU100,LMKDC,REJECTED_AT_SOURCE_PREFLIGHT,ORIGINAL_FINANCIAL_CATALOG_BYTES_MISSING,source_inventory.json
2025-04,2025-04-02,XU100,MAGEN,REJECTED_AT_SOURCE_PREFLIGHT,ORIGINAL_FINANCIAL_CATALOG_BYTES_MISSING,source_inventory.json
2025-04,2025-04-02,XU100,MAVI,REJECTED_AT_SOURCE_PREFLIGHT,ORIGINAL_FINANCIAL_CATALOG_BYTES_MISSING,source_inventory.json
2025-04,2025-04-02,XU100,MGROS,REJECTED_AT_SOURCE_PREFLIGHT,ORIGINAL_FINANCIAL_CATALOG_BYTES_MISSING,source_inventory.json
2025-04,2025-04-02,XU100,MIATK,REJECTED_AT_SOURCE_PREFLIGHT,ORIGINAL_FINANCIAL_CATALOG_BYTES_MISSING,source_inventory.json
2025-04,2025-04-02,XU100,MPARK,REJECTED_AT_SOURCE_PREFLIGHT,ORIGINAL_FINANCIAL_CATALOG_BYTES_MISSING,source_inventory.json
2025-04,2025-04-02,XU100,OBAMS,REJECTED_AT_SOURCE_PREFLIGHT,ORIGINAL_FINANCIAL_CATALOG_BYTES_MISSING,source_inventory.json
2025-04,2025-04-02,XU100,ODAS,REJECTED_AT_SOURCE_PREFLIGHT,ORIGINAL_FINANCIAL_CATALOG_BYTES_MISSING,source_inventory.json
2025-04,2025-04-02,XU100,OTKAR,REJECTED_AT_SOURCE_PREFLIGHT,ORIGINAL_FINANCIAL_CATALOG_BYTES_MISSING,source_inventory.json
2025-04,2025-04-02,XU100,OYAKC,REJECTED_AT_SOURCE_PREFLIGHT,ORIGINAL_FINANCIAL_CATALOG_BYTES_MISSING,source_inventory.json
2025-04,2025-04-02,XU100,PASEU,REJECTED_AT_SOURCE_PREFLIGHT,ORIGINAL_FINANCIAL_CATALOG_BYTES_MISSING,source_inventory.json
2025-04,2025-04-02,XU100,PETKM,REJECTED_AT_SOURCE_PREFLIGHT,ORIGINAL_FINANCIAL_CATALOG_BYTES_MISSING,source_inventory.json
2025-04,2025-04-02,XU100,PGSUS,REJECTED_AT_SOURCE_PREFLIGHT,ORIGINAL_FINANCIAL_CATALOG_BYTES_MISSING,source_inventory.json
2025-04,2025-04-02,XU100,RALYH,REJECTED_AT_SOURCE_PREFLIGHT,ORIGINAL_FINANCIAL_CATALOG_BYTES_MISSING,source_inventory.json
2025-04,2025-04-02,XU100,REEDR,REJECTED_AT_SOURCE_PREFLIGHT,ORIGINAL_FINANCIAL_CATALOG_BYTES_MISSING,source_inventory.json
2025-04,2025-04-02,XU100,RYGYO,REJECTED_AT_SOURCE_PREFLIGHT,ORIGINAL_FINANCIAL_CATALOG_BYTES_MISSING,source_inventory.json
2025-04,2025-04-02,XU100,SAHOL,REJECTED_AT_SOURCE_PREFLIGHT,ORIGINAL_FINANCIAL_CATALOG_BYTES_MISSING,source_inventory.json
2025-04,2025-04-02,XU100,SASA,REJECTED_AT_SOURCE_PREFLIGHT,ORIGINAL_FINANCIAL_CATALOG_BYTES_MISSING,source_inventory.json
2025-04,2025-04-02,XU100,SELEC,REJECTED_AT_SOURCE_PREFLIGHT,ORIGINAL_FINANCIAL_CATALOG_BYTES_MISSING,source_inventory.json
2025-04,2025-04-02,XU100,SISE,REJECTED_AT_SOURCE_PREFLIGHT,ORIGINAL_FINANCIAL_CATALOG_BYTES_MISSING,source_inventory.json
2025-04,2025-04-02,XU100,SKBNK,REJECTED_AT_SOURCE_PREFLIGHT,ORIGINAL_FINANCIAL_CATALOG_BYTES_MISSING,source_inventory.json
2025-04,2025-04-02,XU100,SMRTG,REJECTED_AT_SOURCE_PREFLIGHT,ORIGINAL_FINANCIAL_CATALOG_BYTES_MISSING,source_inventory.json
2025-04,2025-04-02,XU100,SOKM,REJECTED_AT_SOURCE_PREFLIGHT,ORIGINAL_FINANCIAL_CATALOG_BYTES_MISSING,source_inventory.json
2025-04,2025-04-02,XU100,TABGD,REJECTED_AT_SOURCE_PREFLIGHT,ORIGINAL_FINANCIAL_CATALOG_BYTES_MISSING,source_inventory.json
2025-04,2025-04-02,XU100,TAVHL,REJECTED_AT_SOURCE_PREFLIGHT,ORIGINAL_FINANCIAL_CATALOG_BYTES_MISSING,source_inventory.json
2025-04,2025-04-02,XU100,TCELL,REJECTED_AT_SOURCE_PREFLIGHT,ORIGINAL_FINANCIAL_CATALOG_BYTES_MISSING,source_inventory.json
2025-04,2025-04-02,XU100,THYAO,REJECTED_AT_SOURCE_PREFLIGHT,ORIGINAL_FINANCIAL_CATALOG_BYTES_MISSING,source_inventory.json
2025-04,2025-04-02,XU100,TKFEN,REJECTED_AT_SOURCE_PREFLIGHT,ORIGINAL_FINANCIAL_CATALOG_BYTES_MISSING,source_inventory.json
2025-04,2025-04-02,XU100,TOASO,REJECTED_AT_SOURCE_PREFLIGHT,ORIGINAL_FINANCIAL_CATALOG_BYTES_MISSING,source_inventory.json
2025-04,2025-04-02,XU100,TSKB,REJECTED_AT_SOURCE_PREFLIGHT,ORIGINAL_FINANCIAL_CATALOG_BYTES_MISSING,source_inventory.json
2025-04,2025-04-02,XU100,TTKOM,REJECTED_AT_SOURCE_PREFLIGHT,ORIGINAL_FINANCIAL_CATALOG_BYTES_MISSING,source_inventory.json
2025-04,2025-04-02,XU100,TTRAK,REJECTED_AT_SOURCE_PREFLIGHT,ORIGINAL_FINANCIAL_CATALOG_BYTES_MISSING,source_inventory.json
2025-04,2025-04-02,XU100,TUPRS,REJECTED_AT_SOURCE_PREFLIGHT,ORIGINAL_FINANCIAL_CATALOG_BYTES_MISSING,source_inventory.json
2025-04,2025-04-02,XU100,TURSG,REJECTED_AT_SOURCE_PREFLIGHT,ORIGINAL_FINANCIAL_CATALOG_BYTES_MISSING,source_inventory.json
2025-04,2025-04-02,XU100,ULKER,REJECTED_AT_SOURCE_PREFLIGHT,ORIGINAL_FINANCIAL_CATALOG_BYTES_MISSING,source_inventory.json
2025-04,2025-04-02,XU100,VAKBN,REJECTED_AT_SOURCE_PREFLIGHT,ORIGINAL_FINANCIAL_CATALOG_BYTES_MISSING,source_inventory.json
2025-04,2025-04-02,XU100,VESTL,REJECTED_AT_SOURCE_PREFLIGHT,ORIGINAL_FINANCIAL_CATALOG_BYTES_MISSING,source_inventory.json
2025-04,2025-04-02,XU100,YEOTK,REJECTED_AT_SOURCE_PREFLIGHT,ORIGINAL_FINANCIAL_CATALOG_BYTES_MISSING,source_inventory.json
2025-04,2025-04-02,XU100,YKBNK,REJECTED_AT_SOURCE_PREFLIGHT,ORIGINAL_FINANCIAL_CATALOG_BYTES_MISSING,source_inventory.json
2025-04,2025-04-02,XU100,ZOREN,REJECTED_AT_SOURCE_PREFLIGHT,ORIGINAL_FINANCIAL_CATALOG_BYTES_MISSING,source_inventory.json
2025-05,2025-05-02,XU100,AEFES,REJECTED_AT_SOURCE_PREFLIGHT,ORIGINAL_FINANCIAL_CATALOG_BYTES_MISSING,source_inventory.json
2025-05,2025-05-02,XU100,AGHOL,REJECTED_AT_SOURCE_PREFLIGHT,ORIGINAL_FINANCIAL_CATALOG_BYTES_MISSING,source_inventory.json
2025-05,2025-05-02,XU100,AGROT,REJECTED_AT_SOURCE_PREFLIGHT,ORIGINAL_FINANCIAL_CATALOG_BYTES_MISSING,source_inventory.json
2025-05,2025-05-02,XU100,AHGAZ,REJECTED_AT_SOURCE_PREFLIGHT,ORIGINAL_FINANCIAL_CATALOG_BYTES_MISSING,source_inventory.json
2025-05,2025-05-02,XU100,AKBNK,REJECTED_AT_SOURCE_PREFLIGHT,ORIGINAL_FINANCIAL_CATALOG_BYTES_MISSING,source_inventory.json
2025-05,2025-05-02,XU100,AKSA,REJECTED_AT_SOURCE_PREFLIGHT,ORIGINAL_FINANCIAL_CATALOG_BYTES_MISSING,source_inventory.json
2025-05,2025-05-02,XU100,AKSEN,REJECTED_AT_SOURCE_PREFLIGHT,ORIGINAL_FINANCIAL_CATALOG_BYTES_MISSING,source_inventory.json
2025-05,2025-05-02,XU100,ALARK,REJECTED_AT_SOURCE_PREFLIGHT,ORIGINAL_FINANCIAL_CATALOG_BYTES_MISSING,source_inventory.json
2025-05,2025-05-02,XU100,ALFAS,REJECTED_AT_SOURCE_PREFLIGHT,ORIGINAL_FINANCIAL_CATALOG_BYTES_MISSING,source_inventory.json
2025-05,2025-05-02,XU100,ALTNY,REJECTED_AT_SOURCE_PREFLIGHT,ORIGINAL_FINANCIAL_CATALOG_BYTES_MISSING,source_inventory.json
2025-05,2025-05-02,XU100,ANHYT,REJECTED_AT_SOURCE_PREFLIGHT,ORIGINAL_FINANCIAL_CATALOG_BYTES_MISSING,source_inventory.json
2025-05,2025-05-02,XU100,ANSGR,REJECTED_AT_SOURCE_PREFLIGHT,ORIGINAL_FINANCIAL_CATALOG_BYTES_MISSING,source_inventory.json
2025-05,2025-05-02,XU100,ARCLK,REJECTED_AT_SOURCE_PREFLIGHT,ORIGINAL_FINANCIAL_CATALOG_BYTES_MISSING,source_inventory.json
2025-05,2025-05-02,XU100,ARDYZ,REJECTED_AT_SOURCE_PREFLIGHT,ORIGINAL_FINANCIAL_CATALOG_BYTES_MISSING,source_inventory.json
2025-05,2025-05-02,XU100,ASELS,REJECTED_AT_SOURCE_PREFLIGHT,ORIGINAL_FINANCIAL_CATALOG_BYTES_MISSING,source_inventory.json
2025-05,2025-05-02,XU100,ASTOR,REJECTED_AT_SOURCE_PREFLIGHT,ORIGINAL_FINANCIAL_CATALOG_BYTES_MISSING,source_inventory.json
2025-05,2025-05-02,XU100,AVPGY,REJECTED_AT_SOURCE_PREFLIGHT,ORIGINAL_FINANCIAL_CATALOG_BYTES_MISSING,source_inventory.json
2025-05,2025-05-02,XU100,BERA,REJECTED_AT_SOURCE_PREFLIGHT,ORIGINAL_FINANCIAL_CATALOG_BYTES_MISSING,source_inventory.json
2025-05,2025-05-02,XU100,BIMAS,REJECTED_AT_SOURCE_PREFLIGHT,ORIGINAL_FINANCIAL_CATALOG_BYTES_MISSING,source_inventory.json
2025-05,2025-05-02,XU100,BRSAN,REJECTED_AT_SOURCE_PREFLIGHT,ORIGINAL_FINANCIAL_CATALOG_BYTES_MISSING,source_inventory.json
2025-05,2025-05-02,XU100,BRYAT,REJECTED_AT_SOURCE_PREFLIGHT,ORIGINAL_FINANCIAL_CATALOG_BYTES_MISSING,source_inventory.json
2025-05,2025-05-02,XU100,BSOKE,REJECTED_AT_SOURCE_PREFLIGHT,ORIGINAL_FINANCIAL_CATALOG_BYTES_MISSING,source_inventory.json
2025-05,2025-05-02,XU100,BTCIM,REJECTED_AT_SOURCE_PREFLIGHT,ORIGINAL_FINANCIAL_CATALOG_BYTES_MISSING,source_inventory.json
2025-05,2025-05-02,XU100,CANTE,REJECTED_AT_SOURCE_PREFLIGHT,ORIGINAL_FINANCIAL_CATALOG_BYTES_MISSING,source_inventory.json
2025-05,2025-05-02,XU100,CCOLA,REJECTED_AT_SOURCE_PREFLIGHT,ORIGINAL_FINANCIAL_CATALOG_BYTES_MISSING,source_inventory.json
2025-05,2025-05-02,XU100,CIMSA,REJECTED_AT_SOURCE_PREFLIGHT,ORIGINAL_FINANCIAL_CATALOG_BYTES_MISSING,source_inventory.json
2025-05,2025-05-02,XU100,CLEBI,REJECTED_AT_SOURCE_PREFLIGHT,ORIGINAL_FINANCIAL_CATALOG_BYTES_MISSING,source_inventory.json
2025-05,2025-05-02,XU100,CWENE,REJECTED_AT_SOURCE_PREFLIGHT,ORIGINAL_FINANCIAL_CATALOG_BYTES_MISSING,source_inventory.json
2025-05,2025-05-02,XU100,DOAS,REJECTED_AT_SOURCE_PREFLIGHT,ORIGINAL_FINANCIAL_CATALOG_BYTES_MISSING,source_inventory.json
2025-05,2025-05-02,XU100,DOHOL,REJECTED_AT_SOURCE_PREFLIGHT,ORIGINAL_FINANCIAL_CATALOG_BYTES_MISSING,source_inventory.json
2025-05,2025-05-02,XU100,ECILC,REJECTED_AT_SOURCE_PREFLIGHT,ORIGINAL_FINANCIAL_CATALOG_BYTES_MISSING,source_inventory.json
2025-05,2025-05-02,XU100,EFORC,REJECTED_AT_SOURCE_PREFLIGHT,ORIGINAL_FINANCIAL_CATALOG_BYTES_MISSING,source_inventory.json
2025-05,2025-05-02,XU100,EGEEN,REJECTED_AT_SOURCE_PREFLIGHT,ORIGINAL_FINANCIAL_CATALOG_BYTES_MISSING,source_inventory.json
2025-05,2025-05-02,XU100,EKGYO,REJECTED_AT_SOURCE_PREFLIGHT,ORIGINAL_FINANCIAL_CATALOG_BYTES_MISSING,source_inventory.json
2025-05,2025-05-02,XU100,ENERY,REJECTED_AT_SOURCE_PREFLIGHT,ORIGINAL_FINANCIAL_CATALOG_BYTES_MISSING,source_inventory.json
2025-05,2025-05-02,XU100,ENJSA,REJECTED_AT_SOURCE_PREFLIGHT,ORIGINAL_FINANCIAL_CATALOG_BYTES_MISSING,source_inventory.json
2025-05,2025-05-02,XU100,ENKAI,REJECTED_AT_SOURCE_PREFLIGHT,ORIGINAL_FINANCIAL_CATALOG_BYTES_MISSING,source_inventory.json
2025-05,2025-05-02,XU100,EREGL,REJECTED_AT_SOURCE_PREFLIGHT,ORIGINAL_FINANCIAL_CATALOG_BYTES_MISSING,source_inventory.json
2025-05,2025-05-02,XU100,EUPWR,REJECTED_AT_SOURCE_PREFLIGHT,ORIGINAL_FINANCIAL_CATALOG_BYTES_MISSING,source_inventory.json
2025-05,2025-05-02,XU100,FROTO,REJECTED_AT_SOURCE_PREFLIGHT,ORIGINAL_FINANCIAL_CATALOG_BYTES_MISSING,source_inventory.json
2025-05,2025-05-02,XU100,GARAN,REJECTED_AT_SOURCE_PREFLIGHT,ORIGINAL_FINANCIAL_CATALOG_BYTES_MISSING,source_inventory.json
2025-05,2025-05-02,XU100,GESAN,REJECTED_AT_SOURCE_PREFLIGHT,ORIGINAL_FINANCIAL_CATALOG_BYTES_MISSING,source_inventory.json
2025-05,2025-05-02,XU100,GOLTS,REJECTED_AT_SOURCE_PREFLIGHT,ORIGINAL_FINANCIAL_CATALOG_BYTES_MISSING,source_inventory.json
2025-05,2025-05-02,XU100,GRTHO,REJECTED_AT_SOURCE_PREFLIGHT,ORIGINAL_FINANCIAL_CATALOG_BYTES_MISSING,source_inventory.json
2025-05,2025-05-02,XU100,GSRAY,REJECTED_AT_SOURCE_PREFLIGHT,ORIGINAL_FINANCIAL_CATALOG_BYTES_MISSING,source_inventory.json
2025-05,2025-05-02,XU100,GUBRF,REJECTED_AT_SOURCE_PREFLIGHT,ORIGINAL_FINANCIAL_CATALOG_BYTES_MISSING,source_inventory.json
2025-05,2025-05-02,XU100,HALKB,REJECTED_AT_SOURCE_PREFLIGHT,ORIGINAL_FINANCIAL_CATALOG_BYTES_MISSING,source_inventory.json
2025-05,2025-05-02,XU100,HEKTS,REJECTED_AT_SOURCE_PREFLIGHT,ORIGINAL_FINANCIAL_CATALOG_BYTES_MISSING,source_inventory.json
2025-05,2025-05-02,XU100,IEYHO,REJECTED_AT_SOURCE_PREFLIGHT,ORIGINAL_FINANCIAL_CATALOG_BYTES_MISSING,source_inventory.json
2025-05,2025-05-02,XU100,ISCTR,REJECTED_AT_SOURCE_PREFLIGHT,ORIGINAL_FINANCIAL_CATALOG_BYTES_MISSING,source_inventory.json
2025-05,2025-05-02,XU100,ISMEN,REJECTED_AT_SOURCE_PREFLIGHT,ORIGINAL_FINANCIAL_CATALOG_BYTES_MISSING,source_inventory.json
2025-05,2025-05-02,XU100,KARSN,REJECTED_AT_SOURCE_PREFLIGHT,ORIGINAL_FINANCIAL_CATALOG_BYTES_MISSING,source_inventory.json
2025-05,2025-05-02,XU100,KCAER,REJECTED_AT_SOURCE_PREFLIGHT,ORIGINAL_FINANCIAL_CATALOG_BYTES_MISSING,source_inventory.json
2025-05,2025-05-02,XU100,KCHOL,REJECTED_AT_SOURCE_PREFLIGHT,ORIGINAL_FINANCIAL_CATALOG_BYTES_MISSING,source_inventory.json
2025-05,2025-05-02,XU100,KONTR,REJECTED_AT_SOURCE_PREFLIGHT,ORIGINAL_FINANCIAL_CATALOG_BYTES_MISSING,source_inventory.json
2025-05,2025-05-02,XU100,KONYA,REJECTED_AT_SOURCE_PREFLIGHT,ORIGINAL_FINANCIAL_CATALOG_BYTES_MISSING,source_inventory.json
2025-05,2025-05-02,XU100,KOZAA,REJECTED_AT_SOURCE_PREFLIGHT,ORIGINAL_FINANCIAL_CATALOG_BYTES_MISSING,source_inventory.json
2025-05,2025-05-02,XU100,KOZAL,REJECTED_AT_SOURCE_PREFLIGHT,ORIGINAL_FINANCIAL_CATALOG_BYTES_MISSING,source_inventory.json
2025-05,2025-05-02,XU100,KRDMD,REJECTED_AT_SOURCE_PREFLIGHT,ORIGINAL_FINANCIAL_CATALOG_BYTES_MISSING,source_inventory.json
2025-05,2025-05-02,XU100,KTLEV,REJECTED_AT_SOURCE_PREFLIGHT,ORIGINAL_FINANCIAL_CATALOG_BYTES_MISSING,source_inventory.json
2025-05,2025-05-02,XU100,LMKDC,REJECTED_AT_SOURCE_PREFLIGHT,ORIGINAL_FINANCIAL_CATALOG_BYTES_MISSING,source_inventory.json
2025-05,2025-05-02,XU100,MAGEN,REJECTED_AT_SOURCE_PREFLIGHT,ORIGINAL_FINANCIAL_CATALOG_BYTES_MISSING,source_inventory.json
2025-05,2025-05-02,XU100,MAVI,REJECTED_AT_SOURCE_PREFLIGHT,ORIGINAL_FINANCIAL_CATALOG_BYTES_MISSING,source_inventory.json
2025-05,2025-05-02,XU100,MGROS,REJECTED_AT_SOURCE_PREFLIGHT,ORIGINAL_FINANCIAL_CATALOG_BYTES_MISSING,source_inventory.json
2025-05,2025-05-02,XU100,MIATK,REJECTED_AT_SOURCE_PREFLIGHT,ORIGINAL_FINANCIAL_CATALOG_BYTES_MISSING,source_inventory.json
2025-05,2025-05-02,XU100,MPARK,REJECTED_AT_SOURCE_PREFLIGHT,ORIGINAL_FINANCIAL_CATALOG_BYTES_MISSING,source_inventory.json
2025-05,2025-05-02,XU100,OBAMS,REJECTED_AT_SOURCE_PREFLIGHT,ORIGINAL_FINANCIAL_CATALOG_BYTES_MISSING,source_inventory.json
2025-05,2025-05-02,XU100,ODAS,REJECTED_AT_SOURCE_PREFLIGHT,ORIGINAL_FINANCIAL_CATALOG_BYTES_MISSING,source_inventory.json
2025-05,2025-05-02,XU100,OTKAR,REJECTED_AT_SOURCE_PREFLIGHT,ORIGINAL_FINANCIAL_CATALOG_BYTES_MISSING,source_inventory.json
2025-05,2025-05-02,XU100,OYAKC,REJECTED_AT_SOURCE_PREFLIGHT,ORIGINAL_FINANCIAL_CATALOG_BYTES_MISSING,source_inventory.json
2025-05,2025-05-02,XU100,PASEU,REJECTED_AT_SOURCE_PREFLIGHT,ORIGINAL_FINANCIAL_CATALOG_BYTES_MISSING,source_inventory.json
2025-05,2025-05-02,XU100,PETKM,REJECTED_AT_SOURCE_PREFLIGHT,ORIGINAL_FINANCIAL_CATALOG_BYTES_MISSING,source_inventory.json
2025-05,2025-05-02,XU100,PGSUS,REJECTED_AT_SOURCE_PREFLIGHT,ORIGINAL_FINANCIAL_CATALOG_BYTES_MISSING,source_inventory.json
2025-05,2025-05-02,XU100,RALYH,REJECTED_AT_SOURCE_PREFLIGHT,ORIGINAL_FINANCIAL_CATALOG_BYTES_MISSING,source_inventory.json
2025-05,2025-05-02,XU100,REEDR,REJECTED_AT_SOURCE_PREFLIGHT,ORIGINAL_FINANCIAL_CATALOG_BYTES_MISSING,source_inventory.json
2025-05,2025-05-02,XU100,RYGYO,REJECTED_AT_SOURCE_PREFLIGHT,ORIGINAL_FINANCIAL_CATALOG_BYTES_MISSING,source_inventory.json
2025-05,2025-05-02,XU100,SAHOL,REJECTED_AT_SOURCE_PREFLIGHT,ORIGINAL_FINANCIAL_CATALOG_BYTES_MISSING,source_inventory.json
2025-05,2025-05-02,XU100,SASA,REJECTED_AT_SOURCE_PREFLIGHT,ORIGINAL_FINANCIAL_CATALOG_BYTES_MISSING,source_inventory.json
2025-05,2025-05-02,XU100,SELEC,REJECTED_AT_SOURCE_PREFLIGHT,ORIGINAL_FINANCIAL_CATALOG_BYTES_MISSING,source_inventory.json
2025-05,2025-05-02,XU100,SISE,REJECTED_AT_SOURCE_PREFLIGHT,ORIGINAL_FINANCIAL_CATALOG_BYTES_MISSING,source_inventory.json
2025-05,2025-05-02,XU100,SKBNK,REJECTED_AT_SOURCE_PREFLIGHT,ORIGINAL_FINANCIAL_CATALOG_BYTES_MISSING,source_inventory.json
2025-05,2025-05-02,XU100,SMRTG,REJECTED_AT_SOURCE_PREFLIGHT,ORIGINAL_FINANCIAL_CATALOG_BYTES_MISSING,source_inventory.json
2025-05,2025-05-02,XU100,SOKM,REJECTED_AT_SOURCE_PREFLIGHT,ORIGINAL_FINANCIAL_CATALOG_BYTES_MISSING,source_inventory.json
2025-05,2025-05-02,XU100,TABGD,REJECTED_AT_SOURCE_PREFLIGHT,ORIGINAL_FINANCIAL_CATALOG_BYTES_MISSING,source_inventory.json
2025-05,2025-05-02,XU100,TAVHL,REJECTED_AT_SOURCE_PREFLIGHT,ORIGINAL_FINANCIAL_CATALOG_BYTES_MISSING,source_inventory.json
2025-05,2025-05-02,XU100,TCELL,REJECTED_AT_SOURCE_PREFLIGHT,ORIGINAL_FINANCIAL_CATALOG_BYTES_MISSING,source_inventory.json
2025-05,2025-05-02,XU100,THYAO,REJECTED_AT_SOURCE_PREFLIGHT,ORIGINAL_FINANCIAL_CATALOG_BYTES_MISSING,source_inventory.json
2025-05,2025-05-02,XU100,TKFEN,REJECTED_AT_SOURCE_PREFLIGHT,ORIGINAL_FINANCIAL_CATALOG_BYTES_MISSING,source_inventory.json
2025-05,2025-05-02,XU100,TOASO,REJECTED_AT_SOURCE_PREFLIGHT,ORIGINAL_FINANCIAL_CATALOG_BYTES_MISSING,source_inventory.json
2025-05,2025-05-02,XU100,TSKB,REJECTED_AT_SOURCE_PREFLIGHT,ORIGINAL_FINANCIAL_CATALOG_BYTES_MISSING,source_inventory.json
2025-05,2025-05-02,XU100,TTKOM,REJECTED_AT_SOURCE_PREFLIGHT,ORIGINAL_FINANCIAL_CATALOG_BYTES_MISSING,source_inventory.json
2025-05,2025-05-02,XU100,TTRAK,REJECTED_AT_SOURCE_PREFLIGHT,ORIGINAL_FINANCIAL_CATALOG_BYTES_MISSING,source_inventory.json
2025-05,2025-05-02,XU100,TUPRS,REJECTED_AT_SOURCE_PREFLIGHT,ORIGINAL_FINANCIAL_CATALOG_BYTES_MISSING,source_inventory.json
2025-05,2025-05-02,XU100,TURSG,REJECTED_AT_SOURCE_PREFLIGHT,ORIGINAL_FINANCIAL_CATALOG_BYTES_MISSING,source_inventory.json
2025-05,2025-05-02,XU100,ULKER,REJECTED_AT_SOURCE_PREFLIGHT,ORIGINAL_FINANCIAL_CATALOG_BYTES_MISSING,source_inventory.json
2025-05,2025-05-02,XU100,VAKBN,REJECTED_AT_SOURCE_PREFLIGHT,ORIGINAL_FINANCIAL_CATALOG_BYTES_MISSING,source_inventory.json
2025-05,2025-05-02,XU100,VESTL,REJECTED_AT_SOURCE_PREFLIGHT,ORIGINAL_FINANCIAL_CATALOG_BYTES_MISSING,source_inventory.json
2025-05,2025-05-02,XU100,YEOTK,REJECTED_AT_SOURCE_PREFLIGHT,ORIGINAL_FINANCIAL_CATALOG_BYTES_MISSING,source_inventory.json
2025-05,2025-05-02,XU100,YKBNK,REJECTED_AT_SOURCE_PREFLIGHT,ORIGINAL_FINANCIAL_CATALOG_BYTES_MISSING,source_inventory.json
2025-05,2025-05-02,XU100,ZOREN,REJECTED_AT_SOURCE_PREFLIGHT,ORIGINAL_FINANCIAL_CATALOG_BYTES_MISSING,source_inventory.json
2025-06,2025-06-02,XU100,AEFES,REJECTED_AT_SOURCE_PREFLIGHT,ORIGINAL_FINANCIAL_CATALOG_BYTES_MISSING,source_inventory.json
2025-06,2025-06-02,XU100,AGHOL,REJECTED_AT_SOURCE_PREFLIGHT,ORIGINAL_FINANCIAL_CATALOG_BYTES_MISSING,source_inventory.json
2025-06,2025-06-02,XU100,AGROT,REJECTED_AT_SOURCE_PREFLIGHT,ORIGINAL_FINANCIAL_CATALOG_BYTES_MISSING,source_inventory.json
2025-06,2025-06-02,XU100,AHGAZ,REJECTED_AT_SOURCE_PREFLIGHT,ORIGINAL_FINANCIAL_CATALOG_BYTES_MISSING,source_inventory.json
2025-06,2025-06-02,XU100,AKBNK,REJECTED_AT_SOURCE_PREFLIGHT,ORIGINAL_FINANCIAL_CATALOG_BYTES_MISSING,source_inventory.json
2025-06,2025-06-02,XU100,AKSA,REJECTED_AT_SOURCE_PREFLIGHT,ORIGINAL_FINANCIAL_CATALOG_BYTES_MISSING,source_inventory.json
2025-06,2025-06-02,XU100,AKSEN,REJECTED_AT_SOURCE_PREFLIGHT,ORIGINAL_FINANCIAL_CATALOG_BYTES_MISSING,source_inventory.json
2025-06,2025-06-02,XU100,ALARK,REJECTED_AT_SOURCE_PREFLIGHT,ORIGINAL_FINANCIAL_CATALOG_BYTES_MISSING,source_inventory.json
2025-06,2025-06-02,XU100,ALFAS,REJECTED_AT_SOURCE_PREFLIGHT,ORIGINAL_FINANCIAL_CATALOG_BYTES_MISSING,source_inventory.json
2025-06,2025-06-02,XU100,ALTNY,REJECTED_AT_SOURCE_PREFLIGHT,ORIGINAL_FINANCIAL_CATALOG_BYTES_MISSING,source_inventory.json
2025-06,2025-06-02,XU100,ANHYT,REJECTED_AT_SOURCE_PREFLIGHT,ORIGINAL_FINANCIAL_CATALOG_BYTES_MISSING,source_inventory.json
2025-06,2025-06-02,XU100,ANSGR,REJECTED_AT_SOURCE_PREFLIGHT,ORIGINAL_FINANCIAL_CATALOG_BYTES_MISSING,source_inventory.json
2025-06,2025-06-02,XU100,ARCLK,REJECTED_AT_SOURCE_PREFLIGHT,ORIGINAL_FINANCIAL_CATALOG_BYTES_MISSING,source_inventory.json
2025-06,2025-06-02,XU100,ARDYZ,REJECTED_AT_SOURCE_PREFLIGHT,ORIGINAL_FINANCIAL_CATALOG_BYTES_MISSING,source_inventory.json
2025-06,2025-06-02,XU100,ASELS,REJECTED_AT_SOURCE_PREFLIGHT,ORIGINAL_FINANCIAL_CATALOG_BYTES_MISSING,source_inventory.json
2025-06,2025-06-02,XU100,ASTOR,REJECTED_AT_SOURCE_PREFLIGHT,ORIGINAL_FINANCIAL_CATALOG_BYTES_MISSING,source_inventory.json
2025-06,2025-06-02,XU100,AVPGY,REJECTED_AT_SOURCE_PREFLIGHT,ORIGINAL_FINANCIAL_CATALOG_BYTES_MISSING,source_inventory.json
2025-06,2025-06-02,XU100,BERA,REJECTED_AT_SOURCE_PREFLIGHT,ORIGINAL_FINANCIAL_CATALOG_BYTES_MISSING,source_inventory.json
2025-06,2025-06-02,XU100,BIMAS,REJECTED_AT_SOURCE_PREFLIGHT,ORIGINAL_FINANCIAL_CATALOG_BYTES_MISSING,source_inventory.json
2025-06,2025-06-02,XU100,BRSAN,REJECTED_AT_SOURCE_PREFLIGHT,ORIGINAL_FINANCIAL_CATALOG_BYTES_MISSING,source_inventory.json
2025-06,2025-06-02,XU100,BRYAT,REJECTED_AT_SOURCE_PREFLIGHT,ORIGINAL_FINANCIAL_CATALOG_BYTES_MISSING,source_inventory.json
2025-06,2025-06-02,XU100,BSOKE,REJECTED_AT_SOURCE_PREFLIGHT,ORIGINAL_FINANCIAL_CATALOG_BYTES_MISSING,source_inventory.json
2025-06,2025-06-02,XU100,BTCIM,REJECTED_AT_SOURCE_PREFLIGHT,ORIGINAL_FINANCIAL_CATALOG_BYTES_MISSING,source_inventory.json
2025-06,2025-06-02,XU100,CANTE,REJECTED_AT_SOURCE_PREFLIGHT,ORIGINAL_FINANCIAL_CATALOG_BYTES_MISSING,source_inventory.json
2025-06,2025-06-02,XU100,CCOLA,REJECTED_AT_SOURCE_PREFLIGHT,ORIGINAL_FINANCIAL_CATALOG_BYTES_MISSING,source_inventory.json
2025-06,2025-06-02,XU100,CIMSA,REJECTED_AT_SOURCE_PREFLIGHT,ORIGINAL_FINANCIAL_CATALOG_BYTES_MISSING,source_inventory.json
2025-06,2025-06-02,XU100,CLEBI,REJECTED_AT_SOURCE_PREFLIGHT,ORIGINAL_FINANCIAL_CATALOG_BYTES_MISSING,source_inventory.json
2025-06,2025-06-02,XU100,CWENE,REJECTED_AT_SOURCE_PREFLIGHT,ORIGINAL_FINANCIAL_CATALOG_BYTES_MISSING,source_inventory.json
2025-06,2025-06-02,XU100,DOAS,REJECTED_AT_SOURCE_PREFLIGHT,ORIGINAL_FINANCIAL_CATALOG_BYTES_MISSING,source_inventory.json
2025-06,2025-06-02,XU100,DOHOL,REJECTED_AT_SOURCE_PREFLIGHT,ORIGINAL_FINANCIAL_CATALOG_BYTES_MISSING,source_inventory.json
2025-06,2025-06-02,XU100,ECILC,REJECTED_AT_SOURCE_PREFLIGHT,ORIGINAL_FINANCIAL_CATALOG_BYTES_MISSING,source_inventory.json
2025-06,2025-06-02,XU100,EFORC,REJECTED_AT_SOURCE_PREFLIGHT,ORIGINAL_FINANCIAL_CATALOG_BYTES_MISSING,source_inventory.json
2025-06,2025-06-02,XU100,EGEEN,REJECTED_AT_SOURCE_PREFLIGHT,ORIGINAL_FINANCIAL_CATALOG_BYTES_MISSING,source_inventory.json
2025-06,2025-06-02,XU100,EKGYO,REJECTED_AT_SOURCE_PREFLIGHT,ORIGINAL_FINANCIAL_CATALOG_BYTES_MISSING,source_inventory.json
2025-06,2025-06-02,XU100,ENERY,REJECTED_AT_SOURCE_PREFLIGHT,ORIGINAL_FINANCIAL_CATALOG_BYTES_MISSING,source_inventory.json
2025-06,2025-06-02,XU100,ENJSA,REJECTED_AT_SOURCE_PREFLIGHT,ORIGINAL_FINANCIAL_CATALOG_BYTES_MISSING,source_inventory.json
2025-06,2025-06-02,XU100,ENKAI,REJECTED_AT_SOURCE_PREFLIGHT,ORIGINAL_FINANCIAL_CATALOG_BYTES_MISSING,source_inventory.json
2025-06,2025-06-02,XU100,EREGL,REJECTED_AT_SOURCE_PREFLIGHT,ORIGINAL_FINANCIAL_CATALOG_BYTES_MISSING,source_inventory.json
2025-06,2025-06-02,XU100,EUPWR,REJECTED_AT_SOURCE_PREFLIGHT,ORIGINAL_FINANCIAL_CATALOG_BYTES_MISSING,source_inventory.json
2025-06,2025-06-02,XU100,FROTO,REJECTED_AT_SOURCE_PREFLIGHT,ORIGINAL_FINANCIAL_CATALOG_BYTES_MISSING,source_inventory.json
2025-06,2025-06-02,XU100,GARAN,REJECTED_AT_SOURCE_PREFLIGHT,ORIGINAL_FINANCIAL_CATALOG_BYTES_MISSING,source_inventory.json
2025-06,2025-06-02,XU100,GESAN,REJECTED_AT_SOURCE_PREFLIGHT,ORIGINAL_FINANCIAL_CATALOG_BYTES_MISSING,source_inventory.json
2025-06,2025-06-02,XU100,GOLTS,REJECTED_AT_SOURCE_PREFLIGHT,ORIGINAL_FINANCIAL_CATALOG_BYTES_MISSING,source_inventory.json
2025-06,2025-06-02,XU100,GRTHO,REJECTED_AT_SOURCE_PREFLIGHT,ORIGINAL_FINANCIAL_CATALOG_BYTES_MISSING,source_inventory.json
2025-06,2025-06-02,XU100,GSRAY,REJECTED_AT_SOURCE_PREFLIGHT,ORIGINAL_FINANCIAL_CATALOG_BYTES_MISSING,source_inventory.json
2025-06,2025-06-02,XU100,GUBRF,REJECTED_AT_SOURCE_PREFLIGHT,ORIGINAL_FINANCIAL_CATALOG_BYTES_MISSING,source_inventory.json
2025-06,2025-06-02,XU100,HALKB,REJECTED_AT_SOURCE_PREFLIGHT,ORIGINAL_FINANCIAL_CATALOG_BYTES_MISSING,source_inventory.json
2025-06,2025-06-02,XU100,HEKTS,REJECTED_AT_SOURCE_PREFLIGHT,ORIGINAL_FINANCIAL_CATALOG_BYTES_MISSING,source_inventory.json
2025-06,2025-06-02,XU100,IEYHO,REJECTED_AT_SOURCE_PREFLIGHT,ORIGINAL_FINANCIAL_CATALOG_BYTES_MISSING,source_inventory.json
2025-06,2025-06-02,XU100,ISCTR,REJECTED_AT_SOURCE_PREFLIGHT,ORIGINAL_FINANCIAL_CATALOG_BYTES_MISSING,source_inventory.json
2025-06,2025-06-02,XU100,ISMEN,REJECTED_AT_SOURCE_PREFLIGHT,ORIGINAL_FINANCIAL_CATALOG_BYTES_MISSING,source_inventory.json
2025-06,2025-06-02,XU100,KARSN,REJECTED_AT_SOURCE_PREFLIGHT,ORIGINAL_FINANCIAL_CATALOG_BYTES_MISSING,source_inventory.json
2025-06,2025-06-02,XU100,KCAER,REJECTED_AT_SOURCE_PREFLIGHT,ORIGINAL_FINANCIAL_CATALOG_BYTES_MISSING,source_inventory.json
2025-06,2025-06-02,XU100,KCHOL,REJECTED_AT_SOURCE_PREFLIGHT,ORIGINAL_FINANCIAL_CATALOG_BYTES_MISSING,source_inventory.json
2025-06,2025-06-02,XU100,KONTR,REJECTED_AT_SOURCE_PREFLIGHT,ORIGINAL_FINANCIAL_CATALOG_BYTES_MISSING,source_inventory.json
2025-06,2025-06-02,XU100,KONYA,REJECTED_AT_SOURCE_PREFLIGHT,ORIGINAL_FINANCIAL_CATALOG_BYTES_MISSING,source_inventory.json
2025-06,2025-06-02,XU100,KOZAA,REJECTED_AT_SOURCE_PREFLIGHT,ORIGINAL_FINANCIAL_CATALOG_BYTES_MISSING,source_inventory.json
2025-06,2025-06-02,XU100,KOZAL,REJECTED_AT_SOURCE_PREFLIGHT,ORIGINAL_FINANCIAL_CATALOG_BYTES_MISSING,source_inventory.json
2025-06,2025-06-02,XU100,KRDMD,REJECTED_AT_SOURCE_PREFLIGHT,ORIGINAL_FINANCIAL_CATALOG_BYTES_MISSING,source_inventory.json
2025-06,2025-06-02,XU100,KTLEV,REJECTED_AT_SOURCE_PREFLIGHT,ORIGINAL_FINANCIAL_CATALOG_BYTES_MISSING,source_inventory.json
2025-06,2025-06-02,XU100,LMKDC,REJECTED_AT_SOURCE_PREFLIGHT,ORIGINAL_FINANCIAL_CATALOG_BYTES_MISSING,source_inventory.json
2025-06,2025-06-02,XU100,MAGEN,REJECTED_AT_SOURCE_PREFLIGHT,ORIGINAL_FINANCIAL_CATALOG_BYTES_MISSING,source_inventory.json
2025-06,2025-06-02,XU100,MAVI,REJECTED_AT_SOURCE_PREFLIGHT,ORIGINAL_FINANCIAL_CATALOG_BYTES_MISSING,source_inventory.json
2025-06,2025-06-02,XU100,MGROS,REJECTED_AT_SOURCE_PREFLIGHT,ORIGINAL_FINANCIAL_CATALOG_BYTES_MISSING,source_inventory.json
2025-06,2025-06-02,XU100,MIATK,REJECTED_AT_SOURCE_PREFLIGHT,ORIGINAL_FINANCIAL_CATALOG_BYTES_MISSING,source_inventory.json
2025-06,2025-06-02,XU100,MPARK,REJECTED_AT_SOURCE_PREFLIGHT,ORIGINAL_FINANCIAL_CATALOG_BYTES_MISSING,source_inventory.json
2025-06,2025-06-02,XU100,OBAMS,REJECTED_AT_SOURCE_PREFLIGHT,ORIGINAL_FINANCIAL_CATALOG_BYTES_MISSING,source_inventory.json
2025-06,2025-06-02,XU100,ODAS,REJECTED_AT_SOURCE_PREFLIGHT,ORIGINAL_FINANCIAL_CATALOG_BYTES_MISSING,source_inventory.json
2025-06,2025-06-02,XU100,OTKAR,REJECTED_AT_SOURCE_PREFLIGHT,ORIGINAL_FINANCIAL_CATALOG_BYTES_MISSING,source_inventory.json
2025-06,2025-06-02,XU100,OYAKC,REJECTED_AT_SOURCE_PREFLIGHT,ORIGINAL_FINANCIAL_CATALOG_BYTES_MISSING,source_inventory.json
2025-06,2025-06-02,XU100,PASEU,REJECTED_AT_SOURCE_PREFLIGHT,ORIGINAL_FINANCIAL_CATALOG_BYTES_MISSING,source_inventory.json
2025-06,2025-06-02,XU100,PETKM,REJECTED_AT_SOURCE_PREFLIGHT,ORIGINAL_FINANCIAL_CATALOG_BYTES_MISSING,source_inventory.json
2025-06,2025-06-02,XU100,PGSUS,REJECTED_AT_SOURCE_PREFLIGHT,ORIGINAL_FINANCIAL_CATALOG_BYTES_MISSING,source_inventory.json
2025-06,2025-06-02,XU100,RALYH,REJECTED_AT_SOURCE_PREFLIGHT,ORIGINAL_FINANCIAL_CATALOG_BYTES_MISSING,source_inventory.json
2025-06,2025-06-02,XU100,REEDR,REJECTED_AT_SOURCE_PREFLIGHT,ORIGINAL_FINANCIAL_CATALOG_BYTES_MISSING,source_inventory.json
2025-06,2025-06-02,XU100,RYGYO,REJECTED_AT_SOURCE_PREFLIGHT,ORIGINAL_FINANCIAL_CATALOG_BYTES_MISSING,source_inventory.json
2025-06,2025-06-02,XU100,SAHOL,REJECTED_AT_SOURCE_PREFLIGHT,ORIGINAL_FINANCIAL_CATALOG_BYTES_MISSING,source_inventory.json
2025-06,2025-06-02,XU100,SASA,REJECTED_AT_SOURCE_PREFLIGHT,ORIGINAL_FINANCIAL_CATALOG_BYTES_MISSING,source_inventory.json
2025-06,2025-06-02,XU100,SELEC,REJECTED_AT_SOURCE_PREFLIGHT,ORIGINAL_FINANCIAL_CATALOG_BYTES_MISSING,source_inventory.json
2025-06,2025-06-02,XU100,SISE,REJECTED_AT_SOURCE_PREFLIGHT,ORIGINAL_FINANCIAL_CATALOG_BYTES_MISSING,source_inventory.json
2025-06,2025-06-02,XU100,SKBNK,REJECTED_AT_SOURCE_PREFLIGHT,ORIGINAL_FINANCIAL_CATALOG_BYTES_MISSING,source_inventory.json
2025-06,2025-06-02,XU100,SMRTG,REJECTED_AT_SOURCE_PREFLIGHT,ORIGINAL_FINANCIAL_CATALOG_BYTES_MISSING,source_inventory.json
2025-06,2025-06-02,XU100,SOKM,REJECTED_AT_SOURCE_PREFLIGHT,ORIGINAL_FINANCIAL_CATALOG_BYTES_MISSING,source_inventory.json
2025-06,2025-06-02,XU100,TABGD,REJECTED_AT_SOURCE_PREFLIGHT,ORIGINAL_FINANCIAL_CATALOG_BYTES_MISSING,source_inventory.json
2025-06,2025-06-02,XU100,TAVHL,REJECTED_AT_SOURCE_PREFLIGHT,ORIGINAL_FINANCIAL_CATALOG_BYTES_MISSING,source_inventory.json
2025-06,2025-06-02,XU100,TCELL,REJECTED_AT_SOURCE_PREFLIGHT,ORIGINAL_FINANCIAL_CATALOG_BYTES_MISSING,source_inventory.json
2025-06,2025-06-02,XU100,THYAO,REJECTED_AT_SOURCE_PREFLIGHT,ORIGINAL_FINANCIAL_CATALOG_BYTES_MISSING,source_inventory.json
2025-06,2025-06-02,XU100,TKFEN,REJECTED_AT_SOURCE_PREFLIGHT,ORIGINAL_FINANCIAL_CATALOG_BYTES_MISSING,source_inventory.json
2025-06,2025-06-02,XU100,TOASO,REJECTED_AT_SOURCE_PREFLIGHT,ORIGINAL_FINANCIAL_CATALOG_BYTES_MISSING,source_inventory.json
2025-06,2025-06-02,XU100,TSKB,REJECTED_AT_SOURCE_PREFLIGHT,ORIGINAL_FINANCIAL_CATALOG_BYTES_MISSING,source_inventory.json
2025-06,2025-06-02,XU100,TTKOM,REJECTED_AT_SOURCE_PREFLIGHT,ORIGINAL_FINANCIAL_CATALOG_BYTES_MISSING,source_inventory.json
2025-06,2025-06-02,XU100,TTRAK,REJECTED_AT_SOURCE_PREFLIGHT,ORIGINAL_FINANCIAL_CATALOG_BYTES_MISSING,source_inventory.json
2025-06,2025-06-02,XU100,TUPRS,REJECTED_AT_SOURCE_PREFLIGHT,ORIGINAL_FINANCIAL_CATALOG_BYTES_MISSING,source_inventory.json
2025-06,2025-06-02,XU100,TURSG,REJECTED_AT_SOURCE_PREFLIGHT,ORIGINAL_FINANCIAL_CATALOG_BYTES_MISSING,source_inventory.json
2025-06,2025-06-02,XU100,ULKER,REJECTED_AT_SOURCE_PREFLIGHT,ORIGINAL_FINANCIAL_CATALOG_BYTES_MISSING,source_inventory.json
2025-06,2025-06-02,XU100,VAKBN,REJECTED_AT_SOURCE_PREFLIGHT,ORIGINAL_FINANCIAL_CATALOG_BYTES_MISSING,source_inventory.json
2025-06,2025-06-02,XU100,VESTL,REJECTED_AT_SOURCE_PREFLIGHT,ORIGINAL_FINANCIAL_CATALOG_BYTES_MISSING,source_inventory.json
2025-06,2025-06-02,XU100,YEOTK,REJECTED_AT_SOURCE_PREFLIGHT,ORIGINAL_FINANCIAL_CATALOG_BYTES_MISSING,source_inventory.json
2025-06,2025-06-02,XU100,YKBNK,REJECTED_AT_SOURCE_PREFLIGHT,ORIGINAL_FINANCIAL_CATALOG_BYTES_MISSING,source_inventory.json
2025-06,2025-06-02,XU100,ZOREN,REJECTED_AT_SOURCE_PREFLIGHT,ORIGINAL_FINANCIAL_CATALOG_BYTES_MISSING,source_inventory.json
2025-07,2025-07-01,XU100,AEFES,REJECTED_AT_SOURCE_PREFLIGHT,ORIGINAL_FINANCIAL_CATALOG_BYTES_MISSING,source_inventory.json
2025-07,2025-07-01,XU100,AGHOL,REJECTED_AT_SOURCE_PREFLIGHT,ORIGINAL_FINANCIAL_CATALOG_BYTES_MISSING,source_inventory.json
2025-07,2025-07-01,XU100,AKBNK,REJECTED_AT_SOURCE_PREFLIGHT,ORIGINAL_FINANCIAL_CATALOG_BYTES_MISSING,source_inventory.json
2025-07,2025-07-01,XU100,AKSA,REJECTED_AT_SOURCE_PREFLIGHT,ORIGINAL_FINANCIAL_CATALOG_BYTES_MISSING,source_inventory.json
2025-07,2025-07-01,XU100,AKSEN,REJECTED_AT_SOURCE_PREFLIGHT,ORIGINAL_FINANCIAL_CATALOG_BYTES_MISSING,source_inventory.json
2025-07,2025-07-01,XU100,ALARK,REJECTED_AT_SOURCE_PREFLIGHT,ORIGINAL_FINANCIAL_CATALOG_BYTES_MISSING,source_inventory.json
2025-07,2025-07-01,XU100,ALFAS,REJECTED_AT_SOURCE_PREFLIGHT,ORIGINAL_FINANCIAL_CATALOG_BYTES_MISSING,source_inventory.json
2025-07,2025-07-01,XU100,ALTNY,REJECTED_AT_SOURCE_PREFLIGHT,ORIGINAL_FINANCIAL_CATALOG_BYTES_MISSING,source_inventory.json
2025-07,2025-07-01,XU100,ANSGR,REJECTED_AT_SOURCE_PREFLIGHT,ORIGINAL_FINANCIAL_CATALOG_BYTES_MISSING,source_inventory.json
2025-07,2025-07-01,XU100,ARCLK,REJECTED_AT_SOURCE_PREFLIGHT,ORIGINAL_FINANCIAL_CATALOG_BYTES_MISSING,source_inventory.json
2025-07,2025-07-01,XU100,ASELS,REJECTED_AT_SOURCE_PREFLIGHT,ORIGINAL_FINANCIAL_CATALOG_BYTES_MISSING,source_inventory.json
2025-07,2025-07-01,XU100,ASTOR,REJECTED_AT_SOURCE_PREFLIGHT,ORIGINAL_FINANCIAL_CATALOG_BYTES_MISSING,source_inventory.json
2025-07,2025-07-01,XU100,AVPGY,REJECTED_AT_SOURCE_PREFLIGHT,ORIGINAL_FINANCIAL_CATALOG_BYTES_MISSING,source_inventory.json
2025-07,2025-07-01,XU100,BALSU,REJECTED_AT_SOURCE_PREFLIGHT,ORIGINAL_FINANCIAL_CATALOG_BYTES_MISSING,source_inventory.json
2025-07,2025-07-01,XU100,BERA,REJECTED_AT_SOURCE_PREFLIGHT,ORIGINAL_FINANCIAL_CATALOG_BYTES_MISSING,source_inventory.json
2025-07,2025-07-01,XU100,BIMAS,REJECTED_AT_SOURCE_PREFLIGHT,ORIGINAL_FINANCIAL_CATALOG_BYTES_MISSING,source_inventory.json
2025-07,2025-07-01,XU100,BINHO,REJECTED_AT_SOURCE_PREFLIGHT,ORIGINAL_FINANCIAL_CATALOG_BYTES_MISSING,source_inventory.json
2025-07,2025-07-01,XU100,BRSAN,REJECTED_AT_SOURCE_PREFLIGHT,ORIGINAL_FINANCIAL_CATALOG_BYTES_MISSING,source_inventory.json
2025-07,2025-07-01,XU100,BRYAT,REJECTED_AT_SOURCE_PREFLIGHT,ORIGINAL_FINANCIAL_CATALOG_BYTES_MISSING,source_inventory.json
2025-07,2025-07-01,XU100,BSOKE,REJECTED_AT_SOURCE_PREFLIGHT,ORIGINAL_FINANCIAL_CATALOG_BYTES_MISSING,source_inventory.json
2025-07,2025-07-01,XU100,BTCIM,REJECTED_AT_SOURCE_PREFLIGHT,ORIGINAL_FINANCIAL_CATALOG_BYTES_MISSING,source_inventory.json
2025-07,2025-07-01,XU100,CANTE,REJECTED_AT_SOURCE_PREFLIGHT,ORIGINAL_FINANCIAL_CATALOG_BYTES_MISSING,source_inventory.json
2025-07,2025-07-01,XU100,CCOLA,REJECTED_AT_SOURCE_PREFLIGHT,ORIGINAL_FINANCIAL_CATALOG_BYTES_MISSING,source_inventory.json
2025-07,2025-07-01,XU100,CIMSA,REJECTED_AT_SOURCE_PREFLIGHT,ORIGINAL_FINANCIAL_CATALOG_BYTES_MISSING,source_inventory.json
2025-07,2025-07-01,XU100,CLEBI,REJECTED_AT_SOURCE_PREFLIGHT,ORIGINAL_FINANCIAL_CATALOG_BYTES_MISSING,source_inventory.json
2025-07,2025-07-01,XU100,CWENE,REJECTED_AT_SOURCE_PREFLIGHT,ORIGINAL_FINANCIAL_CATALOG_BYTES_MISSING,source_inventory.json
2025-07,2025-07-01,XU100,DOAS,REJECTED_AT_SOURCE_PREFLIGHT,ORIGINAL_FINANCIAL_CATALOG_BYTES_MISSING,source_inventory.json
2025-07,2025-07-01,XU100,DOHOL,REJECTED_AT_SOURCE_PREFLIGHT,ORIGINAL_FINANCIAL_CATALOG_BYTES_MISSING,source_inventory.json
2025-07,2025-07-01,XU100,DSTKF,REJECTED_AT_SOURCE_PREFLIGHT,ORIGINAL_FINANCIAL_CATALOG_BYTES_MISSING,source_inventory.json
2025-07,2025-07-01,XU100,EFORC,REJECTED_AT_SOURCE_PREFLIGHT,ORIGINAL_FINANCIAL_CATALOG_BYTES_MISSING,source_inventory.json
2025-07,2025-07-01,XU100,EGEEN,REJECTED_AT_SOURCE_PREFLIGHT,ORIGINAL_FINANCIAL_CATALOG_BYTES_MISSING,source_inventory.json
2025-07,2025-07-01,XU100,EKGYO,REJECTED_AT_SOURCE_PREFLIGHT,ORIGINAL_FINANCIAL_CATALOG_BYTES_MISSING,source_inventory.json
2025-07,2025-07-01,XU100,ENERY,REJECTED_AT_SOURCE_PREFLIGHT,ORIGINAL_FINANCIAL_CATALOG_BYTES_MISSING,source_inventory.json
2025-07,2025-07-01,XU100,ENJSA,REJECTED_AT_SOURCE_PREFLIGHT,ORIGINAL_FINANCIAL_CATALOG_BYTES_MISSING,source_inventory.json
2025-07,2025-07-01,XU100,ENKAI,REJECTED_AT_SOURCE_PREFLIGHT,ORIGINAL_FINANCIAL_CATALOG_BYTES_MISSING,source_inventory.json
2025-07,2025-07-01,XU100,EREGL,REJECTED_AT_SOURCE_PREFLIGHT,ORIGINAL_FINANCIAL_CATALOG_BYTES_MISSING,source_inventory.json
2025-07,2025-07-01,XU100,EUPWR,REJECTED_AT_SOURCE_PREFLIGHT,ORIGINAL_FINANCIAL_CATALOG_BYTES_MISSING,source_inventory.json
2025-07,2025-07-01,XU100,FENER,REJECTED_AT_SOURCE_PREFLIGHT,ORIGINAL_FINANCIAL_CATALOG_BYTES_MISSING,source_inventory.json
2025-07,2025-07-01,XU100,FROTO,REJECTED_AT_SOURCE_PREFLIGHT,ORIGINAL_FINANCIAL_CATALOG_BYTES_MISSING,source_inventory.json
2025-07,2025-07-01,XU100,GARAN,REJECTED_AT_SOURCE_PREFLIGHT,ORIGINAL_FINANCIAL_CATALOG_BYTES_MISSING,source_inventory.json
2025-07,2025-07-01,XU100,GENIL,REJECTED_AT_SOURCE_PREFLIGHT,ORIGINAL_FINANCIAL_CATALOG_BYTES_MISSING,source_inventory.json
2025-07,2025-07-01,XU100,GESAN,REJECTED_AT_SOURCE_PREFLIGHT,ORIGINAL_FINANCIAL_CATALOG_BYTES_MISSING,source_inventory.json
2025-07,2025-07-01,XU100,GLRMK,REJECTED_AT_SOURCE_PREFLIGHT,ORIGINAL_FINANCIAL_CATALOG_BYTES_MISSING,source_inventory.json
2025-07,2025-07-01,XU100,GRSEL,REJECTED_AT_SOURCE_PREFLIGHT,ORIGINAL_FINANCIAL_CATALOG_BYTES_MISSING,source_inventory.json
2025-07,2025-07-01,XU100,GRTHO,REJECTED_AT_SOURCE_PREFLIGHT,ORIGINAL_FINANCIAL_CATALOG_BYTES_MISSING,source_inventory.json
2025-07,2025-07-01,XU100,GSRAY,REJECTED_AT_SOURCE_PREFLIGHT,ORIGINAL_FINANCIAL_CATALOG_BYTES_MISSING,source_inventory.json
2025-07,2025-07-01,XU100,GUBRF,REJECTED_AT_SOURCE_PREFLIGHT,ORIGINAL_FINANCIAL_CATALOG_BYTES_MISSING,source_inventory.json
2025-07,2025-07-01,XU100,HALKB,REJECTED_AT_SOURCE_PREFLIGHT,ORIGINAL_FINANCIAL_CATALOG_BYTES_MISSING,source_inventory.json
2025-07,2025-07-01,XU100,HEKTS,REJECTED_AT_SOURCE_PREFLIGHT,ORIGINAL_FINANCIAL_CATALOG_BYTES_MISSING,source_inventory.json
2025-07,2025-07-01,XU100,IEYHO,REJECTED_AT_SOURCE_PREFLIGHT,ORIGINAL_FINANCIAL_CATALOG_BYTES_MISSING,source_inventory.json
2025-07,2025-07-01,XU100,IPEKE,REJECTED_AT_SOURCE_PREFLIGHT,ORIGINAL_FINANCIAL_CATALOG_BYTES_MISSING,source_inventory.json
2025-07,2025-07-01,XU100,ISCTR,REJECTED_AT_SOURCE_PREFLIGHT,ORIGINAL_FINANCIAL_CATALOG_BYTES_MISSING,source_inventory.json
2025-07,2025-07-01,XU100,ISMEN,REJECTED_AT_SOURCE_PREFLIGHT,ORIGINAL_FINANCIAL_CATALOG_BYTES_MISSING,source_inventory.json
2025-07,2025-07-01,XU100,KCAER,REJECTED_AT_SOURCE_PREFLIGHT,ORIGINAL_FINANCIAL_CATALOG_BYTES_MISSING,source_inventory.json
2025-07,2025-07-01,XU100,KCHOL,REJECTED_AT_SOURCE_PREFLIGHT,ORIGINAL_FINANCIAL_CATALOG_BYTES_MISSING,source_inventory.json
2025-07,2025-07-01,XU100,KONTR,REJECTED_AT_SOURCE_PREFLIGHT,ORIGINAL_FINANCIAL_CATALOG_BYTES_MISSING,source_inventory.json
2025-07,2025-07-01,XU100,KOZAA,REJECTED_AT_SOURCE_PREFLIGHT,ORIGINAL_FINANCIAL_CATALOG_BYTES_MISSING,source_inventory.json
2025-07,2025-07-01,XU100,KOZAL,REJECTED_AT_SOURCE_PREFLIGHT,ORIGINAL_FINANCIAL_CATALOG_BYTES_MISSING,source_inventory.json
2025-07,2025-07-01,XU100,KRDMD,REJECTED_AT_SOURCE_PREFLIGHT,ORIGINAL_FINANCIAL_CATALOG_BYTES_MISSING,source_inventory.json
2025-07,2025-07-01,XU100,KTLEV,REJECTED_AT_SOURCE_PREFLIGHT,ORIGINAL_FINANCIAL_CATALOG_BYTES_MISSING,source_inventory.json
2025-07,2025-07-01,XU100,KUYAS,REJECTED_AT_SOURCE_PREFLIGHT,ORIGINAL_FINANCIAL_CATALOG_BYTES_MISSING,source_inventory.json
2025-07,2025-07-01,XU100,LMKDC,REJECTED_AT_SOURCE_PREFLIGHT,ORIGINAL_FINANCIAL_CATALOG_BYTES_MISSING,source_inventory.json
2025-07,2025-07-01,XU100,MAGEN,REJECTED_AT_SOURCE_PREFLIGHT,ORIGINAL_FINANCIAL_CATALOG_BYTES_MISSING,source_inventory.json
2025-07,2025-07-01,XU100,MAVI,REJECTED_AT_SOURCE_PREFLIGHT,ORIGINAL_FINANCIAL_CATALOG_BYTES_MISSING,source_inventory.json
2025-07,2025-07-01,XU100,MGROS,REJECTED_AT_SOURCE_PREFLIGHT,ORIGINAL_FINANCIAL_CATALOG_BYTES_MISSING,source_inventory.json
2025-07,2025-07-01,XU100,MIATK,REJECTED_AT_SOURCE_PREFLIGHT,ORIGINAL_FINANCIAL_CATALOG_BYTES_MISSING,source_inventory.json
2025-07,2025-07-01,XU100,MPARK,REJECTED_AT_SOURCE_PREFLIGHT,ORIGINAL_FINANCIAL_CATALOG_BYTES_MISSING,source_inventory.json
2025-07,2025-07-01,XU100,OBAMS,REJECTED_AT_SOURCE_PREFLIGHT,ORIGINAL_FINANCIAL_CATALOG_BYTES_MISSING,source_inventory.json
2025-07,2025-07-01,XU100,ODAS,REJECTED_AT_SOURCE_PREFLIGHT,ORIGINAL_FINANCIAL_CATALOG_BYTES_MISSING,source_inventory.json
2025-07,2025-07-01,XU100,OTKAR,REJECTED_AT_SOURCE_PREFLIGHT,ORIGINAL_FINANCIAL_CATALOG_BYTES_MISSING,source_inventory.json
2025-07,2025-07-01,XU100,OYAKC,REJECTED_AT_SOURCE_PREFLIGHT,ORIGINAL_FINANCIAL_CATALOG_BYTES_MISSING,source_inventory.json
2025-07,2025-07-01,XU100,PASEU,REJECTED_AT_SOURCE_PREFLIGHT,ORIGINAL_FINANCIAL_CATALOG_BYTES_MISSING,source_inventory.json
2025-07,2025-07-01,XU100,PETKM,REJECTED_AT_SOURCE_PREFLIGHT,ORIGINAL_FINANCIAL_CATALOG_BYTES_MISSING,source_inventory.json
2025-07,2025-07-01,XU100,PGSUS,REJECTED_AT_SOURCE_PREFLIGHT,ORIGINAL_FINANCIAL_CATALOG_BYTES_MISSING,source_inventory.json
2025-07,2025-07-01,XU100,RALYH,REJECTED_AT_SOURCE_PREFLIGHT,ORIGINAL_FINANCIAL_CATALOG_BYTES_MISSING,source_inventory.json
2025-07,2025-07-01,XU100,REEDR,REJECTED_AT_SOURCE_PREFLIGHT,ORIGINAL_FINANCIAL_CATALOG_BYTES_MISSING,source_inventory.json
2025-07,2025-07-01,XU100,SAHOL,REJECTED_AT_SOURCE_PREFLIGHT,ORIGINAL_FINANCIAL_CATALOG_BYTES_MISSING,source_inventory.json
2025-07,2025-07-01,XU100,SASA,REJECTED_AT_SOURCE_PREFLIGHT,ORIGINAL_FINANCIAL_CATALOG_BYTES_MISSING,source_inventory.json
2025-07,2025-07-01,XU100,SISE,REJECTED_AT_SOURCE_PREFLIGHT,ORIGINAL_FINANCIAL_CATALOG_BYTES_MISSING,source_inventory.json
2025-07,2025-07-01,XU100,SKBNK,REJECTED_AT_SOURCE_PREFLIGHT,ORIGINAL_FINANCIAL_CATALOG_BYTES_MISSING,source_inventory.json
2025-07,2025-07-01,XU100,SMRTG,REJECTED_AT_SOURCE_PREFLIGHT,ORIGINAL_FINANCIAL_CATALOG_BYTES_MISSING,source_inventory.json
2025-07,2025-07-01,XU100,SOKM,REJECTED_AT_SOURCE_PREFLIGHT,ORIGINAL_FINANCIAL_CATALOG_BYTES_MISSING,source_inventory.json
2025-07,2025-07-01,XU100,TABGD,REJECTED_AT_SOURCE_PREFLIGHT,ORIGINAL_FINANCIAL_CATALOG_BYTES_MISSING,source_inventory.json
2025-07,2025-07-01,XU100,TAVHL,REJECTED_AT_SOURCE_PREFLIGHT,ORIGINAL_FINANCIAL_CATALOG_BYTES_MISSING,source_inventory.json
2025-07,2025-07-01,XU100,TCELL,REJECTED_AT_SOURCE_PREFLIGHT,ORIGINAL_FINANCIAL_CATALOG_BYTES_MISSING,source_inventory.json
2025-07,2025-07-01,XU100,THYAO,REJECTED_AT_SOURCE_PREFLIGHT,ORIGINAL_FINANCIAL_CATALOG_BYTES_MISSING,source_inventory.json
2025-07,2025-07-01,XU100,TKFEN,REJECTED_AT_SOURCE_PREFLIGHT,ORIGINAL_FINANCIAL_CATALOG_BYTES_MISSING,source_inventory.json
2025-07,2025-07-01,XU100,TOASO,REJECTED_AT_SOURCE_PREFLIGHT,ORIGINAL_FINANCIAL_CATALOG_BYTES_MISSING,source_inventory.json
2025-07,2025-07-01,XU100,TSKB,REJECTED_AT_SOURCE_PREFLIGHT,ORIGINAL_FINANCIAL_CATALOG_BYTES_MISSING,source_inventory.json
2025-07,2025-07-01,XU100,TTKOM,REJECTED_AT_SOURCE_PREFLIGHT,ORIGINAL_FINANCIAL_CATALOG_BYTES_MISSING,source_inventory.json
2025-07,2025-07-01,XU100,TTRAK,REJECTED_AT_SOURCE_PREFLIGHT,ORIGINAL_FINANCIAL_CATALOG_BYTES_MISSING,source_inventory.json
2025-07,2025-07-01,XU100,TUPRS,REJECTED_AT_SOURCE_PREFLIGHT,ORIGINAL_FINANCIAL_CATALOG_BYTES_MISSING,source_inventory.json
2025-07,2025-07-01,XU100,TUREX,REJECTED_AT_SOURCE_PREFLIGHT,ORIGINAL_FINANCIAL_CATALOG_BYTES_MISSING,source_inventory.json
2025-07,2025-07-01,XU100,TURSG,REJECTED_AT_SOURCE_PREFLIGHT,ORIGINAL_FINANCIAL_CATALOG_BYTES_MISSING,source_inventory.json
2025-07,2025-07-01,XU100,ULKER,REJECTED_AT_SOURCE_PREFLIGHT,ORIGINAL_FINANCIAL_CATALOG_BYTES_MISSING,source_inventory.json
2025-07,2025-07-01,XU100,VAKBN,REJECTED_AT_SOURCE_PREFLIGHT,ORIGINAL_FINANCIAL_CATALOG_BYTES_MISSING,source_inventory.json
2025-07,2025-07-01,XU100,VESTL,REJECTED_AT_SOURCE_PREFLIGHT,ORIGINAL_FINANCIAL_CATALOG_BYTES_MISSING,source_inventory.json
2025-07,2025-07-01,XU100,YEOTK,REJECTED_AT_SOURCE_PREFLIGHT,ORIGINAL_FINANCIAL_CATALOG_BYTES_MISSING,source_inventory.json
2025-07,2025-07-01,XU100,YKBNK,REJECTED_AT_SOURCE_PREFLIGHT,ORIGINAL_FINANCIAL_CATALOG_BYTES_MISSING,source_inventory.json
2025-07,2025-07-01,XU100,ZOREN,REJECTED_AT_SOURCE_PREFLIGHT,ORIGINAL_FINANCIAL_CATALOG_BYTES_MISSING,source_inventory.json
2025-08,2025-08-01,XU100,AEFES,REJECTED_AT_SOURCE_PREFLIGHT,ORIGINAL_FINANCIAL_CATALOG_BYTES_MISSING,source_inventory.json
2025-08,2025-08-01,XU100,AGHOL,REJECTED_AT_SOURCE_PREFLIGHT,ORIGINAL_FINANCIAL_CATALOG_BYTES_MISSING,source_inventory.json
2025-08,2025-08-01,XU100,AKBNK,REJECTED_AT_SOURCE_PREFLIGHT,ORIGINAL_FINANCIAL_CATALOG_BYTES_MISSING,source_inventory.json
2025-08,2025-08-01,XU100,AKSA,REJECTED_AT_SOURCE_PREFLIGHT,ORIGINAL_FINANCIAL_CATALOG_BYTES_MISSING,source_inventory.json
2025-08,2025-08-01,XU100,AKSEN,REJECTED_AT_SOURCE_PREFLIGHT,ORIGINAL_FINANCIAL_CATALOG_BYTES_MISSING,source_inventory.json
2025-08,2025-08-01,XU100,ALARK,REJECTED_AT_SOURCE_PREFLIGHT,ORIGINAL_FINANCIAL_CATALOG_BYTES_MISSING,source_inventory.json
2025-08,2025-08-01,XU100,ALFAS,REJECTED_AT_SOURCE_PREFLIGHT,ORIGINAL_FINANCIAL_CATALOG_BYTES_MISSING,source_inventory.json
2025-08,2025-08-01,XU100,ALTNY,REJECTED_AT_SOURCE_PREFLIGHT,ORIGINAL_FINANCIAL_CATALOG_BYTES_MISSING,source_inventory.json
2025-08,2025-08-01,XU100,ANSGR,REJECTED_AT_SOURCE_PREFLIGHT,ORIGINAL_FINANCIAL_CATALOG_BYTES_MISSING,source_inventory.json
2025-08,2025-08-01,XU100,ARCLK,REJECTED_AT_SOURCE_PREFLIGHT,ORIGINAL_FINANCIAL_CATALOG_BYTES_MISSING,source_inventory.json
2025-08,2025-08-01,XU100,ASELS,REJECTED_AT_SOURCE_PREFLIGHT,ORIGINAL_FINANCIAL_CATALOG_BYTES_MISSING,source_inventory.json
2025-08,2025-08-01,XU100,ASTOR,REJECTED_AT_SOURCE_PREFLIGHT,ORIGINAL_FINANCIAL_CATALOG_BYTES_MISSING,source_inventory.json
2025-08,2025-08-01,XU100,AVPGY,REJECTED_AT_SOURCE_PREFLIGHT,ORIGINAL_FINANCIAL_CATALOG_BYTES_MISSING,source_inventory.json
2025-08,2025-08-01,XU100,BALSU,REJECTED_AT_SOURCE_PREFLIGHT,ORIGINAL_FINANCIAL_CATALOG_BYTES_MISSING,source_inventory.json
2025-08,2025-08-01,XU100,BERA,REJECTED_AT_SOURCE_PREFLIGHT,ORIGINAL_FINANCIAL_CATALOG_BYTES_MISSING,source_inventory.json
2025-08,2025-08-01,XU100,BIMAS,REJECTED_AT_SOURCE_PREFLIGHT,ORIGINAL_FINANCIAL_CATALOG_BYTES_MISSING,source_inventory.json
2025-08,2025-08-01,XU100,BINHO,REJECTED_AT_SOURCE_PREFLIGHT,ORIGINAL_FINANCIAL_CATALOG_BYTES_MISSING,source_inventory.json
2025-08,2025-08-01,XU100,BRSAN,REJECTED_AT_SOURCE_PREFLIGHT,ORIGINAL_FINANCIAL_CATALOG_BYTES_MISSING,source_inventory.json
2025-08,2025-08-01,XU100,BRYAT,REJECTED_AT_SOURCE_PREFLIGHT,ORIGINAL_FINANCIAL_CATALOG_BYTES_MISSING,source_inventory.json
2025-08,2025-08-01,XU100,BSOKE,REJECTED_AT_SOURCE_PREFLIGHT,ORIGINAL_FINANCIAL_CATALOG_BYTES_MISSING,source_inventory.json
2025-08,2025-08-01,XU100,BTCIM,REJECTED_AT_SOURCE_PREFLIGHT,ORIGINAL_FINANCIAL_CATALOG_BYTES_MISSING,source_inventory.json
2025-08,2025-08-01,XU100,CANTE,REJECTED_AT_SOURCE_PREFLIGHT,ORIGINAL_FINANCIAL_CATALOG_BYTES_MISSING,source_inventory.json
2025-08,2025-08-01,XU100,CCOLA,REJECTED_AT_SOURCE_PREFLIGHT,ORIGINAL_FINANCIAL_CATALOG_BYTES_MISSING,source_inventory.json
2025-08,2025-08-01,XU100,CIMSA,REJECTED_AT_SOURCE_PREFLIGHT,ORIGINAL_FINANCIAL_CATALOG_BYTES_MISSING,source_inventory.json
2025-08,2025-08-01,XU100,CLEBI,REJECTED_AT_SOURCE_PREFLIGHT,ORIGINAL_FINANCIAL_CATALOG_BYTES_MISSING,source_inventory.json
2025-08,2025-08-01,XU100,CWENE,REJECTED_AT_SOURCE_PREFLIGHT,ORIGINAL_FINANCIAL_CATALOG_BYTES_MISSING,source_inventory.json
2025-08,2025-08-01,XU100,DOAS,REJECTED_AT_SOURCE_PREFLIGHT,ORIGINAL_FINANCIAL_CATALOG_BYTES_MISSING,source_inventory.json
2025-08,2025-08-01,XU100,DOHOL,REJECTED_AT_SOURCE_PREFLIGHT,ORIGINAL_FINANCIAL_CATALOG_BYTES_MISSING,source_inventory.json
2025-08,2025-08-01,XU100,DSTKF,REJECTED_AT_SOURCE_PREFLIGHT,ORIGINAL_FINANCIAL_CATALOG_BYTES_MISSING,source_inventory.json
2025-08,2025-08-01,XU100,EFORC,REJECTED_AT_SOURCE_PREFLIGHT,ORIGINAL_FINANCIAL_CATALOG_BYTES_MISSING,source_inventory.json
2025-08,2025-08-01,XU100,EGEEN,REJECTED_AT_SOURCE_PREFLIGHT,ORIGINAL_FINANCIAL_CATALOG_BYTES_MISSING,source_inventory.json
2025-08,2025-08-01,XU100,EKGYO,REJECTED_AT_SOURCE_PREFLIGHT,ORIGINAL_FINANCIAL_CATALOG_BYTES_MISSING,source_inventory.json
2025-08,2025-08-01,XU100,ENERY,REJECTED_AT_SOURCE_PREFLIGHT,ORIGINAL_FINANCIAL_CATALOG_BYTES_MISSING,source_inventory.json
2025-08,2025-08-01,XU100,ENJSA,REJECTED_AT_SOURCE_PREFLIGHT,ORIGINAL_FINANCIAL_CATALOG_BYTES_MISSING,source_inventory.json
2025-08,2025-08-01,XU100,ENKAI,REJECTED_AT_SOURCE_PREFLIGHT,ORIGINAL_FINANCIAL_CATALOG_BYTES_MISSING,source_inventory.json
2025-08,2025-08-01,XU100,EREGL,REJECTED_AT_SOURCE_PREFLIGHT,ORIGINAL_FINANCIAL_CATALOG_BYTES_MISSING,source_inventory.json
2025-08,2025-08-01,XU100,EUPWR,REJECTED_AT_SOURCE_PREFLIGHT,ORIGINAL_FINANCIAL_CATALOG_BYTES_MISSING,source_inventory.json
2025-08,2025-08-01,XU100,FENER,REJECTED_AT_SOURCE_PREFLIGHT,ORIGINAL_FINANCIAL_CATALOG_BYTES_MISSING,source_inventory.json
2025-08,2025-08-01,XU100,FROTO,REJECTED_AT_SOURCE_PREFLIGHT,ORIGINAL_FINANCIAL_CATALOG_BYTES_MISSING,source_inventory.json
2025-08,2025-08-01,XU100,GARAN,REJECTED_AT_SOURCE_PREFLIGHT,ORIGINAL_FINANCIAL_CATALOG_BYTES_MISSING,source_inventory.json
2025-08,2025-08-01,XU100,GENIL,REJECTED_AT_SOURCE_PREFLIGHT,ORIGINAL_FINANCIAL_CATALOG_BYTES_MISSING,source_inventory.json
2025-08,2025-08-01,XU100,GESAN,REJECTED_AT_SOURCE_PREFLIGHT,ORIGINAL_FINANCIAL_CATALOG_BYTES_MISSING,source_inventory.json
2025-08,2025-08-01,XU100,GLRMK,REJECTED_AT_SOURCE_PREFLIGHT,ORIGINAL_FINANCIAL_CATALOG_BYTES_MISSING,source_inventory.json
2025-08,2025-08-01,XU100,GRSEL,REJECTED_AT_SOURCE_PREFLIGHT,ORIGINAL_FINANCIAL_CATALOG_BYTES_MISSING,source_inventory.json
2025-08,2025-08-01,XU100,GRTHO,REJECTED_AT_SOURCE_PREFLIGHT,ORIGINAL_FINANCIAL_CATALOG_BYTES_MISSING,source_inventory.json
2025-08,2025-08-01,XU100,GSRAY,REJECTED_AT_SOURCE_PREFLIGHT,ORIGINAL_FINANCIAL_CATALOG_BYTES_MISSING,source_inventory.json
2025-08,2025-08-01,XU100,GUBRF,REJECTED_AT_SOURCE_PREFLIGHT,ORIGINAL_FINANCIAL_CATALOG_BYTES_MISSING,source_inventory.json
2025-08,2025-08-01,XU100,HALKB,REJECTED_AT_SOURCE_PREFLIGHT,ORIGINAL_FINANCIAL_CATALOG_BYTES_MISSING,source_inventory.json
2025-08,2025-08-01,XU100,HEKTS,REJECTED_AT_SOURCE_PREFLIGHT,ORIGINAL_FINANCIAL_CATALOG_BYTES_MISSING,source_inventory.json
2025-08,2025-08-01,XU100,IEYHO,REJECTED_AT_SOURCE_PREFLIGHT,ORIGINAL_FINANCIAL_CATALOG_BYTES_MISSING,source_inventory.json
2025-08,2025-08-01,XU100,IPEKE,REJECTED_AT_SOURCE_PREFLIGHT,ORIGINAL_FINANCIAL_CATALOG_BYTES_MISSING,source_inventory.json
2025-08,2025-08-01,XU100,ISCTR,REJECTED_AT_SOURCE_PREFLIGHT,ORIGINAL_FINANCIAL_CATALOG_BYTES_MISSING,source_inventory.json
2025-08,2025-08-01,XU100,ISMEN,REJECTED_AT_SOURCE_PREFLIGHT,ORIGINAL_FINANCIAL_CATALOG_BYTES_MISSING,source_inventory.json
2025-08,2025-08-01,XU100,KCAER,REJECTED_AT_SOURCE_PREFLIGHT,ORIGINAL_FINANCIAL_CATALOG_BYTES_MISSING,source_inventory.json
2025-08,2025-08-01,XU100,KCHOL,REJECTED_AT_SOURCE_PREFLIGHT,ORIGINAL_FINANCIAL_CATALOG_BYTES_MISSING,source_inventory.json
2025-08,2025-08-01,XU100,KONTR,REJECTED_AT_SOURCE_PREFLIGHT,ORIGINAL_FINANCIAL_CATALOG_BYTES_MISSING,source_inventory.json
2025-08,2025-08-01,XU100,KOZAA,REJECTED_AT_SOURCE_PREFLIGHT,ORIGINAL_FINANCIAL_CATALOG_BYTES_MISSING,source_inventory.json
2025-08,2025-08-01,XU100,KOZAL,REJECTED_AT_SOURCE_PREFLIGHT,ORIGINAL_FINANCIAL_CATALOG_BYTES_MISSING,source_inventory.json
2025-08,2025-08-01,XU100,KRDMD,REJECTED_AT_SOURCE_PREFLIGHT,ORIGINAL_FINANCIAL_CATALOG_BYTES_MISSING,source_inventory.json
2025-08,2025-08-01,XU100,KTLEV,REJECTED_AT_SOURCE_PREFLIGHT,ORIGINAL_FINANCIAL_CATALOG_BYTES_MISSING,source_inventory.json
2025-08,2025-08-01,XU100,KUYAS,REJECTED_AT_SOURCE_PREFLIGHT,ORIGINAL_FINANCIAL_CATALOG_BYTES_MISSING,source_inventory.json
2025-08,2025-08-01,XU100,LMKDC,REJECTED_AT_SOURCE_PREFLIGHT,ORIGINAL_FINANCIAL_CATALOG_BYTES_MISSING,source_inventory.json
2025-08,2025-08-01,XU100,MAGEN,REJECTED_AT_SOURCE_PREFLIGHT,ORIGINAL_FINANCIAL_CATALOG_BYTES_MISSING,source_inventory.json
2025-08,2025-08-01,XU100,MAVI,REJECTED_AT_SOURCE_PREFLIGHT,ORIGINAL_FINANCIAL_CATALOG_BYTES_MISSING,source_inventory.json
2025-08,2025-08-01,XU100,MGROS,REJECTED_AT_SOURCE_PREFLIGHT,ORIGINAL_FINANCIAL_CATALOG_BYTES_MISSING,source_inventory.json
2025-08,2025-08-01,XU100,MIATK,REJECTED_AT_SOURCE_PREFLIGHT,ORIGINAL_FINANCIAL_CATALOG_BYTES_MISSING,source_inventory.json
2025-08,2025-08-01,XU100,MPARK,REJECTED_AT_SOURCE_PREFLIGHT,ORIGINAL_FINANCIAL_CATALOG_BYTES_MISSING,source_inventory.json
2025-08,2025-08-01,XU100,OBAMS,REJECTED_AT_SOURCE_PREFLIGHT,ORIGINAL_FINANCIAL_CATALOG_BYTES_MISSING,source_inventory.json
2025-08,2025-08-01,XU100,ODAS,REJECTED_AT_SOURCE_PREFLIGHT,ORIGINAL_FINANCIAL_CATALOG_BYTES_MISSING,source_inventory.json
2025-08,2025-08-01,XU100,OTKAR,REJECTED_AT_SOURCE_PREFLIGHT,ORIGINAL_FINANCIAL_CATALOG_BYTES_MISSING,source_inventory.json
2025-08,2025-08-01,XU100,OYAKC,REJECTED_AT_SOURCE_PREFLIGHT,ORIGINAL_FINANCIAL_CATALOG_BYTES_MISSING,source_inventory.json
2025-08,2025-08-01,XU100,PASEU,REJECTED_AT_SOURCE_PREFLIGHT,ORIGINAL_FINANCIAL_CATALOG_BYTES_MISSING,source_inventory.json
2025-08,2025-08-01,XU100,PETKM,REJECTED_AT_SOURCE_PREFLIGHT,ORIGINAL_FINANCIAL_CATALOG_BYTES_MISSING,source_inventory.json
2025-08,2025-08-01,XU100,PGSUS,REJECTED_AT_SOURCE_PREFLIGHT,ORIGINAL_FINANCIAL_CATALOG_BYTES_MISSING,source_inventory.json
2025-08,2025-08-01,XU100,RALYH,REJECTED_AT_SOURCE_PREFLIGHT,ORIGINAL_FINANCIAL_CATALOG_BYTES_MISSING,source_inventory.json
2025-08,2025-08-01,XU100,REEDR,REJECTED_AT_SOURCE_PREFLIGHT,ORIGINAL_FINANCIAL_CATALOG_BYTES_MISSING,source_inventory.json
2025-08,2025-08-01,XU100,SAHOL,REJECTED_AT_SOURCE_PREFLIGHT,ORIGINAL_FINANCIAL_CATALOG_BYTES_MISSING,source_inventory.json
2025-08,2025-08-01,XU100,SASA,REJECTED_AT_SOURCE_PREFLIGHT,ORIGINAL_FINANCIAL_CATALOG_BYTES_MISSING,source_inventory.json
2025-08,2025-08-01,XU100,SISE,REJECTED_AT_SOURCE_PREFLIGHT,ORIGINAL_FINANCIAL_CATALOG_BYTES_MISSING,source_inventory.json
2025-08,2025-08-01,XU100,SKBNK,REJECTED_AT_SOURCE_PREFLIGHT,ORIGINAL_FINANCIAL_CATALOG_BYTES_MISSING,source_inventory.json
2025-08,2025-08-01,XU100,SMRTG,REJECTED_AT_SOURCE_PREFLIGHT,ORIGINAL_FINANCIAL_CATALOG_BYTES_MISSING,source_inventory.json
2025-08,2025-08-01,XU100,SOKM,REJECTED_AT_SOURCE_PREFLIGHT,ORIGINAL_FINANCIAL_CATALOG_BYTES_MISSING,source_inventory.json
2025-08,2025-08-01,XU100,TABGD,REJECTED_AT_SOURCE_PREFLIGHT,ORIGINAL_FINANCIAL_CATALOG_BYTES_MISSING,source_inventory.json
2025-08,2025-08-01,XU100,TAVHL,REJECTED_AT_SOURCE_PREFLIGHT,ORIGINAL_FINANCIAL_CATALOG_BYTES_MISSING,source_inventory.json
2025-08,2025-08-01,XU100,TCELL,REJECTED_AT_SOURCE_PREFLIGHT,ORIGINAL_FINANCIAL_CATALOG_BYTES_MISSING,source_inventory.json
2025-08,2025-08-01,XU100,THYAO,REJECTED_AT_SOURCE_PREFLIGHT,ORIGINAL_FINANCIAL_CATALOG_BYTES_MISSING,source_inventory.json
2025-08,2025-08-01,XU100,TKFEN,REJECTED_AT_SOURCE_PREFLIGHT,ORIGINAL_FINANCIAL_CATALOG_BYTES_MISSING,source_inventory.json
2025-08,2025-08-01,XU100,TOASO,REJECTED_AT_SOURCE_PREFLIGHT,ORIGINAL_FINANCIAL_CATALOG_BYTES_MISSING,source_inventory.json
2025-08,2025-08-01,XU100,TSKB,REJECTED_AT_SOURCE_PREFLIGHT,ORIGINAL_FINANCIAL_CATALOG_BYTES_MISSING,source_inventory.json
2025-08,2025-08-01,XU100,TTKOM,REJECTED_AT_SOURCE_PREFLIGHT,ORIGINAL_FINANCIAL_CATALOG_BYTES_MISSING,source_inventory.json
2025-08,2025-08-01,XU100,TTRAK,REJECTED_AT_SOURCE_PREFLIGHT,ORIGINAL_FINANCIAL_CATALOG_BYTES_MISSING,source_inventory.json
2025-08,2025-08-01,XU100,TUPRS,REJECTED_AT_SOURCE_PREFLIGHT,ORIGINAL_FINANCIAL_CATALOG_BYTES_MISSING,source_inventory.json
2025-08,2025-08-01,XU100,TUREX,REJECTED_AT_SOURCE_PREFLIGHT,ORIGINAL_FINANCIAL_CATALOG_BYTES_MISSING,source_inventory.json
2025-08,2025-08-01,XU100,TURSG,REJECTED_AT_SOURCE_PREFLIGHT,ORIGINAL_FINANCIAL_CATALOG_BYTES_MISSING,source_inventory.json
2025-08,2025-08-01,XU100,ULKER,REJECTED_AT_SOURCE_PREFLIGHT,ORIGINAL_FINANCIAL_CATALOG_BYTES_MISSING,source_inventory.json
2025-08,2025-08-01,XU100,VAKBN,REJECTED_AT_SOURCE_PREFLIGHT,ORIGINAL_FINANCIAL_CATALOG_BYTES_MISSING,source_inventory.json
2025-08,2025-08-01,XU100,VESTL,REJECTED_AT_SOURCE_PREFLIGHT,ORIGINAL_FINANCIAL_CATALOG_BYTES_MISSING,source_inventory.json
2025-08,2025-08-01,XU100,YEOTK,REJECTED_AT_SOURCE_PREFLIGHT,ORIGINAL_FINANCIAL_CATALOG_BYTES_MISSING,source_inventory.json
2025-08,2025-08-01,XU100,YKBNK,REJECTED_AT_SOURCE_PREFLIGHT,ORIGINAL_FINANCIAL_CATALOG_BYTES_MISSING,source_inventory.json
2025-08,2025-08-01,XU100,ZOREN,REJECTED_AT_SOURCE_PREFLIGHT,ORIGINAL_FINANCIAL_CATALOG_BYTES_MISSING,source_inventory.json
2025-09,2025-09-01,XU100,AEFES,REJECTED_AT_SOURCE_PREFLIGHT,ORIGINAL_FINANCIAL_CATALOG_BYTES_MISSING,source_inventory.json
2025-09,2025-09-01,XU100,AGHOL,REJECTED_AT_SOURCE_PREFLIGHT,ORIGINAL_FINANCIAL_CATALOG_BYTES_MISSING,source_inventory.json
2025-09,2025-09-01,XU100,AKBNK,REJECTED_AT_SOURCE_PREFLIGHT,ORIGINAL_FINANCIAL_CATALOG_BYTES_MISSING,source_inventory.json
2025-09,2025-09-01,XU100,AKSA,REJECTED_AT_SOURCE_PREFLIGHT,ORIGINAL_FINANCIAL_CATALOG_BYTES_MISSING,source_inventory.json
2025-09,2025-09-01,XU100,AKSEN,REJECTED_AT_SOURCE_PREFLIGHT,ORIGINAL_FINANCIAL_CATALOG_BYTES_MISSING,source_inventory.json
2025-09,2025-09-01,XU100,ALARK,REJECTED_AT_SOURCE_PREFLIGHT,ORIGINAL_FINANCIAL_CATALOG_BYTES_MISSING,source_inventory.json
2025-09,2025-09-01,XU100,ALFAS,REJECTED_AT_SOURCE_PREFLIGHT,ORIGINAL_FINANCIAL_CATALOG_BYTES_MISSING,source_inventory.json
2025-09,2025-09-01,XU100,ALTNY,REJECTED_AT_SOURCE_PREFLIGHT,ORIGINAL_FINANCIAL_CATALOG_BYTES_MISSING,source_inventory.json
2025-09,2025-09-01,XU100,ANSGR,REJECTED_AT_SOURCE_PREFLIGHT,ORIGINAL_FINANCIAL_CATALOG_BYTES_MISSING,source_inventory.json
2025-09,2025-09-01,XU100,ARCLK,REJECTED_AT_SOURCE_PREFLIGHT,ORIGINAL_FINANCIAL_CATALOG_BYTES_MISSING,source_inventory.json
2025-09,2025-09-01,XU100,ASELS,REJECTED_AT_SOURCE_PREFLIGHT,ORIGINAL_FINANCIAL_CATALOG_BYTES_MISSING,source_inventory.json
2025-09,2025-09-01,XU100,ASTOR,REJECTED_AT_SOURCE_PREFLIGHT,ORIGINAL_FINANCIAL_CATALOG_BYTES_MISSING,source_inventory.json
2025-09,2025-09-01,XU100,AVPGY,REJECTED_AT_SOURCE_PREFLIGHT,ORIGINAL_FINANCIAL_CATALOG_BYTES_MISSING,source_inventory.json
2025-09,2025-09-01,XU100,BALSU,REJECTED_AT_SOURCE_PREFLIGHT,ORIGINAL_FINANCIAL_CATALOG_BYTES_MISSING,source_inventory.json
2025-09,2025-09-01,XU100,BERA,REJECTED_AT_SOURCE_PREFLIGHT,ORIGINAL_FINANCIAL_CATALOG_BYTES_MISSING,source_inventory.json
2025-09,2025-09-01,XU100,BIMAS,REJECTED_AT_SOURCE_PREFLIGHT,ORIGINAL_FINANCIAL_CATALOG_BYTES_MISSING,source_inventory.json
2025-09,2025-09-01,XU100,BINHO,REJECTED_AT_SOURCE_PREFLIGHT,ORIGINAL_FINANCIAL_CATALOG_BYTES_MISSING,source_inventory.json
2025-09,2025-09-01,XU100,BRSAN,REJECTED_AT_SOURCE_PREFLIGHT,ORIGINAL_FINANCIAL_CATALOG_BYTES_MISSING,source_inventory.json
2025-09,2025-09-01,XU100,BRYAT,REJECTED_AT_SOURCE_PREFLIGHT,ORIGINAL_FINANCIAL_CATALOG_BYTES_MISSING,source_inventory.json
2025-09,2025-09-01,XU100,BSOKE,REJECTED_AT_SOURCE_PREFLIGHT,ORIGINAL_FINANCIAL_CATALOG_BYTES_MISSING,source_inventory.json
2025-09,2025-09-01,XU100,BTCIM,REJECTED_AT_SOURCE_PREFLIGHT,ORIGINAL_FINANCIAL_CATALOG_BYTES_MISSING,source_inventory.json
2025-09,2025-09-01,XU100,CANTE,REJECTED_AT_SOURCE_PREFLIGHT,ORIGINAL_FINANCIAL_CATALOG_BYTES_MISSING,source_inventory.json
2025-09,2025-09-01,XU100,CCOLA,REJECTED_AT_SOURCE_PREFLIGHT,ORIGINAL_FINANCIAL_CATALOG_BYTES_MISSING,source_inventory.json
2025-09,2025-09-01,XU100,CIMSA,REJECTED_AT_SOURCE_PREFLIGHT,ORIGINAL_FINANCIAL_CATALOG_BYTES_MISSING,source_inventory.json
2025-09,2025-09-01,XU100,CLEBI,REJECTED_AT_SOURCE_PREFLIGHT,ORIGINAL_FINANCIAL_CATALOG_BYTES_MISSING,source_inventory.json
2025-09,2025-09-01,XU100,CWENE,REJECTED_AT_SOURCE_PREFLIGHT,ORIGINAL_FINANCIAL_CATALOG_BYTES_MISSING,source_inventory.json
2025-09,2025-09-01,XU100,DOAS,REJECTED_AT_SOURCE_PREFLIGHT,ORIGINAL_FINANCIAL_CATALOG_BYTES_MISSING,source_inventory.json
2025-09,2025-09-01,XU100,DOHOL,REJECTED_AT_SOURCE_PREFLIGHT,ORIGINAL_FINANCIAL_CATALOG_BYTES_MISSING,source_inventory.json
2025-09,2025-09-01,XU100,DSTKF,REJECTED_AT_SOURCE_PREFLIGHT,ORIGINAL_FINANCIAL_CATALOG_BYTES_MISSING,source_inventory.json
2025-09,2025-09-01,XU100,EFORC,REJECTED_AT_SOURCE_PREFLIGHT,ORIGINAL_FINANCIAL_CATALOG_BYTES_MISSING,source_inventory.json
2025-09,2025-09-01,XU100,EGEEN,REJECTED_AT_SOURCE_PREFLIGHT,ORIGINAL_FINANCIAL_CATALOG_BYTES_MISSING,source_inventory.json
2025-09,2025-09-01,XU100,EKGYO,REJECTED_AT_SOURCE_PREFLIGHT,ORIGINAL_FINANCIAL_CATALOG_BYTES_MISSING,source_inventory.json
2025-09,2025-09-01,XU100,ENERY,REJECTED_AT_SOURCE_PREFLIGHT,ORIGINAL_FINANCIAL_CATALOG_BYTES_MISSING,source_inventory.json
2025-09,2025-09-01,XU100,ENJSA,REJECTED_AT_SOURCE_PREFLIGHT,ORIGINAL_FINANCIAL_CATALOG_BYTES_MISSING,source_inventory.json
2025-09,2025-09-01,XU100,ENKAI,REJECTED_AT_SOURCE_PREFLIGHT,ORIGINAL_FINANCIAL_CATALOG_BYTES_MISSING,source_inventory.json
2025-09,2025-09-01,XU100,EREGL,REJECTED_AT_SOURCE_PREFLIGHT,ORIGINAL_FINANCIAL_CATALOG_BYTES_MISSING,source_inventory.json
2025-09,2025-09-01,XU100,EUPWR,REJECTED_AT_SOURCE_PREFLIGHT,ORIGINAL_FINANCIAL_CATALOG_BYTES_MISSING,source_inventory.json
2025-09,2025-09-01,XU100,FENER,REJECTED_AT_SOURCE_PREFLIGHT,ORIGINAL_FINANCIAL_CATALOG_BYTES_MISSING,source_inventory.json
2025-09,2025-09-01,XU100,FROTO,REJECTED_AT_SOURCE_PREFLIGHT,ORIGINAL_FINANCIAL_CATALOG_BYTES_MISSING,source_inventory.json
2025-09,2025-09-01,XU100,GARAN,REJECTED_AT_SOURCE_PREFLIGHT,ORIGINAL_FINANCIAL_CATALOG_BYTES_MISSING,source_inventory.json
2025-09,2025-09-01,XU100,GENIL,REJECTED_AT_SOURCE_PREFLIGHT,ORIGINAL_FINANCIAL_CATALOG_BYTES_MISSING,source_inventory.json
2025-09,2025-09-01,XU100,GESAN,REJECTED_AT_SOURCE_PREFLIGHT,ORIGINAL_FINANCIAL_CATALOG_BYTES_MISSING,source_inventory.json
2025-09,2025-09-01,XU100,GLRMK,REJECTED_AT_SOURCE_PREFLIGHT,ORIGINAL_FINANCIAL_CATALOG_BYTES_MISSING,source_inventory.json
2025-09,2025-09-01,XU100,GRSEL,REJECTED_AT_SOURCE_PREFLIGHT,ORIGINAL_FINANCIAL_CATALOG_BYTES_MISSING,source_inventory.json
2025-09,2025-09-01,XU100,GRTHO,REJECTED_AT_SOURCE_PREFLIGHT,ORIGINAL_FINANCIAL_CATALOG_BYTES_MISSING,source_inventory.json
2025-09,2025-09-01,XU100,GSRAY,REJECTED_AT_SOURCE_PREFLIGHT,ORIGINAL_FINANCIAL_CATALOG_BYTES_MISSING,source_inventory.json
2025-09,2025-09-01,XU100,GUBRF,REJECTED_AT_SOURCE_PREFLIGHT,ORIGINAL_FINANCIAL_CATALOG_BYTES_MISSING,source_inventory.json
2025-09,2025-09-01,XU100,HALKB,REJECTED_AT_SOURCE_PREFLIGHT,ORIGINAL_FINANCIAL_CATALOG_BYTES_MISSING,source_inventory.json
2025-09,2025-09-01,XU100,HEKTS,REJECTED_AT_SOURCE_PREFLIGHT,ORIGINAL_FINANCIAL_CATALOG_BYTES_MISSING,source_inventory.json
2025-09,2025-09-01,XU100,IEYHO,REJECTED_AT_SOURCE_PREFLIGHT,ORIGINAL_FINANCIAL_CATALOG_BYTES_MISSING,source_inventory.json
2025-09,2025-09-01,XU100,IPEKE,REJECTED_AT_SOURCE_PREFLIGHT,ORIGINAL_FINANCIAL_CATALOG_BYTES_MISSING,source_inventory.json
2025-09,2025-09-01,XU100,ISCTR,REJECTED_AT_SOURCE_PREFLIGHT,ORIGINAL_FINANCIAL_CATALOG_BYTES_MISSING,source_inventory.json
2025-09,2025-09-01,XU100,ISMEN,REJECTED_AT_SOURCE_PREFLIGHT,ORIGINAL_FINANCIAL_CATALOG_BYTES_MISSING,source_inventory.json
2025-09,2025-09-01,XU100,KCAER,REJECTED_AT_SOURCE_PREFLIGHT,ORIGINAL_FINANCIAL_CATALOG_BYTES_MISSING,source_inventory.json
2025-09,2025-09-01,XU100,KCHOL,REJECTED_AT_SOURCE_PREFLIGHT,ORIGINAL_FINANCIAL_CATALOG_BYTES_MISSING,source_inventory.json
2025-09,2025-09-01,XU100,KONTR,REJECTED_AT_SOURCE_PREFLIGHT,ORIGINAL_FINANCIAL_CATALOG_BYTES_MISSING,source_inventory.json
2025-09,2025-09-01,XU100,KOZAA,REJECTED_AT_SOURCE_PREFLIGHT,ORIGINAL_FINANCIAL_CATALOG_BYTES_MISSING,source_inventory.json
2025-09,2025-09-01,XU100,KOZAL,REJECTED_AT_SOURCE_PREFLIGHT,ORIGINAL_FINANCIAL_CATALOG_BYTES_MISSING,source_inventory.json
2025-09,2025-09-01,XU100,KRDMD,REJECTED_AT_SOURCE_PREFLIGHT,ORIGINAL_FINANCIAL_CATALOG_BYTES_MISSING,source_inventory.json
2025-09,2025-09-01,XU100,KTLEV,REJECTED_AT_SOURCE_PREFLIGHT,ORIGINAL_FINANCIAL_CATALOG_BYTES_MISSING,source_inventory.json
2025-09,2025-09-01,XU100,KUYAS,REJECTED_AT_SOURCE_PREFLIGHT,ORIGINAL_FINANCIAL_CATALOG_BYTES_MISSING,source_inventory.json
2025-09,2025-09-01,XU100,LMKDC,REJECTED_AT_SOURCE_PREFLIGHT,ORIGINAL_FINANCIAL_CATALOG_BYTES_MISSING,source_inventory.json
2025-09,2025-09-01,XU100,MAGEN,REJECTED_AT_SOURCE_PREFLIGHT,ORIGINAL_FINANCIAL_CATALOG_BYTES_MISSING,source_inventory.json
2025-09,2025-09-01,XU100,MAVI,REJECTED_AT_SOURCE_PREFLIGHT,ORIGINAL_FINANCIAL_CATALOG_BYTES_MISSING,source_inventory.json
2025-09,2025-09-01,XU100,MGROS,REJECTED_AT_SOURCE_PREFLIGHT,ORIGINAL_FINANCIAL_CATALOG_BYTES_MISSING,source_inventory.json
2025-09,2025-09-01,XU100,MIATK,REJECTED_AT_SOURCE_PREFLIGHT,ORIGINAL_FINANCIAL_CATALOG_BYTES_MISSING,source_inventory.json
2025-09,2025-09-01,XU100,MPARK,REJECTED_AT_SOURCE_PREFLIGHT,ORIGINAL_FINANCIAL_CATALOG_BYTES_MISSING,source_inventory.json
2025-09,2025-09-01,XU100,OBAMS,REJECTED_AT_SOURCE_PREFLIGHT,ORIGINAL_FINANCIAL_CATALOG_BYTES_MISSING,source_inventory.json
2025-09,2025-09-01,XU100,ODAS,REJECTED_AT_SOURCE_PREFLIGHT,ORIGINAL_FINANCIAL_CATALOG_BYTES_MISSING,source_inventory.json
2025-09,2025-09-01,XU100,OTKAR,REJECTED_AT_SOURCE_PREFLIGHT,ORIGINAL_FINANCIAL_CATALOG_BYTES_MISSING,source_inventory.json
2025-09,2025-09-01,XU100,OYAKC,REJECTED_AT_SOURCE_PREFLIGHT,ORIGINAL_FINANCIAL_CATALOG_BYTES_MISSING,source_inventory.json
2025-09,2025-09-01,XU100,PASEU,REJECTED_AT_SOURCE_PREFLIGHT,ORIGINAL_FINANCIAL_CATALOG_BYTES_MISSING,source_inventory.json
2025-09,2025-09-01,XU100,PETKM,REJECTED_AT_SOURCE_PREFLIGHT,ORIGINAL_FINANCIAL_CATALOG_BYTES_MISSING,source_inventory.json
2025-09,2025-09-01,XU100,PGSUS,REJECTED_AT_SOURCE_PREFLIGHT,ORIGINAL_FINANCIAL_CATALOG_BYTES_MISSING,source_inventory.json
2025-09,2025-09-01,XU100,RALYH,REJECTED_AT_SOURCE_PREFLIGHT,ORIGINAL_FINANCIAL_CATALOG_BYTES_MISSING,source_inventory.json
2025-09,2025-09-01,XU100,REEDR,REJECTED_AT_SOURCE_PREFLIGHT,ORIGINAL_FINANCIAL_CATALOG_BYTES_MISSING,source_inventory.json
2025-09,2025-09-01,XU100,SAHOL,REJECTED_AT_SOURCE_PREFLIGHT,ORIGINAL_FINANCIAL_CATALOG_BYTES_MISSING,source_inventory.json
2025-09,2025-09-01,XU100,SASA,REJECTED_AT_SOURCE_PREFLIGHT,ORIGINAL_FINANCIAL_CATALOG_BYTES_MISSING,source_inventory.json
2025-09,2025-09-01,XU100,SISE,REJECTED_AT_SOURCE_PREFLIGHT,ORIGINAL_FINANCIAL_CATALOG_BYTES_MISSING,source_inventory.json
2025-09,2025-09-01,XU100,SKBNK,REJECTED_AT_SOURCE_PREFLIGHT,ORIGINAL_FINANCIAL_CATALOG_BYTES_MISSING,source_inventory.json
2025-09,2025-09-01,XU100,SMRTG,REJECTED_AT_SOURCE_PREFLIGHT,ORIGINAL_FINANCIAL_CATALOG_BYTES_MISSING,source_inventory.json
2025-09,2025-09-01,XU100,SOKM,REJECTED_AT_SOURCE_PREFLIGHT,ORIGINAL_FINANCIAL_CATALOG_BYTES_MISSING,source_inventory.json
2025-09,2025-09-01,XU100,TABGD,REJECTED_AT_SOURCE_PREFLIGHT,ORIGINAL_FINANCIAL_CATALOG_BYTES_MISSING,source_inventory.json
2025-09,2025-09-01,XU100,TAVHL,REJECTED_AT_SOURCE_PREFLIGHT,ORIGINAL_FINANCIAL_CATALOG_BYTES_MISSING,source_inventory.json
2025-09,2025-09-01,XU100,TCELL,REJECTED_AT_SOURCE_PREFLIGHT,ORIGINAL_FINANCIAL_CATALOG_BYTES_MISSING,source_inventory.json
2025-09,2025-09-01,XU100,THYAO,REJECTED_AT_SOURCE_PREFLIGHT,ORIGINAL_FINANCIAL_CATALOG_BYTES_MISSING,source_inventory.json
2025-09,2025-09-01,XU100,TKFEN,REJECTED_AT_SOURCE_PREFLIGHT,ORIGINAL_FINANCIAL_CATALOG_BYTES_MISSING,source_inventory.json
2025-09,2025-09-01,XU100,TOASO,REJECTED_AT_SOURCE_PREFLIGHT,ORIGINAL_FINANCIAL_CATALOG_BYTES_MISSING,source_inventory.json
2025-09,2025-09-01,XU100,TSKB,REJECTED_AT_SOURCE_PREFLIGHT,ORIGINAL_FINANCIAL_CATALOG_BYTES_MISSING,source_inventory.json
2025-09,2025-09-01,XU100,TTKOM,REJECTED_AT_SOURCE_PREFLIGHT,ORIGINAL_FINANCIAL_CATALOG_BYTES_MISSING,source_inventory.json
2025-09,2025-09-01,XU100,TTRAK,REJECTED_AT_SOURCE_PREFLIGHT,ORIGINAL_FINANCIAL_CATALOG_BYTES_MISSING,source_inventory.json
2025-09,2025-09-01,XU100,TUPRS,REJECTED_AT_SOURCE_PREFLIGHT,ORIGINAL_FINANCIAL_CATALOG_BYTES_MISSING,source_inventory.json
2025-09,2025-09-01,XU100,TUREX,REJECTED_AT_SOURCE_PREFLIGHT,ORIGINAL_FINANCIAL_CATALOG_BYTES_MISSING,source_inventory.json
2025-09,2025-09-01,XU100,TURSG,REJECTED_AT_SOURCE_PREFLIGHT,ORIGINAL_FINANCIAL_CATALOG_BYTES_MISSING,source_inventory.json
2025-09,2025-09-01,XU100,ULKER,REJECTED_AT_SOURCE_PREFLIGHT,ORIGINAL_FINANCIAL_CATALOG_BYTES_MISSING,source_inventory.json
2025-09,2025-09-01,XU100,VAKBN,REJECTED_AT_SOURCE_PREFLIGHT,ORIGINAL_FINANCIAL_CATALOG_BYTES_MISSING,source_inventory.json
2025-09,2025-09-01,XU100,VESTL,REJECTED_AT_SOURCE_PREFLIGHT,ORIGINAL_FINANCIAL_CATALOG_BYTES_MISSING,source_inventory.json
2025-09,2025-09-01,XU100,YEOTK,REJECTED_AT_SOURCE_PREFLIGHT,ORIGINAL_FINANCIAL_CATALOG_BYTES_MISSING,source_inventory.json
2025-09,2025-09-01,XU100,YKBNK,REJECTED_AT_SOURCE_PREFLIGHT,ORIGINAL_FINANCIAL_CATALOG_BYTES_MISSING,source_inventory.json
2025-09,2025-09-01,XU100,ZOREN,REJECTED_AT_SOURCE_PREFLIGHT,ORIGINAL_FINANCIAL_CATALOG_BYTES_MISSING,source_inventory.json
2025-10,2025-10-01,XU100,AEFES,REJECTED_AT_SOURCE_PREFLIGHT,ORIGINAL_FINANCIAL_CATALOG_BYTES_MISSING,source_inventory.json
2025-10,2025-10-01,XU100,AGHOL,REJECTED_AT_SOURCE_PREFLIGHT,ORIGINAL_FINANCIAL_CATALOG_BYTES_MISSING,source_inventory.json
2025-10,2025-10-01,XU100,AKBNK,REJECTED_AT_SOURCE_PREFLIGHT,ORIGINAL_FINANCIAL_CATALOG_BYTES_MISSING,source_inventory.json
2025-10,2025-10-01,XU100,AKSA,REJECTED_AT_SOURCE_PREFLIGHT,ORIGINAL_FINANCIAL_CATALOG_BYTES_MISSING,source_inventory.json
2025-10,2025-10-01,XU100,AKSEN,REJECTED_AT_SOURCE_PREFLIGHT,ORIGINAL_FINANCIAL_CATALOG_BYTES_MISSING,source_inventory.json
2025-10,2025-10-01,XU100,ALARK,REJECTED_AT_SOURCE_PREFLIGHT,ORIGINAL_FINANCIAL_CATALOG_BYTES_MISSING,source_inventory.json
2025-10,2025-10-01,XU100,ALTNY,REJECTED_AT_SOURCE_PREFLIGHT,ORIGINAL_FINANCIAL_CATALOG_BYTES_MISSING,source_inventory.json
2025-10,2025-10-01,XU100,ANSGR,REJECTED_AT_SOURCE_PREFLIGHT,ORIGINAL_FINANCIAL_CATALOG_BYTES_MISSING,source_inventory.json
2025-10,2025-10-01,XU100,ARCLK,REJECTED_AT_SOURCE_PREFLIGHT,ORIGINAL_FINANCIAL_CATALOG_BYTES_MISSING,source_inventory.json
2025-10,2025-10-01,XU100,ASELS,REJECTED_AT_SOURCE_PREFLIGHT,ORIGINAL_FINANCIAL_CATALOG_BYTES_MISSING,source_inventory.json
2025-10,2025-10-01,XU100,ASTOR,REJECTED_AT_SOURCE_PREFLIGHT,ORIGINAL_FINANCIAL_CATALOG_BYTES_MISSING,source_inventory.json
2025-10,2025-10-01,XU100,BALSU,REJECTED_AT_SOURCE_PREFLIGHT,ORIGINAL_FINANCIAL_CATALOG_BYTES_MISSING,source_inventory.json
2025-10,2025-10-01,XU100,BIMAS,REJECTED_AT_SOURCE_PREFLIGHT,ORIGINAL_FINANCIAL_CATALOG_BYTES_MISSING,source_inventory.json
2025-10,2025-10-01,XU100,BINHO,REJECTED_AT_SOURCE_PREFLIGHT,ORIGINAL_FINANCIAL_CATALOG_BYTES_MISSING,source_inventory.json
2025-10,2025-10-01,XU100,BRSAN,REJECTED_AT_SOURCE_PREFLIGHT,ORIGINAL_FINANCIAL_CATALOG_BYTES_MISSING,source_inventory.json
2025-10,2025-10-01,XU100,BRYAT,REJECTED_AT_SOURCE_PREFLIGHT,ORIGINAL_FINANCIAL_CATALOG_BYTES_MISSING,source_inventory.json
2025-10,2025-10-01,XU100,BSOKE,REJECTED_AT_SOURCE_PREFLIGHT,ORIGINAL_FINANCIAL_CATALOG_BYTES_MISSING,source_inventory.json
2025-10,2025-10-01,XU100,BTCIM,REJECTED_AT_SOURCE_PREFLIGHT,ORIGINAL_FINANCIAL_CATALOG_BYTES_MISSING,source_inventory.json
2025-10,2025-10-01,XU100,CANTE,REJECTED_AT_SOURCE_PREFLIGHT,ORIGINAL_FINANCIAL_CATALOG_BYTES_MISSING,source_inventory.json
2025-10,2025-10-01,XU100,CCOLA,REJECTED_AT_SOURCE_PREFLIGHT,ORIGINAL_FINANCIAL_CATALOG_BYTES_MISSING,source_inventory.json
2025-10,2025-10-01,XU100,CIMSA,REJECTED_AT_SOURCE_PREFLIGHT,ORIGINAL_FINANCIAL_CATALOG_BYTES_MISSING,source_inventory.json
2025-10,2025-10-01,XU100,CLEBI,REJECTED_AT_SOURCE_PREFLIGHT,ORIGINAL_FINANCIAL_CATALOG_BYTES_MISSING,source_inventory.json
2025-10,2025-10-01,XU100,CWENE,REJECTED_AT_SOURCE_PREFLIGHT,ORIGINAL_FINANCIAL_CATALOG_BYTES_MISSING,source_inventory.json
2025-10,2025-10-01,XU100,DAPGM,REJECTED_AT_SOURCE_PREFLIGHT,ORIGINAL_FINANCIAL_CATALOG_BYTES_MISSING,source_inventory.json
2025-10,2025-10-01,XU100,DOAS,REJECTED_AT_SOURCE_PREFLIGHT,ORIGINAL_FINANCIAL_CATALOG_BYTES_MISSING,source_inventory.json
2025-10,2025-10-01,XU100,DOHOL,REJECTED_AT_SOURCE_PREFLIGHT,ORIGINAL_FINANCIAL_CATALOG_BYTES_MISSING,source_inventory.json
2025-10,2025-10-01,XU100,DSTKF,REJECTED_AT_SOURCE_PREFLIGHT,ORIGINAL_FINANCIAL_CATALOG_BYTES_MISSING,source_inventory.json
2025-10,2025-10-01,XU100,ECILC,REJECTED_AT_SOURCE_PREFLIGHT,ORIGINAL_FINANCIAL_CATALOG_BYTES_MISSING,source_inventory.json
2025-10,2025-10-01,XU100,EFORC,REJECTED_AT_SOURCE_PREFLIGHT,ORIGINAL_FINANCIAL_CATALOG_BYTES_MISSING,source_inventory.json
2025-10,2025-10-01,XU100,EGEEN,REJECTED_AT_SOURCE_PREFLIGHT,ORIGINAL_FINANCIAL_CATALOG_BYTES_MISSING,source_inventory.json
2025-10,2025-10-01,XU100,EKGYO,REJECTED_AT_SOURCE_PREFLIGHT,ORIGINAL_FINANCIAL_CATALOG_BYTES_MISSING,source_inventory.json
2025-10,2025-10-01,XU100,ENERY,REJECTED_AT_SOURCE_PREFLIGHT,ORIGINAL_FINANCIAL_CATALOG_BYTES_MISSING,source_inventory.json
2025-10,2025-10-01,XU100,ENJSA,REJECTED_AT_SOURCE_PREFLIGHT,ORIGINAL_FINANCIAL_CATALOG_BYTES_MISSING,source_inventory.json
2025-10,2025-10-01,XU100,ENKAI,REJECTED_AT_SOURCE_PREFLIGHT,ORIGINAL_FINANCIAL_CATALOG_BYTES_MISSING,source_inventory.json
2025-10,2025-10-01,XU100,EREGL,REJECTED_AT_SOURCE_PREFLIGHT,ORIGINAL_FINANCIAL_CATALOG_BYTES_MISSING,source_inventory.json
2025-10,2025-10-01,XU100,EUPWR,REJECTED_AT_SOURCE_PREFLIGHT,ORIGINAL_FINANCIAL_CATALOG_BYTES_MISSING,source_inventory.json
2025-10,2025-10-01,XU100,FENER,REJECTED_AT_SOURCE_PREFLIGHT,ORIGINAL_FINANCIAL_CATALOG_BYTES_MISSING,source_inventory.json
2025-10,2025-10-01,XU100,FROTO,REJECTED_AT_SOURCE_PREFLIGHT,ORIGINAL_FINANCIAL_CATALOG_BYTES_MISSING,source_inventory.json
2025-10,2025-10-01,XU100,GARAN,REJECTED_AT_SOURCE_PREFLIGHT,ORIGINAL_FINANCIAL_CATALOG_BYTES_MISSING,source_inventory.json
2025-10,2025-10-01,XU100,GENIL,REJECTED_AT_SOURCE_PREFLIGHT,ORIGINAL_FINANCIAL_CATALOG_BYTES_MISSING,source_inventory.json
2025-10,2025-10-01,XU100,GESAN,REJECTED_AT_SOURCE_PREFLIGHT,ORIGINAL_FINANCIAL_CATALOG_BYTES_MISSING,source_inventory.json
2025-10,2025-10-01,XU100,GLRMK,REJECTED_AT_SOURCE_PREFLIGHT,ORIGINAL_FINANCIAL_CATALOG_BYTES_MISSING,source_inventory.json
2025-10,2025-10-01,XU100,GRSEL,REJECTED_AT_SOURCE_PREFLIGHT,ORIGINAL_FINANCIAL_CATALOG_BYTES_MISSING,source_inventory.json
2025-10,2025-10-01,XU100,GRTHO,REJECTED_AT_SOURCE_PREFLIGHT,ORIGINAL_FINANCIAL_CATALOG_BYTES_MISSING,source_inventory.json
2025-10,2025-10-01,XU100,GSRAY,REJECTED_AT_SOURCE_PREFLIGHT,ORIGINAL_FINANCIAL_CATALOG_BYTES_MISSING,source_inventory.json
2025-10,2025-10-01,XU100,GUBRF,REJECTED_AT_SOURCE_PREFLIGHT,ORIGINAL_FINANCIAL_CATALOG_BYTES_MISSING,source_inventory.json
2025-10,2025-10-01,XU100,HALKB,REJECTED_AT_SOURCE_PREFLIGHT,ORIGINAL_FINANCIAL_CATALOG_BYTES_MISSING,source_inventory.json
2025-10,2025-10-01,XU100,HEKTS,REJECTED_AT_SOURCE_PREFLIGHT,ORIGINAL_FINANCIAL_CATALOG_BYTES_MISSING,source_inventory.json
2025-10,2025-10-01,XU100,IEYHO,REJECTED_AT_SOURCE_PREFLIGHT,ORIGINAL_FINANCIAL_CATALOG_BYTES_MISSING,source_inventory.json
2025-10,2025-10-01,XU100,IPEKE,REJECTED_AT_SOURCE_PREFLIGHT,ORIGINAL_FINANCIAL_CATALOG_BYTES_MISSING,source_inventory.json
2025-10,2025-10-01,XU100,ISCTR,REJECTED_AT_SOURCE_PREFLIGHT,ORIGINAL_FINANCIAL_CATALOG_BYTES_MISSING,source_inventory.json
2025-10,2025-10-01,XU100,ISMEN,REJECTED_AT_SOURCE_PREFLIGHT,ORIGINAL_FINANCIAL_CATALOG_BYTES_MISSING,source_inventory.json
2025-10,2025-10-01,XU100,KCAER,REJECTED_AT_SOURCE_PREFLIGHT,ORIGINAL_FINANCIAL_CATALOG_BYTES_MISSING,source_inventory.json
2025-10,2025-10-01,XU100,KCHOL,REJECTED_AT_SOURCE_PREFLIGHT,ORIGINAL_FINANCIAL_CATALOG_BYTES_MISSING,source_inventory.json
2025-10,2025-10-01,XU100,KONTR,REJECTED_AT_SOURCE_PREFLIGHT,ORIGINAL_FINANCIAL_CATALOG_BYTES_MISSING,source_inventory.json
2025-10,2025-10-01,XU100,KOZAA,REJECTED_AT_SOURCE_PREFLIGHT,ORIGINAL_FINANCIAL_CATALOG_BYTES_MISSING,source_inventory.json
2025-10,2025-10-01,XU100,KOZAL,REJECTED_AT_SOURCE_PREFLIGHT,ORIGINAL_FINANCIAL_CATALOG_BYTES_MISSING,source_inventory.json
2025-10,2025-10-01,XU100,KRDMD,REJECTED_AT_SOURCE_PREFLIGHT,ORIGINAL_FINANCIAL_CATALOG_BYTES_MISSING,source_inventory.json
2025-10,2025-10-01,XU100,KTLEV,REJECTED_AT_SOURCE_PREFLIGHT,ORIGINAL_FINANCIAL_CATALOG_BYTES_MISSING,source_inventory.json
2025-10,2025-10-01,XU100,KUYAS,REJECTED_AT_SOURCE_PREFLIGHT,ORIGINAL_FINANCIAL_CATALOG_BYTES_MISSING,source_inventory.json
2025-10,2025-10-01,XU100,MAGEN,REJECTED_AT_SOURCE_PREFLIGHT,ORIGINAL_FINANCIAL_CATALOG_BYTES_MISSING,source_inventory.json
2025-10,2025-10-01,XU100,MAVI,REJECTED_AT_SOURCE_PREFLIGHT,ORIGINAL_FINANCIAL_CATALOG_BYTES_MISSING,source_inventory.json
2025-10,2025-10-01,XU100,MGROS,REJECTED_AT_SOURCE_PREFLIGHT,ORIGINAL_FINANCIAL_CATALOG_BYTES_MISSING,source_inventory.json
2025-10,2025-10-01,XU100,MIATK,REJECTED_AT_SOURCE_PREFLIGHT,ORIGINAL_FINANCIAL_CATALOG_BYTES_MISSING,source_inventory.json
2025-10,2025-10-01,XU100,MPARK,REJECTED_AT_SOURCE_PREFLIGHT,ORIGINAL_FINANCIAL_CATALOG_BYTES_MISSING,source_inventory.json
2025-10,2025-10-01,XU100,OBAMS,REJECTED_AT_SOURCE_PREFLIGHT,ORIGINAL_FINANCIAL_CATALOG_BYTES_MISSING,source_inventory.json
2025-10,2025-10-01,XU100,ODAS,REJECTED_AT_SOURCE_PREFLIGHT,ORIGINAL_FINANCIAL_CATALOG_BYTES_MISSING,source_inventory.json
2025-10,2025-10-01,XU100,OTKAR,REJECTED_AT_SOURCE_PREFLIGHT,ORIGINAL_FINANCIAL_CATALOG_BYTES_MISSING,source_inventory.json
2025-10,2025-10-01,XU100,OYAKC,REJECTED_AT_SOURCE_PREFLIGHT,ORIGINAL_FINANCIAL_CATALOG_BYTES_MISSING,source_inventory.json
2025-10,2025-10-01,XU100,PASEU,REJECTED_AT_SOURCE_PREFLIGHT,ORIGINAL_FINANCIAL_CATALOG_BYTES_MISSING,source_inventory.json
2025-10,2025-10-01,XU100,PATEK,REJECTED_AT_SOURCE_PREFLIGHT,ORIGINAL_FINANCIAL_CATALOG_BYTES_MISSING,source_inventory.json
2025-10,2025-10-01,XU100,PETKM,REJECTED_AT_SOURCE_PREFLIGHT,ORIGINAL_FINANCIAL_CATALOG_BYTES_MISSING,source_inventory.json
2025-10,2025-10-01,XU100,PGSUS,REJECTED_AT_SOURCE_PREFLIGHT,ORIGINAL_FINANCIAL_CATALOG_BYTES_MISSING,source_inventory.json
2025-10,2025-10-01,XU100,RALYH,REJECTED_AT_SOURCE_PREFLIGHT,ORIGINAL_FINANCIAL_CATALOG_BYTES_MISSING,source_inventory.json
2025-10,2025-10-01,XU100,REEDR,REJECTED_AT_SOURCE_PREFLIGHT,ORIGINAL_FINANCIAL_CATALOG_BYTES_MISSING,source_inventory.json
2025-10,2025-10-01,XU100,SAHOL,REJECTED_AT_SOURCE_PREFLIGHT,ORIGINAL_FINANCIAL_CATALOG_BYTES_MISSING,source_inventory.json
2025-10,2025-10-01,XU100,SASA,REJECTED_AT_SOURCE_PREFLIGHT,ORIGINAL_FINANCIAL_CATALOG_BYTES_MISSING,source_inventory.json
2025-10,2025-10-01,XU100,SISE,REJECTED_AT_SOURCE_PREFLIGHT,ORIGINAL_FINANCIAL_CATALOG_BYTES_MISSING,source_inventory.json
2025-10,2025-10-01,XU100,SKBNK,REJECTED_AT_SOURCE_PREFLIGHT,ORIGINAL_FINANCIAL_CATALOG_BYTES_MISSING,source_inventory.json
2025-10,2025-10-01,XU100,SOKM,REJECTED_AT_SOURCE_PREFLIGHT,ORIGINAL_FINANCIAL_CATALOG_BYTES_MISSING,source_inventory.json
2025-10,2025-10-01,XU100,TABGD,REJECTED_AT_SOURCE_PREFLIGHT,ORIGINAL_FINANCIAL_CATALOG_BYTES_MISSING,source_inventory.json
2025-10,2025-10-01,XU100,TAVHL,REJECTED_AT_SOURCE_PREFLIGHT,ORIGINAL_FINANCIAL_CATALOG_BYTES_MISSING,source_inventory.json
2025-10,2025-10-01,XU100,TCELL,REJECTED_AT_SOURCE_PREFLIGHT,ORIGINAL_FINANCIAL_CATALOG_BYTES_MISSING,source_inventory.json
2025-10,2025-10-01,XU100,THYAO,REJECTED_AT_SOURCE_PREFLIGHT,ORIGINAL_FINANCIAL_CATALOG_BYTES_MISSING,source_inventory.json
2025-10,2025-10-01,XU100,TKFEN,REJECTED_AT_SOURCE_PREFLIGHT,ORIGINAL_FINANCIAL_CATALOG_BYTES_MISSING,source_inventory.json
2025-10,2025-10-01,XU100,TOASO,REJECTED_AT_SOURCE_PREFLIGHT,ORIGINAL_FINANCIAL_CATALOG_BYTES_MISSING,source_inventory.json
2025-10,2025-10-01,XU100,TSKB,REJECTED_AT_SOURCE_PREFLIGHT,ORIGINAL_FINANCIAL_CATALOG_BYTES_MISSING,source_inventory.json
2025-10,2025-10-01,XU100,TSPOR,REJECTED_AT_SOURCE_PREFLIGHT,ORIGINAL_FINANCIAL_CATALOG_BYTES_MISSING,source_inventory.json
2025-10,2025-10-01,XU100,TTKOM,REJECTED_AT_SOURCE_PREFLIGHT,ORIGINAL_FINANCIAL_CATALOG_BYTES_MISSING,source_inventory.json
2025-10,2025-10-01,XU100,TTRAK,REJECTED_AT_SOURCE_PREFLIGHT,ORIGINAL_FINANCIAL_CATALOG_BYTES_MISSING,source_inventory.json
2025-10,2025-10-01,XU100,TUKAS,REJECTED_AT_SOURCE_PREFLIGHT,ORIGINAL_FINANCIAL_CATALOG_BYTES_MISSING,source_inventory.json
2025-10,2025-10-01,XU100,TUPRS,REJECTED_AT_SOURCE_PREFLIGHT,ORIGINAL_FINANCIAL_CATALOG_BYTES_MISSING,source_inventory.json
2025-10,2025-10-01,XU100,TUREX,REJECTED_AT_SOURCE_PREFLIGHT,ORIGINAL_FINANCIAL_CATALOG_BYTES_MISSING,source_inventory.json
2025-10,2025-10-01,XU100,TURSG,REJECTED_AT_SOURCE_PREFLIGHT,ORIGINAL_FINANCIAL_CATALOG_BYTES_MISSING,source_inventory.json
2025-10,2025-10-01,XU100,ULKER,REJECTED_AT_SOURCE_PREFLIGHT,ORIGINAL_FINANCIAL_CATALOG_BYTES_MISSING,source_inventory.json
2025-10,2025-10-01,XU100,VAKBN,REJECTED_AT_SOURCE_PREFLIGHT,ORIGINAL_FINANCIAL_CATALOG_BYTES_MISSING,source_inventory.json
2025-10,2025-10-01,XU100,VESTL,REJECTED_AT_SOURCE_PREFLIGHT,ORIGINAL_FINANCIAL_CATALOG_BYTES_MISSING,source_inventory.json
2025-10,2025-10-01,XU100,YEOTK,REJECTED_AT_SOURCE_PREFLIGHT,ORIGINAL_FINANCIAL_CATALOG_BYTES_MISSING,source_inventory.json
2025-10,2025-10-01,XU100,YKBNK,REJECTED_AT_SOURCE_PREFLIGHT,ORIGINAL_FINANCIAL_CATALOG_BYTES_MISSING,source_inventory.json
2025-10,2025-10-01,XU100,ZOREN,REJECTED_AT_SOURCE_PREFLIGHT,ORIGINAL_FINANCIAL_CATALOG_BYTES_MISSING,source_inventory.json
2025-11,2025-11-03,XU100,AEFES,REJECTED_AT_SOURCE_PREFLIGHT,ORIGINAL_FINANCIAL_CATALOG_BYTES_MISSING,source_inventory.json
2025-11,2025-11-03,XU100,AGHOL,REJECTED_AT_SOURCE_PREFLIGHT,ORIGINAL_FINANCIAL_CATALOG_BYTES_MISSING,source_inventory.json
2025-11,2025-11-03,XU100,AKBNK,REJECTED_AT_SOURCE_PREFLIGHT,ORIGINAL_FINANCIAL_CATALOG_BYTES_MISSING,source_inventory.json
2025-11,2025-11-03,XU100,AKSA,REJECTED_AT_SOURCE_PREFLIGHT,ORIGINAL_FINANCIAL_CATALOG_BYTES_MISSING,source_inventory.json
2025-11,2025-11-03,XU100,AKSEN,REJECTED_AT_SOURCE_PREFLIGHT,ORIGINAL_FINANCIAL_CATALOG_BYTES_MISSING,source_inventory.json
2025-11,2025-11-03,XU100,ALARK,REJECTED_AT_SOURCE_PREFLIGHT,ORIGINAL_FINANCIAL_CATALOG_BYTES_MISSING,source_inventory.json
2025-11,2025-11-03,XU100,ALTNY,REJECTED_AT_SOURCE_PREFLIGHT,ORIGINAL_FINANCIAL_CATALOG_BYTES_MISSING,source_inventory.json
2025-11,2025-11-03,XU100,ANSGR,REJECTED_AT_SOURCE_PREFLIGHT,ORIGINAL_FINANCIAL_CATALOG_BYTES_MISSING,source_inventory.json
2025-11,2025-11-03,XU100,ARCLK,REJECTED_AT_SOURCE_PREFLIGHT,ORIGINAL_FINANCIAL_CATALOG_BYTES_MISSING,source_inventory.json
2025-11,2025-11-03,XU100,ASELS,REJECTED_AT_SOURCE_PREFLIGHT,ORIGINAL_FINANCIAL_CATALOG_BYTES_MISSING,source_inventory.json
2025-11,2025-11-03,XU100,ASTOR,REJECTED_AT_SOURCE_PREFLIGHT,ORIGINAL_FINANCIAL_CATALOG_BYTES_MISSING,source_inventory.json
2025-11,2025-11-03,XU100,BALSU,REJECTED_AT_SOURCE_PREFLIGHT,ORIGINAL_FINANCIAL_CATALOG_BYTES_MISSING,source_inventory.json
2025-11,2025-11-03,XU100,BIMAS,REJECTED_AT_SOURCE_PREFLIGHT,ORIGINAL_FINANCIAL_CATALOG_BYTES_MISSING,source_inventory.json
2025-11,2025-11-03,XU100,BINHO,REJECTED_AT_SOURCE_PREFLIGHT,ORIGINAL_FINANCIAL_CATALOG_BYTES_MISSING,source_inventory.json
2025-11,2025-11-03,XU100,BRSAN,REJECTED_AT_SOURCE_PREFLIGHT,ORIGINAL_FINANCIAL_CATALOG_BYTES_MISSING,source_inventory.json
2025-11,2025-11-03,XU100,BRYAT,REJECTED_AT_SOURCE_PREFLIGHT,ORIGINAL_FINANCIAL_CATALOG_BYTES_MISSING,source_inventory.json
2025-11,2025-11-03,XU100,BSOKE,REJECTED_AT_SOURCE_PREFLIGHT,ORIGINAL_FINANCIAL_CATALOG_BYTES_MISSING,source_inventory.json
2025-11,2025-11-03,XU100,BTCIM,REJECTED_AT_SOURCE_PREFLIGHT,ORIGINAL_FINANCIAL_CATALOG_BYTES_MISSING,source_inventory.json
2025-11,2025-11-03,XU100,CANTE,REJECTED_AT_SOURCE_PREFLIGHT,ORIGINAL_FINANCIAL_CATALOG_BYTES_MISSING,source_inventory.json
2025-11,2025-11-03,XU100,CCOLA,REJECTED_AT_SOURCE_PREFLIGHT,ORIGINAL_FINANCIAL_CATALOG_BYTES_MISSING,source_inventory.json
2025-11,2025-11-03,XU100,CIMSA,REJECTED_AT_SOURCE_PREFLIGHT,ORIGINAL_FINANCIAL_CATALOG_BYTES_MISSING,source_inventory.json
2025-11,2025-11-03,XU100,CLEBI,REJECTED_AT_SOURCE_PREFLIGHT,ORIGINAL_FINANCIAL_CATALOG_BYTES_MISSING,source_inventory.json
2025-11,2025-11-03,XU100,CWENE,REJECTED_AT_SOURCE_PREFLIGHT,ORIGINAL_FINANCIAL_CATALOG_BYTES_MISSING,source_inventory.json
2025-11,2025-11-03,XU100,DAPGM,REJECTED_AT_SOURCE_PREFLIGHT,ORIGINAL_FINANCIAL_CATALOG_BYTES_MISSING,source_inventory.json
2025-11,2025-11-03,XU100,DOAS,REJECTED_AT_SOURCE_PREFLIGHT,ORIGINAL_FINANCIAL_CATALOG_BYTES_MISSING,source_inventory.json
2025-11,2025-11-03,XU100,DOHOL,REJECTED_AT_SOURCE_PREFLIGHT,ORIGINAL_FINANCIAL_CATALOG_BYTES_MISSING,source_inventory.json
2025-11,2025-11-03,XU100,DSTKF,REJECTED_AT_SOURCE_PREFLIGHT,ORIGINAL_FINANCIAL_CATALOG_BYTES_MISSING,source_inventory.json
2025-11,2025-11-03,XU100,ECILC,REJECTED_AT_SOURCE_PREFLIGHT,ORIGINAL_FINANCIAL_CATALOG_BYTES_MISSING,source_inventory.json
2025-11,2025-11-03,XU100,EFOR,REJECTED_AT_SOURCE_PREFLIGHT,ORIGINAL_FINANCIAL_CATALOG_BYTES_MISSING,source_inventory.json
2025-11,2025-11-03,XU100,EGEEN,REJECTED_AT_SOURCE_PREFLIGHT,ORIGINAL_FINANCIAL_CATALOG_BYTES_MISSING,source_inventory.json
2025-11,2025-11-03,XU100,EKGYO,REJECTED_AT_SOURCE_PREFLIGHT,ORIGINAL_FINANCIAL_CATALOG_BYTES_MISSING,source_inventory.json
2025-11,2025-11-03,XU100,ENERY,REJECTED_AT_SOURCE_PREFLIGHT,ORIGINAL_FINANCIAL_CATALOG_BYTES_MISSING,source_inventory.json
2025-11,2025-11-03,XU100,ENJSA,REJECTED_AT_SOURCE_PREFLIGHT,ORIGINAL_FINANCIAL_CATALOG_BYTES_MISSING,source_inventory.json
2025-11,2025-11-03,XU100,ENKAI,REJECTED_AT_SOURCE_PREFLIGHT,ORIGINAL_FINANCIAL_CATALOG_BYTES_MISSING,source_inventory.json
2025-11,2025-11-03,XU100,EREGL,REJECTED_AT_SOURCE_PREFLIGHT,ORIGINAL_FINANCIAL_CATALOG_BYTES_MISSING,source_inventory.json
2025-11,2025-11-03,XU100,EUPWR,REJECTED_AT_SOURCE_PREFLIGHT,ORIGINAL_FINANCIAL_CATALOG_BYTES_MISSING,source_inventory.json
2025-11,2025-11-03,XU100,FENER,REJECTED_AT_SOURCE_PREFLIGHT,ORIGINAL_FINANCIAL_CATALOG_BYTES_MISSING,source_inventory.json
2025-11,2025-11-03,XU100,FROTO,REJECTED_AT_SOURCE_PREFLIGHT,ORIGINAL_FINANCIAL_CATALOG_BYTES_MISSING,source_inventory.json
2025-11,2025-11-03,XU100,GARAN,REJECTED_AT_SOURCE_PREFLIGHT,ORIGINAL_FINANCIAL_CATALOG_BYTES_MISSING,source_inventory.json
2025-11,2025-11-03,XU100,GENIL,REJECTED_AT_SOURCE_PREFLIGHT,ORIGINAL_FINANCIAL_CATALOG_BYTES_MISSING,source_inventory.json
2025-11,2025-11-03,XU100,GESAN,REJECTED_AT_SOURCE_PREFLIGHT,ORIGINAL_FINANCIAL_CATALOG_BYTES_MISSING,source_inventory.json
2025-11,2025-11-03,XU100,GLRMK,REJECTED_AT_SOURCE_PREFLIGHT,ORIGINAL_FINANCIAL_CATALOG_BYTES_MISSING,source_inventory.json
2025-11,2025-11-03,XU100,GRSEL,REJECTED_AT_SOURCE_PREFLIGHT,ORIGINAL_FINANCIAL_CATALOG_BYTES_MISSING,source_inventory.json
2025-11,2025-11-03,XU100,GRTHO,REJECTED_AT_SOURCE_PREFLIGHT,ORIGINAL_FINANCIAL_CATALOG_BYTES_MISSING,source_inventory.json
2025-11,2025-11-03,XU100,GSRAY,REJECTED_AT_SOURCE_PREFLIGHT,ORIGINAL_FINANCIAL_CATALOG_BYTES_MISSING,source_inventory.json
2025-11,2025-11-03,XU100,GUBRF,REJECTED_AT_SOURCE_PREFLIGHT,ORIGINAL_FINANCIAL_CATALOG_BYTES_MISSING,source_inventory.json
2025-11,2025-11-03,XU100,HALKB,REJECTED_AT_SOURCE_PREFLIGHT,ORIGINAL_FINANCIAL_CATALOG_BYTES_MISSING,source_inventory.json
2025-11,2025-11-03,XU100,HEKTS,REJECTED_AT_SOURCE_PREFLIGHT,ORIGINAL_FINANCIAL_CATALOG_BYTES_MISSING,source_inventory.json
2025-11,2025-11-03,XU100,IEYHO,REJECTED_AT_SOURCE_PREFLIGHT,ORIGINAL_FINANCIAL_CATALOG_BYTES_MISSING,source_inventory.json
2025-11,2025-11-03,XU100,IPEKE,REJECTED_AT_SOURCE_PREFLIGHT,ORIGINAL_FINANCIAL_CATALOG_BYTES_MISSING,source_inventory.json
2025-11,2025-11-03,XU100,ISCTR,REJECTED_AT_SOURCE_PREFLIGHT,ORIGINAL_FINANCIAL_CATALOG_BYTES_MISSING,source_inventory.json
2025-11,2025-11-03,XU100,ISMEN,REJECTED_AT_SOURCE_PREFLIGHT,ORIGINAL_FINANCIAL_CATALOG_BYTES_MISSING,source_inventory.json
2025-11,2025-11-03,XU100,KCAER,REJECTED_AT_SOURCE_PREFLIGHT,ORIGINAL_FINANCIAL_CATALOG_BYTES_MISSING,source_inventory.json
2025-11,2025-11-03,XU100,KCHOL,REJECTED_AT_SOURCE_PREFLIGHT,ORIGINAL_FINANCIAL_CATALOG_BYTES_MISSING,source_inventory.json
2025-11,2025-11-03,XU100,KONTR,REJECTED_AT_SOURCE_PREFLIGHT,ORIGINAL_FINANCIAL_CATALOG_BYTES_MISSING,source_inventory.json
2025-11,2025-11-03,XU100,KOZAA,REJECTED_AT_SOURCE_PREFLIGHT,ORIGINAL_FINANCIAL_CATALOG_BYTES_MISSING,source_inventory.json
2025-11,2025-11-03,XU100,KOZAL,REJECTED_AT_SOURCE_PREFLIGHT,ORIGINAL_FINANCIAL_CATALOG_BYTES_MISSING,source_inventory.json
2025-11,2025-11-03,XU100,KRDMD,REJECTED_AT_SOURCE_PREFLIGHT,ORIGINAL_FINANCIAL_CATALOG_BYTES_MISSING,source_inventory.json
2025-11,2025-11-03,XU100,KTLEV,REJECTED_AT_SOURCE_PREFLIGHT,ORIGINAL_FINANCIAL_CATALOG_BYTES_MISSING,source_inventory.json
2025-11,2025-11-03,XU100,KUYAS,REJECTED_AT_SOURCE_PREFLIGHT,ORIGINAL_FINANCIAL_CATALOG_BYTES_MISSING,source_inventory.json
2025-11,2025-11-03,XU100,MAGEN,REJECTED_AT_SOURCE_PREFLIGHT,ORIGINAL_FINANCIAL_CATALOG_BYTES_MISSING,source_inventory.json
2025-11,2025-11-03,XU100,MAVI,REJECTED_AT_SOURCE_PREFLIGHT,ORIGINAL_FINANCIAL_CATALOG_BYTES_MISSING,source_inventory.json
2025-11,2025-11-03,XU100,MGROS,REJECTED_AT_SOURCE_PREFLIGHT,ORIGINAL_FINANCIAL_CATALOG_BYTES_MISSING,source_inventory.json
2025-11,2025-11-03,XU100,MIATK,REJECTED_AT_SOURCE_PREFLIGHT,ORIGINAL_FINANCIAL_CATALOG_BYTES_MISSING,source_inventory.json
2025-11,2025-11-03,XU100,MPARK,REJECTED_AT_SOURCE_PREFLIGHT,ORIGINAL_FINANCIAL_CATALOG_BYTES_MISSING,source_inventory.json
2025-11,2025-11-03,XU100,OBAMS,REJECTED_AT_SOURCE_PREFLIGHT,ORIGINAL_FINANCIAL_CATALOG_BYTES_MISSING,source_inventory.json
2025-11,2025-11-03,XU100,ODAS,REJECTED_AT_SOURCE_PREFLIGHT,ORIGINAL_FINANCIAL_CATALOG_BYTES_MISSING,source_inventory.json
2025-11,2025-11-03,XU100,OTKAR,REJECTED_AT_SOURCE_PREFLIGHT,ORIGINAL_FINANCIAL_CATALOG_BYTES_MISSING,source_inventory.json
2025-11,2025-11-03,XU100,OYAKC,REJECTED_AT_SOURCE_PREFLIGHT,ORIGINAL_FINANCIAL_CATALOG_BYTES_MISSING,source_inventory.json
2025-11,2025-11-03,XU100,PASEU,REJECTED_AT_SOURCE_PREFLIGHT,ORIGINAL_FINANCIAL_CATALOG_BYTES_MISSING,source_inventory.json
2025-11,2025-11-03,XU100,PATEK,REJECTED_AT_SOURCE_PREFLIGHT,ORIGINAL_FINANCIAL_CATALOG_BYTES_MISSING,source_inventory.json
2025-11,2025-11-03,XU100,PETKM,REJECTED_AT_SOURCE_PREFLIGHT,ORIGINAL_FINANCIAL_CATALOG_BYTES_MISSING,source_inventory.json
2025-11,2025-11-03,XU100,PGSUS,REJECTED_AT_SOURCE_PREFLIGHT,ORIGINAL_FINANCIAL_CATALOG_BYTES_MISSING,source_inventory.json
2025-11,2025-11-03,XU100,RALYH,REJECTED_AT_SOURCE_PREFLIGHT,ORIGINAL_FINANCIAL_CATALOG_BYTES_MISSING,source_inventory.json
2025-11,2025-11-03,XU100,REEDR,REJECTED_AT_SOURCE_PREFLIGHT,ORIGINAL_FINANCIAL_CATALOG_BYTES_MISSING,source_inventory.json
2025-11,2025-11-03,XU100,SAHOL,REJECTED_AT_SOURCE_PREFLIGHT,ORIGINAL_FINANCIAL_CATALOG_BYTES_MISSING,source_inventory.json
2025-11,2025-11-03,XU100,SASA,REJECTED_AT_SOURCE_PREFLIGHT,ORIGINAL_FINANCIAL_CATALOG_BYTES_MISSING,source_inventory.json
2025-11,2025-11-03,XU100,SISE,REJECTED_AT_SOURCE_PREFLIGHT,ORIGINAL_FINANCIAL_CATALOG_BYTES_MISSING,source_inventory.json
2025-11,2025-11-03,XU100,SKBNK,REJECTED_AT_SOURCE_PREFLIGHT,ORIGINAL_FINANCIAL_CATALOG_BYTES_MISSING,source_inventory.json
2025-11,2025-11-03,XU100,SOKM,REJECTED_AT_SOURCE_PREFLIGHT,ORIGINAL_FINANCIAL_CATALOG_BYTES_MISSING,source_inventory.json
2025-11,2025-11-03,XU100,TABGD,REJECTED_AT_SOURCE_PREFLIGHT,ORIGINAL_FINANCIAL_CATALOG_BYTES_MISSING,source_inventory.json
2025-11,2025-11-03,XU100,TAVHL,REJECTED_AT_SOURCE_PREFLIGHT,ORIGINAL_FINANCIAL_CATALOG_BYTES_MISSING,source_inventory.json
2025-11,2025-11-03,XU100,TCELL,REJECTED_AT_SOURCE_PREFLIGHT,ORIGINAL_FINANCIAL_CATALOG_BYTES_MISSING,source_inventory.json
2025-11,2025-11-03,XU100,THYAO,REJECTED_AT_SOURCE_PREFLIGHT,ORIGINAL_FINANCIAL_CATALOG_BYTES_MISSING,source_inventory.json
2025-11,2025-11-03,XU100,TKFEN,REJECTED_AT_SOURCE_PREFLIGHT,ORIGINAL_FINANCIAL_CATALOG_BYTES_MISSING,source_inventory.json
2025-11,2025-11-03,XU100,TOASO,REJECTED_AT_SOURCE_PREFLIGHT,ORIGINAL_FINANCIAL_CATALOG_BYTES_MISSING,source_inventory.json
2025-11,2025-11-03,XU100,TSKB,REJECTED_AT_SOURCE_PREFLIGHT,ORIGINAL_FINANCIAL_CATALOG_BYTES_MISSING,source_inventory.json
2025-11,2025-11-03,XU100,TSPOR,REJECTED_AT_SOURCE_PREFLIGHT,ORIGINAL_FINANCIAL_CATALOG_BYTES_MISSING,source_inventory.json
2025-11,2025-11-03,XU100,TTKOM,REJECTED_AT_SOURCE_PREFLIGHT,ORIGINAL_FINANCIAL_CATALOG_BYTES_MISSING,source_inventory.json
2025-11,2025-11-03,XU100,TTRAK,REJECTED_AT_SOURCE_PREFLIGHT,ORIGINAL_FINANCIAL_CATALOG_BYTES_MISSING,source_inventory.json
2025-11,2025-11-03,XU100,TUKAS,REJECTED_AT_SOURCE_PREFLIGHT,ORIGINAL_FINANCIAL_CATALOG_BYTES_MISSING,source_inventory.json
2025-11,2025-11-03,XU100,TUPRS,REJECTED_AT_SOURCE_PREFLIGHT,ORIGINAL_FINANCIAL_CATALOG_BYTES_MISSING,source_inventory.json
2025-11,2025-11-03,XU100,TUREX,REJECTED_AT_SOURCE_PREFLIGHT,ORIGINAL_FINANCIAL_CATALOG_BYTES_MISSING,source_inventory.json
2025-11,2025-11-03,XU100,TURSG,REJECTED_AT_SOURCE_PREFLIGHT,ORIGINAL_FINANCIAL_CATALOG_BYTES_MISSING,source_inventory.json
2025-11,2025-11-03,XU100,ULKER,REJECTED_AT_SOURCE_PREFLIGHT,ORIGINAL_FINANCIAL_CATALOG_BYTES_MISSING,source_inventory.json
2025-11,2025-11-03,XU100,VAKBN,REJECTED_AT_SOURCE_PREFLIGHT,ORIGINAL_FINANCIAL_CATALOG_BYTES_MISSING,source_inventory.json
2025-11,2025-11-03,XU100,VESTL,REJECTED_AT_SOURCE_PREFLIGHT,ORIGINAL_FINANCIAL_CATALOG_BYTES_MISSING,source_inventory.json
2025-11,2025-11-03,XU100,YEOTK,REJECTED_AT_SOURCE_PREFLIGHT,ORIGINAL_FINANCIAL_CATALOG_BYTES_MISSING,source_inventory.json
2025-11,2025-11-03,XU100,YKBNK,REJECTED_AT_SOURCE_PREFLIGHT,ORIGINAL_FINANCIAL_CATALOG_BYTES_MISSING,source_inventory.json
2025-11,2025-11-03,XU100,ZOREN,REJECTED_AT_SOURCE_PREFLIGHT,ORIGINAL_FINANCIAL_CATALOG_BYTES_MISSING,source_inventory.json
2025-12,2025-12-01,XU100,AEFES,REJECTED_AT_SOURCE_PREFLIGHT,ORIGINAL_FINANCIAL_CATALOG_BYTES_MISSING,source_inventory.json
2025-12,2025-12-01,XU100,AGHOL,REJECTED_AT_SOURCE_PREFLIGHT,ORIGINAL_FINANCIAL_CATALOG_BYTES_MISSING,source_inventory.json
2025-12,2025-12-01,XU100,AKBNK,REJECTED_AT_SOURCE_PREFLIGHT,ORIGINAL_FINANCIAL_CATALOG_BYTES_MISSING,source_inventory.json
2025-12,2025-12-01,XU100,AKSA,REJECTED_AT_SOURCE_PREFLIGHT,ORIGINAL_FINANCIAL_CATALOG_BYTES_MISSING,source_inventory.json
2025-12,2025-12-01,XU100,AKSEN,REJECTED_AT_SOURCE_PREFLIGHT,ORIGINAL_FINANCIAL_CATALOG_BYTES_MISSING,source_inventory.json
2025-12,2025-12-01,XU100,ALARK,REJECTED_AT_SOURCE_PREFLIGHT,ORIGINAL_FINANCIAL_CATALOG_BYTES_MISSING,source_inventory.json
2025-12,2025-12-01,XU100,ALTNY,REJECTED_AT_SOURCE_PREFLIGHT,ORIGINAL_FINANCIAL_CATALOG_BYTES_MISSING,source_inventory.json
2025-12,2025-12-01,XU100,ANSGR,REJECTED_AT_SOURCE_PREFLIGHT,ORIGINAL_FINANCIAL_CATALOG_BYTES_MISSING,source_inventory.json
2025-12,2025-12-01,XU100,ARCLK,REJECTED_AT_SOURCE_PREFLIGHT,ORIGINAL_FINANCIAL_CATALOG_BYTES_MISSING,source_inventory.json
2025-12,2025-12-01,XU100,ASELS,REJECTED_AT_SOURCE_PREFLIGHT,ORIGINAL_FINANCIAL_CATALOG_BYTES_MISSING,source_inventory.json
2025-12,2025-12-01,XU100,ASTOR,REJECTED_AT_SOURCE_PREFLIGHT,ORIGINAL_FINANCIAL_CATALOG_BYTES_MISSING,source_inventory.json
2025-12,2025-12-01,XU100,BALSU,REJECTED_AT_SOURCE_PREFLIGHT,ORIGINAL_FINANCIAL_CATALOG_BYTES_MISSING,source_inventory.json
2025-12,2025-12-01,XU100,BIMAS,REJECTED_AT_SOURCE_PREFLIGHT,ORIGINAL_FINANCIAL_CATALOG_BYTES_MISSING,source_inventory.json
2025-12,2025-12-01,XU100,BINHO,REJECTED_AT_SOURCE_PREFLIGHT,ORIGINAL_FINANCIAL_CATALOG_BYTES_MISSING,source_inventory.json
2025-12,2025-12-01,XU100,BRSAN,REJECTED_AT_SOURCE_PREFLIGHT,ORIGINAL_FINANCIAL_CATALOG_BYTES_MISSING,source_inventory.json
2025-12,2025-12-01,XU100,BRYAT,REJECTED_AT_SOURCE_PREFLIGHT,ORIGINAL_FINANCIAL_CATALOG_BYTES_MISSING,source_inventory.json
2025-12,2025-12-01,XU100,BSOKE,REJECTED_AT_SOURCE_PREFLIGHT,ORIGINAL_FINANCIAL_CATALOG_BYTES_MISSING,source_inventory.json
2025-12,2025-12-01,XU100,BTCIM,REJECTED_AT_SOURCE_PREFLIGHT,ORIGINAL_FINANCIAL_CATALOG_BYTES_MISSING,source_inventory.json
2025-12,2025-12-01,XU100,CANTE,REJECTED_AT_SOURCE_PREFLIGHT,ORIGINAL_FINANCIAL_CATALOG_BYTES_MISSING,source_inventory.json
2025-12,2025-12-01,XU100,CCOLA,REJECTED_AT_SOURCE_PREFLIGHT,ORIGINAL_FINANCIAL_CATALOG_BYTES_MISSING,source_inventory.json
2025-12,2025-12-01,XU100,CIMSA,REJECTED_AT_SOURCE_PREFLIGHT,ORIGINAL_FINANCIAL_CATALOG_BYTES_MISSING,source_inventory.json
2025-12,2025-12-01,XU100,CLEBI,REJECTED_AT_SOURCE_PREFLIGHT,ORIGINAL_FINANCIAL_CATALOG_BYTES_MISSING,source_inventory.json
2025-12,2025-12-01,XU100,CWENE,REJECTED_AT_SOURCE_PREFLIGHT,ORIGINAL_FINANCIAL_CATALOG_BYTES_MISSING,source_inventory.json
2025-12,2025-12-01,XU100,DAPGM,REJECTED_AT_SOURCE_PREFLIGHT,ORIGINAL_FINANCIAL_CATALOG_BYTES_MISSING,source_inventory.json
2025-12,2025-12-01,XU100,DOAS,REJECTED_AT_SOURCE_PREFLIGHT,ORIGINAL_FINANCIAL_CATALOG_BYTES_MISSING,source_inventory.json
2025-12,2025-12-01,XU100,DOHOL,REJECTED_AT_SOURCE_PREFLIGHT,ORIGINAL_FINANCIAL_CATALOG_BYTES_MISSING,source_inventory.json
2025-12,2025-12-01,XU100,DSTKF,REJECTED_AT_SOURCE_PREFLIGHT,ORIGINAL_FINANCIAL_CATALOG_BYTES_MISSING,source_inventory.json
2025-12,2025-12-01,XU100,ECILC,REJECTED_AT_SOURCE_PREFLIGHT,ORIGINAL_FINANCIAL_CATALOG_BYTES_MISSING,source_inventory.json
2025-12,2025-12-01,XU100,EFOR,REJECTED_AT_SOURCE_PREFLIGHT,ORIGINAL_FINANCIAL_CATALOG_BYTES_MISSING,source_inventory.json
2025-12,2025-12-01,XU100,EGEEN,REJECTED_AT_SOURCE_PREFLIGHT,ORIGINAL_FINANCIAL_CATALOG_BYTES_MISSING,source_inventory.json
2025-12,2025-12-01,XU100,EKGYO,REJECTED_AT_SOURCE_PREFLIGHT,ORIGINAL_FINANCIAL_CATALOG_BYTES_MISSING,source_inventory.json
2025-12,2025-12-01,XU100,ENERY,REJECTED_AT_SOURCE_PREFLIGHT,ORIGINAL_FINANCIAL_CATALOG_BYTES_MISSING,source_inventory.json
2025-12,2025-12-01,XU100,ENJSA,REJECTED_AT_SOURCE_PREFLIGHT,ORIGINAL_FINANCIAL_CATALOG_BYTES_MISSING,source_inventory.json
2025-12,2025-12-01,XU100,ENKAI,REJECTED_AT_SOURCE_PREFLIGHT,ORIGINAL_FINANCIAL_CATALOG_BYTES_MISSING,source_inventory.json
2025-12,2025-12-01,XU100,EREGL,REJECTED_AT_SOURCE_PREFLIGHT,ORIGINAL_FINANCIAL_CATALOG_BYTES_MISSING,source_inventory.json
2025-12,2025-12-01,XU100,EUPWR,REJECTED_AT_SOURCE_PREFLIGHT,ORIGINAL_FINANCIAL_CATALOG_BYTES_MISSING,source_inventory.json
2025-12,2025-12-01,XU100,FENER,REJECTED_AT_SOURCE_PREFLIGHT,ORIGINAL_FINANCIAL_CATALOG_BYTES_MISSING,source_inventory.json
2025-12,2025-12-01,XU100,FROTO,REJECTED_AT_SOURCE_PREFLIGHT,ORIGINAL_FINANCIAL_CATALOG_BYTES_MISSING,source_inventory.json
2025-12,2025-12-01,XU100,GARAN,REJECTED_AT_SOURCE_PREFLIGHT,ORIGINAL_FINANCIAL_CATALOG_BYTES_MISSING,source_inventory.json
2025-12,2025-12-01,XU100,GENIL,REJECTED_AT_SOURCE_PREFLIGHT,ORIGINAL_FINANCIAL_CATALOG_BYTES_MISSING,source_inventory.json
2025-12,2025-12-01,XU100,GESAN,REJECTED_AT_SOURCE_PREFLIGHT,ORIGINAL_FINANCIAL_CATALOG_BYTES_MISSING,source_inventory.json
2025-12,2025-12-01,XU100,GLRMK,REJECTED_AT_SOURCE_PREFLIGHT,ORIGINAL_FINANCIAL_CATALOG_BYTES_MISSING,source_inventory.json
2025-12,2025-12-01,XU100,GRSEL,REJECTED_AT_SOURCE_PREFLIGHT,ORIGINAL_FINANCIAL_CATALOG_BYTES_MISSING,source_inventory.json
2025-12,2025-12-01,XU100,GRTHO,REJECTED_AT_SOURCE_PREFLIGHT,ORIGINAL_FINANCIAL_CATALOG_BYTES_MISSING,source_inventory.json
2025-12,2025-12-01,XU100,GSRAY,REJECTED_AT_SOURCE_PREFLIGHT,ORIGINAL_FINANCIAL_CATALOG_BYTES_MISSING,source_inventory.json
2025-12,2025-12-01,XU100,GUBRF,REJECTED_AT_SOURCE_PREFLIGHT,ORIGINAL_FINANCIAL_CATALOG_BYTES_MISSING,source_inventory.json
2025-12,2025-12-01,XU100,HALKB,REJECTED_AT_SOURCE_PREFLIGHT,ORIGINAL_FINANCIAL_CATALOG_BYTES_MISSING,source_inventory.json
2025-12,2025-12-01,XU100,HEKTS,REJECTED_AT_SOURCE_PREFLIGHT,ORIGINAL_FINANCIAL_CATALOG_BYTES_MISSING,source_inventory.json
2025-12,2025-12-01,XU100,IEYHO,REJECTED_AT_SOURCE_PREFLIGHT,ORIGINAL_FINANCIAL_CATALOG_BYTES_MISSING,source_inventory.json
2025-12,2025-12-01,XU100,ISCTR,REJECTED_AT_SOURCE_PREFLIGHT,ORIGINAL_FINANCIAL_CATALOG_BYTES_MISSING,source_inventory.json
2025-12,2025-12-01,XU100,ISMEN,REJECTED_AT_SOURCE_PREFLIGHT,ORIGINAL_FINANCIAL_CATALOG_BYTES_MISSING,source_inventory.json
2025-12,2025-12-01,XU100,KCAER,REJECTED_AT_SOURCE_PREFLIGHT,ORIGINAL_FINANCIAL_CATALOG_BYTES_MISSING,source_inventory.json
2025-12,2025-12-01,XU100,KCHOL,REJECTED_AT_SOURCE_PREFLIGHT,ORIGINAL_FINANCIAL_CATALOG_BYTES_MISSING,source_inventory.json
2025-12,2025-12-01,XU100,KONTR,REJECTED_AT_SOURCE_PREFLIGHT,ORIGINAL_FINANCIAL_CATALOG_BYTES_MISSING,source_inventory.json
2025-12,2025-12-01,XU100,KRDMD,REJECTED_AT_SOURCE_PREFLIGHT,ORIGINAL_FINANCIAL_CATALOG_BYTES_MISSING,source_inventory.json
2025-12,2025-12-01,XU100,KTLEV,REJECTED_AT_SOURCE_PREFLIGHT,ORIGINAL_FINANCIAL_CATALOG_BYTES_MISSING,source_inventory.json
2025-12,2025-12-01,XU100,KUYAS,REJECTED_AT_SOURCE_PREFLIGHT,ORIGINAL_FINANCIAL_CATALOG_BYTES_MISSING,source_inventory.json
2025-12,2025-12-01,XU100,MAGEN,REJECTED_AT_SOURCE_PREFLIGHT,ORIGINAL_FINANCIAL_CATALOG_BYTES_MISSING,source_inventory.json
2025-12,2025-12-01,XU100,MAVI,REJECTED_AT_SOURCE_PREFLIGHT,ORIGINAL_FINANCIAL_CATALOG_BYTES_MISSING,source_inventory.json
2025-12,2025-12-01,XU100,MGROS,REJECTED_AT_SOURCE_PREFLIGHT,ORIGINAL_FINANCIAL_CATALOG_BYTES_MISSING,source_inventory.json
2025-12,2025-12-01,XU100,MIATK,REJECTED_AT_SOURCE_PREFLIGHT,ORIGINAL_FINANCIAL_CATALOG_BYTES_MISSING,source_inventory.json
2025-12,2025-12-01,XU100,MPARK,REJECTED_AT_SOURCE_PREFLIGHT,ORIGINAL_FINANCIAL_CATALOG_BYTES_MISSING,source_inventory.json
2025-12,2025-12-01,XU100,OBAMS,REJECTED_AT_SOURCE_PREFLIGHT,ORIGINAL_FINANCIAL_CATALOG_BYTES_MISSING,source_inventory.json
2025-12,2025-12-01,XU100,ODAS,REJECTED_AT_SOURCE_PREFLIGHT,ORIGINAL_FINANCIAL_CATALOG_BYTES_MISSING,source_inventory.json
2025-12,2025-12-01,XU100,OTKAR,REJECTED_AT_SOURCE_PREFLIGHT,ORIGINAL_FINANCIAL_CATALOG_BYTES_MISSING,source_inventory.json
2025-12,2025-12-01,XU100,OYAKC,REJECTED_AT_SOURCE_PREFLIGHT,ORIGINAL_FINANCIAL_CATALOG_BYTES_MISSING,source_inventory.json
2025-12,2025-12-01,XU100,PASEU,REJECTED_AT_SOURCE_PREFLIGHT,ORIGINAL_FINANCIAL_CATALOG_BYTES_MISSING,source_inventory.json
2025-12,2025-12-01,XU100,PATEK,REJECTED_AT_SOURCE_PREFLIGHT,ORIGINAL_FINANCIAL_CATALOG_BYTES_MISSING,source_inventory.json
2025-12,2025-12-01,XU100,PETKM,REJECTED_AT_SOURCE_PREFLIGHT,ORIGINAL_FINANCIAL_CATALOG_BYTES_MISSING,source_inventory.json
2025-12,2025-12-01,XU100,PGSUS,REJECTED_AT_SOURCE_PREFLIGHT,ORIGINAL_FINANCIAL_CATALOG_BYTES_MISSING,source_inventory.json
2025-12,2025-12-01,XU100,RALYH,REJECTED_AT_SOURCE_PREFLIGHT,ORIGINAL_FINANCIAL_CATALOG_BYTES_MISSING,source_inventory.json
2025-12,2025-12-01,XU100,REEDR,REJECTED_AT_SOURCE_PREFLIGHT,ORIGINAL_FINANCIAL_CATALOG_BYTES_MISSING,source_inventory.json
2025-12,2025-12-01,XU100,SAHOL,REJECTED_AT_SOURCE_PREFLIGHT,ORIGINAL_FINANCIAL_CATALOG_BYTES_MISSING,source_inventory.json
2025-12,2025-12-01,XU100,SASA,REJECTED_AT_SOURCE_PREFLIGHT,ORIGINAL_FINANCIAL_CATALOG_BYTES_MISSING,source_inventory.json
2025-12,2025-12-01,XU100,SISE,REJECTED_AT_SOURCE_PREFLIGHT,ORIGINAL_FINANCIAL_CATALOG_BYTES_MISSING,source_inventory.json
2025-12,2025-12-01,XU100,SKBNK,REJECTED_AT_SOURCE_PREFLIGHT,ORIGINAL_FINANCIAL_CATALOG_BYTES_MISSING,source_inventory.json
2025-12,2025-12-01,XU100,SOKM,REJECTED_AT_SOURCE_PREFLIGHT,ORIGINAL_FINANCIAL_CATALOG_BYTES_MISSING,source_inventory.json
2025-12,2025-12-01,XU100,TABGD,REJECTED_AT_SOURCE_PREFLIGHT,ORIGINAL_FINANCIAL_CATALOG_BYTES_MISSING,source_inventory.json
2025-12,2025-12-01,XU100,TAVHL,REJECTED_AT_SOURCE_PREFLIGHT,ORIGINAL_FINANCIAL_CATALOG_BYTES_MISSING,source_inventory.json
2025-12,2025-12-01,XU100,TCELL,REJECTED_AT_SOURCE_PREFLIGHT,ORIGINAL_FINANCIAL_CATALOG_BYTES_MISSING,source_inventory.json
2025-12,2025-12-01,XU100,THYAO,REJECTED_AT_SOURCE_PREFLIGHT,ORIGINAL_FINANCIAL_CATALOG_BYTES_MISSING,source_inventory.json
2025-12,2025-12-01,XU100,TKFEN,REJECTED_AT_SOURCE_PREFLIGHT,ORIGINAL_FINANCIAL_CATALOG_BYTES_MISSING,source_inventory.json
2025-12,2025-12-01,XU100,TOASO,REJECTED_AT_SOURCE_PREFLIGHT,ORIGINAL_FINANCIAL_CATALOG_BYTES_MISSING,source_inventory.json
2025-12,2025-12-01,XU100,TRALT,REJECTED_AT_SOURCE_PREFLIGHT,ORIGINAL_FINANCIAL_CATALOG_BYTES_MISSING,source_inventory.json
2025-12,2025-12-01,XU100,TRENJ,REJECTED_AT_SOURCE_PREFLIGHT,ORIGINAL_FINANCIAL_CATALOG_BYTES_MISSING,source_inventory.json
2025-12,2025-12-01,XU100,TRMET,REJECTED_AT_SOURCE_PREFLIGHT,ORIGINAL_FINANCIAL_CATALOG_BYTES_MISSING,source_inventory.json
2025-12,2025-12-01,XU100,TSKB,REJECTED_AT_SOURCE_PREFLIGHT,ORIGINAL_FINANCIAL_CATALOG_BYTES_MISSING,source_inventory.json
2025-12,2025-12-01,XU100,TSPOR,REJECTED_AT_SOURCE_PREFLIGHT,ORIGINAL_FINANCIAL_CATALOG_BYTES_MISSING,source_inventory.json
2025-12,2025-12-01,XU100,TTKOM,REJECTED_AT_SOURCE_PREFLIGHT,ORIGINAL_FINANCIAL_CATALOG_BYTES_MISSING,source_inventory.json
2025-12,2025-12-01,XU100,TTRAK,REJECTED_AT_SOURCE_PREFLIGHT,ORIGINAL_FINANCIAL_CATALOG_BYTES_MISSING,source_inventory.json
2025-12,2025-12-01,XU100,TUKAS,REJECTED_AT_SOURCE_PREFLIGHT,ORIGINAL_FINANCIAL_CATALOG_BYTES_MISSING,source_inventory.json
2025-12,2025-12-01,XU100,TUPRS,REJECTED_AT_SOURCE_PREFLIGHT,ORIGINAL_FINANCIAL_CATALOG_BYTES_MISSING,source_inventory.json
2025-12,2025-12-01,XU100,TUREX,REJECTED_AT_SOURCE_PREFLIGHT,ORIGINAL_FINANCIAL_CATALOG_BYTES_MISSING,source_inventory.json
2025-12,2025-12-01,XU100,TURSG,REJECTED_AT_SOURCE_PREFLIGHT,ORIGINAL_FINANCIAL_CATALOG_BYTES_MISSING,source_inventory.json
2025-12,2025-12-01,XU100,ULKER,REJECTED_AT_SOURCE_PREFLIGHT,ORIGINAL_FINANCIAL_CATALOG_BYTES_MISSING,source_inventory.json
2025-12,2025-12-01,XU100,VAKBN,REJECTED_AT_SOURCE_PREFLIGHT,ORIGINAL_FINANCIAL_CATALOG_BYTES_MISSING,source_inventory.json
2025-12,2025-12-01,XU100,VESTL,REJECTED_AT_SOURCE_PREFLIGHT,ORIGINAL_FINANCIAL_CATALOG_BYTES_MISSING,source_inventory.json
2025-12,2025-12-01,XU100,YEOTK,REJECTED_AT_SOURCE_PREFLIGHT,ORIGINAL_FINANCIAL_CATALOG_BYTES_MISSING,source_inventory.json
2025-12,2025-12-01,XU100,YKBNK,REJECTED_AT_SOURCE_PREFLIGHT,ORIGINAL_FINANCIAL_CATALOG_BYTES_MISSING,source_inventory.json
2025-12,2025-12-01,XU100,ZOREN,REJECTED_AT_SOURCE_PREFLIGHT,ORIGINAL_FINANCIAL_CATALOG_BYTES_MISSING,source_inventory.json
2026-01,2026-01-02,XU100,AEFES,REJECTED_AT_SOURCE_PREFLIGHT,ORIGINAL_FINANCIAL_CATALOG_BYTES_MISSING,source_inventory.json
2026-01,2026-01-02,XU100,AGHOL,REJECTED_AT_SOURCE_PREFLIGHT,ORIGINAL_FINANCIAL_CATALOG_BYTES_MISSING,source_inventory.json
2026-01,2026-01-02,XU100,AKBNK,REJECTED_AT_SOURCE_PREFLIGHT,ORIGINAL_FINANCIAL_CATALOG_BYTES_MISSING,source_inventory.json
2026-01,2026-01-02,XU100,AKSA,REJECTED_AT_SOURCE_PREFLIGHT,ORIGINAL_FINANCIAL_CATALOG_BYTES_MISSING,source_inventory.json
2026-01,2026-01-02,XU100,AKSEN,REJECTED_AT_SOURCE_PREFLIGHT,ORIGINAL_FINANCIAL_CATALOG_BYTES_MISSING,source_inventory.json
2026-01,2026-01-02,XU100,ALARK,REJECTED_AT_SOURCE_PREFLIGHT,ORIGINAL_FINANCIAL_CATALOG_BYTES_MISSING,source_inventory.json
2026-01,2026-01-02,XU100,ALTNY,REJECTED_AT_SOURCE_PREFLIGHT,ORIGINAL_FINANCIAL_CATALOG_BYTES_MISSING,source_inventory.json
2026-01,2026-01-02,XU100,ANSGR,REJECTED_AT_SOURCE_PREFLIGHT,ORIGINAL_FINANCIAL_CATALOG_BYTES_MISSING,source_inventory.json
2026-01,2026-01-02,XU100,ARCLK,REJECTED_AT_SOURCE_PREFLIGHT,ORIGINAL_FINANCIAL_CATALOG_BYTES_MISSING,source_inventory.json
2026-01,2026-01-02,XU100,ASELS,REJECTED_AT_SOURCE_PREFLIGHT,ORIGINAL_FINANCIAL_CATALOG_BYTES_MISSING,source_inventory.json
2026-01,2026-01-02,XU100,ASTOR,REJECTED_AT_SOURCE_PREFLIGHT,ORIGINAL_FINANCIAL_CATALOG_BYTES_MISSING,source_inventory.json
2026-01,2026-01-02,XU100,BALSU,REJECTED_AT_SOURCE_PREFLIGHT,ORIGINAL_FINANCIAL_CATALOG_BYTES_MISSING,source_inventory.json
2026-01,2026-01-02,XU100,BIMAS,REJECTED_AT_SOURCE_PREFLIGHT,ORIGINAL_FINANCIAL_CATALOG_BYTES_MISSING,source_inventory.json
2026-01,2026-01-02,XU100,BRSAN,REJECTED_AT_SOURCE_PREFLIGHT,ORIGINAL_FINANCIAL_CATALOG_BYTES_MISSING,source_inventory.json
2026-01,2026-01-02,XU100,BRYAT,REJECTED_AT_SOURCE_PREFLIGHT,ORIGINAL_FINANCIAL_CATALOG_BYTES_MISSING,source_inventory.json
2026-01,2026-01-02,XU100,BSOKE,REJECTED_AT_SOURCE_PREFLIGHT,ORIGINAL_FINANCIAL_CATALOG_BYTES_MISSING,source_inventory.json
2026-01,2026-01-02,XU100,BTCIM,REJECTED_AT_SOURCE_PREFLIGHT,ORIGINAL_FINANCIAL_CATALOG_BYTES_MISSING,source_inventory.json
2026-01,2026-01-02,XU100,CANTE,REJECTED_AT_SOURCE_PREFLIGHT,ORIGINAL_FINANCIAL_CATALOG_BYTES_MISSING,source_inventory.json
2026-01,2026-01-02,XU100,CCOLA,REJECTED_AT_SOURCE_PREFLIGHT,ORIGINAL_FINANCIAL_CATALOG_BYTES_MISSING,source_inventory.json
2026-01,2026-01-02,XU100,CIMSA,REJECTED_AT_SOURCE_PREFLIGHT,ORIGINAL_FINANCIAL_CATALOG_BYTES_MISSING,source_inventory.json
2026-01,2026-01-02,XU100,CWENE,REJECTED_AT_SOURCE_PREFLIGHT,ORIGINAL_FINANCIAL_CATALOG_BYTES_MISSING,source_inventory.json
2026-01,2026-01-02,XU100,DAPGM,REJECTED_AT_SOURCE_PREFLIGHT,ORIGINAL_FINANCIAL_CATALOG_BYTES_MISSING,source_inventory.json
2026-01,2026-01-02,XU100,DOAS,REJECTED_AT_SOURCE_PREFLIGHT,ORIGINAL_FINANCIAL_CATALOG_BYTES_MISSING,source_inventory.json
2026-01,2026-01-02,XU100,DOHOL,REJECTED_AT_SOURCE_PREFLIGHT,ORIGINAL_FINANCIAL_CATALOG_BYTES_MISSING,source_inventory.json
2026-01,2026-01-02,XU100,DSTKF,REJECTED_AT_SOURCE_PREFLIGHT,ORIGINAL_FINANCIAL_CATALOG_BYTES_MISSING,source_inventory.json
2026-01,2026-01-02,XU100,ECILC,REJECTED_AT_SOURCE_PREFLIGHT,ORIGINAL_FINANCIAL_CATALOG_BYTES_MISSING,source_inventory.json
2026-01,2026-01-02,XU100,EFOR,REJECTED_AT_SOURCE_PREFLIGHT,ORIGINAL_FINANCIAL_CATALOG_BYTES_MISSING,source_inventory.json
2026-01,2026-01-02,XU100,EGEEN,REJECTED_AT_SOURCE_PREFLIGHT,ORIGINAL_FINANCIAL_CATALOG_BYTES_MISSING,source_inventory.json
2026-01,2026-01-02,XU100,EKGYO,REJECTED_AT_SOURCE_PREFLIGHT,ORIGINAL_FINANCIAL_CATALOG_BYTES_MISSING,source_inventory.json
2026-01,2026-01-02,XU100,ENERY,REJECTED_AT_SOURCE_PREFLIGHT,ORIGINAL_FINANCIAL_CATALOG_BYTES_MISSING,source_inventory.json
2026-01,2026-01-02,XU100,ENJSA,REJECTED_AT_SOURCE_PREFLIGHT,ORIGINAL_FINANCIAL_CATALOG_BYTES_MISSING,source_inventory.json
2026-01,2026-01-02,XU100,ENKAI,REJECTED_AT_SOURCE_PREFLIGHT,ORIGINAL_FINANCIAL_CATALOG_BYTES_MISSING,source_inventory.json
2026-01,2026-01-02,XU100,EREGL,REJECTED_AT_SOURCE_PREFLIGHT,ORIGINAL_FINANCIAL_CATALOG_BYTES_MISSING,source_inventory.json
2026-01,2026-01-02,XU100,EUPWR,REJECTED_AT_SOURCE_PREFLIGHT,ORIGINAL_FINANCIAL_CATALOG_BYTES_MISSING,source_inventory.json
2026-01,2026-01-02,XU100,FENER,REJECTED_AT_SOURCE_PREFLIGHT,ORIGINAL_FINANCIAL_CATALOG_BYTES_MISSING,source_inventory.json
2026-01,2026-01-02,XU100,FROTO,REJECTED_AT_SOURCE_PREFLIGHT,ORIGINAL_FINANCIAL_CATALOG_BYTES_MISSING,source_inventory.json
2026-01,2026-01-02,XU100,GARAN,REJECTED_AT_SOURCE_PREFLIGHT,ORIGINAL_FINANCIAL_CATALOG_BYTES_MISSING,source_inventory.json
2026-01,2026-01-02,XU100,GENIL,REJECTED_AT_SOURCE_PREFLIGHT,ORIGINAL_FINANCIAL_CATALOG_BYTES_MISSING,source_inventory.json
2026-01,2026-01-02,XU100,GESAN,REJECTED_AT_SOURCE_PREFLIGHT,ORIGINAL_FINANCIAL_CATALOG_BYTES_MISSING,source_inventory.json
2026-01,2026-01-02,XU100,GLRMK,REJECTED_AT_SOURCE_PREFLIGHT,ORIGINAL_FINANCIAL_CATALOG_BYTES_MISSING,source_inventory.json
2026-01,2026-01-02,XU100,GRSEL,REJECTED_AT_SOURCE_PREFLIGHT,ORIGINAL_FINANCIAL_CATALOG_BYTES_MISSING,source_inventory.json
2026-01,2026-01-02,XU100,GRTHO,REJECTED_AT_SOURCE_PREFLIGHT,ORIGINAL_FINANCIAL_CATALOG_BYTES_MISSING,source_inventory.json
2026-01,2026-01-02,XU100,GSRAY,REJECTED_AT_SOURCE_PREFLIGHT,ORIGINAL_FINANCIAL_CATALOG_BYTES_MISSING,source_inventory.json
2026-01,2026-01-02,XU100,GUBRF,REJECTED_AT_SOURCE_PREFLIGHT,ORIGINAL_FINANCIAL_CATALOG_BYTES_MISSING,source_inventory.json
2026-01,2026-01-02,XU100,HALKB,REJECTED_AT_SOURCE_PREFLIGHT,ORIGINAL_FINANCIAL_CATALOG_BYTES_MISSING,source_inventory.json
2026-01,2026-01-02,XU100,HEKTS,REJECTED_AT_SOURCE_PREFLIGHT,ORIGINAL_FINANCIAL_CATALOG_BYTES_MISSING,source_inventory.json
2026-01,2026-01-02,XU100,ISCTR,REJECTED_AT_SOURCE_PREFLIGHT,ORIGINAL_FINANCIAL_CATALOG_BYTES_MISSING,source_inventory.json
2026-01,2026-01-02,XU100,ISMEN,REJECTED_AT_SOURCE_PREFLIGHT,ORIGINAL_FINANCIAL_CATALOG_BYTES_MISSING,source_inventory.json
2026-01,2026-01-02,XU100,IZENR,REJECTED_AT_SOURCE_PREFLIGHT,ORIGINAL_FINANCIAL_CATALOG_BYTES_MISSING,source_inventory.json
2026-01,2026-01-02,XU100,KCAER,REJECTED_AT_SOURCE_PREFLIGHT,ORIGINAL_FINANCIAL_CATALOG_BYTES_MISSING,source_inventory.json
2026-01,2026-01-02,XU100,KCHOL,REJECTED_AT_SOURCE_PREFLIGHT,ORIGINAL_FINANCIAL_CATALOG_BYTES_MISSING,source_inventory.json
2026-01,2026-01-02,XU100,KLRHO,REJECTED_AT_SOURCE_PREFLIGHT,ORIGINAL_FINANCIAL_CATALOG_BYTES_MISSING,source_inventory.json
2026-01,2026-01-02,XU100,KONTR,REJECTED_AT_SOURCE_PREFLIGHT,ORIGINAL_FINANCIAL_CATALOG_BYTES_MISSING,source_inventory.json
2026-01,2026-01-02,XU100,KRDMD,REJECTED_AT_SOURCE_PREFLIGHT,ORIGINAL_FINANCIAL_CATALOG_BYTES_MISSING,source_inventory.json
2026-01,2026-01-02,XU100,KTLEV,REJECTED_AT_SOURCE_PREFLIGHT,ORIGINAL_FINANCIAL_CATALOG_BYTES_MISSING,source_inventory.json
2026-01,2026-01-02,XU100,KUYAS,REJECTED_AT_SOURCE_PREFLIGHT,ORIGINAL_FINANCIAL_CATALOG_BYTES_MISSING,source_inventory.json
2026-01,2026-01-02,XU100,MAGEN,REJECTED_AT_SOURCE_PREFLIGHT,ORIGINAL_FINANCIAL_CATALOG_BYTES_MISSING,source_inventory.json
2026-01,2026-01-02,XU100,MAVI,REJECTED_AT_SOURCE_PREFLIGHT,ORIGINAL_FINANCIAL_CATALOG_BYTES_MISSING,source_inventory.json
2026-01,2026-01-02,XU100,MGROS,REJECTED_AT_SOURCE_PREFLIGHT,ORIGINAL_FINANCIAL_CATALOG_BYTES_MISSING,source_inventory.json
2026-01,2026-01-02,XU100,MIATK,REJECTED_AT_SOURCE_PREFLIGHT,ORIGINAL_FINANCIAL_CATALOG_BYTES_MISSING,source_inventory.json
2026-01,2026-01-02,XU100,MPARK,REJECTED_AT_SOURCE_PREFLIGHT,ORIGINAL_FINANCIAL_CATALOG_BYTES_MISSING,source_inventory.json
2026-01,2026-01-02,XU100,OBAMS,REJECTED_AT_SOURCE_PREFLIGHT,ORIGINAL_FINANCIAL_CATALOG_BYTES_MISSING,source_inventory.json
2026-01,2026-01-02,XU100,ODAS,REJECTED_AT_SOURCE_PREFLIGHT,ORIGINAL_FINANCIAL_CATALOG_BYTES_MISSING,source_inventory.json
2026-01,2026-01-02,XU100,OTKAR,REJECTED_AT_SOURCE_PREFLIGHT,ORIGINAL_FINANCIAL_CATALOG_BYTES_MISSING,source_inventory.json
2026-01,2026-01-02,XU100,OYAKC,REJECTED_AT_SOURCE_PREFLIGHT,ORIGINAL_FINANCIAL_CATALOG_BYTES_MISSING,source_inventory.json
2026-01,2026-01-02,XU100,PASEU,REJECTED_AT_SOURCE_PREFLIGHT,ORIGINAL_FINANCIAL_CATALOG_BYTES_MISSING,source_inventory.json
2026-01,2026-01-02,XU100,PATEK,REJECTED_AT_SOURCE_PREFLIGHT,ORIGINAL_FINANCIAL_CATALOG_BYTES_MISSING,source_inventory.json
2026-01,2026-01-02,XU100,PETKM,REJECTED_AT_SOURCE_PREFLIGHT,ORIGINAL_FINANCIAL_CATALOG_BYTES_MISSING,source_inventory.json
2026-01,2026-01-02,XU100,PGSUS,REJECTED_AT_SOURCE_PREFLIGHT,ORIGINAL_FINANCIAL_CATALOG_BYTES_MISSING,source_inventory.json
2026-01,2026-01-02,XU100,QUAGR,REJECTED_AT_SOURCE_PREFLIGHT,ORIGINAL_FINANCIAL_CATALOG_BYTES_MISSING,source_inventory.json
2026-01,2026-01-02,XU100,RALYH,REJECTED_AT_SOURCE_PREFLIGHT,ORIGINAL_FINANCIAL_CATALOG_BYTES_MISSING,source_inventory.json
2026-01,2026-01-02,XU100,REEDR,REJECTED_AT_SOURCE_PREFLIGHT,ORIGINAL_FINANCIAL_CATALOG_BYTES_MISSING,source_inventory.json
2026-01,2026-01-02,XU100,SAHOL,REJECTED_AT_SOURCE_PREFLIGHT,ORIGINAL_FINANCIAL_CATALOG_BYTES_MISSING,source_inventory.json
2026-01,2026-01-02,XU100,SASA,REJECTED_AT_SOURCE_PREFLIGHT,ORIGINAL_FINANCIAL_CATALOG_BYTES_MISSING,source_inventory.json
2026-01,2026-01-02,XU100,SISE,REJECTED_AT_SOURCE_PREFLIGHT,ORIGINAL_FINANCIAL_CATALOG_BYTES_MISSING,source_inventory.json
2026-01,2026-01-02,XU100,SKBNK,REJECTED_AT_SOURCE_PREFLIGHT,ORIGINAL_FINANCIAL_CATALOG_BYTES_MISSING,source_inventory.json
2026-01,2026-01-02,XU100,SOKM,REJECTED_AT_SOURCE_PREFLIGHT,ORIGINAL_FINANCIAL_CATALOG_BYTES_MISSING,source_inventory.json
2026-01,2026-01-02,XU100,TABGD,REJECTED_AT_SOURCE_PREFLIGHT,ORIGINAL_FINANCIAL_CATALOG_BYTES_MISSING,source_inventory.json
2026-01,2026-01-02,XU100,TAVHL,REJECTED_AT_SOURCE_PREFLIGHT,ORIGINAL_FINANCIAL_CATALOG_BYTES_MISSING,source_inventory.json
2026-01,2026-01-02,XU100,TCELL,REJECTED_AT_SOURCE_PREFLIGHT,ORIGINAL_FINANCIAL_CATALOG_BYTES_MISSING,source_inventory.json
2026-01,2026-01-02,XU100,THYAO,REJECTED_AT_SOURCE_PREFLIGHT,ORIGINAL_FINANCIAL_CATALOG_BYTES_MISSING,source_inventory.json
2026-01,2026-01-02,XU100,TKFEN,REJECTED_AT_SOURCE_PREFLIGHT,ORIGINAL_FINANCIAL_CATALOG_BYTES_MISSING,source_inventory.json
2026-01,2026-01-02,XU100,TOASO,REJECTED_AT_SOURCE_PREFLIGHT,ORIGINAL_FINANCIAL_CATALOG_BYTES_MISSING,source_inventory.json
2026-01,2026-01-02,XU100,TRALT,REJECTED_AT_SOURCE_PREFLIGHT,ORIGINAL_FINANCIAL_CATALOG_BYTES_MISSING,source_inventory.json
2026-01,2026-01-02,XU100,TRENJ,REJECTED_AT_SOURCE_PREFLIGHT,ORIGINAL_FINANCIAL_CATALOG_BYTES_MISSING,source_inventory.json
2026-01,2026-01-02,XU100,TRMET,REJECTED_AT_SOURCE_PREFLIGHT,ORIGINAL_FINANCIAL_CATALOG_BYTES_MISSING,source_inventory.json
2026-01,2026-01-02,XU100,TSKB,REJECTED_AT_SOURCE_PREFLIGHT,ORIGINAL_FINANCIAL_CATALOG_BYTES_MISSING,source_inventory.json
2026-01,2026-01-02,XU100,TSPOR,REJECTED_AT_SOURCE_PREFLIGHT,ORIGINAL_FINANCIAL_CATALOG_BYTES_MISSING,source_inventory.json
2026-01,2026-01-02,XU100,TTKOM,REJECTED_AT_SOURCE_PREFLIGHT,ORIGINAL_FINANCIAL_CATALOG_BYTES_MISSING,source_inventory.json
2026-01,2026-01-02,XU100,TTRAK,REJECTED_AT_SOURCE_PREFLIGHT,ORIGINAL_FINANCIAL_CATALOG_BYTES_MISSING,source_inventory.json
2026-01,2026-01-02,XU100,TUKAS,REJECTED_AT_SOURCE_PREFLIGHT,ORIGINAL_FINANCIAL_CATALOG_BYTES_MISSING,source_inventory.json
2026-01,2026-01-02,XU100,TUPRS,REJECTED_AT_SOURCE_PREFLIGHT,ORIGINAL_FINANCIAL_CATALOG_BYTES_MISSING,source_inventory.json
2026-01,2026-01-02,XU100,TUREX,REJECTED_AT_SOURCE_PREFLIGHT,ORIGINAL_FINANCIAL_CATALOG_BYTES_MISSING,source_inventory.json
2026-01,2026-01-02,XU100,TURSG,REJECTED_AT_SOURCE_PREFLIGHT,ORIGINAL_FINANCIAL_CATALOG_BYTES_MISSING,source_inventory.json
2026-01,2026-01-02,XU100,ULKER,REJECTED_AT_SOURCE_PREFLIGHT,ORIGINAL_FINANCIAL_CATALOG_BYTES_MISSING,source_inventory.json
2026-01,2026-01-02,XU100,VAKBN,REJECTED_AT_SOURCE_PREFLIGHT,ORIGINAL_FINANCIAL_CATALOG_BYTES_MISSING,source_inventory.json
2026-01,2026-01-02,XU100,VESTL,REJECTED_AT_SOURCE_PREFLIGHT,ORIGINAL_FINANCIAL_CATALOG_BYTES_MISSING,source_inventory.json
2026-01,2026-01-02,XU100,YEOTK,REJECTED_AT_SOURCE_PREFLIGHT,ORIGINAL_FINANCIAL_CATALOG_BYTES_MISSING,source_inventory.json
2026-01,2026-01-02,XU100,YKBNK,REJECTED_AT_SOURCE_PREFLIGHT,ORIGINAL_FINANCIAL_CATALOG_BYTES_MISSING,source_inventory.json
2026-01,2026-01-02,XU100,ZOREN,REJECTED_AT_SOURCE_PREFLIGHT,ORIGINAL_FINANCIAL_CATALOG_BYTES_MISSING,source_inventory.json
2026-02,2026-02-02,XU100,AEFES,REJECTED_AT_SOURCE_PREFLIGHT,ORIGINAL_FINANCIAL_CATALOG_BYTES_MISSING,source_inventory.json
2026-02,2026-02-02,XU100,AGHOL,REJECTED_AT_SOURCE_PREFLIGHT,ORIGINAL_FINANCIAL_CATALOG_BYTES_MISSING,source_inventory.json
2026-02,2026-02-02,XU100,AKBNK,REJECTED_AT_SOURCE_PREFLIGHT,ORIGINAL_FINANCIAL_CATALOG_BYTES_MISSING,source_inventory.json
2026-02,2026-02-02,XU100,AKSA,REJECTED_AT_SOURCE_PREFLIGHT,ORIGINAL_FINANCIAL_CATALOG_BYTES_MISSING,source_inventory.json
2026-02,2026-02-02,XU100,AKSEN,REJECTED_AT_SOURCE_PREFLIGHT,ORIGINAL_FINANCIAL_CATALOG_BYTES_MISSING,source_inventory.json
2026-02,2026-02-02,XU100,ALARK,REJECTED_AT_SOURCE_PREFLIGHT,ORIGINAL_FINANCIAL_CATALOG_BYTES_MISSING,source_inventory.json
2026-02,2026-02-02,XU100,ALTNY,REJECTED_AT_SOURCE_PREFLIGHT,ORIGINAL_FINANCIAL_CATALOG_BYTES_MISSING,source_inventory.json
2026-02,2026-02-02,XU100,ANSGR,REJECTED_AT_SOURCE_PREFLIGHT,ORIGINAL_FINANCIAL_CATALOG_BYTES_MISSING,source_inventory.json
2026-02,2026-02-02,XU100,ARCLK,REJECTED_AT_SOURCE_PREFLIGHT,ORIGINAL_FINANCIAL_CATALOG_BYTES_MISSING,source_inventory.json
2026-02,2026-02-02,XU100,ASELS,REJECTED_AT_SOURCE_PREFLIGHT,ORIGINAL_FINANCIAL_CATALOG_BYTES_MISSING,source_inventory.json
2026-02,2026-02-02,XU100,ASTOR,REJECTED_AT_SOURCE_PREFLIGHT,ORIGINAL_FINANCIAL_CATALOG_BYTES_MISSING,source_inventory.json
2026-02,2026-02-02,XU100,BALSU,REJECTED_AT_SOURCE_PREFLIGHT,ORIGINAL_FINANCIAL_CATALOG_BYTES_MISSING,source_inventory.json
2026-02,2026-02-02,XU100,BIMAS,REJECTED_AT_SOURCE_PREFLIGHT,ORIGINAL_FINANCIAL_CATALOG_BYTES_MISSING,source_inventory.json
2026-02,2026-02-02,XU100,BRSAN,REJECTED_AT_SOURCE_PREFLIGHT,ORIGINAL_FINANCIAL_CATALOG_BYTES_MISSING,source_inventory.json
2026-02,2026-02-02,XU100,BRYAT,REJECTED_AT_SOURCE_PREFLIGHT,ORIGINAL_FINANCIAL_CATALOG_BYTES_MISSING,source_inventory.json
2026-02,2026-02-02,XU100,BSOKE,REJECTED_AT_SOURCE_PREFLIGHT,ORIGINAL_FINANCIAL_CATALOG_BYTES_MISSING,source_inventory.json
2026-02,2026-02-02,XU100,BTCIM,REJECTED_AT_SOURCE_PREFLIGHT,ORIGINAL_FINANCIAL_CATALOG_BYTES_MISSING,source_inventory.json
2026-02,2026-02-02,XU100,CANTE,REJECTED_AT_SOURCE_PREFLIGHT,ORIGINAL_FINANCIAL_CATALOG_BYTES_MISSING,source_inventory.json
2026-02,2026-02-02,XU100,CCOLA,REJECTED_AT_SOURCE_PREFLIGHT,ORIGINAL_FINANCIAL_CATALOG_BYTES_MISSING,source_inventory.json
2026-02,2026-02-02,XU100,CIMSA,REJECTED_AT_SOURCE_PREFLIGHT,ORIGINAL_FINANCIAL_CATALOG_BYTES_MISSING,source_inventory.json
2026-02,2026-02-02,XU100,CWENE,REJECTED_AT_SOURCE_PREFLIGHT,ORIGINAL_FINANCIAL_CATALOG_BYTES_MISSING,source_inventory.json
2026-02,2026-02-02,XU100,DAPGM,REJECTED_AT_SOURCE_PREFLIGHT,ORIGINAL_FINANCIAL_CATALOG_BYTES_MISSING,source_inventory.json
2026-02,2026-02-02,XU100,DOAS,REJECTED_AT_SOURCE_PREFLIGHT,ORIGINAL_FINANCIAL_CATALOG_BYTES_MISSING,source_inventory.json
2026-02,2026-02-02,XU100,DOHOL,REJECTED_AT_SOURCE_PREFLIGHT,ORIGINAL_FINANCIAL_CATALOG_BYTES_MISSING,source_inventory.json
2026-02,2026-02-02,XU100,DSTKF,REJECTED_AT_SOURCE_PREFLIGHT,ORIGINAL_FINANCIAL_CATALOG_BYTES_MISSING,source_inventory.json
2026-02,2026-02-02,XU100,ECILC,REJECTED_AT_SOURCE_PREFLIGHT,ORIGINAL_FINANCIAL_CATALOG_BYTES_MISSING,source_inventory.json
2026-02,2026-02-02,XU100,EFOR,REJECTED_AT_SOURCE_PREFLIGHT,ORIGINAL_FINANCIAL_CATALOG_BYTES_MISSING,source_inventory.json
2026-02,2026-02-02,XU100,EGEEN,REJECTED_AT_SOURCE_PREFLIGHT,ORIGINAL_FINANCIAL_CATALOG_BYTES_MISSING,source_inventory.json
2026-02,2026-02-02,XU100,EKGYO,REJECTED_AT_SOURCE_PREFLIGHT,ORIGINAL_FINANCIAL_CATALOG_BYTES_MISSING,source_inventory.json
2026-02,2026-02-02,XU100,ENERY,REJECTED_AT_SOURCE_PREFLIGHT,ORIGINAL_FINANCIAL_CATALOG_BYTES_MISSING,source_inventory.json
2026-02,2026-02-02,XU100,ENJSA,REJECTED_AT_SOURCE_PREFLIGHT,ORIGINAL_FINANCIAL_CATALOG_BYTES_MISSING,source_inventory.json
2026-02,2026-02-02,XU100,ENKAI,REJECTED_AT_SOURCE_PREFLIGHT,ORIGINAL_FINANCIAL_CATALOG_BYTES_MISSING,source_inventory.json
2026-02,2026-02-02,XU100,EREGL,REJECTED_AT_SOURCE_PREFLIGHT,ORIGINAL_FINANCIAL_CATALOG_BYTES_MISSING,source_inventory.json
2026-02,2026-02-02,XU100,EUPWR,REJECTED_AT_SOURCE_PREFLIGHT,ORIGINAL_FINANCIAL_CATALOG_BYTES_MISSING,source_inventory.json
2026-02,2026-02-02,XU100,FENER,REJECTED_AT_SOURCE_PREFLIGHT,ORIGINAL_FINANCIAL_CATALOG_BYTES_MISSING,source_inventory.json
2026-02,2026-02-02,XU100,FROTO,REJECTED_AT_SOURCE_PREFLIGHT,ORIGINAL_FINANCIAL_CATALOG_BYTES_MISSING,source_inventory.json
2026-02,2026-02-02,XU100,GARAN,REJECTED_AT_SOURCE_PREFLIGHT,ORIGINAL_FINANCIAL_CATALOG_BYTES_MISSING,source_inventory.json
2026-02,2026-02-02,XU100,GENIL,REJECTED_AT_SOURCE_PREFLIGHT,ORIGINAL_FINANCIAL_CATALOG_BYTES_MISSING,source_inventory.json
2026-02,2026-02-02,XU100,GESAN,REJECTED_AT_SOURCE_PREFLIGHT,ORIGINAL_FINANCIAL_CATALOG_BYTES_MISSING,source_inventory.json
2026-02,2026-02-02,XU100,GLRMK,REJECTED_AT_SOURCE_PREFLIGHT,ORIGINAL_FINANCIAL_CATALOG_BYTES_MISSING,source_inventory.json
2026-02,2026-02-02,XU100,GRSEL,REJECTED_AT_SOURCE_PREFLIGHT,ORIGINAL_FINANCIAL_CATALOG_BYTES_MISSING,source_inventory.json
2026-02,2026-02-02,XU100,GRTHO,REJECTED_AT_SOURCE_PREFLIGHT,ORIGINAL_FINANCIAL_CATALOG_BYTES_MISSING,source_inventory.json
2026-02,2026-02-02,XU100,GSRAY,REJECTED_AT_SOURCE_PREFLIGHT,ORIGINAL_FINANCIAL_CATALOG_BYTES_MISSING,source_inventory.json
2026-02,2026-02-02,XU100,GUBRF,REJECTED_AT_SOURCE_PREFLIGHT,ORIGINAL_FINANCIAL_CATALOG_BYTES_MISSING,source_inventory.json
2026-02,2026-02-02,XU100,HALKB,REJECTED_AT_SOURCE_PREFLIGHT,ORIGINAL_FINANCIAL_CATALOG_BYTES_MISSING,source_inventory.json
2026-02,2026-02-02,XU100,HEKTS,REJECTED_AT_SOURCE_PREFLIGHT,ORIGINAL_FINANCIAL_CATALOG_BYTES_MISSING,source_inventory.json
2026-02,2026-02-02,XU100,ISCTR,REJECTED_AT_SOURCE_PREFLIGHT,ORIGINAL_FINANCIAL_CATALOG_BYTES_MISSING,source_inventory.json
2026-02,2026-02-02,XU100,ISMEN,REJECTED_AT_SOURCE_PREFLIGHT,ORIGINAL_FINANCIAL_CATALOG_BYTES_MISSING,source_inventory.json
2026-02,2026-02-02,XU100,IZENR,REJECTED_AT_SOURCE_PREFLIGHT,ORIGINAL_FINANCIAL_CATALOG_BYTES_MISSING,source_inventory.json
2026-02,2026-02-02,XU100,KCAER,REJECTED_AT_SOURCE_PREFLIGHT,ORIGINAL_FINANCIAL_CATALOG_BYTES_MISSING,source_inventory.json
2026-02,2026-02-02,XU100,KCHOL,REJECTED_AT_SOURCE_PREFLIGHT,ORIGINAL_FINANCIAL_CATALOG_BYTES_MISSING,source_inventory.json
2026-02,2026-02-02,XU100,KLRHO,REJECTED_AT_SOURCE_PREFLIGHT,ORIGINAL_FINANCIAL_CATALOG_BYTES_MISSING,source_inventory.json
2026-02,2026-02-02,XU100,KONTR,REJECTED_AT_SOURCE_PREFLIGHT,ORIGINAL_FINANCIAL_CATALOG_BYTES_MISSING,source_inventory.json
2026-02,2026-02-02,XU100,KRDMD,REJECTED_AT_SOURCE_PREFLIGHT,ORIGINAL_FINANCIAL_CATALOG_BYTES_MISSING,source_inventory.json
2026-02,2026-02-02,XU100,KTLEV,REJECTED_AT_SOURCE_PREFLIGHT,ORIGINAL_FINANCIAL_CATALOG_BYTES_MISSING,source_inventory.json
2026-02,2026-02-02,XU100,KUYAS,REJECTED_AT_SOURCE_PREFLIGHT,ORIGINAL_FINANCIAL_CATALOG_BYTES_MISSING,source_inventory.json
2026-02,2026-02-02,XU100,MAGEN,REJECTED_AT_SOURCE_PREFLIGHT,ORIGINAL_FINANCIAL_CATALOG_BYTES_MISSING,source_inventory.json
2026-02,2026-02-02,XU100,MAVI,REJECTED_AT_SOURCE_PREFLIGHT,ORIGINAL_FINANCIAL_CATALOG_BYTES_MISSING,source_inventory.json
2026-02,2026-02-02,XU100,MGROS,REJECTED_AT_SOURCE_PREFLIGHT,ORIGINAL_FINANCIAL_CATALOG_BYTES_MISSING,source_inventory.json
2026-02,2026-02-02,XU100,MIATK,REJECTED_AT_SOURCE_PREFLIGHT,ORIGINAL_FINANCIAL_CATALOG_BYTES_MISSING,source_inventory.json
2026-02,2026-02-02,XU100,MPARK,REJECTED_AT_SOURCE_PREFLIGHT,ORIGINAL_FINANCIAL_CATALOG_BYTES_MISSING,source_inventory.json
2026-02,2026-02-02,XU100,OBAMS,REJECTED_AT_SOURCE_PREFLIGHT,ORIGINAL_FINANCIAL_CATALOG_BYTES_MISSING,source_inventory.json
2026-02,2026-02-02,XU100,ODAS,REJECTED_AT_SOURCE_PREFLIGHT,ORIGINAL_FINANCIAL_CATALOG_BYTES_MISSING,source_inventory.json
2026-02,2026-02-02,XU100,OTKAR,REJECTED_AT_SOURCE_PREFLIGHT,ORIGINAL_FINANCIAL_CATALOG_BYTES_MISSING,source_inventory.json
2026-02,2026-02-02,XU100,OYAKC,REJECTED_AT_SOURCE_PREFLIGHT,ORIGINAL_FINANCIAL_CATALOG_BYTES_MISSING,source_inventory.json
2026-02,2026-02-02,XU100,PASEU,REJECTED_AT_SOURCE_PREFLIGHT,ORIGINAL_FINANCIAL_CATALOG_BYTES_MISSING,source_inventory.json
2026-02,2026-02-02,XU100,PATEK,REJECTED_AT_SOURCE_PREFLIGHT,ORIGINAL_FINANCIAL_CATALOG_BYTES_MISSING,source_inventory.json
2026-02,2026-02-02,XU100,PETKM,REJECTED_AT_SOURCE_PREFLIGHT,ORIGINAL_FINANCIAL_CATALOG_BYTES_MISSING,source_inventory.json
2026-02,2026-02-02,XU100,PGSUS,REJECTED_AT_SOURCE_PREFLIGHT,ORIGINAL_FINANCIAL_CATALOG_BYTES_MISSING,source_inventory.json
2026-02,2026-02-02,XU100,QUAGR,REJECTED_AT_SOURCE_PREFLIGHT,ORIGINAL_FINANCIAL_CATALOG_BYTES_MISSING,source_inventory.json
2026-02,2026-02-02,XU100,RALYH,REJECTED_AT_SOURCE_PREFLIGHT,ORIGINAL_FINANCIAL_CATALOG_BYTES_MISSING,source_inventory.json
2026-02,2026-02-02,XU100,REEDR,REJECTED_AT_SOURCE_PREFLIGHT,ORIGINAL_FINANCIAL_CATALOG_BYTES_MISSING,source_inventory.json
2026-02,2026-02-02,XU100,SAHOL,REJECTED_AT_SOURCE_PREFLIGHT,ORIGINAL_FINANCIAL_CATALOG_BYTES_MISSING,source_inventory.json
2026-02,2026-02-02,XU100,SASA,REJECTED_AT_SOURCE_PREFLIGHT,ORIGINAL_FINANCIAL_CATALOG_BYTES_MISSING,source_inventory.json
2026-02,2026-02-02,XU100,SISE,REJECTED_AT_SOURCE_PREFLIGHT,ORIGINAL_FINANCIAL_CATALOG_BYTES_MISSING,source_inventory.json
2026-02,2026-02-02,XU100,SKBNK,REJECTED_AT_SOURCE_PREFLIGHT,ORIGINAL_FINANCIAL_CATALOG_BYTES_MISSING,source_inventory.json
2026-02,2026-02-02,XU100,SOKM,REJECTED_AT_SOURCE_PREFLIGHT,ORIGINAL_FINANCIAL_CATALOG_BYTES_MISSING,source_inventory.json
2026-02,2026-02-02,XU100,TABGD,REJECTED_AT_SOURCE_PREFLIGHT,ORIGINAL_FINANCIAL_CATALOG_BYTES_MISSING,source_inventory.json
2026-02,2026-02-02,XU100,TAVHL,REJECTED_AT_SOURCE_PREFLIGHT,ORIGINAL_FINANCIAL_CATALOG_BYTES_MISSING,source_inventory.json
2026-02,2026-02-02,XU100,TCELL,REJECTED_AT_SOURCE_PREFLIGHT,ORIGINAL_FINANCIAL_CATALOG_BYTES_MISSING,source_inventory.json
2026-02,2026-02-02,XU100,THYAO,REJECTED_AT_SOURCE_PREFLIGHT,ORIGINAL_FINANCIAL_CATALOG_BYTES_MISSING,source_inventory.json
2026-02,2026-02-02,XU100,TKFEN,REJECTED_AT_SOURCE_PREFLIGHT,ORIGINAL_FINANCIAL_CATALOG_BYTES_MISSING,source_inventory.json
2026-02,2026-02-02,XU100,TOASO,REJECTED_AT_SOURCE_PREFLIGHT,ORIGINAL_FINANCIAL_CATALOG_BYTES_MISSING,source_inventory.json
2026-02,2026-02-02,XU100,TRALT,REJECTED_AT_SOURCE_PREFLIGHT,ORIGINAL_FINANCIAL_CATALOG_BYTES_MISSING,source_inventory.json
2026-02,2026-02-02,XU100,TRENJ,REJECTED_AT_SOURCE_PREFLIGHT,ORIGINAL_FINANCIAL_CATALOG_BYTES_MISSING,source_inventory.json
2026-02,2026-02-02,XU100,TRMET,REJECTED_AT_SOURCE_PREFLIGHT,ORIGINAL_FINANCIAL_CATALOG_BYTES_MISSING,source_inventory.json
2026-02,2026-02-02,XU100,TSKB,REJECTED_AT_SOURCE_PREFLIGHT,ORIGINAL_FINANCIAL_CATALOG_BYTES_MISSING,source_inventory.json
2026-02,2026-02-02,XU100,TSPOR,REJECTED_AT_SOURCE_PREFLIGHT,ORIGINAL_FINANCIAL_CATALOG_BYTES_MISSING,source_inventory.json
2026-02,2026-02-02,XU100,TTKOM,REJECTED_AT_SOURCE_PREFLIGHT,ORIGINAL_FINANCIAL_CATALOG_BYTES_MISSING,source_inventory.json
2026-02,2026-02-02,XU100,TTRAK,REJECTED_AT_SOURCE_PREFLIGHT,ORIGINAL_FINANCIAL_CATALOG_BYTES_MISSING,source_inventory.json
2026-02,2026-02-02,XU100,TUKAS,REJECTED_AT_SOURCE_PREFLIGHT,ORIGINAL_FINANCIAL_CATALOG_BYTES_MISSING,source_inventory.json
2026-02,2026-02-02,XU100,TUPRS,REJECTED_AT_SOURCE_PREFLIGHT,ORIGINAL_FINANCIAL_CATALOG_BYTES_MISSING,source_inventory.json
2026-02,2026-02-02,XU100,TUREX,REJECTED_AT_SOURCE_PREFLIGHT,ORIGINAL_FINANCIAL_CATALOG_BYTES_MISSING,source_inventory.json
2026-02,2026-02-02,XU100,TURSG,REJECTED_AT_SOURCE_PREFLIGHT,ORIGINAL_FINANCIAL_CATALOG_BYTES_MISSING,source_inventory.json
2026-02,2026-02-02,XU100,ULKER,REJECTED_AT_SOURCE_PREFLIGHT,ORIGINAL_FINANCIAL_CATALOG_BYTES_MISSING,source_inventory.json
2026-02,2026-02-02,XU100,VAKBN,REJECTED_AT_SOURCE_PREFLIGHT,ORIGINAL_FINANCIAL_CATALOG_BYTES_MISSING,source_inventory.json
2026-02,2026-02-02,XU100,VESTL,REJECTED_AT_SOURCE_PREFLIGHT,ORIGINAL_FINANCIAL_CATALOG_BYTES_MISSING,source_inventory.json
2026-02,2026-02-02,XU100,YEOTK,REJECTED_AT_SOURCE_PREFLIGHT,ORIGINAL_FINANCIAL_CATALOG_BYTES_MISSING,source_inventory.json
2026-02,2026-02-02,XU100,YKBNK,REJECTED_AT_SOURCE_PREFLIGHT,ORIGINAL_FINANCIAL_CATALOG_BYTES_MISSING,source_inventory.json
2026-02,2026-02-02,XU100,ZOREN,REJECTED_AT_SOURCE_PREFLIGHT,ORIGINAL_FINANCIAL_CATALOG_BYTES_MISSING,source_inventory.json
2026-03,2026-03-02,XU100,AEFES,REJECTED_AT_SOURCE_PREFLIGHT,ORIGINAL_FINANCIAL_CATALOG_BYTES_MISSING,source_inventory.json
2026-03,2026-03-02,XU100,AGHOL,REJECTED_AT_SOURCE_PREFLIGHT,ORIGINAL_FINANCIAL_CATALOG_BYTES_MISSING,source_inventory.json
2026-03,2026-03-02,XU100,AKBNK,REJECTED_AT_SOURCE_PREFLIGHT,ORIGINAL_FINANCIAL_CATALOG_BYTES_MISSING,source_inventory.json
2026-03,2026-03-02,XU100,AKSA,REJECTED_AT_SOURCE_PREFLIGHT,ORIGINAL_FINANCIAL_CATALOG_BYTES_MISSING,source_inventory.json
2026-03,2026-03-02,XU100,AKSEN,REJECTED_AT_SOURCE_PREFLIGHT,ORIGINAL_FINANCIAL_CATALOG_BYTES_MISSING,source_inventory.json
2026-03,2026-03-02,XU100,ALARK,REJECTED_AT_SOURCE_PREFLIGHT,ORIGINAL_FINANCIAL_CATALOG_BYTES_MISSING,source_inventory.json
2026-03,2026-03-02,XU100,ALTNY,REJECTED_AT_SOURCE_PREFLIGHT,ORIGINAL_FINANCIAL_CATALOG_BYTES_MISSING,source_inventory.json
2026-03,2026-03-02,XU100,ANSGR,REJECTED_AT_SOURCE_PREFLIGHT,ORIGINAL_FINANCIAL_CATALOG_BYTES_MISSING,source_inventory.json
2026-03,2026-03-02,XU100,ARCLK,REJECTED_AT_SOURCE_PREFLIGHT,ORIGINAL_FINANCIAL_CATALOG_BYTES_MISSING,source_inventory.json
2026-03,2026-03-02,XU100,ASELS,REJECTED_AT_SOURCE_PREFLIGHT,ORIGINAL_FINANCIAL_CATALOG_BYTES_MISSING,source_inventory.json
2026-03,2026-03-02,XU100,ASTOR,REJECTED_AT_SOURCE_PREFLIGHT,ORIGINAL_FINANCIAL_CATALOG_BYTES_MISSING,source_inventory.json
2026-03,2026-03-02,XU100,BALSU,REJECTED_AT_SOURCE_PREFLIGHT,ORIGINAL_FINANCIAL_CATALOG_BYTES_MISSING,source_inventory.json
2026-03,2026-03-02,XU100,BIMAS,REJECTED_AT_SOURCE_PREFLIGHT,ORIGINAL_FINANCIAL_CATALOG_BYTES_MISSING,source_inventory.json
2026-03,2026-03-02,XU100,BRSAN,REJECTED_AT_SOURCE_PREFLIGHT,ORIGINAL_FINANCIAL_CATALOG_BYTES_MISSING,source_inventory.json
2026-03,2026-03-02,XU100,BRYAT,REJECTED_AT_SOURCE_PREFLIGHT,ORIGINAL_FINANCIAL_CATALOG_BYTES_MISSING,source_inventory.json
2026-03,2026-03-02,XU100,BSOKE,REJECTED_AT_SOURCE_PREFLIGHT,ORIGINAL_FINANCIAL_CATALOG_BYTES_MISSING,source_inventory.json
2026-03,2026-03-02,XU100,BTCIM,REJECTED_AT_SOURCE_PREFLIGHT,ORIGINAL_FINANCIAL_CATALOG_BYTES_MISSING,source_inventory.json
2026-03,2026-03-02,XU100,CANTE,REJECTED_AT_SOURCE_PREFLIGHT,ORIGINAL_FINANCIAL_CATALOG_BYTES_MISSING,source_inventory.json
2026-03,2026-03-02,XU100,CCOLA,REJECTED_AT_SOURCE_PREFLIGHT,ORIGINAL_FINANCIAL_CATALOG_BYTES_MISSING,source_inventory.json
2026-03,2026-03-02,XU100,CIMSA,REJECTED_AT_SOURCE_PREFLIGHT,ORIGINAL_FINANCIAL_CATALOG_BYTES_MISSING,source_inventory.json
2026-03,2026-03-02,XU100,CWENE,REJECTED_AT_SOURCE_PREFLIGHT,ORIGINAL_FINANCIAL_CATALOG_BYTES_MISSING,source_inventory.json
2026-03,2026-03-02,XU100,DAPGM,REJECTED_AT_SOURCE_PREFLIGHT,ORIGINAL_FINANCIAL_CATALOG_BYTES_MISSING,source_inventory.json
2026-03,2026-03-02,XU100,DOAS,REJECTED_AT_SOURCE_PREFLIGHT,ORIGINAL_FINANCIAL_CATALOG_BYTES_MISSING,source_inventory.json
2026-03,2026-03-02,XU100,DOHOL,REJECTED_AT_SOURCE_PREFLIGHT,ORIGINAL_FINANCIAL_CATALOG_BYTES_MISSING,source_inventory.json
2026-03,2026-03-02,XU100,DSTKF,REJECTED_AT_SOURCE_PREFLIGHT,ORIGINAL_FINANCIAL_CATALOG_BYTES_MISSING,source_inventory.json
2026-03,2026-03-02,XU100,ECILC,REJECTED_AT_SOURCE_PREFLIGHT,ORIGINAL_FINANCIAL_CATALOG_BYTES_MISSING,source_inventory.json
2026-03,2026-03-02,XU100,EFOR,REJECTED_AT_SOURCE_PREFLIGHT,ORIGINAL_FINANCIAL_CATALOG_BYTES_MISSING,source_inventory.json
2026-03,2026-03-02,XU100,EGEEN,REJECTED_AT_SOURCE_PREFLIGHT,ORIGINAL_FINANCIAL_CATALOG_BYTES_MISSING,source_inventory.json
2026-03,2026-03-02,XU100,EKGYO,REJECTED_AT_SOURCE_PREFLIGHT,ORIGINAL_FINANCIAL_CATALOG_BYTES_MISSING,source_inventory.json
2026-03,2026-03-02,XU100,ENERY,REJECTED_AT_SOURCE_PREFLIGHT,ORIGINAL_FINANCIAL_CATALOG_BYTES_MISSING,source_inventory.json
2026-03,2026-03-02,XU100,ENJSA,REJECTED_AT_SOURCE_PREFLIGHT,ORIGINAL_FINANCIAL_CATALOG_BYTES_MISSING,source_inventory.json
2026-03,2026-03-02,XU100,ENKAI,REJECTED_AT_SOURCE_PREFLIGHT,ORIGINAL_FINANCIAL_CATALOG_BYTES_MISSING,source_inventory.json
2026-03,2026-03-02,XU100,EREGL,REJECTED_AT_SOURCE_PREFLIGHT,ORIGINAL_FINANCIAL_CATALOG_BYTES_MISSING,source_inventory.json
2026-03,2026-03-02,XU100,EUPWR,REJECTED_AT_SOURCE_PREFLIGHT,ORIGINAL_FINANCIAL_CATALOG_BYTES_MISSING,source_inventory.json
2026-03,2026-03-02,XU100,FENER,REJECTED_AT_SOURCE_PREFLIGHT,ORIGINAL_FINANCIAL_CATALOG_BYTES_MISSING,source_inventory.json
2026-03,2026-03-02,XU100,FROTO,REJECTED_AT_SOURCE_PREFLIGHT,ORIGINAL_FINANCIAL_CATALOG_BYTES_MISSING,source_inventory.json
2026-03,2026-03-02,XU100,GARAN,REJECTED_AT_SOURCE_PREFLIGHT,ORIGINAL_FINANCIAL_CATALOG_BYTES_MISSING,source_inventory.json
2026-03,2026-03-02,XU100,GENIL,REJECTED_AT_SOURCE_PREFLIGHT,ORIGINAL_FINANCIAL_CATALOG_BYTES_MISSING,source_inventory.json
2026-03,2026-03-02,XU100,GESAN,REJECTED_AT_SOURCE_PREFLIGHT,ORIGINAL_FINANCIAL_CATALOG_BYTES_MISSING,source_inventory.json
2026-03,2026-03-02,XU100,GLRMK,REJECTED_AT_SOURCE_PREFLIGHT,ORIGINAL_FINANCIAL_CATALOG_BYTES_MISSING,source_inventory.json
2026-03,2026-03-02,XU100,GRSEL,REJECTED_AT_SOURCE_PREFLIGHT,ORIGINAL_FINANCIAL_CATALOG_BYTES_MISSING,source_inventory.json
2026-03,2026-03-02,XU100,GRTHO,REJECTED_AT_SOURCE_PREFLIGHT,ORIGINAL_FINANCIAL_CATALOG_BYTES_MISSING,source_inventory.json
2026-03,2026-03-02,XU100,GSRAY,REJECTED_AT_SOURCE_PREFLIGHT,ORIGINAL_FINANCIAL_CATALOG_BYTES_MISSING,source_inventory.json
2026-03,2026-03-02,XU100,GUBRF,REJECTED_AT_SOURCE_PREFLIGHT,ORIGINAL_FINANCIAL_CATALOG_BYTES_MISSING,source_inventory.json
2026-03,2026-03-02,XU100,HALKB,REJECTED_AT_SOURCE_PREFLIGHT,ORIGINAL_FINANCIAL_CATALOG_BYTES_MISSING,source_inventory.json
2026-03,2026-03-02,XU100,HEKTS,REJECTED_AT_SOURCE_PREFLIGHT,ORIGINAL_FINANCIAL_CATALOG_BYTES_MISSING,source_inventory.json
2026-03,2026-03-02,XU100,ISCTR,REJECTED_AT_SOURCE_PREFLIGHT,ORIGINAL_FINANCIAL_CATALOG_BYTES_MISSING,source_inventory.json
2026-03,2026-03-02,XU100,ISMEN,REJECTED_AT_SOURCE_PREFLIGHT,ORIGINAL_FINANCIAL_CATALOG_BYTES_MISSING,source_inventory.json
2026-03,2026-03-02,XU100,IZENR,REJECTED_AT_SOURCE_PREFLIGHT,ORIGINAL_FINANCIAL_CATALOG_BYTES_MISSING,source_inventory.json
2026-03,2026-03-02,XU100,KCAER,REJECTED_AT_SOURCE_PREFLIGHT,ORIGINAL_FINANCIAL_CATALOG_BYTES_MISSING,source_inventory.json
2026-03,2026-03-02,XU100,KCHOL,REJECTED_AT_SOURCE_PREFLIGHT,ORIGINAL_FINANCIAL_CATALOG_BYTES_MISSING,source_inventory.json
2026-03,2026-03-02,XU100,KLRHO,REJECTED_AT_SOURCE_PREFLIGHT,ORIGINAL_FINANCIAL_CATALOG_BYTES_MISSING,source_inventory.json
2026-03,2026-03-02,XU100,KONTR,REJECTED_AT_SOURCE_PREFLIGHT,ORIGINAL_FINANCIAL_CATALOG_BYTES_MISSING,source_inventory.json
2026-03,2026-03-02,XU100,KRDMD,REJECTED_AT_SOURCE_PREFLIGHT,ORIGINAL_FINANCIAL_CATALOG_BYTES_MISSING,source_inventory.json
2026-03,2026-03-02,XU100,KTLEV,REJECTED_AT_SOURCE_PREFLIGHT,ORIGINAL_FINANCIAL_CATALOG_BYTES_MISSING,source_inventory.json
2026-03,2026-03-02,XU100,KUYAS,REJECTED_AT_SOURCE_PREFLIGHT,ORIGINAL_FINANCIAL_CATALOG_BYTES_MISSING,source_inventory.json
2026-03,2026-03-02,XU100,MAGEN,REJECTED_AT_SOURCE_PREFLIGHT,ORIGINAL_FINANCIAL_CATALOG_BYTES_MISSING,source_inventory.json
2026-03,2026-03-02,XU100,MAVI,REJECTED_AT_SOURCE_PREFLIGHT,ORIGINAL_FINANCIAL_CATALOG_BYTES_MISSING,source_inventory.json
2026-03,2026-03-02,XU100,MGROS,REJECTED_AT_SOURCE_PREFLIGHT,ORIGINAL_FINANCIAL_CATALOG_BYTES_MISSING,source_inventory.json
2026-03,2026-03-02,XU100,MIATK,REJECTED_AT_SOURCE_PREFLIGHT,ORIGINAL_FINANCIAL_CATALOG_BYTES_MISSING,source_inventory.json
2026-03,2026-03-02,XU100,MPARK,REJECTED_AT_SOURCE_PREFLIGHT,ORIGINAL_FINANCIAL_CATALOG_BYTES_MISSING,source_inventory.json
2026-03,2026-03-02,XU100,OBAMS,REJECTED_AT_SOURCE_PREFLIGHT,ORIGINAL_FINANCIAL_CATALOG_BYTES_MISSING,source_inventory.json
2026-03,2026-03-02,XU100,ODAS,REJECTED_AT_SOURCE_PREFLIGHT,ORIGINAL_FINANCIAL_CATALOG_BYTES_MISSING,source_inventory.json
2026-03,2026-03-02,XU100,OTKAR,REJECTED_AT_SOURCE_PREFLIGHT,ORIGINAL_FINANCIAL_CATALOG_BYTES_MISSING,source_inventory.json
2026-03,2026-03-02,XU100,OYAKC,REJECTED_AT_SOURCE_PREFLIGHT,ORIGINAL_FINANCIAL_CATALOG_BYTES_MISSING,source_inventory.json
2026-03,2026-03-02,XU100,PASEU,REJECTED_AT_SOURCE_PREFLIGHT,ORIGINAL_FINANCIAL_CATALOG_BYTES_MISSING,source_inventory.json
2026-03,2026-03-02,XU100,PATEK,REJECTED_AT_SOURCE_PREFLIGHT,ORIGINAL_FINANCIAL_CATALOG_BYTES_MISSING,source_inventory.json
2026-03,2026-03-02,XU100,PETKM,REJECTED_AT_SOURCE_PREFLIGHT,ORIGINAL_FINANCIAL_CATALOG_BYTES_MISSING,source_inventory.json
2026-03,2026-03-02,XU100,PGSUS,REJECTED_AT_SOURCE_PREFLIGHT,ORIGINAL_FINANCIAL_CATALOG_BYTES_MISSING,source_inventory.json
2026-03,2026-03-02,XU100,QUAGR,REJECTED_AT_SOURCE_PREFLIGHT,ORIGINAL_FINANCIAL_CATALOG_BYTES_MISSING,source_inventory.json
2026-03,2026-03-02,XU100,RALYH,REJECTED_AT_SOURCE_PREFLIGHT,ORIGINAL_FINANCIAL_CATALOG_BYTES_MISSING,source_inventory.json
2026-03,2026-03-02,XU100,REEDR,REJECTED_AT_SOURCE_PREFLIGHT,ORIGINAL_FINANCIAL_CATALOG_BYTES_MISSING,source_inventory.json
2026-03,2026-03-02,XU100,SAHOL,REJECTED_AT_SOURCE_PREFLIGHT,ORIGINAL_FINANCIAL_CATALOG_BYTES_MISSING,source_inventory.json
2026-03,2026-03-02,XU100,SASA,REJECTED_AT_SOURCE_PREFLIGHT,ORIGINAL_FINANCIAL_CATALOG_BYTES_MISSING,source_inventory.json
2026-03,2026-03-02,XU100,SISE,REJECTED_AT_SOURCE_PREFLIGHT,ORIGINAL_FINANCIAL_CATALOG_BYTES_MISSING,source_inventory.json
2026-03,2026-03-02,XU100,SKBNK,REJECTED_AT_SOURCE_PREFLIGHT,ORIGINAL_FINANCIAL_CATALOG_BYTES_MISSING,source_inventory.json
2026-03,2026-03-02,XU100,SOKM,REJECTED_AT_SOURCE_PREFLIGHT,ORIGINAL_FINANCIAL_CATALOG_BYTES_MISSING,source_inventory.json
2026-03,2026-03-02,XU100,TABGD,REJECTED_AT_SOURCE_PREFLIGHT,ORIGINAL_FINANCIAL_CATALOG_BYTES_MISSING,source_inventory.json
2026-03,2026-03-02,XU100,TAVHL,REJECTED_AT_SOURCE_PREFLIGHT,ORIGINAL_FINANCIAL_CATALOG_BYTES_MISSING,source_inventory.json
2026-03,2026-03-02,XU100,TCELL,REJECTED_AT_SOURCE_PREFLIGHT,ORIGINAL_FINANCIAL_CATALOG_BYTES_MISSING,source_inventory.json
2026-03,2026-03-02,XU100,THYAO,REJECTED_AT_SOURCE_PREFLIGHT,ORIGINAL_FINANCIAL_CATALOG_BYTES_MISSING,source_inventory.json
2026-03,2026-03-02,XU100,TKFEN,REJECTED_AT_SOURCE_PREFLIGHT,ORIGINAL_FINANCIAL_CATALOG_BYTES_MISSING,source_inventory.json
2026-03,2026-03-02,XU100,TOASO,REJECTED_AT_SOURCE_PREFLIGHT,ORIGINAL_FINANCIAL_CATALOG_BYTES_MISSING,source_inventory.json
2026-03,2026-03-02,XU100,TRALT,REJECTED_AT_SOURCE_PREFLIGHT,ORIGINAL_FINANCIAL_CATALOG_BYTES_MISSING,source_inventory.json
2026-03,2026-03-02,XU100,TRENJ,REJECTED_AT_SOURCE_PREFLIGHT,ORIGINAL_FINANCIAL_CATALOG_BYTES_MISSING,source_inventory.json
2026-03,2026-03-02,XU100,TRMET,REJECTED_AT_SOURCE_PREFLIGHT,ORIGINAL_FINANCIAL_CATALOG_BYTES_MISSING,source_inventory.json
2026-03,2026-03-02,XU100,TSKB,REJECTED_AT_SOURCE_PREFLIGHT,ORIGINAL_FINANCIAL_CATALOG_BYTES_MISSING,source_inventory.json
2026-03,2026-03-02,XU100,TSPOR,REJECTED_AT_SOURCE_PREFLIGHT,ORIGINAL_FINANCIAL_CATALOG_BYTES_MISSING,source_inventory.json
2026-03,2026-03-02,XU100,TTKOM,REJECTED_AT_SOURCE_PREFLIGHT,ORIGINAL_FINANCIAL_CATALOG_BYTES_MISSING,source_inventory.json
2026-03,2026-03-02,XU100,TTRAK,REJECTED_AT_SOURCE_PREFLIGHT,ORIGINAL_FINANCIAL_CATALOG_BYTES_MISSING,source_inventory.json
2026-03,2026-03-02,XU100,TUKAS,REJECTED_AT_SOURCE_PREFLIGHT,ORIGINAL_FINANCIAL_CATALOG_BYTES_MISSING,source_inventory.json
2026-03,2026-03-02,XU100,TUPRS,REJECTED_AT_SOURCE_PREFLIGHT,ORIGINAL_FINANCIAL_CATALOG_BYTES_MISSING,source_inventory.json
2026-03,2026-03-02,XU100,TUREX,REJECTED_AT_SOURCE_PREFLIGHT,ORIGINAL_FINANCIAL_CATALOG_BYTES_MISSING,source_inventory.json
2026-03,2026-03-02,XU100,TURSG,REJECTED_AT_SOURCE_PREFLIGHT,ORIGINAL_FINANCIAL_CATALOG_BYTES_MISSING,source_inventory.json
2026-03,2026-03-02,XU100,ULKER,REJECTED_AT_SOURCE_PREFLIGHT,ORIGINAL_FINANCIAL_CATALOG_BYTES_MISSING,source_inventory.json
2026-03,2026-03-02,XU100,VAKBN,REJECTED_AT_SOURCE_PREFLIGHT,ORIGINAL_FINANCIAL_CATALOG_BYTES_MISSING,source_inventory.json
2026-03,2026-03-02,XU100,VESTL,REJECTED_AT_SOURCE_PREFLIGHT,ORIGINAL_FINANCIAL_CATALOG_BYTES_MISSING,source_inventory.json
2026-03,2026-03-02,XU100,YEOTK,REJECTED_AT_SOURCE_PREFLIGHT,ORIGINAL_FINANCIAL_CATALOG_BYTES_MISSING,source_inventory.json
2026-03,2026-03-02,XU100,YKBNK,REJECTED_AT_SOURCE_PREFLIGHT,ORIGINAL_FINANCIAL_CATALOG_BYTES_MISSING,source_inventory.json
2026-03,2026-03-02,XU100,ZOREN,REJECTED_AT_SOURCE_PREFLIGHT,ORIGINAL_FINANCIAL_CATALOG_BYTES_MISSING,source_inventory.json
2026-04,2026-04-01,XU100,AEFES,REJECTED_AT_SOURCE_PREFLIGHT,ORIGINAL_FINANCIAL_CATALOG_BYTES_MISSING,source_inventory.json
2026-04,2026-04-01,XU100,AGHOL,REJECTED_AT_SOURCE_PREFLIGHT,ORIGINAL_FINANCIAL_CATALOG_BYTES_MISSING,source_inventory.json
2026-04,2026-04-01,XU100,AKBNK,REJECTED_AT_SOURCE_PREFLIGHT,ORIGINAL_FINANCIAL_CATALOG_BYTES_MISSING,source_inventory.json
2026-04,2026-04-01,XU100,AKSA,REJECTED_AT_SOURCE_PREFLIGHT,ORIGINAL_FINANCIAL_CATALOG_BYTES_MISSING,source_inventory.json
2026-04,2026-04-01,XU100,AKSEN,REJECTED_AT_SOURCE_PREFLIGHT,ORIGINAL_FINANCIAL_CATALOG_BYTES_MISSING,source_inventory.json
2026-04,2026-04-01,XU100,ALARK,REJECTED_AT_SOURCE_PREFLIGHT,ORIGINAL_FINANCIAL_CATALOG_BYTES_MISSING,source_inventory.json
2026-04,2026-04-01,XU100,ALTNY,REJECTED_AT_SOURCE_PREFLIGHT,ORIGINAL_FINANCIAL_CATALOG_BYTES_MISSING,source_inventory.json
2026-04,2026-04-01,XU100,ANSGR,REJECTED_AT_SOURCE_PREFLIGHT,ORIGINAL_FINANCIAL_CATALOG_BYTES_MISSING,source_inventory.json
2026-04,2026-04-01,XU100,ARCLK,REJECTED_AT_SOURCE_PREFLIGHT,ORIGINAL_FINANCIAL_CATALOG_BYTES_MISSING,source_inventory.json
2026-04,2026-04-01,XU100,ASELS,REJECTED_AT_SOURCE_PREFLIGHT,ORIGINAL_FINANCIAL_CATALOG_BYTES_MISSING,source_inventory.json
2026-04,2026-04-01,XU100,ASTOR,REJECTED_AT_SOURCE_PREFLIGHT,ORIGINAL_FINANCIAL_CATALOG_BYTES_MISSING,source_inventory.json
2026-04,2026-04-01,XU100,BALSU,REJECTED_AT_SOURCE_PREFLIGHT,ORIGINAL_FINANCIAL_CATALOG_BYTES_MISSING,source_inventory.json
2026-04,2026-04-01,XU100,BIMAS,REJECTED_AT_SOURCE_PREFLIGHT,ORIGINAL_FINANCIAL_CATALOG_BYTES_MISSING,source_inventory.json
2026-04,2026-04-01,XU100,BRSAN,REJECTED_AT_SOURCE_PREFLIGHT,ORIGINAL_FINANCIAL_CATALOG_BYTES_MISSING,source_inventory.json
2026-04,2026-04-01,XU100,BRYAT,REJECTED_AT_SOURCE_PREFLIGHT,ORIGINAL_FINANCIAL_CATALOG_BYTES_MISSING,source_inventory.json
2026-04,2026-04-01,XU100,BSOKE,REJECTED_AT_SOURCE_PREFLIGHT,ORIGINAL_FINANCIAL_CATALOG_BYTES_MISSING,source_inventory.json
2026-04,2026-04-01,XU100,BTCIM,REJECTED_AT_SOURCE_PREFLIGHT,ORIGINAL_FINANCIAL_CATALOG_BYTES_MISSING,source_inventory.json
2026-04,2026-04-01,XU100,CANTE,REJECTED_AT_SOURCE_PREFLIGHT,ORIGINAL_FINANCIAL_CATALOG_BYTES_MISSING,source_inventory.json
2026-04,2026-04-01,XU100,CCOLA,REJECTED_AT_SOURCE_PREFLIGHT,ORIGINAL_FINANCIAL_CATALOG_BYTES_MISSING,source_inventory.json
2026-04,2026-04-01,XU100,CIMSA,REJECTED_AT_SOURCE_PREFLIGHT,ORIGINAL_FINANCIAL_CATALOG_BYTES_MISSING,source_inventory.json
2026-04,2026-04-01,XU100,CVKMD,REJECTED_AT_SOURCE_PREFLIGHT,ORIGINAL_FINANCIAL_CATALOG_BYTES_MISSING,source_inventory.json
2026-04,2026-04-01,XU100,CWENE,REJECTED_AT_SOURCE_PREFLIGHT,ORIGINAL_FINANCIAL_CATALOG_BYTES_MISSING,source_inventory.json
2026-04,2026-04-01,XU100,DAPGM,REJECTED_AT_SOURCE_PREFLIGHT,ORIGINAL_FINANCIAL_CATALOG_BYTES_MISSING,source_inventory.json
2026-04,2026-04-01,XU100,DOAS,REJECTED_AT_SOURCE_PREFLIGHT,ORIGINAL_FINANCIAL_CATALOG_BYTES_MISSING,source_inventory.json
2026-04,2026-04-01,XU100,DOHOL,REJECTED_AT_SOURCE_PREFLIGHT,ORIGINAL_FINANCIAL_CATALOG_BYTES_MISSING,source_inventory.json
2026-04,2026-04-01,XU100,DSTKF,REJECTED_AT_SOURCE_PREFLIGHT,ORIGINAL_FINANCIAL_CATALOG_BYTES_MISSING,source_inventory.json
2026-04,2026-04-01,XU100,ECILC,REJECTED_AT_SOURCE_PREFLIGHT,ORIGINAL_FINANCIAL_CATALOG_BYTES_MISSING,source_inventory.json
2026-04,2026-04-01,XU100,EFOR,REJECTED_AT_SOURCE_PREFLIGHT,ORIGINAL_FINANCIAL_CATALOG_BYTES_MISSING,source_inventory.json
2026-04,2026-04-01,XU100,EKGYO,REJECTED_AT_SOURCE_PREFLIGHT,ORIGINAL_FINANCIAL_CATALOG_BYTES_MISSING,source_inventory.json
2026-04,2026-04-01,XU100,ENERY,REJECTED_AT_SOURCE_PREFLIGHT,ORIGINAL_FINANCIAL_CATALOG_BYTES_MISSING,source_inventory.json
2026-04,2026-04-01,XU100,ENJSA,REJECTED_AT_SOURCE_PREFLIGHT,ORIGINAL_FINANCIAL_CATALOG_BYTES_MISSING,source_inventory.json
2026-04,2026-04-01,XU100,ENKAI,REJECTED_AT_SOURCE_PREFLIGHT,ORIGINAL_FINANCIAL_CATALOG_BYTES_MISSING,source_inventory.json
2026-04,2026-04-01,XU100,EREGL,REJECTED_AT_SOURCE_PREFLIGHT,ORIGINAL_FINANCIAL_CATALOG_BYTES_MISSING,source_inventory.json
2026-04,2026-04-01,XU100,EUPWR,REJECTED_AT_SOURCE_PREFLIGHT,ORIGINAL_FINANCIAL_CATALOG_BYTES_MISSING,source_inventory.json
2026-04,2026-04-01,XU100,EUREN,REJECTED_AT_SOURCE_PREFLIGHT,ORIGINAL_FINANCIAL_CATALOG_BYTES_MISSING,source_inventory.json
2026-04,2026-04-01,XU100,FENER,REJECTED_AT_SOURCE_PREFLIGHT,ORIGINAL_FINANCIAL_CATALOG_BYTES_MISSING,source_inventory.json
2026-04,2026-04-01,XU100,FROTO,REJECTED_AT_SOURCE_PREFLIGHT,ORIGINAL_FINANCIAL_CATALOG_BYTES_MISSING,source_inventory.json
2026-04,2026-04-01,XU100,GARAN,REJECTED_AT_SOURCE_PREFLIGHT,ORIGINAL_FINANCIAL_CATALOG_BYTES_MISSING,source_inventory.json
2026-04,2026-04-01,XU100,GENIL,REJECTED_AT_SOURCE_PREFLIGHT,ORIGINAL_FINANCIAL_CATALOG_BYTES_MISSING,source_inventory.json
2026-04,2026-04-01,XU100,GESAN,REJECTED_AT_SOURCE_PREFLIGHT,ORIGINAL_FINANCIAL_CATALOG_BYTES_MISSING,source_inventory.json
2026-04,2026-04-01,XU100,GLRMK,REJECTED_AT_SOURCE_PREFLIGHT,ORIGINAL_FINANCIAL_CATALOG_BYTES_MISSING,source_inventory.json
2026-04,2026-04-01,XU100,GRSEL,REJECTED_AT_SOURCE_PREFLIGHT,ORIGINAL_FINANCIAL_CATALOG_BYTES_MISSING,source_inventory.json
2026-04,2026-04-01,XU100,GRTHO,REJECTED_AT_SOURCE_PREFLIGHT,ORIGINAL_FINANCIAL_CATALOG_BYTES_MISSING,source_inventory.json
2026-04,2026-04-01,XU100,GSRAY,REJECTED_AT_SOURCE_PREFLIGHT,ORIGINAL_FINANCIAL_CATALOG_BYTES_MISSING,source_inventory.json
2026-04,2026-04-01,XU100,GUBRF,REJECTED_AT_SOURCE_PREFLIGHT,ORIGINAL_FINANCIAL_CATALOG_BYTES_MISSING,source_inventory.json
2026-04,2026-04-01,XU100,HALKB,REJECTED_AT_SOURCE_PREFLIGHT,ORIGINAL_FINANCIAL_CATALOG_BYTES_MISSING,source_inventory.json
2026-04,2026-04-01,XU100,HEKTS,REJECTED_AT_SOURCE_PREFLIGHT,ORIGINAL_FINANCIAL_CATALOG_BYTES_MISSING,source_inventory.json
2026-04,2026-04-01,XU100,ISCTR,REJECTED_AT_SOURCE_PREFLIGHT,ORIGINAL_FINANCIAL_CATALOG_BYTES_MISSING,source_inventory.json
2026-04,2026-04-01,XU100,ISMEN,REJECTED_AT_SOURCE_PREFLIGHT,ORIGINAL_FINANCIAL_CATALOG_BYTES_MISSING,source_inventory.json
2026-04,2026-04-01,XU100,IZENR,REJECTED_AT_SOURCE_PREFLIGHT,ORIGINAL_FINANCIAL_CATALOG_BYTES_MISSING,source_inventory.json
2026-04,2026-04-01,XU100,KCHOL,REJECTED_AT_SOURCE_PREFLIGHT,ORIGINAL_FINANCIAL_CATALOG_BYTES_MISSING,source_inventory.json
2026-04,2026-04-01,XU100,KLRHO,REJECTED_AT_SOURCE_PREFLIGHT,ORIGINAL_FINANCIAL_CATALOG_BYTES_MISSING,source_inventory.json
2026-04,2026-04-01,XU100,KONTR,REJECTED_AT_SOURCE_PREFLIGHT,ORIGINAL_FINANCIAL_CATALOG_BYTES_MISSING,source_inventory.json
2026-04,2026-04-01,XU100,KRDMD,REJECTED_AT_SOURCE_PREFLIGHT,ORIGINAL_FINANCIAL_CATALOG_BYTES_MISSING,source_inventory.json
2026-04,2026-04-01,XU100,KTLEV,REJECTED_AT_SOURCE_PREFLIGHT,ORIGINAL_FINANCIAL_CATALOG_BYTES_MISSING,source_inventory.json
2026-04,2026-04-01,XU100,KUYAS,REJECTED_AT_SOURCE_PREFLIGHT,ORIGINAL_FINANCIAL_CATALOG_BYTES_MISSING,source_inventory.json
2026-04,2026-04-01,XU100,MAGEN,REJECTED_AT_SOURCE_PREFLIGHT,ORIGINAL_FINANCIAL_CATALOG_BYTES_MISSING,source_inventory.json
2026-04,2026-04-01,XU100,MAVI,REJECTED_AT_SOURCE_PREFLIGHT,ORIGINAL_FINANCIAL_CATALOG_BYTES_MISSING,source_inventory.json
2026-04,2026-04-01,XU100,MGROS,REJECTED_AT_SOURCE_PREFLIGHT,ORIGINAL_FINANCIAL_CATALOG_BYTES_MISSING,source_inventory.json
2026-04,2026-04-01,XU100,MIATK,REJECTED_AT_SOURCE_PREFLIGHT,ORIGINAL_FINANCIAL_CATALOG_BYTES_MISSING,source_inventory.json
2026-04,2026-04-01,XU100,MPARK,REJECTED_AT_SOURCE_PREFLIGHT,ORIGINAL_FINANCIAL_CATALOG_BYTES_MISSING,source_inventory.json
2026-04,2026-04-01,XU100,OBAMS,REJECTED_AT_SOURCE_PREFLIGHT,ORIGINAL_FINANCIAL_CATALOG_BYTES_MISSING,source_inventory.json
2026-04,2026-04-01,XU100,ODAS,REJECTED_AT_SOURCE_PREFLIGHT,ORIGINAL_FINANCIAL_CATALOG_BYTES_MISSING,source_inventory.json
2026-04,2026-04-01,XU100,OTKAR,REJECTED_AT_SOURCE_PREFLIGHT,ORIGINAL_FINANCIAL_CATALOG_BYTES_MISSING,source_inventory.json
2026-04,2026-04-01,XU100,OYAKC,REJECTED_AT_SOURCE_PREFLIGHT,ORIGINAL_FINANCIAL_CATALOG_BYTES_MISSING,source_inventory.json
2026-04,2026-04-01,XU100,PAHOL,REJECTED_AT_SOURCE_PREFLIGHT,ORIGINAL_FINANCIAL_CATALOG_BYTES_MISSING,source_inventory.json
2026-04,2026-04-01,XU100,PASEU,REJECTED_AT_SOURCE_PREFLIGHT,ORIGINAL_FINANCIAL_CATALOG_BYTES_MISSING,source_inventory.json
2026-04,2026-04-01,XU100,PATEK,REJECTED_AT_SOURCE_PREFLIGHT,ORIGINAL_FINANCIAL_CATALOG_BYTES_MISSING,source_inventory.json
2026-04,2026-04-01,XU100,PETKM,REJECTED_AT_SOURCE_PREFLIGHT,ORIGINAL_FINANCIAL_CATALOG_BYTES_MISSING,source_inventory.json
2026-04,2026-04-01,XU100,PGSUS,REJECTED_AT_SOURCE_PREFLIGHT,ORIGINAL_FINANCIAL_CATALOG_BYTES_MISSING,source_inventory.json
2026-04,2026-04-01,XU100,PSGYO,REJECTED_AT_SOURCE_PREFLIGHT,ORIGINAL_FINANCIAL_CATALOG_BYTES_MISSING,source_inventory.json
2026-04,2026-04-01,XU100,QUAGR,REJECTED_AT_SOURCE_PREFLIGHT,ORIGINAL_FINANCIAL_CATALOG_BYTES_MISSING,source_inventory.json
2026-04,2026-04-01,XU100,RALYH,REJECTED_AT_SOURCE_PREFLIGHT,ORIGINAL_FINANCIAL_CATALOG_BYTES_MISSING,source_inventory.json
2026-04,2026-04-01,XU100,REEDR,REJECTED_AT_SOURCE_PREFLIGHT,ORIGINAL_FINANCIAL_CATALOG_BYTES_MISSING,source_inventory.json
2026-04,2026-04-01,XU100,SAHOL,REJECTED_AT_SOURCE_PREFLIGHT,ORIGINAL_FINANCIAL_CATALOG_BYTES_MISSING,source_inventory.json
2026-04,2026-04-01,XU100,SARKY,REJECTED_AT_SOURCE_PREFLIGHT,ORIGINAL_FINANCIAL_CATALOG_BYTES_MISSING,source_inventory.json
2026-04,2026-04-01,XU100,SASA,REJECTED_AT_SOURCE_PREFLIGHT,ORIGINAL_FINANCIAL_CATALOG_BYTES_MISSING,source_inventory.json
2026-04,2026-04-01,XU100,SISE,REJECTED_AT_SOURCE_PREFLIGHT,ORIGINAL_FINANCIAL_CATALOG_BYTES_MISSING,source_inventory.json
2026-04,2026-04-01,XU100,SKBNK,REJECTED_AT_SOURCE_PREFLIGHT,ORIGINAL_FINANCIAL_CATALOG_BYTES_MISSING,source_inventory.json
2026-04,2026-04-01,XU100,SOKM,REJECTED_AT_SOURCE_PREFLIGHT,ORIGINAL_FINANCIAL_CATALOG_BYTES_MISSING,source_inventory.json
2026-04,2026-04-01,XU100,TABGD,REJECTED_AT_SOURCE_PREFLIGHT,ORIGINAL_FINANCIAL_CATALOG_BYTES_MISSING,source_inventory.json
2026-04,2026-04-01,XU100,TAVHL,REJECTED_AT_SOURCE_PREFLIGHT,ORIGINAL_FINANCIAL_CATALOG_BYTES_MISSING,source_inventory.json
2026-04,2026-04-01,XU100,TCELL,REJECTED_AT_SOURCE_PREFLIGHT,ORIGINAL_FINANCIAL_CATALOG_BYTES_MISSING,source_inventory.json
2026-04,2026-04-01,XU100,THYAO,REJECTED_AT_SOURCE_PREFLIGHT,ORIGINAL_FINANCIAL_CATALOG_BYTES_MISSING,source_inventory.json
2026-04,2026-04-01,XU100,TKFEN,REJECTED_AT_SOURCE_PREFLIGHT,ORIGINAL_FINANCIAL_CATALOG_BYTES_MISSING,source_inventory.json
2026-04,2026-04-01,XU100,TOASO,REJECTED_AT_SOURCE_PREFLIGHT,ORIGINAL_FINANCIAL_CATALOG_BYTES_MISSING,source_inventory.json
2026-04,2026-04-01,XU100,TRALT,REJECTED_AT_SOURCE_PREFLIGHT,ORIGINAL_FINANCIAL_CATALOG_BYTES_MISSING,source_inventory.json
2026-04,2026-04-01,XU100,TRENJ,REJECTED_AT_SOURCE_PREFLIGHT,ORIGINAL_FINANCIAL_CATALOG_BYTES_MISSING,source_inventory.json
2026-04,2026-04-01,XU100,TRMET,REJECTED_AT_SOURCE_PREFLIGHT,ORIGINAL_FINANCIAL_CATALOG_BYTES_MISSING,source_inventory.json
2026-04,2026-04-01,XU100,TSKB,REJECTED_AT_SOURCE_PREFLIGHT,ORIGINAL_FINANCIAL_CATALOG_BYTES_MISSING,source_inventory.json
2026-04,2026-04-01,XU100,TTKOM,REJECTED_AT_SOURCE_PREFLIGHT,ORIGINAL_FINANCIAL_CATALOG_BYTES_MISSING,source_inventory.json
2026-04,2026-04-01,XU100,TUKAS,REJECTED_AT_SOURCE_PREFLIGHT,ORIGINAL_FINANCIAL_CATALOG_BYTES_MISSING,source_inventory.json
2026-04,2026-04-01,XU100,TUPRS,REJECTED_AT_SOURCE_PREFLIGHT,ORIGINAL_FINANCIAL_CATALOG_BYTES_MISSING,source_inventory.json
2026-04,2026-04-01,XU100,TUREX,REJECTED_AT_SOURCE_PREFLIGHT,ORIGINAL_FINANCIAL_CATALOG_BYTES_MISSING,source_inventory.json
2026-04,2026-04-01,XU100,TURSG,REJECTED_AT_SOURCE_PREFLIGHT,ORIGINAL_FINANCIAL_CATALOG_BYTES_MISSING,source_inventory.json
2026-04,2026-04-01,XU100,ULKER,REJECTED_AT_SOURCE_PREFLIGHT,ORIGINAL_FINANCIAL_CATALOG_BYTES_MISSING,source_inventory.json
2026-04,2026-04-01,XU100,VAKBN,REJECTED_AT_SOURCE_PREFLIGHT,ORIGINAL_FINANCIAL_CATALOG_BYTES_MISSING,source_inventory.json
2026-04,2026-04-01,XU100,VESTL,REJECTED_AT_SOURCE_PREFLIGHT,ORIGINAL_FINANCIAL_CATALOG_BYTES_MISSING,source_inventory.json
2026-04,2026-04-01,XU100,YKBNK,REJECTED_AT_SOURCE_PREFLIGHT,ORIGINAL_FINANCIAL_CATALOG_BYTES_MISSING,source_inventory.json
2026-04,2026-04-01,XU100,ZOREN,REJECTED_AT_SOURCE_PREFLIGHT,ORIGINAL_FINANCIAL_CATALOG_BYTES_MISSING,source_inventory.json
2026-05,2026-05-04,XU100,AEFES,REJECTED_AT_SOURCE_PREFLIGHT,ORIGINAL_FINANCIAL_CATALOG_BYTES_MISSING,source_inventory.json
2026-05,2026-05-04,XU100,AGHOL,REJECTED_AT_SOURCE_PREFLIGHT,ORIGINAL_FINANCIAL_CATALOG_BYTES_MISSING,source_inventory.json
2026-05,2026-05-04,XU100,AKBNK,REJECTED_AT_SOURCE_PREFLIGHT,ORIGINAL_FINANCIAL_CATALOG_BYTES_MISSING,source_inventory.json
2026-05,2026-05-04,XU100,AKSA,REJECTED_AT_SOURCE_PREFLIGHT,ORIGINAL_FINANCIAL_CATALOG_BYTES_MISSING,source_inventory.json
2026-05,2026-05-04,XU100,AKSEN,REJECTED_AT_SOURCE_PREFLIGHT,ORIGINAL_FINANCIAL_CATALOG_BYTES_MISSING,source_inventory.json
2026-05,2026-05-04,XU100,ALARK,REJECTED_AT_SOURCE_PREFLIGHT,ORIGINAL_FINANCIAL_CATALOG_BYTES_MISSING,source_inventory.json
2026-05,2026-05-04,XU100,ALTNY,REJECTED_AT_SOURCE_PREFLIGHT,ORIGINAL_FINANCIAL_CATALOG_BYTES_MISSING,source_inventory.json
2026-05,2026-05-04,XU100,ANSGR,REJECTED_AT_SOURCE_PREFLIGHT,ORIGINAL_FINANCIAL_CATALOG_BYTES_MISSING,source_inventory.json
2026-05,2026-05-04,XU100,ARCLK,REJECTED_AT_SOURCE_PREFLIGHT,ORIGINAL_FINANCIAL_CATALOG_BYTES_MISSING,source_inventory.json
2026-05,2026-05-04,XU100,ASELS,REJECTED_AT_SOURCE_PREFLIGHT,ORIGINAL_FINANCIAL_CATALOG_BYTES_MISSING,source_inventory.json
2026-05,2026-05-04,XU100,ASTOR,REJECTED_AT_SOURCE_PREFLIGHT,ORIGINAL_FINANCIAL_CATALOG_BYTES_MISSING,source_inventory.json
2026-05,2026-05-04,XU100,BALSU,REJECTED_AT_SOURCE_PREFLIGHT,ORIGINAL_FINANCIAL_CATALOG_BYTES_MISSING,source_inventory.json
2026-05,2026-05-04,XU100,BIMAS,REJECTED_AT_SOURCE_PREFLIGHT,ORIGINAL_FINANCIAL_CATALOG_BYTES_MISSING,source_inventory.json
2026-05,2026-05-04,XU100,BRSAN,REJECTED_AT_SOURCE_PREFLIGHT,ORIGINAL_FINANCIAL_CATALOG_BYTES_MISSING,source_inventory.json
2026-05,2026-05-04,XU100,BRYAT,REJECTED_AT_SOURCE_PREFLIGHT,ORIGINAL_FINANCIAL_CATALOG_BYTES_MISSING,source_inventory.json
2026-05,2026-05-04,XU100,BSOKE,REJECTED_AT_SOURCE_PREFLIGHT,ORIGINAL_FINANCIAL_CATALOG_BYTES_MISSING,source_inventory.json
2026-05,2026-05-04,XU100,BTCIM,REJECTED_AT_SOURCE_PREFLIGHT,ORIGINAL_FINANCIAL_CATALOG_BYTES_MISSING,source_inventory.json
2026-05,2026-05-04,XU100,CANTE,REJECTED_AT_SOURCE_PREFLIGHT,ORIGINAL_FINANCIAL_CATALOG_BYTES_MISSING,source_inventory.json
2026-05,2026-05-04,XU100,CCOLA,REJECTED_AT_SOURCE_PREFLIGHT,ORIGINAL_FINANCIAL_CATALOG_BYTES_MISSING,source_inventory.json
2026-05,2026-05-04,XU100,CIMSA,REJECTED_AT_SOURCE_PREFLIGHT,ORIGINAL_FINANCIAL_CATALOG_BYTES_MISSING,source_inventory.json
2026-05,2026-05-04,XU100,CVKMD,REJECTED_AT_SOURCE_PREFLIGHT,ORIGINAL_FINANCIAL_CATALOG_BYTES_MISSING,source_inventory.json
2026-05,2026-05-04,XU100,CWENE,REJECTED_AT_SOURCE_PREFLIGHT,ORIGINAL_FINANCIAL_CATALOG_BYTES_MISSING,source_inventory.json
2026-05,2026-05-04,XU100,DAPGM,REJECTED_AT_SOURCE_PREFLIGHT,ORIGINAL_FINANCIAL_CATALOG_BYTES_MISSING,source_inventory.json
2026-05,2026-05-04,XU100,DOAS,REJECTED_AT_SOURCE_PREFLIGHT,ORIGINAL_FINANCIAL_CATALOG_BYTES_MISSING,source_inventory.json
2026-05,2026-05-04,XU100,DOHOL,REJECTED_AT_SOURCE_PREFLIGHT,ORIGINAL_FINANCIAL_CATALOG_BYTES_MISSING,source_inventory.json
2026-05,2026-05-04,XU100,DSTKF,REJECTED_AT_SOURCE_PREFLIGHT,ORIGINAL_FINANCIAL_CATALOG_BYTES_MISSING,source_inventory.json
2026-05,2026-05-04,XU100,ECILC,REJECTED_AT_SOURCE_PREFLIGHT,ORIGINAL_FINANCIAL_CATALOG_BYTES_MISSING,source_inventory.json
2026-05,2026-05-04,XU100,EFOR,REJECTED_AT_SOURCE_PREFLIGHT,ORIGINAL_FINANCIAL_CATALOG_BYTES_MISSING,source_inventory.json
2026-05,2026-05-04,XU100,EKGYO,REJECTED_AT_SOURCE_PREFLIGHT,ORIGINAL_FINANCIAL_CATALOG_BYTES_MISSING,source_inventory.json
2026-05,2026-05-04,XU100,ENERY,REJECTED_AT_SOURCE_PREFLIGHT,ORIGINAL_FINANCIAL_CATALOG_BYTES_MISSING,source_inventory.json
2026-05,2026-05-04,XU100,ENJSA,REJECTED_AT_SOURCE_PREFLIGHT,ORIGINAL_FINANCIAL_CATALOG_BYTES_MISSING,source_inventory.json
2026-05,2026-05-04,XU100,ENKAI,REJECTED_AT_SOURCE_PREFLIGHT,ORIGINAL_FINANCIAL_CATALOG_BYTES_MISSING,source_inventory.json
2026-05,2026-05-04,XU100,EREGL,REJECTED_AT_SOURCE_PREFLIGHT,ORIGINAL_FINANCIAL_CATALOG_BYTES_MISSING,source_inventory.json
2026-05,2026-05-04,XU100,EUPWR,REJECTED_AT_SOURCE_PREFLIGHT,ORIGINAL_FINANCIAL_CATALOG_BYTES_MISSING,source_inventory.json
2026-05,2026-05-04,XU100,EUREN,REJECTED_AT_SOURCE_PREFLIGHT,ORIGINAL_FINANCIAL_CATALOG_BYTES_MISSING,source_inventory.json
2026-05,2026-05-04,XU100,FENER,REJECTED_AT_SOURCE_PREFLIGHT,ORIGINAL_FINANCIAL_CATALOG_BYTES_MISSING,source_inventory.json
2026-05,2026-05-04,XU100,FROTO,REJECTED_AT_SOURCE_PREFLIGHT,ORIGINAL_FINANCIAL_CATALOG_BYTES_MISSING,source_inventory.json
2026-05,2026-05-04,XU100,GARAN,REJECTED_AT_SOURCE_PREFLIGHT,ORIGINAL_FINANCIAL_CATALOG_BYTES_MISSING,source_inventory.json
2026-05,2026-05-04,XU100,GENIL,REJECTED_AT_SOURCE_PREFLIGHT,ORIGINAL_FINANCIAL_CATALOG_BYTES_MISSING,source_inventory.json
2026-05,2026-05-04,XU100,GESAN,REJECTED_AT_SOURCE_PREFLIGHT,ORIGINAL_FINANCIAL_CATALOG_BYTES_MISSING,source_inventory.json
2026-05,2026-05-04,XU100,GLRMK,REJECTED_AT_SOURCE_PREFLIGHT,ORIGINAL_FINANCIAL_CATALOG_BYTES_MISSING,source_inventory.json
2026-05,2026-05-04,XU100,GRSEL,REJECTED_AT_SOURCE_PREFLIGHT,ORIGINAL_FINANCIAL_CATALOG_BYTES_MISSING,source_inventory.json
2026-05,2026-05-04,XU100,GRTHO,REJECTED_AT_SOURCE_PREFLIGHT,ORIGINAL_FINANCIAL_CATALOG_BYTES_MISSING,source_inventory.json
2026-05,2026-05-04,XU100,GSRAY,REJECTED_AT_SOURCE_PREFLIGHT,ORIGINAL_FINANCIAL_CATALOG_BYTES_MISSING,source_inventory.json
2026-05,2026-05-04,XU100,GUBRF,REJECTED_AT_SOURCE_PREFLIGHT,ORIGINAL_FINANCIAL_CATALOG_BYTES_MISSING,source_inventory.json
2026-05,2026-05-04,XU100,HALKB,REJECTED_AT_SOURCE_PREFLIGHT,ORIGINAL_FINANCIAL_CATALOG_BYTES_MISSING,source_inventory.json
2026-05,2026-05-04,XU100,HEKTS,REJECTED_AT_SOURCE_PREFLIGHT,ORIGINAL_FINANCIAL_CATALOG_BYTES_MISSING,source_inventory.json
2026-05,2026-05-04,XU100,ISCTR,REJECTED_AT_SOURCE_PREFLIGHT,ORIGINAL_FINANCIAL_CATALOG_BYTES_MISSING,source_inventory.json
2026-05,2026-05-04,XU100,ISMEN,REJECTED_AT_SOURCE_PREFLIGHT,ORIGINAL_FINANCIAL_CATALOG_BYTES_MISSING,source_inventory.json
2026-05,2026-05-04,XU100,IZENR,REJECTED_AT_SOURCE_PREFLIGHT,ORIGINAL_FINANCIAL_CATALOG_BYTES_MISSING,source_inventory.json
2026-05,2026-05-04,XU100,KCHOL,REJECTED_AT_SOURCE_PREFLIGHT,ORIGINAL_FINANCIAL_CATALOG_BYTES_MISSING,source_inventory.json
2026-05,2026-05-04,XU100,KLRHO,REJECTED_AT_SOURCE_PREFLIGHT,ORIGINAL_FINANCIAL_CATALOG_BYTES_MISSING,source_inventory.json
2026-05,2026-05-04,XU100,KONTR,REJECTED_AT_SOURCE_PREFLIGHT,ORIGINAL_FINANCIAL_CATALOG_BYTES_MISSING,source_inventory.json
2026-05,2026-05-04,XU100,KRDMD,REJECTED_AT_SOURCE_PREFLIGHT,ORIGINAL_FINANCIAL_CATALOG_BYTES_MISSING,source_inventory.json
2026-05,2026-05-04,XU100,KTLEV,REJECTED_AT_SOURCE_PREFLIGHT,ORIGINAL_FINANCIAL_CATALOG_BYTES_MISSING,source_inventory.json
2026-05,2026-05-04,XU100,KUYAS,REJECTED_AT_SOURCE_PREFLIGHT,ORIGINAL_FINANCIAL_CATALOG_BYTES_MISSING,source_inventory.json
2026-05,2026-05-04,XU100,MAGEN,REJECTED_AT_SOURCE_PREFLIGHT,ORIGINAL_FINANCIAL_CATALOG_BYTES_MISSING,source_inventory.json
2026-05,2026-05-04,XU100,MAVI,REJECTED_AT_SOURCE_PREFLIGHT,ORIGINAL_FINANCIAL_CATALOG_BYTES_MISSING,source_inventory.json
2026-05,2026-05-04,XU100,MGROS,REJECTED_AT_SOURCE_PREFLIGHT,ORIGINAL_FINANCIAL_CATALOG_BYTES_MISSING,source_inventory.json
2026-05,2026-05-04,XU100,MIATK,REJECTED_AT_SOURCE_PREFLIGHT,ORIGINAL_FINANCIAL_CATALOG_BYTES_MISSING,source_inventory.json
2026-05,2026-05-04,XU100,MPARK,REJECTED_AT_SOURCE_PREFLIGHT,ORIGINAL_FINANCIAL_CATALOG_BYTES_MISSING,source_inventory.json
2026-05,2026-05-04,XU100,OBAMS,REJECTED_AT_SOURCE_PREFLIGHT,ORIGINAL_FINANCIAL_CATALOG_BYTES_MISSING,source_inventory.json
2026-05,2026-05-04,XU100,ODAS,REJECTED_AT_SOURCE_PREFLIGHT,ORIGINAL_FINANCIAL_CATALOG_BYTES_MISSING,source_inventory.json
2026-05,2026-05-04,XU100,OTKAR,REJECTED_AT_SOURCE_PREFLIGHT,ORIGINAL_FINANCIAL_CATALOG_BYTES_MISSING,source_inventory.json
2026-05,2026-05-04,XU100,OYAKC,REJECTED_AT_SOURCE_PREFLIGHT,ORIGINAL_FINANCIAL_CATALOG_BYTES_MISSING,source_inventory.json
2026-05,2026-05-04,XU100,PAHOL,REJECTED_AT_SOURCE_PREFLIGHT,ORIGINAL_FINANCIAL_CATALOG_BYTES_MISSING,source_inventory.json
2026-05,2026-05-04,XU100,PASEU,REJECTED_AT_SOURCE_PREFLIGHT,ORIGINAL_FINANCIAL_CATALOG_BYTES_MISSING,source_inventory.json
2026-05,2026-05-04,XU100,PATEK,REJECTED_AT_SOURCE_PREFLIGHT,ORIGINAL_FINANCIAL_CATALOG_BYTES_MISSING,source_inventory.json
2026-05,2026-05-04,XU100,PETKM,REJECTED_AT_SOURCE_PREFLIGHT,ORIGINAL_FINANCIAL_CATALOG_BYTES_MISSING,source_inventory.json
2026-05,2026-05-04,XU100,PGSUS,REJECTED_AT_SOURCE_PREFLIGHT,ORIGINAL_FINANCIAL_CATALOG_BYTES_MISSING,source_inventory.json
2026-05,2026-05-04,XU100,PSGYO,REJECTED_AT_SOURCE_PREFLIGHT,ORIGINAL_FINANCIAL_CATALOG_BYTES_MISSING,source_inventory.json
2026-05,2026-05-04,XU100,QUAGR,REJECTED_AT_SOURCE_PREFLIGHT,ORIGINAL_FINANCIAL_CATALOG_BYTES_MISSING,source_inventory.json
2026-05,2026-05-04,XU100,RALYH,REJECTED_AT_SOURCE_PREFLIGHT,ORIGINAL_FINANCIAL_CATALOG_BYTES_MISSING,source_inventory.json
2026-05,2026-05-04,XU100,REEDR,REJECTED_AT_SOURCE_PREFLIGHT,ORIGINAL_FINANCIAL_CATALOG_BYTES_MISSING,source_inventory.json
2026-05,2026-05-04,XU100,SAHOL,REJECTED_AT_SOURCE_PREFLIGHT,ORIGINAL_FINANCIAL_CATALOG_BYTES_MISSING,source_inventory.json
2026-05,2026-05-04,XU100,SARKY,REJECTED_AT_SOURCE_PREFLIGHT,ORIGINAL_FINANCIAL_CATALOG_BYTES_MISSING,source_inventory.json
2026-05,2026-05-04,XU100,SASA,REJECTED_AT_SOURCE_PREFLIGHT,ORIGINAL_FINANCIAL_CATALOG_BYTES_MISSING,source_inventory.json
2026-05,2026-05-04,XU100,SISE,REJECTED_AT_SOURCE_PREFLIGHT,ORIGINAL_FINANCIAL_CATALOG_BYTES_MISSING,source_inventory.json
2026-05,2026-05-04,XU100,SKBNK,REJECTED_AT_SOURCE_PREFLIGHT,ORIGINAL_FINANCIAL_CATALOG_BYTES_MISSING,source_inventory.json
2026-05,2026-05-04,XU100,SOKM,REJECTED_AT_SOURCE_PREFLIGHT,ORIGINAL_FINANCIAL_CATALOG_BYTES_MISSING,source_inventory.json
2026-05,2026-05-04,XU100,TABGD,REJECTED_AT_SOURCE_PREFLIGHT,ORIGINAL_FINANCIAL_CATALOG_BYTES_MISSING,source_inventory.json
2026-05,2026-05-04,XU100,TAVHL,REJECTED_AT_SOURCE_PREFLIGHT,ORIGINAL_FINANCIAL_CATALOG_BYTES_MISSING,source_inventory.json
2026-05,2026-05-04,XU100,TCELL,REJECTED_AT_SOURCE_PREFLIGHT,ORIGINAL_FINANCIAL_CATALOG_BYTES_MISSING,source_inventory.json
2026-05,2026-05-04,XU100,THYAO,REJECTED_AT_SOURCE_PREFLIGHT,ORIGINAL_FINANCIAL_CATALOG_BYTES_MISSING,source_inventory.json
2026-05,2026-05-04,XU100,TKFEN,REJECTED_AT_SOURCE_PREFLIGHT,ORIGINAL_FINANCIAL_CATALOG_BYTES_MISSING,source_inventory.json
2026-05,2026-05-04,XU100,TOASO,REJECTED_AT_SOURCE_PREFLIGHT,ORIGINAL_FINANCIAL_CATALOG_BYTES_MISSING,source_inventory.json
2026-05,2026-05-04,XU100,TRALT,REJECTED_AT_SOURCE_PREFLIGHT,ORIGINAL_FINANCIAL_CATALOG_BYTES_MISSING,source_inventory.json
2026-05,2026-05-04,XU100,TRENJ,REJECTED_AT_SOURCE_PREFLIGHT,ORIGINAL_FINANCIAL_CATALOG_BYTES_MISSING,source_inventory.json
2026-05,2026-05-04,XU100,TRMET,REJECTED_AT_SOURCE_PREFLIGHT,ORIGINAL_FINANCIAL_CATALOG_BYTES_MISSING,source_inventory.json
2026-05,2026-05-04,XU100,TSKB,REJECTED_AT_SOURCE_PREFLIGHT,ORIGINAL_FINANCIAL_CATALOG_BYTES_MISSING,source_inventory.json
2026-05,2026-05-04,XU100,TTKOM,REJECTED_AT_SOURCE_PREFLIGHT,ORIGINAL_FINANCIAL_CATALOG_BYTES_MISSING,source_inventory.json
2026-05,2026-05-04,XU100,TUKAS,REJECTED_AT_SOURCE_PREFLIGHT,ORIGINAL_FINANCIAL_CATALOG_BYTES_MISSING,source_inventory.json
2026-05,2026-05-04,XU100,TUPRS,REJECTED_AT_SOURCE_PREFLIGHT,ORIGINAL_FINANCIAL_CATALOG_BYTES_MISSING,source_inventory.json
2026-05,2026-05-04,XU100,TUREX,REJECTED_AT_SOURCE_PREFLIGHT,ORIGINAL_FINANCIAL_CATALOG_BYTES_MISSING,source_inventory.json
2026-05,2026-05-04,XU100,TURSG,REJECTED_AT_SOURCE_PREFLIGHT,ORIGINAL_FINANCIAL_CATALOG_BYTES_MISSING,source_inventory.json
2026-05,2026-05-04,XU100,ULKER,REJECTED_AT_SOURCE_PREFLIGHT,ORIGINAL_FINANCIAL_CATALOG_BYTES_MISSING,source_inventory.json
2026-05,2026-05-04,XU100,VAKBN,REJECTED_AT_SOURCE_PREFLIGHT,ORIGINAL_FINANCIAL_CATALOG_BYTES_MISSING,source_inventory.json
2026-05,2026-05-04,XU100,VESTL,REJECTED_AT_SOURCE_PREFLIGHT,ORIGINAL_FINANCIAL_CATALOG_BYTES_MISSING,source_inventory.json
2026-05,2026-05-04,XU100,YKBNK,REJECTED_AT_SOURCE_PREFLIGHT,ORIGINAL_FINANCIAL_CATALOG_BYTES_MISSING,source_inventory.json
2026-05,2026-05-04,XU100,ZOREN,REJECTED_AT_SOURCE_PREFLIGHT,ORIGINAL_FINANCIAL_CATALOG_BYTES_MISSING,source_inventory.json
2026-06,2026-06-01,XU100,AEFES,REJECTED_AT_SOURCE_PREFLIGHT,ORIGINAL_FINANCIAL_CATALOG_BYTES_MISSING,source_inventory.json
2026-06,2026-06-01,XU100,AGHOL,REJECTED_AT_SOURCE_PREFLIGHT,ORIGINAL_FINANCIAL_CATALOG_BYTES_MISSING,source_inventory.json
2026-06,2026-06-01,XU100,AKBNK,REJECTED_AT_SOURCE_PREFLIGHT,ORIGINAL_FINANCIAL_CATALOG_BYTES_MISSING,source_inventory.json
2026-06,2026-06-01,XU100,AKSA,REJECTED_AT_SOURCE_PREFLIGHT,ORIGINAL_FINANCIAL_CATALOG_BYTES_MISSING,source_inventory.json
2026-06,2026-06-01,XU100,AKSEN,REJECTED_AT_SOURCE_PREFLIGHT,ORIGINAL_FINANCIAL_CATALOG_BYTES_MISSING,source_inventory.json
2026-06,2026-06-01,XU100,ALARK,REJECTED_AT_SOURCE_PREFLIGHT,ORIGINAL_FINANCIAL_CATALOG_BYTES_MISSING,source_inventory.json
2026-06,2026-06-01,XU100,ALTNY,REJECTED_AT_SOURCE_PREFLIGHT,ORIGINAL_FINANCIAL_CATALOG_BYTES_MISSING,source_inventory.json
2026-06,2026-06-01,XU100,ANSGR,REJECTED_AT_SOURCE_PREFLIGHT,ORIGINAL_FINANCIAL_CATALOG_BYTES_MISSING,source_inventory.json
2026-06,2026-06-01,XU100,ARCLK,REJECTED_AT_SOURCE_PREFLIGHT,ORIGINAL_FINANCIAL_CATALOG_BYTES_MISSING,source_inventory.json
2026-06,2026-06-01,XU100,ASELS,REJECTED_AT_SOURCE_PREFLIGHT,ORIGINAL_FINANCIAL_CATALOG_BYTES_MISSING,source_inventory.json
2026-06,2026-06-01,XU100,ASTOR,REJECTED_AT_SOURCE_PREFLIGHT,ORIGINAL_FINANCIAL_CATALOG_BYTES_MISSING,source_inventory.json
2026-06,2026-06-01,XU100,BALSU,REJECTED_AT_SOURCE_PREFLIGHT,ORIGINAL_FINANCIAL_CATALOG_BYTES_MISSING,source_inventory.json
2026-06,2026-06-01,XU100,BIMAS,REJECTED_AT_SOURCE_PREFLIGHT,ORIGINAL_FINANCIAL_CATALOG_BYTES_MISSING,source_inventory.json
2026-06,2026-06-01,XU100,BRSAN,REJECTED_AT_SOURCE_PREFLIGHT,ORIGINAL_FINANCIAL_CATALOG_BYTES_MISSING,source_inventory.json
2026-06,2026-06-01,XU100,BRYAT,REJECTED_AT_SOURCE_PREFLIGHT,ORIGINAL_FINANCIAL_CATALOG_BYTES_MISSING,source_inventory.json
2026-06,2026-06-01,XU100,BSOKE,REJECTED_AT_SOURCE_PREFLIGHT,ORIGINAL_FINANCIAL_CATALOG_BYTES_MISSING,source_inventory.json
2026-06,2026-06-01,XU100,BTCIM,REJECTED_AT_SOURCE_PREFLIGHT,ORIGINAL_FINANCIAL_CATALOG_BYTES_MISSING,source_inventory.json
2026-06,2026-06-01,XU100,CANTE,REJECTED_AT_SOURCE_PREFLIGHT,ORIGINAL_FINANCIAL_CATALOG_BYTES_MISSING,source_inventory.json
2026-06,2026-06-01,XU100,CCOLA,REJECTED_AT_SOURCE_PREFLIGHT,ORIGINAL_FINANCIAL_CATALOG_BYTES_MISSING,source_inventory.json
2026-06,2026-06-01,XU100,CIMSA,REJECTED_AT_SOURCE_PREFLIGHT,ORIGINAL_FINANCIAL_CATALOG_BYTES_MISSING,source_inventory.json
2026-06,2026-06-01,XU100,CVKMD,REJECTED_AT_SOURCE_PREFLIGHT,ORIGINAL_FINANCIAL_CATALOG_BYTES_MISSING,source_inventory.json
2026-06,2026-06-01,XU100,CWENE,REJECTED_AT_SOURCE_PREFLIGHT,ORIGINAL_FINANCIAL_CATALOG_BYTES_MISSING,source_inventory.json
2026-06,2026-06-01,XU100,DAPGM,REJECTED_AT_SOURCE_PREFLIGHT,ORIGINAL_FINANCIAL_CATALOG_BYTES_MISSING,source_inventory.json
2026-06,2026-06-01,XU100,DOAS,REJECTED_AT_SOURCE_PREFLIGHT,ORIGINAL_FINANCIAL_CATALOG_BYTES_MISSING,source_inventory.json
2026-06,2026-06-01,XU100,DOHOL,REJECTED_AT_SOURCE_PREFLIGHT,ORIGINAL_FINANCIAL_CATALOG_BYTES_MISSING,source_inventory.json
2026-06,2026-06-01,XU100,DSTKF,REJECTED_AT_SOURCE_PREFLIGHT,ORIGINAL_FINANCIAL_CATALOG_BYTES_MISSING,source_inventory.json
2026-06,2026-06-01,XU100,ECILC,REJECTED_AT_SOURCE_PREFLIGHT,ORIGINAL_FINANCIAL_CATALOG_BYTES_MISSING,source_inventory.json
2026-06,2026-06-01,XU100,EFOR,REJECTED_AT_SOURCE_PREFLIGHT,ORIGINAL_FINANCIAL_CATALOG_BYTES_MISSING,source_inventory.json
2026-06,2026-06-01,XU100,EKGYO,REJECTED_AT_SOURCE_PREFLIGHT,ORIGINAL_FINANCIAL_CATALOG_BYTES_MISSING,source_inventory.json
2026-06,2026-06-01,XU100,ENERY,REJECTED_AT_SOURCE_PREFLIGHT,ORIGINAL_FINANCIAL_CATALOG_BYTES_MISSING,source_inventory.json
2026-06,2026-06-01,XU100,ENJSA,REJECTED_AT_SOURCE_PREFLIGHT,ORIGINAL_FINANCIAL_CATALOG_BYTES_MISSING,source_inventory.json
2026-06,2026-06-01,XU100,ENKAI,REJECTED_AT_SOURCE_PREFLIGHT,ORIGINAL_FINANCIAL_CATALOG_BYTES_MISSING,source_inventory.json
2026-06,2026-06-01,XU100,EREGL,REJECTED_AT_SOURCE_PREFLIGHT,ORIGINAL_FINANCIAL_CATALOG_BYTES_MISSING,source_inventory.json
2026-06,2026-06-01,XU100,EUPWR,REJECTED_AT_SOURCE_PREFLIGHT,ORIGINAL_FINANCIAL_CATALOG_BYTES_MISSING,source_inventory.json
2026-06,2026-06-01,XU100,EUREN,REJECTED_AT_SOURCE_PREFLIGHT,ORIGINAL_FINANCIAL_CATALOG_BYTES_MISSING,source_inventory.json
2026-06,2026-06-01,XU100,FENER,REJECTED_AT_SOURCE_PREFLIGHT,ORIGINAL_FINANCIAL_CATALOG_BYTES_MISSING,source_inventory.json
2026-06,2026-06-01,XU100,FROTO,REJECTED_AT_SOURCE_PREFLIGHT,ORIGINAL_FINANCIAL_CATALOG_BYTES_MISSING,source_inventory.json
2026-06,2026-06-01,XU100,GARAN,REJECTED_AT_SOURCE_PREFLIGHT,ORIGINAL_FINANCIAL_CATALOG_BYTES_MISSING,source_inventory.json
2026-06,2026-06-01,XU100,GENIL,REJECTED_AT_SOURCE_PREFLIGHT,ORIGINAL_FINANCIAL_CATALOG_BYTES_MISSING,source_inventory.json
2026-06,2026-06-01,XU100,GESAN,REJECTED_AT_SOURCE_PREFLIGHT,ORIGINAL_FINANCIAL_CATALOG_BYTES_MISSING,source_inventory.json
2026-06,2026-06-01,XU100,GLRMK,REJECTED_AT_SOURCE_PREFLIGHT,ORIGINAL_FINANCIAL_CATALOG_BYTES_MISSING,source_inventory.json
2026-06,2026-06-01,XU100,GRSEL,REJECTED_AT_SOURCE_PREFLIGHT,ORIGINAL_FINANCIAL_CATALOG_BYTES_MISSING,source_inventory.json
2026-06,2026-06-01,XU100,GRTHO,REJECTED_AT_SOURCE_PREFLIGHT,ORIGINAL_FINANCIAL_CATALOG_BYTES_MISSING,source_inventory.json
2026-06,2026-06-01,XU100,GSRAY,REJECTED_AT_SOURCE_PREFLIGHT,ORIGINAL_FINANCIAL_CATALOG_BYTES_MISSING,source_inventory.json
2026-06,2026-06-01,XU100,GUBRF,REJECTED_AT_SOURCE_PREFLIGHT,ORIGINAL_FINANCIAL_CATALOG_BYTES_MISSING,source_inventory.json
2026-06,2026-06-01,XU100,HALKB,REJECTED_AT_SOURCE_PREFLIGHT,ORIGINAL_FINANCIAL_CATALOG_BYTES_MISSING,source_inventory.json
2026-06,2026-06-01,XU100,HEKTS,REJECTED_AT_SOURCE_PREFLIGHT,ORIGINAL_FINANCIAL_CATALOG_BYTES_MISSING,source_inventory.json
2026-06,2026-06-01,XU100,ISCTR,REJECTED_AT_SOURCE_PREFLIGHT,ORIGINAL_FINANCIAL_CATALOG_BYTES_MISSING,source_inventory.json
2026-06,2026-06-01,XU100,ISMEN,REJECTED_AT_SOURCE_PREFLIGHT,ORIGINAL_FINANCIAL_CATALOG_BYTES_MISSING,source_inventory.json
2026-06,2026-06-01,XU100,IZENR,REJECTED_AT_SOURCE_PREFLIGHT,ORIGINAL_FINANCIAL_CATALOG_BYTES_MISSING,source_inventory.json
2026-06,2026-06-01,XU100,KCHOL,REJECTED_AT_SOURCE_PREFLIGHT,ORIGINAL_FINANCIAL_CATALOG_BYTES_MISSING,source_inventory.json
2026-06,2026-06-01,XU100,KLRHO,REJECTED_AT_SOURCE_PREFLIGHT,ORIGINAL_FINANCIAL_CATALOG_BYTES_MISSING,source_inventory.json
2026-06,2026-06-01,XU100,KONTR,REJECTED_AT_SOURCE_PREFLIGHT,ORIGINAL_FINANCIAL_CATALOG_BYTES_MISSING,source_inventory.json
2026-06,2026-06-01,XU100,KRDMD,REJECTED_AT_SOURCE_PREFLIGHT,ORIGINAL_FINANCIAL_CATALOG_BYTES_MISSING,source_inventory.json
2026-06,2026-06-01,XU100,KTLEV,REJECTED_AT_SOURCE_PREFLIGHT,ORIGINAL_FINANCIAL_CATALOG_BYTES_MISSING,source_inventory.json
2026-06,2026-06-01,XU100,KUYAS,REJECTED_AT_SOURCE_PREFLIGHT,ORIGINAL_FINANCIAL_CATALOG_BYTES_MISSING,source_inventory.json
2026-06,2026-06-01,XU100,MAGEN,REJECTED_AT_SOURCE_PREFLIGHT,ORIGINAL_FINANCIAL_CATALOG_BYTES_MISSING,source_inventory.json
2026-06,2026-06-01,XU100,MAVI,REJECTED_AT_SOURCE_PREFLIGHT,ORIGINAL_FINANCIAL_CATALOG_BYTES_MISSING,source_inventory.json
2026-06,2026-06-01,XU100,MGROS,REJECTED_AT_SOURCE_PREFLIGHT,ORIGINAL_FINANCIAL_CATALOG_BYTES_MISSING,source_inventory.json
2026-06,2026-06-01,XU100,MIATK,REJECTED_AT_SOURCE_PREFLIGHT,ORIGINAL_FINANCIAL_CATALOG_BYTES_MISSING,source_inventory.json
2026-06,2026-06-01,XU100,MPARK,REJECTED_AT_SOURCE_PREFLIGHT,ORIGINAL_FINANCIAL_CATALOG_BYTES_MISSING,source_inventory.json
2026-06,2026-06-01,XU100,OBAMS,REJECTED_AT_SOURCE_PREFLIGHT,ORIGINAL_FINANCIAL_CATALOG_BYTES_MISSING,source_inventory.json
2026-06,2026-06-01,XU100,ODAS,REJECTED_AT_SOURCE_PREFLIGHT,ORIGINAL_FINANCIAL_CATALOG_BYTES_MISSING,source_inventory.json
2026-06,2026-06-01,XU100,OTKAR,REJECTED_AT_SOURCE_PREFLIGHT,ORIGINAL_FINANCIAL_CATALOG_BYTES_MISSING,source_inventory.json
2026-06,2026-06-01,XU100,OYAKC,REJECTED_AT_SOURCE_PREFLIGHT,ORIGINAL_FINANCIAL_CATALOG_BYTES_MISSING,source_inventory.json
2026-06,2026-06-01,XU100,PAHOL,REJECTED_AT_SOURCE_PREFLIGHT,ORIGINAL_FINANCIAL_CATALOG_BYTES_MISSING,source_inventory.json
2026-06,2026-06-01,XU100,PASEU,REJECTED_AT_SOURCE_PREFLIGHT,ORIGINAL_FINANCIAL_CATALOG_BYTES_MISSING,source_inventory.json
2026-06,2026-06-01,XU100,PATEK,REJECTED_AT_SOURCE_PREFLIGHT,ORIGINAL_FINANCIAL_CATALOG_BYTES_MISSING,source_inventory.json
2026-06,2026-06-01,XU100,PETKM,REJECTED_AT_SOURCE_PREFLIGHT,ORIGINAL_FINANCIAL_CATALOG_BYTES_MISSING,source_inventory.json
2026-06,2026-06-01,XU100,PGSUS,REJECTED_AT_SOURCE_PREFLIGHT,ORIGINAL_FINANCIAL_CATALOG_BYTES_MISSING,source_inventory.json
2026-06,2026-06-01,XU100,PSGYO,REJECTED_AT_SOURCE_PREFLIGHT,ORIGINAL_FINANCIAL_CATALOG_BYTES_MISSING,source_inventory.json
2026-06,2026-06-01,XU100,QUAGR,REJECTED_AT_SOURCE_PREFLIGHT,ORIGINAL_FINANCIAL_CATALOG_BYTES_MISSING,source_inventory.json
2026-06,2026-06-01,XU100,RALYH,REJECTED_AT_SOURCE_PREFLIGHT,ORIGINAL_FINANCIAL_CATALOG_BYTES_MISSING,source_inventory.json
2026-06,2026-06-01,XU100,REEDR,REJECTED_AT_SOURCE_PREFLIGHT,ORIGINAL_FINANCIAL_CATALOG_BYTES_MISSING,source_inventory.json
2026-06,2026-06-01,XU100,SAHOL,REJECTED_AT_SOURCE_PREFLIGHT,ORIGINAL_FINANCIAL_CATALOG_BYTES_MISSING,source_inventory.json
2026-06,2026-06-01,XU100,SARKY,REJECTED_AT_SOURCE_PREFLIGHT,ORIGINAL_FINANCIAL_CATALOG_BYTES_MISSING,source_inventory.json
2026-06,2026-06-01,XU100,SASA,REJECTED_AT_SOURCE_PREFLIGHT,ORIGINAL_FINANCIAL_CATALOG_BYTES_MISSING,source_inventory.json
2026-06,2026-06-01,XU100,SISE,REJECTED_AT_SOURCE_PREFLIGHT,ORIGINAL_FINANCIAL_CATALOG_BYTES_MISSING,source_inventory.json
2026-06,2026-06-01,XU100,SKBNK,REJECTED_AT_SOURCE_PREFLIGHT,ORIGINAL_FINANCIAL_CATALOG_BYTES_MISSING,source_inventory.json
2026-06,2026-06-01,XU100,SOKM,REJECTED_AT_SOURCE_PREFLIGHT,ORIGINAL_FINANCIAL_CATALOG_BYTES_MISSING,source_inventory.json
2026-06,2026-06-01,XU100,TABGD,REJECTED_AT_SOURCE_PREFLIGHT,ORIGINAL_FINANCIAL_CATALOG_BYTES_MISSING,source_inventory.json
2026-06,2026-06-01,XU100,TAVHL,REJECTED_AT_SOURCE_PREFLIGHT,ORIGINAL_FINANCIAL_CATALOG_BYTES_MISSING,source_inventory.json
2026-06,2026-06-01,XU100,TCELL,REJECTED_AT_SOURCE_PREFLIGHT,ORIGINAL_FINANCIAL_CATALOG_BYTES_MISSING,source_inventory.json
2026-06,2026-06-01,XU100,THYAO,REJECTED_AT_SOURCE_PREFLIGHT,ORIGINAL_FINANCIAL_CATALOG_BYTES_MISSING,source_inventory.json
2026-06,2026-06-01,XU100,TKFEN,REJECTED_AT_SOURCE_PREFLIGHT,ORIGINAL_FINANCIAL_CATALOG_BYTES_MISSING,source_inventory.json
2026-06,2026-06-01,XU100,TOASO,REJECTED_AT_SOURCE_PREFLIGHT,ORIGINAL_FINANCIAL_CATALOG_BYTES_MISSING,source_inventory.json
2026-06,2026-06-01,XU100,TRALT,REJECTED_AT_SOURCE_PREFLIGHT,ORIGINAL_FINANCIAL_CATALOG_BYTES_MISSING,source_inventory.json
2026-06,2026-06-01,XU100,TRENJ,REJECTED_AT_SOURCE_PREFLIGHT,ORIGINAL_FINANCIAL_CATALOG_BYTES_MISSING,source_inventory.json
2026-06,2026-06-01,XU100,TRMET,REJECTED_AT_SOURCE_PREFLIGHT,ORIGINAL_FINANCIAL_CATALOG_BYTES_MISSING,source_inventory.json
2026-06,2026-06-01,XU100,TSKB,REJECTED_AT_SOURCE_PREFLIGHT,ORIGINAL_FINANCIAL_CATALOG_BYTES_MISSING,source_inventory.json
2026-06,2026-06-01,XU100,TTKOM,REJECTED_AT_SOURCE_PREFLIGHT,ORIGINAL_FINANCIAL_CATALOG_BYTES_MISSING,source_inventory.json
2026-06,2026-06-01,XU100,TUKAS,REJECTED_AT_SOURCE_PREFLIGHT,ORIGINAL_FINANCIAL_CATALOG_BYTES_MISSING,source_inventory.json
2026-06,2026-06-01,XU100,TUPRS,REJECTED_AT_SOURCE_PREFLIGHT,ORIGINAL_FINANCIAL_CATALOG_BYTES_MISSING,source_inventory.json
2026-06,2026-06-01,XU100,TUREX,REJECTED_AT_SOURCE_PREFLIGHT,ORIGINAL_FINANCIAL_CATALOG_BYTES_MISSING,source_inventory.json
2026-06,2026-06-01,XU100,TURSG,REJECTED_AT_SOURCE_PREFLIGHT,ORIGINAL_FINANCIAL_CATALOG_BYTES_MISSING,source_inventory.json
2026-06,2026-06-01,XU100,ULKER,REJECTED_AT_SOURCE_PREFLIGHT,ORIGINAL_FINANCIAL_CATALOG_BYTES_MISSING,source_inventory.json
2026-06,2026-06-01,XU100,VAKBN,REJECTED_AT_SOURCE_PREFLIGHT,ORIGINAL_FINANCIAL_CATALOG_BYTES_MISSING,source_inventory.json
2026-06,2026-06-01,XU100,VESTL,REJECTED_AT_SOURCE_PREFLIGHT,ORIGINAL_FINANCIAL_CATALOG_BYTES_MISSING,source_inventory.json
2026-06,2026-06-01,XU100,YKBNK,REJECTED_AT_SOURCE_PREFLIGHT,ORIGINAL_FINANCIAL_CATALOG_BYTES_MISSING,source_inventory.json
2026-06,2026-06-01,XU100,ZOREN,REJECTED_AT_SOURCE_PREFLIGHT,ORIGINAL_FINANCIAL_CATALOG_BYTES_MISSING,source_inventory.json
2026-07,2026-07-01,XU100,AEFES,REJECTED_AT_SOURCE_PREFLIGHT,ORIGINAL_FINANCIAL_CATALOG_BYTES_MISSING,source_inventory.json
2026-07,2026-07-01,XU100,AKBNK,REJECTED_AT_SOURCE_PREFLIGHT,ORIGINAL_FINANCIAL_CATALOG_BYTES_MISSING,source_inventory.json
2026-07,2026-07-01,XU100,AKSA,REJECTED_AT_SOURCE_PREFLIGHT,ORIGINAL_FINANCIAL_CATALOG_BYTES_MISSING,source_inventory.json
2026-07,2026-07-01,XU100,AKSEN,REJECTED_AT_SOURCE_PREFLIGHT,ORIGINAL_FINANCIAL_CATALOG_BYTES_MISSING,source_inventory.json
2026-07,2026-07-01,XU100,ALARK,REJECTED_AT_SOURCE_PREFLIGHT,ORIGINAL_FINANCIAL_CATALOG_BYTES_MISSING,source_inventory.json
2026-07,2026-07-01,XU100,ALTNY,REJECTED_AT_SOURCE_PREFLIGHT,ORIGINAL_FINANCIAL_CATALOG_BYTES_MISSING,source_inventory.json
2026-07,2026-07-01,XU100,ANSGR,REJECTED_AT_SOURCE_PREFLIGHT,ORIGINAL_FINANCIAL_CATALOG_BYTES_MISSING,source_inventory.json
2026-07,2026-07-01,XU100,ARCLK,REJECTED_AT_SOURCE_PREFLIGHT,ORIGINAL_FINANCIAL_CATALOG_BYTES_MISSING,source_inventory.json
2026-07,2026-07-01,XU100,ASELS,REJECTED_AT_SOURCE_PREFLIGHT,ORIGINAL_FINANCIAL_CATALOG_BYTES_MISSING,source_inventory.json
2026-07,2026-07-01,XU100,ASTOR,REJECTED_AT_SOURCE_PREFLIGHT,ORIGINAL_FINANCIAL_CATALOG_BYTES_MISSING,source_inventory.json
2026-07,2026-07-01,XU100,BALSU,REJECTED_AT_SOURCE_PREFLIGHT,ORIGINAL_FINANCIAL_CATALOG_BYTES_MISSING,source_inventory.json
2026-07,2026-07-01,XU100,BERA,REJECTED_AT_SOURCE_PREFLIGHT,ORIGINAL_FINANCIAL_CATALOG_BYTES_MISSING,source_inventory.json
2026-07,2026-07-01,XU100,BIMAS,REJECTED_AT_SOURCE_PREFLIGHT,ORIGINAL_FINANCIAL_CATALOG_BYTES_MISSING,source_inventory.json
2026-07,2026-07-01,XU100,BRSAN,REJECTED_AT_SOURCE_PREFLIGHT,ORIGINAL_FINANCIAL_CATALOG_BYTES_MISSING,source_inventory.json
2026-07,2026-07-01,XU100,BRYAT,REJECTED_AT_SOURCE_PREFLIGHT,ORIGINAL_FINANCIAL_CATALOG_BYTES_MISSING,source_inventory.json
2026-07,2026-07-01,XU100,BSOKE,REJECTED_AT_SOURCE_PREFLIGHT,ORIGINAL_FINANCIAL_CATALOG_BYTES_MISSING,source_inventory.json
2026-07,2026-07-01,XU100,BTCIM,REJECTED_AT_SOURCE_PREFLIGHT,ORIGINAL_FINANCIAL_CATALOG_BYTES_MISSING,source_inventory.json
2026-07,2026-07-01,XU100,CANTE,REJECTED_AT_SOURCE_PREFLIGHT,ORIGINAL_FINANCIAL_CATALOG_BYTES_MISSING,source_inventory.json
2026-07,2026-07-01,XU100,CCOLA,REJECTED_AT_SOURCE_PREFLIGHT,ORIGINAL_FINANCIAL_CATALOG_BYTES_MISSING,source_inventory.json
2026-07,2026-07-01,XU100,CIMSA,REJECTED_AT_SOURCE_PREFLIGHT,ORIGINAL_FINANCIAL_CATALOG_BYTES_MISSING,source_inventory.json
2026-07,2026-07-01,XU100,CVKMD,REJECTED_AT_SOURCE_PREFLIGHT,ORIGINAL_FINANCIAL_CATALOG_BYTES_MISSING,source_inventory.json
2026-07,2026-07-01,XU100,CWENE,REJECTED_AT_SOURCE_PREFLIGHT,ORIGINAL_FINANCIAL_CATALOG_BYTES_MISSING,source_inventory.json
2026-07,2026-07-01,XU100,DAPGM,REJECTED_AT_SOURCE_PREFLIGHT,ORIGINAL_FINANCIAL_CATALOG_BYTES_MISSING,source_inventory.json
2026-07,2026-07-01,XU100,DOAS,REJECTED_AT_SOURCE_PREFLIGHT,ORIGINAL_FINANCIAL_CATALOG_BYTES_MISSING,source_inventory.json
2026-07,2026-07-01,XU100,DOHOL,REJECTED_AT_SOURCE_PREFLIGHT,ORIGINAL_FINANCIAL_CATALOG_BYTES_MISSING,source_inventory.json
2026-07,2026-07-01,XU100,DSTKF,REJECTED_AT_SOURCE_PREFLIGHT,ORIGINAL_FINANCIAL_CATALOG_BYTES_MISSING,source_inventory.json
2026-07,2026-07-01,XU100,ECILC,REJECTED_AT_SOURCE_PREFLIGHT,ORIGINAL_FINANCIAL_CATALOG_BYTES_MISSING,source_inventory.json
2026-07,2026-07-01,XU100,EFOR,REJECTED_AT_SOURCE_PREFLIGHT,ORIGINAL_FINANCIAL_CATALOG_BYTES_MISSING,source_inventory.json
2026-07,2026-07-01,XU100,EKGYO,REJECTED_AT_SOURCE_PREFLIGHT,ORIGINAL_FINANCIAL_CATALOG_BYTES_MISSING,source_inventory.json
2026-07,2026-07-01,XU100,ENERY,REJECTED_AT_SOURCE_PREFLIGHT,ORIGINAL_FINANCIAL_CATALOG_BYTES_MISSING,source_inventory.json
2026-07,2026-07-01,XU100,ENJSA,REJECTED_AT_SOURCE_PREFLIGHT,ORIGINAL_FINANCIAL_CATALOG_BYTES_MISSING,source_inventory.json
2026-07,2026-07-01,XU100,ENKAI,REJECTED_AT_SOURCE_PREFLIGHT,ORIGINAL_FINANCIAL_CATALOG_BYTES_MISSING,source_inventory.json
2026-07,2026-07-01,XU100,EREGL,REJECTED_AT_SOURCE_PREFLIGHT,ORIGINAL_FINANCIAL_CATALOG_BYTES_MISSING,source_inventory.json
2026-07,2026-07-01,XU100,ESEN,REJECTED_AT_SOURCE_PREFLIGHT,ORIGINAL_FINANCIAL_CATALOG_BYTES_MISSING,source_inventory.json
2026-07,2026-07-01,XU100,EUPWR,REJECTED_AT_SOURCE_PREFLIGHT,ORIGINAL_FINANCIAL_CATALOG_BYTES_MISSING,source_inventory.json
2026-07,2026-07-01,XU100,EUREN,REJECTED_AT_SOURCE_PREFLIGHT,ORIGINAL_FINANCIAL_CATALOG_BYTES_MISSING,source_inventory.json
2026-07,2026-07-01,XU100,FENER,REJECTED_AT_SOURCE_PREFLIGHT,ORIGINAL_FINANCIAL_CATALOG_BYTES_MISSING,source_inventory.json
2026-07,2026-07-01,XU100,FROTO,REJECTED_AT_SOURCE_PREFLIGHT,ORIGINAL_FINANCIAL_CATALOG_BYTES_MISSING,source_inventory.json
2026-07,2026-07-01,XU100,GARAN,REJECTED_AT_SOURCE_PREFLIGHT,ORIGINAL_FINANCIAL_CATALOG_BYTES_MISSING,source_inventory.json
2026-07,2026-07-01,XU100,GENIL,REJECTED_AT_SOURCE_PREFLIGHT,ORIGINAL_FINANCIAL_CATALOG_BYTES_MISSING,source_inventory.json
2026-07,2026-07-01,XU100,GESAN,REJECTED_AT_SOURCE_PREFLIGHT,ORIGINAL_FINANCIAL_CATALOG_BYTES_MISSING,source_inventory.json
2026-07,2026-07-01,XU100,GLRMK,REJECTED_AT_SOURCE_PREFLIGHT,ORIGINAL_FINANCIAL_CATALOG_BYTES_MISSING,source_inventory.json
2026-07,2026-07-01,XU100,GRSEL,REJECTED_AT_SOURCE_PREFLIGHT,ORIGINAL_FINANCIAL_CATALOG_BYTES_MISSING,source_inventory.json
2026-07,2026-07-01,XU100,GRTHO,REJECTED_AT_SOURCE_PREFLIGHT,ORIGINAL_FINANCIAL_CATALOG_BYTES_MISSING,source_inventory.json
2026-07,2026-07-01,XU100,GSRAY,REJECTED_AT_SOURCE_PREFLIGHT,ORIGINAL_FINANCIAL_CATALOG_BYTES_MISSING,source_inventory.json
2026-07,2026-07-01,XU100,GUBRF,REJECTED_AT_SOURCE_PREFLIGHT,ORIGINAL_FINANCIAL_CATALOG_BYTES_MISSING,source_inventory.json
2026-07,2026-07-01,XU100,HALKB,REJECTED_AT_SOURCE_PREFLIGHT,ORIGINAL_FINANCIAL_CATALOG_BYTES_MISSING,source_inventory.json
2026-07,2026-07-01,XU100,HEKTS,REJECTED_AT_SOURCE_PREFLIGHT,ORIGINAL_FINANCIAL_CATALOG_BYTES_MISSING,source_inventory.json
2026-07,2026-07-01,XU100,IEYHO,REJECTED_AT_SOURCE_PREFLIGHT,ORIGINAL_FINANCIAL_CATALOG_BYTES_MISSING,source_inventory.json
2026-07,2026-07-01,XU100,ISCTR,REJECTED_AT_SOURCE_PREFLIGHT,ORIGINAL_FINANCIAL_CATALOG_BYTES_MISSING,source_inventory.json
2026-07,2026-07-01,XU100,ISMEN,REJECTED_AT_SOURCE_PREFLIGHT,ORIGINAL_FINANCIAL_CATALOG_BYTES_MISSING,source_inventory.json
2026-07,2026-07-01,XU100,IZENR,REJECTED_AT_SOURCE_PREFLIGHT,ORIGINAL_FINANCIAL_CATALOG_BYTES_MISSING,source_inventory.json
2026-07,2026-07-01,XU100,KCHOL,REJECTED_AT_SOURCE_PREFLIGHT,ORIGINAL_FINANCIAL_CATALOG_BYTES_MISSING,source_inventory.json
2026-07,2026-07-01,XU100,KLRHO,REJECTED_AT_SOURCE_PREFLIGHT,ORIGINAL_FINANCIAL_CATALOG_BYTES_MISSING,source_inventory.json
2026-07,2026-07-01,XU100,KRDMD,REJECTED_AT_SOURCE_PREFLIGHT,ORIGINAL_FINANCIAL_CATALOG_BYTES_MISSING,source_inventory.json
2026-07,2026-07-01,XU100,KTLEV,REJECTED_AT_SOURCE_PREFLIGHT,ORIGINAL_FINANCIAL_CATALOG_BYTES_MISSING,source_inventory.json
2026-07,2026-07-01,XU100,KUYAS,REJECTED_AT_SOURCE_PREFLIGHT,ORIGINAL_FINANCIAL_CATALOG_BYTES_MISSING,source_inventory.json
2026-07,2026-07-01,XU100,MAGEN,REJECTED_AT_SOURCE_PREFLIGHT,ORIGINAL_FINANCIAL_CATALOG_BYTES_MISSING,source_inventory.json
2026-07,2026-07-01,XU100,MAVI,REJECTED_AT_SOURCE_PREFLIGHT,ORIGINAL_FINANCIAL_CATALOG_BYTES_MISSING,source_inventory.json
2026-07,2026-07-01,XU100,MGROS,REJECTED_AT_SOURCE_PREFLIGHT,ORIGINAL_FINANCIAL_CATALOG_BYTES_MISSING,source_inventory.json
2026-07,2026-07-01,XU100,MIATK,REJECTED_AT_SOURCE_PREFLIGHT,ORIGINAL_FINANCIAL_CATALOG_BYTES_MISSING,source_inventory.json
2026-07,2026-07-01,XU100,MPARK,REJECTED_AT_SOURCE_PREFLIGHT,ORIGINAL_FINANCIAL_CATALOG_BYTES_MISSING,source_inventory.json
2026-07,2026-07-01,XU100,OBAMS,REJECTED_AT_SOURCE_PREFLIGHT,ORIGINAL_FINANCIAL_CATALOG_BYTES_MISSING,source_inventory.json
2026-07,2026-07-01,XU100,ODAS,REJECTED_AT_SOURCE_PREFLIGHT,ORIGINAL_FINANCIAL_CATALOG_BYTES_MISSING,source_inventory.json
2026-07,2026-07-01,XU100,ODINE,REJECTED_AT_SOURCE_PREFLIGHT,ORIGINAL_FINANCIAL_CATALOG_BYTES_MISSING,source_inventory.json
2026-07,2026-07-01,XU100,OTKAR,REJECTED_AT_SOURCE_PREFLIGHT,ORIGINAL_FINANCIAL_CATALOG_BYTES_MISSING,source_inventory.json
2026-07,2026-07-01,XU100,OYAKC,REJECTED_AT_SOURCE_PREFLIGHT,ORIGINAL_FINANCIAL_CATALOG_BYTES_MISSING,source_inventory.json
2026-07,2026-07-01,XU100,PAHOL,REJECTED_AT_SOURCE_PREFLIGHT,ORIGINAL_FINANCIAL_CATALOG_BYTES_MISSING,source_inventory.json
2026-07,2026-07-01,XU100,PASEU,REJECTED_AT_SOURCE_PREFLIGHT,ORIGINAL_FINANCIAL_CATALOG_BYTES_MISSING,source_inventory.json
2026-07,2026-07-01,XU100,PATEK,REJECTED_AT_SOURCE_PREFLIGHT,ORIGINAL_FINANCIAL_CATALOG_BYTES_MISSING,source_inventory.json
2026-07,2026-07-01,XU100,PETKM,REJECTED_AT_SOURCE_PREFLIGHT,ORIGINAL_FINANCIAL_CATALOG_BYTES_MISSING,source_inventory.json
2026-07,2026-07-01,XU100,PGSUS,REJECTED_AT_SOURCE_PREFLIGHT,ORIGINAL_FINANCIAL_CATALOG_BYTES_MISSING,source_inventory.json
2026-07,2026-07-01,XU100,PSGYO,REJECTED_AT_SOURCE_PREFLIGHT,ORIGINAL_FINANCIAL_CATALOG_BYTES_MISSING,source_inventory.json
2026-07,2026-07-01,XU100,QUAGR,REJECTED_AT_SOURCE_PREFLIGHT,ORIGINAL_FINANCIAL_CATALOG_BYTES_MISSING,source_inventory.json
2026-07,2026-07-01,XU100,RALYH,REJECTED_AT_SOURCE_PREFLIGHT,ORIGINAL_FINANCIAL_CATALOG_BYTES_MISSING,source_inventory.json
2026-07,2026-07-01,XU100,REEDR,REJECTED_AT_SOURCE_PREFLIGHT,ORIGINAL_FINANCIAL_CATALOG_BYTES_MISSING,source_inventory.json
2026-07,2026-07-01,XU100,SAHOL,REJECTED_AT_SOURCE_PREFLIGHT,ORIGINAL_FINANCIAL_CATALOG_BYTES_MISSING,source_inventory.json
2026-07,2026-07-01,XU100,SARKY,REJECTED_AT_SOURCE_PREFLIGHT,ORIGINAL_FINANCIAL_CATALOG_BYTES_MISSING,source_inventory.json
2026-07,2026-07-01,XU100,SASA,REJECTED_AT_SOURCE_PREFLIGHT,ORIGINAL_FINANCIAL_CATALOG_BYTES_MISSING,source_inventory.json
2026-07,2026-07-01,XU100,SISE,REJECTED_AT_SOURCE_PREFLIGHT,ORIGINAL_FINANCIAL_CATALOG_BYTES_MISSING,source_inventory.json
2026-07,2026-07-01,XU100,SKBNK,REJECTED_AT_SOURCE_PREFLIGHT,ORIGINAL_FINANCIAL_CATALOG_BYTES_MISSING,source_inventory.json
2026-07,2026-07-01,XU100,SOKM,REJECTED_AT_SOURCE_PREFLIGHT,ORIGINAL_FINANCIAL_CATALOG_BYTES_MISSING,source_inventory.json
2026-07,2026-07-01,XU100,TAVHL,REJECTED_AT_SOURCE_PREFLIGHT,ORIGINAL_FINANCIAL_CATALOG_BYTES_MISSING,source_inventory.json
2026-07,2026-07-01,XU100,TCELL,REJECTED_AT_SOURCE_PREFLIGHT,ORIGINAL_FINANCIAL_CATALOG_BYTES_MISSING,source_inventory.json
2026-07,2026-07-01,XU100,THYAO,REJECTED_AT_SOURCE_PREFLIGHT,ORIGINAL_FINANCIAL_CATALOG_BYTES_MISSING,source_inventory.json
2026-07,2026-07-01,XU100,TKFEN,REJECTED_AT_SOURCE_PREFLIGHT,ORIGINAL_FINANCIAL_CATALOG_BYTES_MISSING,source_inventory.json
2026-07,2026-07-01,XU100,TOASO,REJECTED_AT_SOURCE_PREFLIGHT,ORIGINAL_FINANCIAL_CATALOG_BYTES_MISSING,source_inventory.json
2026-07,2026-07-01,XU100,TRALT,REJECTED_AT_SOURCE_PREFLIGHT,ORIGINAL_FINANCIAL_CATALOG_BYTES_MISSING,source_inventory.json
2026-07,2026-07-01,XU100,TRENJ,REJECTED_AT_SOURCE_PREFLIGHT,ORIGINAL_FINANCIAL_CATALOG_BYTES_MISSING,source_inventory.json
2026-07,2026-07-01,XU100,TRMET,REJECTED_AT_SOURCE_PREFLIGHT,ORIGINAL_FINANCIAL_CATALOG_BYTES_MISSING,source_inventory.json
2026-07,2026-07-01,XU100,TSKB,REJECTED_AT_SOURCE_PREFLIGHT,ORIGINAL_FINANCIAL_CATALOG_BYTES_MISSING,source_inventory.json
2026-07,2026-07-01,XU100,TTKOM,REJECTED_AT_SOURCE_PREFLIGHT,ORIGINAL_FINANCIAL_CATALOG_BYTES_MISSING,source_inventory.json
2026-07,2026-07-01,XU100,TUKAS,REJECTED_AT_SOURCE_PREFLIGHT,ORIGINAL_FINANCIAL_CATALOG_BYTES_MISSING,source_inventory.json
2026-07,2026-07-01,XU100,TUPRS,REJECTED_AT_SOURCE_PREFLIGHT,ORIGINAL_FINANCIAL_CATALOG_BYTES_MISSING,source_inventory.json
2026-07,2026-07-01,XU100,TURSG,REJECTED_AT_SOURCE_PREFLIGHT,ORIGINAL_FINANCIAL_CATALOG_BYTES_MISSING,source_inventory.json
2026-07,2026-07-01,XU100,ULKER,REJECTED_AT_SOURCE_PREFLIGHT,ORIGINAL_FINANCIAL_CATALOG_BYTES_MISSING,source_inventory.json
2026-07,2026-07-01,XU100,VAKBN,REJECTED_AT_SOURCE_PREFLIGHT,ORIGINAL_FINANCIAL_CATALOG_BYTES_MISSING,source_inventory.json
2026-07,2026-07-01,XU100,VESTL,REJECTED_AT_SOURCE_PREFLIGHT,ORIGINAL_FINANCIAL_CATALOG_BYTES_MISSING,source_inventory.json
2026-07,2026-07-01,XU100,YKBNK,REJECTED_AT_SOURCE_PREFLIGHT,ORIGINAL_FINANCIAL_CATALOG_BYTES_MISSING,source_inventory.json
2026-07,2026-07-01,XU100,ZOREN,REJECTED_AT_SOURCE_PREFLIGHT,ORIGINAL_FINANCIAL_CATALOG_BYTES_MISSING,source_inventory.json
