,AEFES,AFYON,AGHOL,AHGAZ,AKMGY,AKSGY,ALARK,ALFAS,ARASE,ARCLK,ARDYZ,ARSAN,ASELS,ATATP,AVPGY,AYDEM,AYGAZ,BAGFS,BASGZ,BESLR,BFREN,BIMAS,BNTAS,BRISA,BRKSN,BRSAN,BUCIM,CANTE,CCOLA,CEOEM,CIMSA,CLEBI,DERIM,DEVA,DMRGD,DNISI,DOAS,DOHOL,EBEBK,EGGUB,EGSER,EMNIS,ENERY,ENJSA,ENKAI,ENTRA,EREGL,ESCOM,FMIZP,FONET,FORTE,GRSEL,GSDDE,GSDHO,GUBRF,GWIND,HTTBT,IHEVA,INDES,INGRM,INTEM,INVEO,INVES,ISDMR,ISGYO,KCHOL,KLGYO,KLKIM,KLYPV,KONYA,KRONT,KRPLS,KRVGD,LILAK,LKMNH,LMKDC,LOGO,MAALT,MACKO,MERIT,MHRGY,MOBTL,MPARK,MRSHL,NETAS,NUHCM,OBAMS,ODAS,OFSYM,ORGE,OYAKC,OYLUM,OZSUB,PETKM,PETUN,PINSU,RGYAS,RYGYO,SAHOL,SAYAS,SNPAM,SOKM,TABGD,TAVHL,TBORG,TCELL,THYAO,TRALT,TRENJ,TRGYO,TRMET,TSGYO,TTKOM,TTRAK,TUCLK,TUKAS,TUPRS,TUREX,TURGG,ULKER,VAKKO,VKGYO,YAPRK,YYLGD,XU100
2025-09-25,14.489999771118164,13.539999961853027,26.81999969482422,31.540000915527344,248.1999969482422,7.599999904632568,85.19999694824219,48.040000915527344,57.70000076293945,132.6999969482422,26.8799991607666,2.9800000190734863,218.3000030517578,166.0,64.19999694824219,19.299999237060547,190.10000610351562,35.08000183105469,34.68000030517578,14.029999732971191,195.1999969482422,266.0,7.079999923706055,81.0,9.449999809265137,456.25,6.840000152587891,2.240000009536743,46.400001525878906,37.79999923706055,46.02000045776367,1554.0,40.2599983215332,69.0999984741211,3.4725000858306885,5.2956671714782715,177.89999389648438,17.700000762939453,57.349998474121094,126.69999694824219,3.630000114440918,218.0,10.420000076293945,80.94999694824219,73.69999694824219,5.1057939529418945,32.439998626708984,3.1600000858306885,335.75,2.521538019180298,74.8499984741211,349.75,10.34000015258789,4.929999828338623,311.25,25.700000762939453,49.400001525878906,3.059999942779541,8.399999618530273,470.0,261.0,11.239999771118164,354.0,40.31999969482422,19.6200008392334,178.89999389648438,6.239999771118164,35.599998474121094,67.0999984741211,5155.0,18.549999237060547,9.800000190734863,2.569999933242798,30.219999313354492,18.459999084472656,27.18000030517578,175.8000030517578,1156.0,41.91999816894531,17.93000030517578,3.0133330821990967,7.820000171661377,353.5,2057.0,81.69999694824219,226.89999389648438,7.883333206176758,5.849999904632568,64.5,15.0,21.520000457763672,11.5,18.780000686645508,19.18000030517578,13.470000267028809,11.899999618530273,141.8000030517578,20.299999237060547,90.9000015258789,54.099998474121094,23.479999542236328,36.7599983215332,236.0,237.39999389648438,175.1999969482422,98.19999694824219,328.25,26.219999313354492,72.9000015258789,76.6500015258789,88.80000305175781,8.640000343322754,52.599998474121094,585.0,10.270000457763672,2.880000114440918,200.60000610351562,8.65999984741211,32.119998931884766,109.0,60.599998474121094,1.9759089946746826,14.214284896850586,10.880000114440918,11377.599609375
2025-09-26,14.020000457763672,13.199999809265137,26.18000030517578,31.18000030517578,242.89999389648438,7.909999847412109,84.25,47.79999923706055,55.099998474121094,129.10000610351562,26.219999313354492,2.9700000286102295,217.3000030517578,164.1999969482422,64.0,19.399999618530273,181.0,34.15999984741211,35.2599983215332,13.609999656677246,190.39999389648438,263.0,6.940000057220459,82.5,9.039999961853027,442.0,6.75,2.2100000381469727,45.900001525878906,37.97999954223633,46.0,1534.0,41.65999984741211,66.80000305175781,3.375,5.272642135620117,175.0,17.18000030517578,56.849998474121094,125.0,3.5,209.60000610351562,10.430000305175781,77.5999984741211,71.5,4.874684810638428,30.31999969482422,3.130000114440918,328.25,2.504615068435669,72.0,346.75,10.109999656677246,4.840000152587891,311.0,25.540000915527344,48.63999938964844,3.2899999618530273,8.539999961853027,470.5,259.0,10.920000076293945,331.0,38.79999923706055,19.219999313354492,172.39999389648438,6.260000228881836,35.599998474121094,64.5999984741211,5105.0,18.360000610351562,9.220000267028809,2.549999952316284,29.700000762939453,17.829999923706055,26.579999923706055,170.0,1108.0,40.2599983215332,17.579999923706055,2.940000057220459,7.199999809265137,351.75,2076.0,79.05000305175781,225.39999389648438,7.679999828338623,5.639999866485596,65.0,14.399999618530273,21.239999771118164,11.0,18.799999237060547,19.0,12.949999809265137,11.770000457763672,141.3000030517578,19.799999237060547,88.05000305175781,53.95000076293945,22.799999237060547,36.13999938964844,233.89999389648438,239.60000610351562,173.89999389648438,96.9000015258789,319.75,25.84000015258789,76.5999984741211,75.1500015258789,90.75,8.220000267028809,50.95000076293945,579.0,10.029999732971191,2.9200000762939453,192.8000030517578,8.460000038146973,31.559999465942383,106.5,59.70000076293945,1.9210220575332642,14.40476131439209,10.720000267028809,11151.2001953125
2025-09-29,13.649999618530273,12.970000267028809,26.0,30.15999984741211,235.0,7.869999885559082,82.69999694824219,46.220001220703125,54.45000076293945,126.5999984741211,25.68000030517578,2.9100000858306885,216.3000030517578,171.89999389648438,62.95000076293945,19.18000030517578,182.39999389648438,33.20000076293945,35.959999084472656,13.510000228881836,188.8000030517578,267.5,6.909999847412109,80.80000305175781,9.300000190734863,442.75,6.579999923706055,2.140000104904175,45.7400016784668,38.02000045776367,45.5,1512.0,42.20000076293945,66.30000305175781,3.1624999046325684,5.116074085235596,174.89999389648438,16.979999542236328,56.349998474121094,119.5,3.430000066757202,203.39999389648438,10.010000228881836,77.94999694824219,70.55000305175781,4.767690181732178,29.360000610351562,3.059999942779541,320.5,2.470768928527832,70.75,341.5,10.100000381469727,4.670000076293945,290.0,24.280000686645508,47.279998779296875,3.109999895095825,8.5,458.0,250.25,10.550000190734863,364.0,37.7599983215332,18.899999618530273,171.6999969482422,6.110000133514404,34.619998931884766,62.650001525878906,5005.0,17.100000381469727,8.65999984741211,2.559999942779541,29.399999618530273,17.469999313354492,26.440000534057617,168.5,1105.0,38.599998474121094,17.6200008392334,2.8333330154418945,6.940000057220459,344.75,1973.0,77.19999694824219,221.0,7.693333148956299,5.5,65.0999984741211,14.100000381469727,20.719999313354492,10.729999542236328,18.469999313354492,18.34000015258789,12.930000305175781,11.350000381469727,148.39999389648438,20.360000610351562,86.94999694824219,54.04999923706055,22.399999618530273,35.65999984741211,235.3000030517578,235.0,172.39999389648438,97.30000305175781,319.25,25.420000076293945,73.0,75.19999694824219,88.9000015258789,7.980000019073486,50.54999923706055,568.0,9.989999771118164,2.7899999618530273,193.3000030517578,8.4399995803833,30.600000381469727,105.4000015258789,57.75,1.9053399562835693,13.75,10.5,11048.099609375
2025-09-30,13.829999923706055,13.100000381469727,25.860000610351562,28.899999618530273,238.0,7.829999923706055,82.30000305175781,45.86000061035156,54.04999923706055,126.5,25.860000610351562,2.869999885559082,215.0,166.60000610351562,60.650001525878906,18.5,182.39999389648438,32.720001220703125,38.31999969482422,13.619999885559082,183.5,270.5,6.840000152587891,79.5,9.899999618530273,426.0,6.599999904632568,2.0899999141693115,46.0,38.0,47.099998474121094,1515.0,41.0,66.44999694824219,3.3125,5.093050003051758,175.89999389648438,17.1299991607666,57.45000076293945,118.5,3.4700000286102295,200.0,9.539999961853027,79.55000305175781,70.4000015258789,4.707773208618164,29.399999618530273,3.0199999809265137,313.75,2.4553840160369873,68.1500015258789,368.0,9.989999771118164,4.639999866485596,285.25,24.34000015258789,48.400001525878906,3.1500000953674316,8.25,449.0,249.10000610351562,10.369999885559082,327.75,38.380001068115234,18.969999313354492,172.89999389648438,6.150000095367432,33.939998626708984,63.75,5010.0,17.399999618530273,8.539999961853027,2.5399999618530273,29.219999313354492,17.450000762939453,26.979999542236328,173.1999969482422,1147.0,38.2599983215332,17.790000915527344,2.793333053588867,6.889999866485596,332.0,1942.0,76.0999984741211,223.10000610351562,7.869999885559082,5.46999979019165,65.1500015258789,14.119999885559082,21.18000030517578,11.229999542236328,18.270000457763672,18.09000015258789,12.949999809265137,11.529999732971191,147.89999389648438,19.950000762939453,86.80000305175781,52.650001525878906,22.31999969482422,36.400001525878906,235.0,240.0,170.1999969482422,97.8499984741211,315.0,25.219999313354492,72.0999984741211,74.75,90.0,7.809999942779541,50.79999923706055,570.5,9.789999961853027,2.7300000190734863,186.5,8.84000015258789,30.5,104.5,58.099998474121094,1.913180947303772,13.714284896850586,10.390000343322754,11012.099609375
2025-10-01,14.039999961853027,13.119999885559082,26.399999618530273,29.1200008392334,242.1999969482422,8.109999656677246,82.80000305175781,45.900001525878906,56.099998474121094,121.5999984741211,26.139999389648438,2.9000000953674316,218.10000610351562,177.10000610351562,59.900001525878906,18.399999618530273,185.5,32.380001068115234,38.5,13.6899995803833,182.0,283.75,6.920000076293945,83.80000305175781,9.09000015258789,425.0,6.599999904632568,2.2100000381469727,47.29999923706055,37.79999923706055,45.41999816894531,1550.0,41.380001068115234,68.80000305175781,3.190000057220459,5.272642135620117,179.0,17.799999237060547,56.599998474121094,119.0,3.5299999713897705,200.0,9.579999923706055,81.19999694824219,71.30000305175781,4.703493118286133,29.899999618530273,3.049999952316284,316.5,2.5984609127044678,71.19999694824219,360.5,10.109999656677246,4.619999885559082,284.0,24.520000457763672,50.70000076293945,3.0,8.279999732971191,446.25,256.0,10.5600004196167,319.75,38.29999923706055,19.170000076293945,176.0,6.25,34.63999938964844,63.349998474121094,5035.0,17.040000915527344,8.59000015258789,2.5299999713897705,29.780000686645508,17.290000915527344,26.979999542236328,171.5,1146.0,38.279998779296875,18.65999984741211,2.786665916442871,7.139999866485596,330.75,1947.0,83.69999694824219,223.1999969482422,7.743332862854004,5.599999904632568,65.19999694824219,14.279999732971191,21.219999313354492,11.40999984741211,18.979999542236328,18.3799991607666,13.1899995803833,11.6899995803833,149.0,21.940000534057617,88.4000015258789,54.400001525878906,22.719999313354492,37.29999923706055,234.0,241.89999389648438,178.6999969482422,99.5,315.75,25.479999542236328,73.0,76.8499984741211,87.3499984741211,8.020000457763672,52.5,578.5,9.84000015258789,2.740000009536743,191.5,8.630000114440918,30.8799991607666,108.69999694824219,59.0,1.9367040395736694,13.976189613342285,10.65999984741211,11220.2001953125
2025-10-02,13.75,13.140000343322754,25.700000762939453,28.8799991607666,239.3000030517578,8.0,80.80000305175781,45.040000915527344,55.0,120.0999984741211,25.899999618530273,2.9200000762939453,217.0,159.39999389648438,60.0,18.280000686645508,186.39999389648438,31.6200008392334,37.939998626708984,13.430000305175781,178.8000030517578,283.5,6.789999961853027,83.0999984741211,8.699999809265137,413.5,6.389999866485596,2.180000066757202,47.599998474121094,37.79999923706055,44.20000076293945,1542.0,40.560001373291016,71.94999694824219,3.194999933242798,5.300271987915039,180.0,17.649999618530273,54.849998474121094,112.5,3.5199999809265137,200.0,9.260000228881836,82.5,70.69999694824219,4.64785623550415,29.65999984741211,2.990000009536743,319.75,2.5876920223236084,68.94999694824219,348.5,10.010000228881836,4.480000019073486,280.0,23.799999237060547,49.959999084472656,2.819999933242798,8.15999984741211,446.5,281.5,10.600000381469727,323.5,37.959999084472656,19.059999465942383,173.8000030517578,6.28000020980835,33.84000015258789,61.20000076293945,5007.5,16.0,8.859999656677246,2.490000009536743,29.899999618530273,16.969999313354492,26.139999389648438,170.0,1135.0,38.400001525878906,18.579999923706055,2.7666659355163574,6.980000019073486,339.75,1930.0,77.44999694824219,219.89999389648438,7.556665897369385,5.480000019073486,65.0,14.479999542236328,21.040000915527344,11.069999694824219,18.510000228881836,18.270000457763672,13.199999809265137,11.59000015258789,154.89999389648438,22.5,86.5,53.75,22.860000610351562,37.099998474121094,232.60000610351562,236.5,174.0,101.4000015258789,315.0,25.18000030517578,74.19999694824219,76.1500015258789,87.0,7.900000095367432,52.70000076293945,581.0,9.600000381469727,2.619999885559082,191.0,8.390000343322754,31.15999984741211,107.19999694824219,58.29999923706055,1.913180947303772,13.869047164916992,10.40999984741211,11082.599609375
2025-10-03,13.670000076293945,12.949999809265137,25.540000915527344,27.799999237060547,239.89999389648438,7.840000152587891,79.44999694824219,44.119998931884766,52.849998474121094,117.0,25.459999084472656,2.8499999046325684,216.10000610351562,143.5,60.0,17.84000015258789,186.6999969482422,31.760000228881836,38.439998626708984,13.5600004196167,176.0,281.75,6.789999961853027,78.9000015258789,8.600000381469727,414.75,6.25,2.140000104904175,47.119998931884766,37.68000030517578,43.63999938964844,1522.0,42.36000061035156,71.1500015258789,3.200000047683716,5.217382907867432,181.10000610351562,17.68000030517578,53.099998474121094,109.4000015258789,3.5199999809265137,199.0,8.800000190734863,81.0999984741211,70.4000015258789,4.536581039428711,29.34000015258789,2.9800000190734863,313.25,2.5076920986175537,68.6500015258789,340.75,9.9399995803833,4.5,281.25,23.559999465942383,49.720001220703125,2.7300000190734863,8.079999923706055,435.5,284.25,11.119999885559082,322.25,38.13999938964844,18.950000762939453,167.6999969482422,6.21999979019165,34.099998474121094,62.20000076293945,4980.0,14.699999809265137,8.520000457763672,2.4700000286102295,28.139999389648438,16.81999969482422,25.299999237060547,166.1999969482422,1115.0,38.41999816894531,18.700000762939453,2.6933329105377197,7.239999771118164,325.75,1905.0,77.0,218.8000030517578,7.383333206176758,5.300000190734863,64.69999694824219,14.489999771118164,21.040000915527344,10.880000114440918,18.40999984741211,18.290000915527344,13.220000267028809,11.420000076293945,152.0,22.899999618530273,81.3499984741211,55.0,23.020000457763672,37.18000030517578,231.6999969482422,233.60000610351562,172.60000610351562,98.0999984741211,311.0,25.399999618530273,78.6500015258789,75.4000015258789,90.55000305175781,7.820000171661377,51.20000076293945,578.5,9.380000114440918,2.5999999046325684,185.10000610351562,8.279999732971191,30.6200008392334,106.0,59.099998474121094,1.8661359548568726,13.773809432983398,10.399999618530273,10858.5
2025-10-06,13.510000228881836,12.720000267028809,25.15999984741211,27.559999465942383,231.60000610351562,7.670000076293945,77.80000305175781,43.84000015258789,52.849998474121094,117.0999984741211,25.280000686645508,2.75,215.1999969482422,135.0,59.75,17.719999313354492,186.0,31.6200008392334,38.65999984741211,13.710000038146973,169.39999389648438,280.75,6.760000228881836,77.69999694824219,8.420000076293945,401.25,6.210000038146973,2.130000114440918,46.31999969482422,35.5,43.52000045776367,1490.0,40.959999084472656,72.6500015258789,3.1500000953674316,4.991741180419922,178.3000030517578,17.729999542236328,52.75,110.0,3.4000000953674316,198.89999389648438,9.279999732971191,80.75,68.0999984741211,4.545141220092773,29.020000457763672,2.950000047683716,309.5,2.4846150875091553,68.1500015258789,338.75,9.920000076293945,4.460000038146973,276.25,23.479999542236328,48.380001068115234,2.5999999046325684,8.039999961853027,426.0,268.75,10.710000038146973,299.75,38.2599983215332,18.93000030517578,167.60000610351562,6.0,32.86000061035156,61.599998474121094,4872.5,15.529999732971191,8.489999771118164,2.4100000858306885,27.540000915527344,16.6299991607666,25.520000457763672,165.6999969482422,1117.0,39.0,18.850000381469727,2.666666030883789,7.739999771118164,328.5,1940.0,79.9000015258789,218.3000030517578,7.306665897369385,5.25,63.599998474121094,14.170000076293945,21.0,10.920000076293945,18.270000457763672,18.899999618530273,13.0600004196167,11.15999984741211,151.89999389648438,22.860000610351562,82.25,54.20000076293945,22.479999542236328,36.2599983215332,227.8000030517578,231.10000610351562,173.5,98.80000305175781,305.5,25.15999984741211,78.4000015258789,73.5,88.5999984741211,7.630000114440918,51.5,567.0,9.300000190734863,2.559999942779541,182.0,8.260000228881836,30.139999389648438,105.19999694824219,62.79999923706055,1.8426129817962646,13.5,10.119999885559082,10734.900390625
2025-10-07,13.800000190734863,12.880000114440918,25.15999984741211,29.18000030517578,233.1999969482422,7.769999980926514,79.4000015258789,44.20000076293945,53.150001525878906,116.5,27.059999465942383,2.819999933242798,209.5,135.1999969482422,60.400001525878906,18.40999984741211,185.10000610351562,34.779998779296875,39.31999969482422,13.789999961853027,170.8000030517578,283.5,6.789999961853027,80.05000305175781,8.460000038146973,407.25,6.289999961853027,2.059999942779541,47.18000030517578,33.939998626708984,43.70000076293945,1572.0,40.70000076293945,72.1500015258789,3.234999895095825,5.134493827819824,177.1999969482422,17.969999313354492,53.45000076293945,114.5999984741211,3.4200000762939453,198.0,10.199999809265137,80.05000305175781,69.5,4.596498012542725,29.0,2.950000047683716,309.75,2.4800000190734863,67.4000015258789,343.0,9.970000267028809,4.449999809265137,280.5,23.84000015258789,49.0,2.5899999141693115,8.100000381469727,437.0,270.0,10.420000076293945,301.75,37.81999969482422,18.93000030517578,170.3000030517578,6.599999904632568,32.900001525878906,62.099998474121094,4920.0,14.649999618530273,8.539999961853027,2.4600000381469727,27.860000610351562,16.809999465942383,26.079999923706055,168.6999969482422,1111.0,39.220001220703125,19.649999618530273,2.673332929611206,7.46999979019165,337.5,1911.0,78.5,236.60000610351562,7.260000228881836,5.289999961853027,63.900001525878906,14.329999923706055,21.260000228881836,11.0,18.1299991607666,19.299999237060547,13.010000228881836,11.180000305175781,154.10000610351562,22.0,84.3499984741211,54.95000076293945,23.399999618530273,37.0,225.39999389648438,236.89999389648438,174.6999969482422,100.4000015258789,313.75,24.940000534057617,77.1500015258789,74.0,88.0,7.659999847412109,52.25,568.5,9.449999809265137,2.5799999237060547,180.60000610351562,8.199999809265137,30.0,105.80000305175781,61.599998474121094,1.85829496383667,13.4880952835083,10.180000305175781,10814.099609375
2025-10-08,13.949999809265137,12.680000305175781,25.459999084472656,28.459999084472656,227.5,7.599999904632568,78.5,45.13999938964844,52.70000076293945,116.19999694824219,26.239999771118164,2.7200000286102295,215.60000610351562,143.5,60.400001525878906,18.06999969482422,184.60000610351562,34.31999969482422,38.560001373291016,13.90999984741211,168.0,278.0,6.630000114440918,80.5999984741211,8.449999809265137,399.25,6.28000020980835,2.0199999809265137,47.0,33.0,43.279998779296875,1548.0,40.439998626708984,69.25,3.140000104904175,5.166728973388672,176.89999389648438,17.75,53.150001525878906,112.5,3.4100000858306885,211.3000030517578,10.270000457763672,81.19999694824219,69.44999694824219,4.399628162384033,27.81999969482422,2.950000047683716,303.75,2.4553840160369873,65.55000305175781,341.0,9.649999618530273,4.400000095367432,287.25,24.6200008392334,49.099998474121094,2.5999999046325684,8.130000114440918,424.5,261.0,10.270000457763672,301.5,36.2400016784668,18.899999618530273,168.39999389648438,7.260000228881836,32.380001068115234,61.20000076293945,4840.0,15.079999923706055,8.850000381469727,2.4100000858306885,28.579999923706055,16.43000030517578,25.559999465942383,166.1999969482422,1128.0,39.439998626708984,19.5,2.619999885559082,7.269999980926514,342.75,1888.0,82.05000305175781,243.60000610351562,7.106666088104248,5.210000038146973,64.25,14.119999885559082,21.1200008392334,10.899999618530273,17.799999237060547,19.149999618530273,12.890000343322754,11.210000038146973,152.6999969482422,21.34000015258789,82.55000305175781,56.54999923706055,24.1200008392334,38.18000030517578,228.8000030517578,233.8000030517578,173.8000030517578,98.44999694824219,310.25,25.399999618530273,76.19999694824219,72.4000015258789,89.75,7.519999980926514,50.849998474121094,563.0,9.149999618530273,2.4800000190734863,180.5,8.15999984741211,29.860000610351562,105.0,60.349998474121094,1.8426129817962646,13.40476131439209,10.09000015258789,10756.2998046875
2025-10-09,13.779999732971191,12.8100004196167,25.139999389648438,27.979999542236328,228.0,7.420000076293945,78.5,44.040000915527344,53.150001525878906,114.19999694824219,26.079999923706055,2.759999990463257,219.1999969482422,143.89999389648438,61.45000076293945,18.010000228881836,186.10000610351562,33.47999954223633,38.459999084472656,13.569999694824219,167.6999969482422,271.75,6.570000171661377,79.4000015258789,8.279999732971191,406.25,6.289999961853027,2.0199999809265137,46.81999969482422,33.119998931884766,44.040000915527344,1540.0,39.900001525878906,68.30000305175781,3.309999942779541,5.106864929199219,175.8000030517578,17.920000076293945,52.650001525878906,115.4000015258789,3.4000000953674316,204.5,10.34000015258789,80.3499984741211,68.3499984741211,4.53230094909668,28.0,2.9600000381469727,305.5,2.700000047683716,65.69999694824219,347.0,9.579999923706055,4.380000114440918,290.0,24.479999542236328,48.599998474121094,2.609999895095825,8.109999656677246,425.25,258.75,10.25,331.5,37.5,18.860000610351562,167.5,7.03000020980835,33.560001373291016,61.400001525878906,4840.0,15.220000267028809,8.880000114440918,2.4200000762939453,28.239999771118164,16.520000457763672,26.299999237060547,165.89999389648438,1106.0,39.540000915527344,20.81999969482422,2.640000104904175,7.139999866485596,351.25,1892.0,80.19999694824219,245.0,7.400000095367432,5.25,67.80000305175781,14.140000343322754,21.760000228881836,10.869999885559082,17.450000762939453,19.3799991607666,12.970000267028809,11.109999656677246,150.8000030517578,21.079999923706055,81.9000015258789,57.95000076293945,23.360000610351562,37.13999938964844,240.60000610351562,235.0,176.89999389648438,100.4000015258789,312.5,25.5,76.44999694824219,72.5999984741211,92.05000305175781,7.510000228881836,51.599998474121094,556.0,9.069999694824219,2.430000066757202,183.10000610351562,8.180000305175781,29.700000762939453,103.9000015258789,59.54999923706055,1.8190900087356567,13.2380952835083,10.170000076293945,10727.0
2025-10-10,13.819999694824219,12.600000381469727,25.100000381469727,27.299999237060547,228.1999969482422,7.449999809265137,78.80000305175781,43.779998779296875,52.95000076293945,113.5,26.0,2.759999990463257,213.5,140.3000030517578,63.5,18.030000686645508,188.39999389648438,33.0,39.0,13.630000114440918,168.60000610351562,272.0,6.619999885559082,78.5,8.220000267028809,420.75,6.309999942779541,2.130000114440918,46.900001525878906,32.81999969482422,43.70000076293945,1638.0,39.720001220703125,69.4000015258789,3.3575000762939453,5.06081485748291,176.6999969482422,17.8700008392334,53.29999923706055,110.80000305175781,3.430000066757202,200.0,10.1899995803833,84.0,70.0,4.5194621086120605,27.860000610351562,3.25,319.0,2.9676918983459473,70.69999694824219,345.0,9.640000343322754,4.420000076293945,291.0,25.1200008392334,48.380001068115234,2.609999895095825,8.039999961853027,422.5,261.0,10.3100004196167,325.0,37.040000915527344,19.049999237060547,165.10000610351562,6.829999923706055,33.08000183105469,61.150001525878906,4870.0,15.0,8.789999961853027,2.4200000762939453,28.84000015258789,16.540000915527344,25.920000076293945,166.6999969482422,1051.0,41.5,20.6200008392334,2.619999885559082,7.230000019073486,346.0,1867.0,83.05000305175781,265.75,7.380000114440918,5.260000228881836,68.69999694824219,14.210000038146973,21.6200008392334,10.75,17.190000534057617,19.540000915527344,12.8100004196167,11.399999618530273,151.6999969482422,21.100000381469727,82.4000015258789,55.04999923706055,24.31999969482422,38.0,238.5,237.8000030517578,178.60000610351562,100.19999694824219,313.75,24.81999969482422,72.55000305175781,74.0999984741211,88.75,7.480000019073486,51.95000076293945,560.5,9.079999923706055,2.6700000762939453,180.60000610351562,8.140000343322754,29.479999542236328,104.69999694824219,63.95000076293945,1.85829496383667,13.345237731933594,10.170000076293945,10720.400390625
2025-10-13,13.720000267028809,12.420000076293945,25.200000762939453,26.520000457763672,233.10000610351562,7.28000020980835,78.5,42.79999923706055,52.45000076293945,111.4000015258789,25.31999969482422,2.7100000381469727,214.0,135.0,63.099998474121094,17.56999969482422,185.0,32.31999969482422,38.97999954223633,13.279999732971191,164.60000610351562,273.0,6.900000095367432,76.19999694824219,8.100000381469727,404.25,6.230000019073486,2.0899999141693115,46.47999954223633,32.0,42.7400016784668,1550.0,37.720001220703125,67.5999984741211,3.2874999046325684,4.959506988525391,171.60000610351562,17.8700008392334,52.849998474121094,105.5,3.3299999237060547,195.8000030517578,9.829999923706055,80.9000015258789,69.5999984741211,4.309751987457275,27.399999618530273,3.1700000762939453,310.0,3.0399999618530273,72.05000305175781,347.5,9.380000114440918,4.320000171661377,287.5,24.100000381469727,48.20000076293945,2.549999952316284,7.760000228881836,410.0,255.0,9.970000267028809,338.0,36.5,19.030000686645508,160.0,6.820000171661377,31.739999771118164,60.5,4740.0,14.699999809265137,8.829999923706055,2.319999933242798,28.3799991607666,16.1299991607666,25.299999237060547,165.8000030517578,1016.0,39.81999969482422,20.0,2.5333330631256104,7.039999961853027,333.75,1796.0,80.4000015258789,256.0,7.233333110809326,5.179999828338623,69.80000305175781,13.880000114440918,21.260000228881836,10.40999984741211,17.399999618530273,19.450000762939453,13.020000457763672,12.539999961853027,149.39999389648438,20.700000762939453,81.1500015258789,52.25,23.700000762939453,37.439998626708984,229.10000610351562,233.5,175.89999389648438,97.9000015258789,309.0,24.579999923706055,70.0,74.0,88.5,7.25,51.0,552.5,8.949999809265137,2.880000114440918,172.5,7.940000057220459,28.65999984741211,102.5,59.95000076293945,1.8112499713897705,12.90476131439209,9.9399995803833,10556.2001953125
2025-10-14,13.390000343322754,12.300000190734863,24.34000015258789,25.0,227.89999389648438,7.150000095367432,77.3499984741211,42.060001373291016,50.29999923706055,108.5,24.739999771118164,2.6500000953674316,212.0,135.10000610351562,57.849998474121094,17.299999237060547,188.39999389648438,31.8799991607666,37.5,12.829999923706055,161.1999969482422,272.25,6.5,76.55000305175781,8.130000114440918,405.5,6.070000171661377,2.0399999618530273,45.599998474121094,31.0,42.63999938964844,1569.0,35.779998779296875,66.4000015258789,3.2125000953674316,4.858198165893555,170.39999389648438,17.579999923706055,49.97999954223633,102.0999984741211,3.259999990463257,198.5,9.390000343322754,78.44999694824219,69.5,4.309751987457275,25.959999084472656,3.259999990463257,304.0,2.8307690620422363,75.0,343.75,9.140000343322754,4.150000095367432,278.0,23.459999084472656,48.119998931884766,2.4800000190734863,7.670000076293945,405.5,248.6999969482422,9.710000038146973,333.25,35.959999084472656,18.81999969482422,156.89999389648438,6.78000020980835,30.81999969482422,58.45000076293945,4680.0,13.899999618530273,9.350000381469727,2.200000047683716,27.940000534057617,16.059999465942383,24.639999389648438,165.1999969482422,1009.0,39.459999084472656,19.450000762939453,2.4466660022735596,7.0,338.0,1740.0,74.44999694824219,260.0,7.033332824707031,5.300000190734863,67.8499984741211,13.399999618530273,21.219999313354492,10.380000114440918,16.799999237060547,19.899999618530273,13.170000076293945,13.270000457763672,147.3000030517578,20.1200008392334,78.9000015258789,50.29999923706055,23.68000030517578,37.5,235.5,221.0,174.0,90.8499984741211,302.0,23.639999389648438,67.6500015258789,74.25,87.5,7.199999809265137,49.31999969482422,546.5,8.819999694824219,2.690000057220459,174.10000610351562,7.690000057220459,27.360000610351562,99.0,60.75,1.7720450162887573,12.607142448425293,9.699999809265137,10316.400390625
2025-10-15,14.0,12.420000076293945,24.760000228881836,26.299999237060547,226.1999969482422,7.420000076293945,77.94999694824219,41.91999816894531,52.650001525878906,109.0999984741211,25.559999465942383,2.700000047683716,207.5,138.0,58.099998474121094,17.540000915527344,183.8000030517578,31.920000076293945,39.79999923706055,13.119999885559082,163.0,273.25,6.539999961853027,76.75,8.260000228881836,400.75,6.130000114440918,2.049999952316284,46.540000915527344,30.899999618530273,42.86000061035156,1558.0,36.79999923706055,69.44999694824219,3.25,4.918063163757324,172.39999389648438,18.25,52.849998474121094,102.69999694824219,3.3399999141693115,194.0,9.739999771118164,79.05000305175781,73.6500015258789,4.352550029754639,27.700000762939453,3.4200000762939453,308.25,2.9353840351104736,78.6500015258789,349.75,9.25,4.21999979019165,277.25,23.780000686645508,47.34000015258789,2.5199999809265137,7.96999979019165,409.75,257.25,10.069999694824219,321.5,37.15999984741211,19.25,158.6999969482422,6.610000133514404,32.459999084472656,58.5,4815.0,14.479999542236328,9.109999656677246,2.299999952316284,28.899999618530273,16.15999984741211,24.940000534057617,154.0,1039.0,41.81999969482422,19.84000015258789,2.5199999809265137,7.0,335.25,1755.0,77.44999694824219,271.0,7.146666049957275,5.25,69.0,13.5600004196167,21.559999465942383,10.979999542236328,16.93000030517578,20.979999542236328,13.100000381469727,12.760000228881836,146.39999389648438,20.15999984741211,78.94999694824219,51.0,24.799999237060547,38.220001220703125,234.5,227.1999969482422,180.0,95.75,300.75,24.040000915527344,69.9000015258789,74.4000015258789,89.75,7.320000171661377,50.849998474121094,552.5,9.09000015258789,2.6500000953674316,178.39999389648438,8.0600004196167,28.040000915527344,100.80000305175781,62.849998474121094,1.8034089803695679,12.702380180358887,9.779999732971191,10464.5
2025-10-16,13.899999618530273,12.770000457763672,24.579999923706055,25.219999313354492,227.60000610351562,7.380000114440918,77.55000305175781,41.29999923706055,51.45000076293945,106.9000015258789,25.139999389648438,2.6700000762939453,204.0,133.1999969482422,56.79999923706055,17.5,180.0,31.139999389648438,39.20000076293945,12.789999961853027,160.8000030517578,269.75,6.449999809265137,81.0,8.130000114440918,396.25,6.130000114440918,2.009999990463257,47.400001525878906,29.100000381469727,42.29999923706055,1520.0,36.34000015258789,70.05000305175781,3.255000114440918,4.839778900146484,170.5,18.1200008392334,53.29999923706055,101.19999694824219,3.240000009536743,195.5,9.460000038146973,77.5999984741211,70.69999694824219,4.292633056640625,27.139999389648438,3.5199999809265137,306.0,3.227691888809204,80.55000305175781,357.25,9.420000076293945,4.25,274.75,23.6200008392334,46.29999923706055,2.440000057220459,7.710000038146973,409.0,282.75,9.800000190734863,308.5,37.29999923706055,18.969999313354492,156.0,6.539999961853027,31.5,59.54999923706055,4860.0,14.770000457763672,8.859999656677246,2.2699999809265137,28.65999984741211,15.899999618530273,24.959999084472656,150.8000030517578,1020.0,43.400001525878906,19.719999313354492,2.4733328819274902,6.920000076293945,332.75,1745.0,71.69999694824219,259.75,7.00333309173584,5.199999809265137,70.0999984741211,13.40999984741211,21.18000030517578,10.899999618530273,17.200000762939453,18.889999389648438,12.90999984741211,14.029999732971191,148.1999969482422,19.760000228881836,77.80000305175781,51.400001525878906,25.5,38.97999954223633,234.89999389648438,225.10000610351562,177.6999969482422,95.80000305175781,296.0,24.920000076293945,70.0,72.55000305175781,91.0,7.260000228881836,50.25,552.5,8.899999618530273,2.7100000381469727,176.1999969482422,7.940000057220459,27.65999984741211,99.19999694824219,62.5,1.7877269983291626,12.547618865966797,9.59000015258789,10370.7998046875
2025-10-17,14.279999732971191,12.770000457763672,24.540000915527344,24.799999237060547,225.10000610351562,7.239999771118164,76.55000305175781,40.91999816894531,51.099998474121094,105.80000305175781,24.979999542236328,2.619999885559082,194.89999389648438,128.10000610351562,55.0,17.280000686645508,178.39999389648438,30.639999389648438,38.779998779296875,12.729999542236328,161.0,263.5,6.380000114440918,83.8499984741211,8.100000381469727,392.5,6.110000133514404,1.9900000095367432,47.47999954223633,26.200000762939453,42.02000045776367,1510.0,36.040000915527344,70.44999694824219,3.1600000858306885,4.876617908477783,172.1999969482422,17.479999542236328,53.79999923706055,98.9000015258789,3.259999990463257,192.60000610351562,9.25,77.69999694824219,70.5,4.416747093200684,26.399999618530273,3.319999933242798,304.5,3.126152992248535,74.0,352.0,9.350000381469727,4.159999847412109,267.25,24.1200008392334,46.13999938964844,2.4000000953674316,7.639999866485596,408.25,281.0,9.5,303.0,35.97999954223633,18.43000030517578,152.6999969482422,6.300000190734863,31.5,57.849998474121094,4920.0,14.399999618530273,8.779999732971191,2.2799999713897705,28.399999618530273,15.800000190734863,24.639999389648438,150.5,1005.0,40.959999084472656,19.68000030517578,2.433332920074463,6.820000171661377,325.0,1694.0,69.69999694824219,252.75,6.8333330154418945,5.010000228881836,69.25,13.130000114440918,20.5,10.869999885559082,17.43000030517578,17.1299991607666,12.649999618530273,14.479999542236328,148.0,19.559999465942383,75.5999984741211,54.20000076293945,24.780000686645508,39.619998931884766,231.8000030517578,224.3000030517578,180.0,94.25,292.0,24.0,67.8499984741211,73.6500015258789,86.3499984741211,7.199999809265137,48.119998931884766,552.0,8.75,2.619999885559082,173.1999969482422,7.699999809265137,27.100000381469727,99.4000015258789,59.900001525878906,1.756363034248352,12.535714149475098,9.460000038146973,10208.7998046875
2025-10-20,14.739999771118164,12.600000381469727,25.639999389648438,24.760000228881836,222.39999389648438,7.449999809265137,78.25,41.29999923706055,51.900001525878906,107.5,25.139999389648438,2.799999952316284,203.89999389648438,126.80000305175781,56.95000076293945,17.5,181.0,31.299999237060547,38.70000076293945,13.119999885559082,161.6999969482422,269.0,6.46999979019165,91.4000015258789,8.220000267028809,402.0,6.150000095367432,2.0,50.349998474121094,25.079999923706055,42.619998931884766,1515.0,36.599998474121094,70.05000305175781,3.202500104904175,4.964111804962158,173.0,17.360000610351562,54.650001525878906,100.30000305175781,3.309999942779541,181.39999389648438,9.399999618530273,78.69999694824219,72.1500015258789,4.408186912536621,27.18000030517578,3.2899999618530273,309.75,3.0,72.9000015258789,352.75,9.529999732971191,4.260000228881836,282.0,23.959999084472656,46.58000183105469,2.450000047683716,7.809999942779541,409.5,309.0,10.449999809265137,272.75,37.68000030517578,18.639999389648438,155.3000030517578,6.510000228881836,32.119998931884766,58.150001525878906,4927.5,14.539999961853027,8.930000305175781,2.4100000858306885,28.81999969482422,15.989999771118164,24.139999389648438,147.0,987.0,43.63999938964844,20.399999618530273,2.4600000381469727,7.389999866485596,328.5,1715.0,68.75,248.39999389648438,6.829999923706055,5.070000171661377,73.5,13.289999961853027,20.700000762939453,10.65999984741211,18.25,17.200000762939453,12.680000305175781,14.25,149.0,20.6200008392334,77.5999984741211,52.95000076293945,23.899999618530273,41.779998779296875,234.3000030517578,231.0,184.6999969482422,96.80000305175781,297.75,25.0,71.94999694824219,75.25,89.44999694824219,7.269999980926514,49.81999969482422,552.0,8.989999771118164,2.6700000762939453,177.39999389648438,7.760000228881836,27.459999084472656,102.0999984741211,60.45000076293945,1.8190900087356567,12.571428298950195,9.699999809265137,10484.400390625
2025-10-21,14.279999732971191,12.569999694824219,25.020000457763672,24.719999313354492,223.5,7.590000152587891,78.55000305175781,41.099998474121094,51.54999923706055,106.5999984741211,24.8799991607666,2.809999942779541,205.60000610351562,128.60000610351562,57.20000076293945,18.0,181.3000030517578,31.299999237060547,38.36000061035156,13.119999885559082,161.0,262.0,6.440000057220459,88.9000015258789,8.180000305175781,398.0,6.139999866485596,1.9700000286102295,50.599998474121094,25.799999237060547,43.220001220703125,1498.0,36.65999984741211,71.8499984741211,3.237499952316284,5.162124156951904,172.3000030517578,17.149999618530273,54.29999923706055,97.0,3.2899999618530273,187.0,9.260000228881836,79.69999694824219,71.19999694824219,4.348269939422607,27.360000610351562,3.1600000858306885,310.25,3.009999990463257,71.44999694824219,334.0,10.0600004196167,4.679999828338623,278.0,24.299999237060547,45.81999969482422,2.549999952316284,7.909999847412109,412.25,282.75,10.710000038146973,245.5,37.36000061035156,18.889999389648438,157.39999389648438,6.46999979019165,33.79999923706055,60.599998474121094,4870.0,15.359999656677246,9.100000381469727,2.509999990463257,28.34000015258789,16.030000686645508,24.18000030517578,145.39999389648438,1008.0,41.86000061035156,20.260000228881836,2.4200000762939453,7.349999904632568,324.25,1701.0,67.3499984741211,245.6999969482422,7.179999828338623,5.110000133514404,80.5999984741211,13.279999732971191,20.899999618530273,10.640000343322754,17.59000015258789,16.809999465942383,12.40999984741211,13.289999961853027,150.0,20.459999084472656,77.44999694824219,52.650001525878906,23.260000228881836,42.040000915527344,243.0,236.0,184.10000610351562,96.94999694824219,294.5,24.360000610351562,68.6500015258789,76.69999694824219,84.69999694824219,7.199999809265137,49.70000076293945,550.5,9.010000228881836,2.619999885559082,176.10000610351562,7.630000114440918,26.84000015258789,103.0,63.099998474121094,1.8190900087356567,12.714284896850586,9.699999809265137,10467.2001953125
2025-10-22,14.350000381469727,12.539999961853027,25.600000381469727,24.920000076293945,223.39999389648438,7.679999828338623,79.4000015258789,41.380001068115234,52.04999923706055,105.80000305175781,24.940000534057617,2.7799999713897705,207.60000610351562,128.5,56.849998474121094,18.049999237060547,186.1999969482422,31.020000457763672,40.47999954223633,13.09000015258789,161.0,269.0,6.449999809265137,91.44999694824219,8.300000190734863,396.0,6.179999828338623,2.1600000858306885,51.45000076293945,24.700000762939453,42.880001068115234,1497.0,36.79999923706055,70.0999984741211,3.1500000953674316,5.065420150756836,173.89999389648438,16.739999771118164,55.75,96.0999984741211,3.3299999237060547,184.39999389648438,9.180000305175781,79.30000305175781,74.5999984741211,4.335431098937988,26.84000015258789,3.1500000953674316,313.75,2.7899999618530273,72.9000015258789,342.75,9.819999694824219,4.579999923706055,283.25,24.3799991607666,45.7400016784668,2.4700000286102295,8.010000228881836,408.0,271.25,11.100000381469727,251.0,37.08000183105469,19.0,160.39999389648438,6.440000057220459,33.0,60.29999923706055,4870.0,16.1299991607666,8.739999771118164,2.5199999809265137,28.399999618530273,16.100000381469727,24.200000762939453,147.10000610351562,1010.0,42.439998626708984,20.100000381469727,2.4733328819274902,7.300000190734863,325.5,1720.0,67.25,239.5,7.376666069030762,5.619999885559082,75.75,13.390000343322754,21.139999389648438,10.640000343322754,17.84000015258789,16.790000915527344,12.4399995803833,13.930000305175781,149.3000030517578,20.100000381469727,77.44999694824219,52.150001525878906,23.100000381469727,43.099998474121094,241.8000030517578,243.0,184.3000030517578,97.5999984741211,288.0,23.760000228881836,67.0,77.1500015258789,83.25,7.340000152587891,50.75,557.0,8.960000038146973,2.609999895095825,181.6999969482422,7.610000133514404,27.1200008392334,104.0,63.20000076293945,1.8426129817962646,12.607142448425293,9.930000305175781,10551.2998046875
2025-10-23,13.869999885559082,12.670000076293945,25.219999313354492,26.399999618530273,222.0,7.690000057220459,79.75,41.08000183105469,51.95000076293945,106.0999984741211,25.0,2.7799999713897705,206.5,126.5,56.0,17.780000686645508,189.60000610351562,33.040000915527344,39.31999969482422,13.15999984741211,160.8000030517578,273.5,6.429999828338623,88.25,8.100000381469727,394.5,6.199999809265137,2.140000104904175,51.5,24.059999465942383,43.540000915527344,1495.0,37.380001068115234,69.30000305175781,3.4649999141693115,4.950296878814697,174.0,16.450000762939453,55.70000076293945,95.0,3.2899999618530273,187.0,9.279999732971191,80.0999984741211,74.5,4.343990802764893,26.84000015258789,3.0999999046325684,312.25,2.75,73.0,332.0,9.729999542236328,4.5,295.75,24.239999771118164,45.959999084472656,2.490000009536743,8.039999961853027,405.25,265.0,10.579999923706055,276.0,37.15999984741211,19.200000762939453,162.8000030517578,6.320000171661377,32.34000015258789,58.650001525878906,4860.0,15.699999809265137,8.579999923706055,2.509999990463257,28.579999923706055,16.079999923706055,24.219999313354492,151.5,1000.0,41.79999923706055,20.579999923706055,2.4533329010009766,7.210000038146973,325.0,1700.0,67.30000305175781,241.0,7.176665782928467,5.369999885559082,71.4000015258789,13.289999961853027,21.5,10.640000343322754,17.760000228881836,16.760000228881836,12.539999961853027,14.039999961853027,148.10000610351562,19.889999389648438,78.3499984741211,51.20000076293945,23.079999923706055,43.20000076293945,243.8000030517578,251.5,184.10000610351562,98.55000305175781,284.25,24.860000610351562,70.0,75.80000305175781,86.75,7.389999866485596,51.54999923706055,549.5,9.109999656677246,2.5799999237060547,187.0,7.599999904632568,27.100000381469727,104.30000305175781,63.25,1.8975000381469727,12.523809432983398,10.010000228881836,10608.2998046875
2025-10-24,14.449999809265137,12.90999984741211,26.299999237060547,26.940000534057617,226.8000030517578,7.789999961853027,82.44999694824219,42.720001220703125,54.400001525878906,111.4000015258789,26.600000381469727,2.9000000953674316,203.89999389648438,134.89999389648438,58.95000076293945,18.540000915527344,196.0,33.13999938964844,40.619998931884766,13.630000114440918,165.60000610351562,289.75,6.650000095367432,89.5,8.5,418.5,6.409999847412109,2.259999990463257,51.599998474121094,25.299999237060547,44.84000015258789,1553.0,39.52000045776367,70.8499984741211,3.505000114440918,5.079235076904297,178.39999389648438,16.729999542236328,55.29999923706055,97.3499984741211,3.4200000762939453,191.8000030517578,9.729999542236328,81.1500015258789,75.5,4.455265045166016,27.239999771118164,3.299999952316284,325.0,2.950000047683716,74.55000305175781,333.25,10.0600004196167,4.710000038146973,307.25,25.360000610351562,48.0,2.569999933242798,8.25,419.0,291.5,10.770000457763672,303.5,38.52000045776367,19.829999923706055,171.8000030517578,6.489999771118164,33.86000061035156,60.20000076293945,5082.5,15.600000381469727,8.819999694824219,2.5799999237060547,28.860000610351562,16.75,25.420000076293945,164.10000610351562,1019.0,45.0,21.18000030517578,2.546665906906128,7.460000038146973,332.25,1750.0,68.5999984741211,245.0,7.300000190734863,5.619999885559082,71.5,14.0,22.0,10.649999618530273,18.219999313354492,17.360000610351562,12.670000076293945,14.050000190734863,151.39999389648438,20.639999389648438,81.6500015258789,52.900001525878906,23.799999237060547,44.47999954223633,244.5,260.5,191.89999389648438,100.80000305175781,297.0,26.100000381469727,70.94999694824219,76.75,87.19999694824219,7.570000171661377,52.75,564.0,9.34000015258789,2.680000066757202,191.8000030517578,7.909999847412109,28.15999984741211,109.0,65.05000305175781,1.9210220575332642,13.095237731933594,10.520000457763672,10941.7998046875
2025-10-27,14.40999984741211,12.899999618530273,25.739999771118164,28.0,224.0,7.690000057220459,81.69999694824219,42.20000076293945,54.900001525878906,109.5999984741211,26.899999618530273,2.859999895095825,208.8000030517578,131.60000610351562,57.75,18.84000015258789,196.89999389648438,35.099998474121094,40.15999984741211,13.930000305175781,164.1999969482422,282.75,6.690000057220459,88.19999694824219,8.380000114440918,410.0,6.389999866485596,2.299999952316284,51.599998474121094,27.81999969482422,44.900001525878906,1523.0,40.70000076293945,69.4000015258789,3.702500104904175,5.093050003051758,179.0,16.579999923706055,55.150001525878906,97.3499984741211,3.380000114440918,191.89999389648438,9.869999885559082,81.4000015258789,76.0,4.498063087463379,27.68000030517578,3.200000047683716,332.5,2.890000104904175,77.44999694824219,328.0,10.15999984741211,4.659999847412109,308.0,24.84000015258789,47.599998474121094,2.5799999237060547,8.109999656677246,420.0,313.0,10.920000076293945,306.75,38.619998931884766,19.860000610351562,168.3000030517578,6.400000095367432,33.619998931884766,59.70000076293945,5027.5,15.199999809265137,8.760000228881836,2.569999933242798,29.239999771118164,16.719999313354492,25.260000228881836,163.0,1015.0,44.18000030517578,21.100000381469727,2.5133330821990967,7.679999828338623,334.5,1752.0,69.75,239.5,7.216666221618652,5.75,70.6500015258789,13.729999542236328,21.8799991607666,10.600000381469727,17.920000076293945,16.969999313354492,12.220000267028809,13.550000190734863,150.6999969482422,20.799999237060547,80.0,52.0,23.540000915527344,44.619998931884766,248.5,262.25,189.5,100.0,295.0,25.600000381469727,70.25,76.3499984741211,86.05000305175781,7.489999771118164,52.650001525878906,556.0,9.359999656677246,2.680000066757202,192.6999969482422,7.809999942779541,27.760000228881836,106.80000305175781,69.0,1.8975000381469727,12.952380180358887,10.479999542236328,10853.400390625
2025-10-28,14.520000457763672,12.890000343322754,25.520000457763672,27.979999542236328,223.89999389648438,7.769999980926514,80.5999984741211,42.29999923706055,54.79999923706055,107.9000015258789,27.68000030517578,2.809999942779541,211.39999389648438,130.1999969482422,58.79999923706055,18.670000076293945,197.60000610351562,34.47999954223633,40.099998474121094,13.649999618530273,163.1999969482422,283.0,6.670000076293945,87.80000305175781,8.399999618530273,406.5,6.369999885559082,2.240000009536743,50.95000076293945,26.559999465942383,45.86000061035156,1520.0,41.15999984741211,69.75,3.6575000286102295,5.042396068572998,177.89999389648438,16.719999313354492,54.900001525878906,97.05000305175781,3.369999885559082,191.89999389648438,9.760000228881836,80.9000015258789,75.80000305175781,4.472383975982666,27.579999923706055,3.190000057220459,329.25,2.9000000953674316,75.75,333.75,10.130000114440918,4.670000076293945,307.0,25.059999465942383,48.0,2.569999933242798,8.180000305175781,418.25,324.5,11.460000038146973,311.25,38.68000030517578,19.579999923706055,167.5,6.360000133514404,32.97999954223633,59.349998474121094,5150.0,15.180000305175781,8.6899995803833,2.5799999237060547,28.899999618530273,16.950000762939453,25.0,159.8000030517578,1031.0,43.84000015258789,21.280000686645508,2.546665906906128,7.690000057220459,332.0,1730.0,68.6500015258789,240.10000610351562,7.1366658210754395,5.670000076293945,70.75,13.670000076293945,21.799999237060547,11.0,17.809999465942383,16.889999389648438,12.5,13.369999885559082,150.39999389648438,21.059999465942383,79.3499984741211,51.650001525878906,23.100000381469727,45.5,249.0,262.75,191.10000610351562,100.5999984741211,292.0,25.399999618530273,70.05000305175781,76.55000305175781,84.94999694824219,7.389999866485596,52.5,542.5,9.399999618530273,2.640000104904175,196.6999969482422,8.0,28.219999313354492,106.5999984741211,67.55000305175781,1.9053399562835693,12.90476131439209,10.489999771118164,10871.099609375
2025-10-30,14.4399995803833,12.979999542236328,25.6200008392334,28.34000015258789,234.0,7.869999885559082,80.19999694824219,43.900001525878906,55.20000076293945,107.5999984741211,29.459999084472656,2.9000000953674316,205.6999969482422,134.60000610351562,60.349998474121094,18.920000076293945,194.6999969482422,33.86000061035156,39.720001220703125,13.770000457763672,167.1999969482422,266.0,6.75,93.5,8.350000381469727,438.0,6.420000076293945,2.25,51.150001525878906,27.299999237060547,47.18000030517578,1531.0,41.47999954223633,69.9000015258789,3.5999999046325684,5.079235076904297,178.1999969482422,17.06999969482422,54.0,96.94999694824219,3.3399999141693115,199.60000610351562,9.529999732971191,82.8499984741211,77.25,4.746291160583496,27.479999542236328,3.2799999713897705,334.0,2.9600000381469727,73.8499984741211,340.5,10.420000076293945,4.800000190734863,312.5,24.959999084472656,47.79999923706055,2.5999999046325684,8.289999961853027,427.75,318.5,11.279999732971191,305.0,38.380001068115234,19.75,167.1999969482422,6.400000095367432,32.84000015258789,59.599998474121094,5105.0,15.520000457763672,8.9399995803833,2.5399999618530273,29.540000915527344,16.940000534057617,25.540000915527344,161.39999389648438,1041.0,42.0,21.579999923706055,2.6533329486846924,7.900000095367432,329.0,1800.0,71.4000015258789,238.3000030517578,7.416666030883789,5.75,71.8499984741211,13.789999961853027,20.81999969482422,10.930000305175781,19.010000228881836,17.100000381469727,12.710000038146973,14.149999618530273,153.3000030517578,20.399999618530273,80.8499984741211,54.150001525878906,23.299999237060547,43.900001525878906,246.89999389648438,260.25,189.0,98.75,290.0,27.200000762939453,72.5,77.6500015258789,86.8499984741211,7.659999847412109,51.400001525878906,546.0,9.539999961853027,2.75,196.0,8.800000190734863,31.040000915527344,106.5999984741211,66.5999984741211,1.9210220575332642,12.9880952835083,11.020000457763672,10837.2998046875
2025-10-31,14.529999732971191,13.25,25.65999984741211,28.719999313354492,231.89999389648438,7.909999847412109,80.69999694824219,44.13999938964844,56.400001525878906,110.5999984741211,29.100000381469727,3.0299999713897705,203.60000610351562,143.89999389648438,59.0,18.989999771118164,197.5,34.459999084472656,41.7599983215332,14.039999961853027,169.6999969482422,269.5,7.070000171661377,88.44999694824219,8.34000015258789,481.75,6.46999979019165,2.4200000762939453,51.400001525878906,26.700000762939453,47.52000045776367,1560.0,41.279998779296875,70.80000305175781,3.637500047683716,5.042396068572998,180.3000030517578,17.100000381469727,54.29999923706055,106.5999984741211,3.369999885559082,198.89999389648438,9.770000457763672,82.5,77.69999694824219,4.814767837524414,27.479999542236328,3.369999885559082,342.75,3.25,73.94999694824219,341.25,10.850000381469727,4.860000133514404,316.5,25.520000457763672,47.97999954223633,2.630000114440918,8.369999885559082,437.5,321.0,10.649999618530273,323.0,38.63999938964844,19.65999984741211,171.60000610351562,6.480000019073486,34.540000915527344,60.45000076293945,5140.0,16.15999984741211,8.779999732971191,2.569999933242798,30.600000381469727,16.81999969482422,28.079999923706055,167.3000030517578,1074.0,42.70000076293945,22.700000762939453,2.640000104904175,8.0,336.0,1734.0,73.1500015258789,244.0,7.426665782928467,5.900000095367432,71.0,13.829999923706055,21.260000228881836,11.0,18.690000534057617,17.170000076293945,13.199999809265137,13.869999885559082,155.89999389648438,20.639999389648438,81.55000305175781,54.0,24.860000610351562,44.2599983215332,237.6999969482422,265.0,195.1999969482422,99.69999694824219,291.5,26.8799991607666,77.9000015258789,76.80000305175781,90.5,7.650000095367432,51.0,547.0,9.739999771118164,2.859999895095825,197.60000610351562,8.510000228881836,29.719999313354492,108.0999984741211,66.5999984741211,1.9759089946746826,13.107142448425293,11.0,10971.5
2025-11-03,14.6899995803833,13.350000381469727,26.0,28.6200008392334,233.89999389648438,8.050000190734863,82.0999984741211,45.0,58.0,113.0,28.860000610351562,3.069999933242798,202.60000610351562,139.89999389648438,58.95000076293945,19.299999237060547,198.5,34.540000915527344,41.63999938964844,14.8100004196167,171.6999969482422,268.0,7.289999961853027,89.05000305175781,8.539999961853027,477.25,6.570000171661377,2.4600000381469727,52.650001525878906,27.860000610351562,45.79999923706055,1586.0,40.34000015258789,71.5,3.494999885559082,5.005556106567383,180.5,17.299999237060547,55.45000076293945,110.0999984741211,3.4200000762939453,195.0,9.899999618530273,81.30000305175781,76.0,4.960280895233154,28.84000015258789,3.450000047683716,360.75,3.2100000381469727,74.8499984741211,340.5,10.699999809265137,4.900000095367432,308.0,25.860000610351562,49.47999954223633,2.6700000762939453,8.779999732971191,450.25,312.25,10.9399995803833,324.75,39.41999816894531,20.280000686645508,174.1999969482422,7.119999885559082,34.2400016784668,60.79999923706055,5220.0,16.90999984741211,8.850000381469727,2.6500000953674316,30.860000610351562,16.889999389648438,28.360000610351562,166.0,1088.0,42.599998474121094,22.920000076293945,2.6866660118103027,8.319999694824219,340.0,1754.0,74.19999694824219,248.60000610351562,7.513332843780518,5.920000076293945,71.8499984741211,14.140000343322754,21.440000534057617,10.890000343322754,19.649999618530273,17.610000610351562,13.1899995803833,14.0,153.0,21.8799991607666,82.3499984741211,54.0,25.520000457763672,45.20000076293945,236.60000610351562,269.0,196.89999389648438,97.44999694824219,294.0,27.520000457763672,75.94999694824219,77.9000015258789,90.44999694824219,8.0,49.959999084472656,572.0,10.1899995803833,2.880000114440918,198.6999969482422,8.550000190734863,29.920000076293945,109.80000305175781,67.0,1.9915900230407715,13.369047164916992,11.369999885559082,11060.400390625
2025-11-04,14.399999618530273,13.3100004196167,25.420000076293945,29.079999923706055,234.39999389648438,8.029999732971191,82.19999694824219,43.52000045776367,57.900001525878906,112.0999984741211,28.5,3.059999942779541,197.3000030517578,138.5,57.400001525878906,19.43000030517578,199.0,33.900001525878906,41.7599983215332,14.84000015258789,169.10000610351562,266.25,6.929999828338623,91.0,8.380000114440918,490.25,6.650000095367432,2.5399999618530273,52.150001525878906,27.639999389648438,44.70000076293945,1570.0,40.31999969482422,70.44999694824219,3.430000066757202,4.9963459968566895,181.1999969482422,17.079999923706055,55.150001525878906,107.5,3.440000057220459,193.0,10.289999961853027,80.44999694824219,75.94999694824219,4.900363922119141,29.18000030517578,3.4000000953674316,361.0,3.140000104904175,73.5,341.0,10.510000228881836,4.78000020980835,292.25,25.81999969482422,49.0,2.6500000953674316,8.430000305175781,444.5,313.5,10.869999885559082,315.0,38.900001525878906,20.280000686645508,170.89999389648438,7.449999809265137,35.040000915527344,60.0,5120.0,17.299999237060547,8.699999809265137,2.630000114440918,30.059999465942383,16.799999237060547,29.15999984741211,164.3000030517578,1065.0,41.439998626708984,22.1200008392334,2.680000066757202,8.0,333.5,1754.0,72.8499984741211,248.89999389648438,7.316666126251221,5.829999923706055,70.0,14.039999961853027,21.719999313354492,10.5,19.420000076293945,17.43000030517578,12.869999885559082,13.930000305175781,148.0,21.920000076293945,80.5999984741211,53.25,26.020000457763672,44.86000061035156,237.3000030517578,270.0,208.10000610351562,96.44999694824219,289.0,26.860000610351562,74.5,78.30000305175781,89.05000305175781,8.399999618530273,50.0,557.0,9.869999885559082,3.0299999713897705,188.0,8.3100004196167,29.84000015258789,108.5999984741211,68.0999984741211,2.0072720050811768,13.095237731933594,11.399999618530273,10914.099609375
2025-11-05,14.789999961853027,13.3100004196167,26.200000762939453,28.5,248.5,8.140000343322754,83.4000015258789,45.439998626708984,58.400001525878906,112.69999694824219,28.440000534057617,3.109999895095825,194.10000610351562,134.8000030517578,57.650001525878906,19.75,201.89999389648438,34.400001525878906,44.15999984741211,14.0600004196167,171.1999969482422,264.75,6.860000133514404,91.3499984741211,8.100000381469727,492.5,6.579999923706055,2.5399999618530273,54.95000076293945,27.040000915527344,44.939998626708984,1626.0,40.2599983215332,70.05000305175781,3.432499885559082,4.964111804962158,182.3000030517578,17.1200008392334,54.5,112.0,3.450000047683716,193.10000610351562,9.710000038146973,78.5999984741211,75.69999694824219,5.0587158203125,27.059999465942383,3.5399999618530273,358.25,3.190000057220459,78.5,343.0,10.59000015258789,4.769999980926514,300.5,25.18000030517578,48.959999084472656,2.7200000286102295,8.460000038146973,443.25,313.0,10.600000381469727,283.5,38.5,20.600000381469727,171.0,7.119999885559082,33.84000015258789,59.45000076293945,5190.0,17.0,8.729999542236328,2.6700000762939453,30.579999923706055,17.020000457763672,28.959999084472656,174.0,1115.0,41.439998626708984,22.280000686645508,2.6266660690307617,8.3100004196167,342.5,1764.0,73.5999984741211,242.89999389648438,7.186666011810303,5.789999961853027,68.80000305175781,14.279999732971191,21.8799991607666,10.510000228881836,20.200000762939453,17.600000381469727,12.670000076293945,13.859999656677246,155.0,22.799999237060547,80.19999694824219,51.79999923706055,26.0,45.040000915527344,234.1999969482422,272.0,203.8000030517578,97.69999694824219,290.0,26.920000076293945,72.94999694824219,79.55000305175781,87.3499984741211,8.25,55.0,566.5,9.829999923706055,2.950000047683716,195.39999389648438,8.4399995803833,28.81999969482422,110.5,64.5,2.022953987121582,13.023809432983398,11.479999542236328,10970.400390625
2025-11-06,14.84000015258789,13.3100004196167,26.459999084472656,27.920000076293945,244.6999969482422,8.09000015258789,84.4000015258789,45.7400016784668,58.45000076293945,112.0999984741211,27.860000610351562,3.259999990463257,187.39999389648438,134.10000610351562,57.54999923706055,19.770000457763672,201.6999969482422,33.65999984741211,43.02000045776367,14.390000343322754,170.3000030517578,275.75,6.829999923706055,90.5,8.09000015258789,488.25,6.599999904632568,2.680000066757202,55.400001525878906,28.920000076293945,45.380001068115234,1609.0,40.0,70.05000305175781,3.387500047683716,4.964111804962158,181.0,17.5,54.29999923706055,110.4000015258789,3.4200000762939453,193.10000610351562,9.65999984741211,77.9000015258789,77.55000305175781,5.0287580490112305,26.520000457763672,3.4700000286102295,364.5,3.0999999046325684,78.0999984741211,348.75,10.350000381469727,4.739999771118164,309.25,25.079999923706055,48.720001220703125,2.690000057220459,8.6899995803833,440.0,310.0,10.680000305175781,255.25,38.2599983215332,20.959999084472656,176.3000030517578,7.0,33.0,60.0,5147.5,16.940000534057617,8.649999618530273,2.6700000762939453,30.459999084472656,16.889999389648438,28.760000228881836,171.60000610351562,1140.0,41.119998931884766,22.079999923706055,2.606666088104248,8.180000305175781,343.5,1766.0,73.69999694824219,243.8000030517578,7.156665802001953,5.909999847412109,65.80000305175781,14.079999923706055,22.0,10.529999732971191,19.989999771118164,17.31999969482422,12.510000228881836,13.630000114440918,160.0,22.219999313354492,82.5,51.849998474121094,25.979999542236328,48.099998474121094,235.39999389648438,273.0,201.0,102.0,292.5,27.31999969482422,72.6500015258789,80.5999984741211,87.3499984741211,8.630000114440918,55.400001525878906,562.5,9.989999771118164,3.0299999713897705,198.1999969482422,8.399999618530273,28.760000228881836,114.5999984741211,65.19999694824219,2.0072720050811768,12.785714149475098,11.569999694824219,11073.2998046875
2025-11-07,14.430000305175781,13.050000190734863,26.799999237060547,27.81999969482422,232.10000610351562,7.869999885559082,83.5,44.18000030517578,63.04999923706055,108.30000305175781,27.15999984741211,3.109999895095825,185.10000610351562,134.5,56.400001525878906,19.299999237060547,203.0,32.459999084472656,42.939998626708984,14.5,166.89999389648438,278.0,6.800000190734863,90.05000305175781,8.09000015258789,512.0,6.449999809265137,2.7100000381469727,55.0,27.579999923706055,44.65999984741211,1584.0,39.5,69.1500015258789,3.200000047683716,4.913457870483398,179.3000030517578,17.329999923706055,53.349998474121094,101.69999694824219,3.4200000762939453,191.89999389648438,9.40999984741211,77.30000305175781,77.9000015258789,4.793368816375732,26.1200008392334,3.5199999809265137,356.0,3.0,83.0999984741211,346.75,10.220000267028809,4.670000076293945,302.0,24.579999923706055,47.97999954223633,2.680000066757202,8.479999542236328,434.25,294.5,10.34000015258789,229.8000030517578,37.70000076293945,20.65999984741211,171.8000030517578,6.809999942779541,32.29999923706055,59.79999923706055,5062.5,16.6299991607666,8.180000305175781,2.619999885559082,30.100000381469727,16.5,28.299999237060547,171.0,1089.0,41.29999923706055,22.780000686645508,2.553333044052124,7.900000095367432,342.0,1727.0,72.0,235.10000610351562,7.106666088104248,5.75,62.400001525878906,13.989999771118164,21.979999542236328,10.630000114440918,21.200000762939453,17.049999237060547,12.350000381469727,13.680000305175781,160.6999969482422,21.799999237060547,79.69999694824219,52.54999923706055,25.780000686645508,47.63999938964844,234.3000030517578,268.25,203.8000030517578,96.9000015258789,289.5,28.399999618530273,74.0999984741211,79.0999984741211,90.75,9.489999771118164,55.79999923706055,556.0,9.710000038146973,2.950000047683716,198.0,8.220000267028809,28.579999923706055,114.5999984741211,64.8499984741211,1.9602270126342773,12.547618865966797,11.300000190734863,10924.5
2025-11-10,14.210000038146973,13.119999885559082,26.34000015258789,27.6200008392334,229.0,7.670000076293945,85.94999694824219,43.02000045776367,61.0,107.30000305175781,27.18000030517578,3.059999942779541,186.39999389648438,147.89999389648438,55.5,18.899999618530273,198.5,32.58000183105469,42.7599983215332,14.6899995803833,163.60000610351562,273.0,6.5,89.69999694824219,8.029999732971191,539.0,6.380000114440918,2.5999999046325684,54.849998474121094,27.280000686645508,44.279998779296875,1557.0,38.060001373291016,64.30000305175781,3.1624999046325684,4.885828018188477,178.6999969482422,17.25,53.150001525878906,104.0999984741211,3.369999885559082,193.0,9.600000381469727,76.25,76.25,4.797648906707764,25.239999771118164,3.3499999046325684,358.0,2.990000009536743,84.1500015258789,345.25,10.0600004196167,4.679999828338623,306.75,25.219999313354492,49.91999816894531,2.5799999237060547,8.25,430.5,291.5,9.9399995803833,238.0,37.20000076293945,20.739999771118164,166.89999389648438,6.599999904632568,32.0,58.75,5022.5,16.489999771118164,8.039999961853027,2.630000114440918,29.559999465942383,16.59000015258789,28.459999084472656,172.0,1060.0,40.84000015258789,23.780000686645508,2.666666030883789,7.739999771118164,340.0,1725.0,68.30000305175781,231.60000610351562,7.373332977294922,5.619999885559082,59.5,13.65999984741211,22.200000762939453,10.470000267028809,20.040000915527344,16.93000030517578,12.079999923706055,13.800000190734863,162.39999389648438,22.299999237060547,77.75,53.349998474121094,25.68000030517578,48.279998779296875,233.39999389648438,261.5,183.5,96.44999694824219,278.25,28.540000915527344,73.05000305175781,79.19999694824219,90.25,8.550000190734863,57.150001525878906,545.5,9.40999984741211,2.9100000858306885,196.60000610351562,8.239999771118164,27.940000534057617,111.0999984741211,61.70000076293945,1.9523860216140747,12.714284896850586,11.260000228881836,10789.0
2025-11-11,14.109999656677246,12.869999885559082,26.3799991607666,27.440000534057617,223.1999969482422,7.449999809265137,87.4000015258789,41.560001373291016,59.5,104.5,26.18000030517578,2.990000009536743,181.39999389648438,162.60000610351562,54.75,18.299999237060547,198.8000030517578,29.34000015258789,42.060001373291016,13.229999542236328,159.5,277.5,6.460000038146973,90.30000305175781,8.0,536.0,6.150000095367432,2.3399999141693115,54.70000076293945,26.540000915527344,42.70000076293945,1646.0,37.31999969482422,62.45000076293945,3.375,4.807544231414795,181.6999969482422,17.290000915527344,54.099998474121094,105.0,3.25,191.0,9.420000076293945,76.3499984741211,73.5,4.510901927947998,24.479999542236328,3.1700000762939453,331.5,2.8399999141693115,79.44999694824219,328.0,9.699999809265137,4.420000076293945,301.25,24.200000762939453,47.619998931884766,2.5,7.809999942779541,418.0,277.0,10.0600004196167,226.0,35.97999954223633,20.18000030517578,163.6999969482422,6.440000057220459,31.700000762939453,59.0,5135.0,15.8100004196167,7.820000171661377,2.5899999141693115,28.719999313354492,16.219999313354492,28.799999237060547,166.60000610351562,1038.0,40.84000015258789,22.739999771118164,2.7733330726623535,7.599999904632568,331.75,1677.0,64.6500015258789,226.0,6.860000133514404,5.309999942779541,57.5,13.229999542236328,21.5,10.220000267028809,19.3700008392334,16.5,11.729999542236328,13.300000190734863,159.5,22.239999771118164,75.80000305175781,53.54999923706055,24.6200008392334,46.720001220703125,227.89999389648438,261.0,172.0,94.4000015258789,273.0,28.18000030517578,71.80000305175781,76.3499984741211,88.30000305175781,7.699999809265137,56.25,544.0,9.109999656677246,2.8299999237060547,192.39999389648438,8.65999984741211,27.100000381469727,108.5999984741211,58.900001525878906,1.9915900230407715,12.297618865966797,10.640000343322754,10576.5
2025-11-12,14.350000381469727,13.050000190734863,26.5,26.84000015258789,224.89999389648438,7.590000152587891,87.55000305175781,41.560001373291016,58.54999923706055,103.5999984741211,25.65999984741211,2.890000104904175,183.60000610351562,159.60000610351562,53.95000076293945,18.739999771118164,196.89999389648438,28.6200008392334,42.41999816894531,12.920000076293945,156.60000610351562,280.75,6.429999828338623,89.0,7.909999847412109,489.25,6.289999961853027,2.2200000286102295,55.0,26.15999984741211,42.599998474121094,1641.0,36.720001220703125,62.900001525878906,3.375,4.830568790435791,180.8000030517578,17.020000457763672,53.400001525878906,103.5999984741211,3.2300000190734863,187.60000610351562,9.3100004196167,75.5,74.30000305175781,4.485223770141602,24.34000015258789,3.2899999618530273,328.0,2.809999942779541,75.75,328.0,9.529999732971191,4.400000095367432,319.25,24.0,46.7599983215332,2.5,7.639999866485596,404.0,255.0,9.819999694824219,217.3000030517578,35.459999084472656,20.100000381469727,165.0,6.440000057220459,31.200000762939453,58.25,4920.0,16.229999542236328,7.730000019073486,2.509999990463257,28.040000915527344,15.989999771118164,28.260000228881836,163.10000610351562,1023.0,40.380001068115234,21.940000534057617,2.733333110809326,7.369999885559082,329.5,1630.0,64.0,226.10000610351562,6.763332843780518,5.320000171661377,56.400001525878906,13.3100004196167,21.6200008392334,9.970000267028809,19.309999465942383,16.399999618530273,11.850000381469727,12.75,160.6999969482422,21.65999984741211,75.75,53.349998474121094,23.979999542236328,47.15999984741211,226.60000610351562,266.5,171.0,96.30000305175781,268.0,30.979999542236328,74.0,75.5,95.80000305175781,7.309999942779541,56.29999923706055,532.0,9.119999885559082,2.809999942779541,195.10000610351562,8.40999984741211,27.34000015258789,112.30000305175781,58.45000076293945,2.0072720050811768,12.14285659790039,10.609999656677246,10640.900390625
2025-11-13,14.319999694824219,13.010000228881836,26.299999237060547,26.15999984741211,224.6999969482422,7.53000020980835,89.55000305175781,41.0,57.599998474121094,104.5,27.940000534057617,3.069999933242798,177.8000030517578,150.0,52.849998474121094,18.299999237060547,198.8000030517578,28.559999465942383,41.5,13.069999694824219,156.3000030517578,275.75,6.440000057220459,88.1500015258789,7.800000190734863,494.75,6.369999885559082,2.440000057220459,54.70000076293945,25.079999923706055,44.58000183105469,1622.0,36.040000915527344,62.20000076293945,3.0899999141693115,4.76609992980957,182.8000030517578,17.290000915527344,52.900001525878906,100.4000015258789,3.2100000381469727,175.0,9.989999771118164,77.1500015258789,73.80000305175781,4.403907775878906,24.280000686645508,3.259999990463257,322.0,2.819999933242798,74.6500015258789,328.0,9.449999809265137,4.349999904632568,315.5,23.780000686645508,46.81999969482422,2.4700000286102295,7.670000076293945,410.75,258.5,9.760000228881836,212.0,35.400001525878906,20.079999923706055,165.0,6.460000038146973,31.579999923706055,57.849998474121094,4987.5,15.819999694824219,7.769999980926514,2.5299999713897705,28.0,16.020000457763672,28.68000030517578,159.39999389648438,1010.0,40.79999923706055,20.799999237060547,2.680000066757202,7.170000076293945,322.0,1628.0,62.400001525878906,237.60000610351562,6.686666011810303,5.349999904632568,56.599998474121094,13.640000343322754,22.040000915527344,10.279999732971191,21.239999771118164,16.520000457763672,11.5600004196167,12.40999984741211,160.0,21.15999984741211,75.8499984741211,51.599998474121094,23.6200008392334,46.060001373291016,224.0,266.5,168.5,95.5999984741211,271.0,32.70000076293945,80.0,73.55000305175781,98.80000305175781,7.409999847412109,57.0,524.0,9.170000076293945,2.759999990463257,197.6999969482422,8.369999885559082,27.260000228881836,113.9000015258789,57.70000076293945,2.0856809616088867,11.940476417541504,10.539999961853027,10628.599609375
2025-11-14,14.229999542236328,12.90999984741211,26.479999542236328,25.84000015258789,219.1999969482422,7.519999980926514,87.80000305175781,44.099998474121094,56.849998474121094,104.19999694824219,26.559999465942383,2.950000047683716,176.0,145.89999389648438,53.900001525878906,18.1200008392334,205.5,28.579999923706055,42.0,12.720000267028809,157.8000030517578,272.25,6.360000133514404,85.8499984741211,7.639999866485596,474.5,6.289999961853027,2.380000114440918,53.900001525878906,24.719999313354492,43.599998474121094,1584.0,35.91999816894531,62.29999923706055,2.8524999618530273,4.835174083709717,180.3000030517578,17.059999465942383,53.5,100.9000015258789,3.180000066757202,184.3000030517578,9.5,76.0,74.0,4.4424262046813965,23.899999618530273,3.1600000858306885,325.0,2.7699999809265137,77.25,319.5,9.460000038146973,4.349999904632568,314.25,23.479999542236328,46.65999984741211,2.4600000381469727,7.480000019073486,407.5,262.5,9.920000076293945,223.89999389648438,35.20000076293945,20.420000076293945,164.0,6.380000114440918,31.239999771118164,57.20000076293945,4945.0,15.149999618530273,7.809999942779541,2.5199999809265137,27.239999771118164,15.600000381469727,27.719999313354492,154.60000610351562,1003.0,40.779998779296875,20.540000915527344,2.6866660118103027,7.150000095367432,311.0,1614.0,61.29999923706055,228.5,6.559999942779541,5.239999771118164,55.849998474121094,13.4399995803833,21.540000915527344,10.390000343322754,20.899999618530273,16.739999771118164,11.430000305175781,12.260000228881836,154.0,21.0,75.19999694824219,48.68000030517578,22.979999542236328,45.29999923706055,223.0,254.5,167.60000610351562,93.1500015258789,269.0,33.7599983215332,75.55000305175781,74.44999694824219,96.8499984741211,7.650000095367432,56.400001525878906,526.0,9.039999961853027,2.6500000953674316,199.1999969482422,8.359999656677246,27.280000686645508,112.5,57.0,2.148408889770508,12.0,10.25,10565.7001953125
2025-11-17,14.479999542236328,13.050000190734863,26.540000915527344,26.860000610351562,223.89999389648438,7.550000190734863,88.25,48.5,59.650001525878906,105.9000015258789,28.540000915527344,3.049999952316284,188.3000030517578,160.39999389648438,53.70000076293945,18.700000762939453,209.1999969482422,29.15999984741211,43.08000183105469,12.850000381469727,160.1999969482422,270.0,6.539999961853027,86.9000015258789,7.849999904632568,480.5,6.309999942779541,2.2799999713897705,54.349998474121094,25.200000762939453,43.720001220703125,1685.0,36.5,63.70000076293945,2.859999895095825,4.885828018188477,183.60000610351562,17.100000381469727,54.45000076293945,101.5999984741211,3.259999990463257,185.0,9.75,76.1500015258789,73.80000305175781,4.669254779815674,24.0,3.2699999809265137,327.5,2.9100000858306885,78.6500015258789,330.0,9.680000305175781,4.539999961853027,328.0,23.799999237060547,48.900001525878906,2.5,7.550000190734863,414.75,277.75,10.140000343322754,211.89999389648438,35.540000915527344,20.420000076293945,167.8000030517578,6.5,31.600000381469727,57.900001525878906,4965.0,15.760000228881836,7.949999809265137,2.619999885559082,27.8799991607666,15.8100004196167,28.84000015258789,161.5,1015.0,41.5,20.239999771118164,2.680000066757202,7.380000114440918,311.0,1650.0,62.75,230.39999389648438,6.633333206176758,5.400000095367432,57.70000076293945,13.5,21.600000381469727,10.59000015258789,19.920000076293945,16.799999237060547,11.600000381469727,12.779999732971191,160.6999969482422,21.139999389648438,76.30000305175781,48.900001525878906,23.020000457763672,45.91999816894531,228.0,259.5,166.5,93.0999984741211,268.5,35.68000030517578,77.5999984741211,73.80000305175781,98.4000015258789,7.820000171661377,55.400001525878906,530.0,9.239999771118164,2.7300000190734863,201.6999969482422,8.529999732971191,27.700000762939453,114.0,58.70000076293945,2.171931028366089,12.190476417541504,10.609999656677246,10698.099609375
2025-11-18,14.699999809265137,13.010000228881836,26.81999969482422,27.040000915527344,220.1999969482422,7.46999979019165,92.0,45.08000183105469,60.849998474121094,104.5999984741211,29.0,3.0299999713897705,188.1999969482422,162.6999969482422,53.0,18.290000915527344,211.89999389648438,28.719999313354492,41.7400016784668,12.710000038146973,176.1999969482422,272.0,6.420000076293945,85.55000305175781,7.889999866485596,489.0,6.21999979019165,2.299999952316284,55.150001525878906,24.459999084472656,44.099998474121094,1671.0,36.29999923706055,62.75,2.877500057220459,4.86740779876709,185.5,17.139999389648438,53.79999923706055,100.19999694824219,3.2100000381469727,181.0,10.09000015258789,76.6500015258789,74.5999984741211,4.566539764404297,23.799999237060547,3.4000000953674316,337.5,2.9100000858306885,78.0,332.0,9.539999961853027,4.329999923706055,325.5,23.600000381469727,48.81999969482422,2.5899999141693115,7.519999980926514,406.5,281.0,9.920000076293945,209.39999389648438,35.08000183105469,19.899999618530273,168.39999389648438,6.559999942779541,30.979999542236328,57.75,4960.0,15.819999694824219,7.820000171661377,2.5899999141693115,27.280000686645508,15.9399995803833,28.280000686645508,164.10000610351562,1008.0,41.2400016784668,19.15999984741211,2.613332986831665,7.25,308.0,1730.0,63.650001525878906,227.0,6.559999942779541,5.320000171661377,57.400001525878906,13.680000305175781,21.420000076293945,10.520000457763672,19.600000381469727,16.969999313354492,11.489999771118164,12.640000343322754,159.0,20.600000381469727,76.19999694824219,48.08000183105469,23.5,44.880001068115234,232.3000030517578,254.5,165.3000030517578,94.0,267.5,37.20000076293945,82.55000305175781,73.19999694824219,101.5999984741211,7.539999961853027,55.150001525878906,531.5,9.210000038146973,2.6700000762939453,204.0,8.390000343322754,27.020000457763672,115.0,58.29999923706055,2.093522071838379,12.190476417541504,10.5600004196167,10728.599609375
2025-11-19,15.109999656677246,13.039999961853027,27.260000228881836,26.34000015258789,221.1999969482422,7.510000228881836,92.6500015258789,45.68000030517578,63.150001525878906,106.0999984741211,29.700000762939453,2.9800000190734863,184.3000030517578,173.89999389648438,53.650001525878906,19.280000686645508,215.0,28.639999389648438,41.5,12.579999923706055,169.10000610351562,276.25,6.409999847412109,87.4000015258789,7.840000152587891,484.5,6.230000019073486,2.2699999809265137,55.79999923706055,24.200000762939453,44.65999984741211,1711.0,37.5,62.75,3.0174999237060547,4.789124965667725,186.0,17.260000228881836,54.04999923706055,100.69999694824219,3.200000047683716,179.0,10.210000038146973,77.3499984741211,75.9000015258789,4.579379081726074,24.18000030517578,3.4200000762939453,333.5,2.869999885559082,76.05000305175781,331.0,9.699999809265137,4.400000095367432,336.75,23.540000915527344,48.720001220703125,2.4800000190734863,7.480000019073486,409.0,270.75,9.90999984741211,208.8000030517578,35.439998626708984,19.6200008392334,170.89999389648438,6.760000228881836,31.139999389648438,57.25,4955.0,15.510000228881836,7.829999923706055,2.549999952316284,27.260000228881836,15.949999809265137,28.68000030517578,168.0,1010.0,41.5,19.59000015258789,2.5666658878326416,7.730000019073486,314.75,1672.0,68.3499984741211,228.0,6.570000171661377,5.489999771118164,56.849998474121094,14.329999923706055,21.739999771118164,10.489999771118164,19.5,16.950000762939453,11.460000038146973,12.729999542236328,160.0,21.420000076293945,77.75,47.939998626708984,23.799999237060547,45.52000045776367,235.89999389648438,261.75,166.10000610351562,94.6500015258789,277.5,37.34000015258789,85.25,73.75,100.0,7.400000095367432,56.75,539.5,9.3100004196167,2.6700000762939453,206.5,8.3100004196167,26.84000015258789,115.0,58.45000076293945,2.101362943649292,12.071428298950195,10.649999618530273,10903.900390625
2025-11-20,15.029999732971191,13.140000343322754,27.34000015258789,26.979999542236328,223.5,7.480000019073486,93.8499984741211,44.599998474121094,65.6500015258789,106.9000015258789,30.0,2.990000009536743,184.8000030517578,163.3000030517578,53.95000076293945,19.149999618530273,217.60000610351562,30.420000076293945,41.779998779296875,12.65999984741211,169.8000030517578,275.75,6.539999961853027,85.4000015258789,7.699999809265137,481.0,6.210000038146973,2.240000009536743,56.0,24.81999969482422,45.20000076293945,1686.0,36.779998779296875,63.5,2.9549999237060547,4.8121490478515625,187.60000610351562,17.6299991607666,53.25,100.80000305175781,3.109999895095825,181.1999969482422,10.84000015258789,77.0,76.05000305175781,4.596498012542725,24.440000534057617,3.359999895095825,333.5,2.890000104904175,77.0999984741211,323.5,9.710000038146973,4.380000114440918,337.5,23.420000076293945,48.79999923706055,2.490000009536743,7.519999980926514,407.25,274.0,9.970000267028809,203.0,35.599998474121094,19.450000762939453,171.10000610351562,6.550000190734863,31.31999969482422,56.900001525878906,4960.0,15.149999618530273,8.0,2.5899999141693115,26.920000076293945,15.779999732971191,28.81999969482422,165.89999389648438,1027.0,41.08000183105469,19.200000762939453,2.5199999809265137,8.100000381469727,315.0,1673.0,66.5999984741211,228.60000610351562,6.539999961853027,5.449999809265137,59.150001525878906,14.109999656677246,22.020000457763672,10.369999885559082,19.920000076293945,17.15999984741211,11.1899995803833,12.680000305175781,166.5,20.299999237060547,79.3499984741211,45.84000015258789,23.540000915527344,45.52000045776367,238.0,268.25,166.39999389648438,96.69999694824219,276.25,39.86000061035156,84.3499984741211,73.0999984741211,102.5,7.320000171661377,57.20000076293945,538.5,9.229999542236328,2.6700000762939453,205.0,8.260000228881836,26.780000686645508,113.69999694824219,58.849998474121094,2.0621590614318848,11.9880952835083,10.539999961853027,10979.7001953125
2025-11-21,14.949999809265137,13.029999732971191,26.920000076293945,26.739999771118164,221.39999389648438,7.449999809265137,93.80000305175781,43.599998474121094,63.54999923706055,107.5,27.700000762939453,2.950000047683716,184.6999969482422,168.3000030517578,54.400001525878906,19.260000228881836,217.6999969482422,29.15999984741211,41.900001525878906,12.670000076293945,167.0,274.0,6.449999809265137,84.8499984741211,7.599999904632568,477.5,6.179999828338623,2.259999990463257,55.20000076293945,25.920000076293945,44.84000015258789,1653.0,36.20000076293945,63.04999923706055,2.922499895095825,4.747680187225342,185.6999969482422,17.15999984741211,53.599998474121094,99.0,3.1500000953674316,180.0,10.989999771118164,77.25,76.0,4.498063087463379,24.1200008392334,3.430000066757202,329.0,2.8399999141693115,76.6500015258789,311.25,9.609999656677246,4.340000152587891,333.75,23.059999465942383,48.119998931884766,2.440000057220459,7.510000228881836,409.25,282.5,10.0,197.3000030517578,35.34000015258789,19.489999771118164,170.5,6.46999979019165,31.079999923706055,56.29999923706055,4910.0,14.899999618530273,7.909999847412109,2.619999885559082,26.540000915527344,15.869999885559082,28.6200008392334,166.10000610351562,1011.0,42.36000061035156,18.399999618530273,2.5199999809265137,8.300000190734863,319.0,1648.0,65.30000305175781,226.10000610351562,6.496665954589844,5.590000152587891,58.70000076293945,13.979999542236328,21.68000030517578,10.529999732971191,20.579999923706055,17.059999465942383,11.130000114440918,12.420000076293945,167.6999969482422,20.31999969482422,79.4000015258789,45.459999084472656,23.639999389648438,45.52000045776367,237.89999389648438,273.75,166.3000030517578,94.69999694824219,273.0,40.0,81.6500015258789,73.05000305175781,102.5,7.329999923706055,56.79999923706055,525.5,9.220000267028809,2.690000057220459,201.39999389648438,8.029999732971191,26.84000015258789,112.4000015258789,57.95000076293945,2.0621590614318848,11.952380180358887,10.640000343322754,10922.900390625
2025-11-24,15.739999771118164,13.0,27.700000762939453,27.040000915527344,219.0,7.440000057220459,93.8499984741211,43.52000045776367,61.5,106.69999694824219,30.459999084472656,2.930000066757202,184.39999389648438,163.1999969482422,55.099998474121094,18.700000762939453,212.5,28.81999969482422,41.70000076293945,12.479999542236328,164.0,267.5,6.519999980926514,83.0,7.639999866485596,469.0,6.139999866485596,2.2899999618530273,55.150001525878906,25.200000762939453,45.02000045776367,1618.0,36.81999969482422,63.0,2.924999952316284,4.7154459953308105,184.60000610351562,17.059999465942383,53.75,96.6500015258789,3.1500000953674316,178.39999389648438,11.300000190734863,78.94999694824219,78.19999694824219,4.510901927947998,23.940000534057617,3.390000104904175,321.0,2.8399999141693115,76.3499984741211,315.0,9.75,4.349999904632568,329.25,22.81999969482422,48.18000030517578,2.430000066757202,7.489999771118164,402.5,273.5,10.050000190734863,205.3000030517578,35.08000183105469,19.420000076293945,168.0,6.409999847412109,31.100000381469727,56.650001525878906,4872.5,14.699999809265137,8.029999732971191,2.630000114440918,26.200000762939453,15.930000305175781,28.700000762939453,161.1999969482422,988.5,42.29999923706055,18.299999237060547,2.5066659450531006,8.630000114440918,322.0,1626.0,66.0,222.3000030517578,6.546666145324707,5.570000171661377,60.20000076293945,13.8100004196167,21.959999084472656,10.460000038146973,20.440000534057617,16.979999542236328,11.170000076293945,12.40999984741211,163.8000030517578,21.239999771118164,80.19999694824219,44.400001525878906,23.0,44.86000061035156,228.5,271.25,165.0,94.4000015258789,270.25,40.0,81.6500015258789,72.80000305175781,102.5,7.409999847412109,56.099998474121094,521.5,9.140000343322754,2.690000057220459,195.0,7.889999866485596,26.799999237060547,111.19999694824219,57.75,2.0778400897979736,11.84761905670166,10.359999656677246,10888.0
2025-11-25,16.0,12.930000305175781,28.719999313354492,28.260000228881836,212.0,7.380000114440918,94.0999984741211,43.0,59.95000076293945,106.0,31.3799991607666,2.869999885559082,180.10000610351562,157.1999969482422,54.150001525878906,18.469999313354492,209.0,27.600000381469727,41.099998474121094,12.140000343322754,160.6999969482422,268.25,6.489999771118164,81.05000305175781,7.519999980926514,455.25,6.059999942779541,2.2200000286102295,53.54999923706055,24.5,45.52000045776367,1608.0,36.119998931884766,61.54999923706055,2.987499952316284,4.697025775909424,184.89999389648438,17.18000030517578,53.20000076293945,94.80000305175781,3.0999999046325684,175.0,11.350000381469727,77.9000015258789,77.4000015258789,4.493782997131348,23.8799991607666,3.2200000286102295,315.5,2.8299999237060547,73.80000305175781,310.0,9.579999923706055,4.289999961853027,319.5,22.780000686645508,46.79999923706055,2.369999885559082,7.25,391.25,267.0,9.8100004196167,197.0,35.29999923706055,19.1200008392334,167.8000030517578,6.199999809265137,30.6200008392334,55.25,4797.5,13.800000190734863,7.769999980926514,2.559999942779541,24.8799991607666,15.850000381469727,28.020000457763672,156.39999389648438,959.5,41.900001525878906,18.31999969482422,2.433332920074463,8.119999885559082,322.0,1607.0,62.70000076293945,228.5,6.460000038146973,5.409999847412109,63.849998474121094,13.579999923706055,22.18000030517578,10.25,20.459999084472656,16.940000534057617,10.899999618530273,12.210000038146973,160.0,20.639999389648438,81.19999694824219,43.220001220703125,22.899999618530273,45.220001220703125,222.60000610351562,271.0,162.6999969482422,94.0,273.25,37.880001068115234,74.8499984741211,71.9000015258789,96.44999694824219,7.599999904632568,55.54999923706055,518.0,8.949999809265137,2.640000104904175,190.0,7.679999828338623,26.059999465942383,110.9000015258789,56.70000076293945,2.0856809616088867,11.628570556640625,10.289999961853027,10857.2001953125
2025-11-26,15.9399995803833,12.949999809265137,28.459999084472656,26.399999618530273,212.0,7.409999847412109,95.25,42.0,60.599998474121094,105.5,31.200000762939453,2.809999942779541,184.10000610351562,154.0,54.150001525878906,18.700000762939453,210.10000610351562,27.219999313354492,41.0,12.170000076293945,160.0,272.5,6.420000076293945,80.94999694824219,7.349999904632568,451.5,6.130000114440918,2.140000104904175,53.20000076293945,24.440000534057617,46.15999984741211,1609.0,35.0,60.400001525878906,2.940000057220459,4.551970958709717,182.1999969482422,17.200000762939453,54.70000076293945,96.0,3.0799999237060547,173.0,10.390000343322754,77.9000015258789,77.1500015258789,4.382509231567383,24.0,3.180000066757202,312.0,2.7300000190734863,75.25,311.0,9.5,4.269999980926514,330.25,22.280000686645508,47.459999084472656,2.319999933242798,7.239999771118164,390.75,266.5,9.430000305175781,206.0,35.119998931884766,18.979999542236328,168.0,6.190000057220459,30.81999969482422,54.5,4762.5,13.630000114440918,7.659999847412109,2.5299999713897705,25.0,15.199999809265137,27.899999618530273,155.10000610351562,934.0,43.20000076293945,17.68000030517578,2.3933329582214355,7.78000020980835,328.0,1612.0,61.25,228.39999389648438,6.586666107177734,5.340000152587891,59.0,13.399999618530273,23.020000457763672,10.119999885559082,19.770000457763672,16.90999984741211,10.710000038146973,13.430000305175781,145.0,20.420000076293945,81.55000305175781,42.7400016784668,22.600000381469727,46.5,223.60000610351562,271.75,162.3000030517578,94.0999984741211,274.25,37.84000015258789,76.94999694824219,71.44999694824219,100.4000015258789,7.360000133514404,55.849998474121094,515.0,8.960000038146973,2.609999895095825,193.0,7.690000057220459,25.979999542236328,111.5,56.650001525878906,2.0778400897979736,11.414284706115723,10.140000343322754,10914.7001953125
2025-11-27,16.280000686645508,13.039999961853027,28.899999618530273,26.6200008392334,207.5,7.46999979019165,95.30000305175781,41.79999923706055,60.5,105.80000305175781,30.100000381469727,2.8299999237060547,184.5,152.39999389648438,53.75,18.3799991607666,211.10000610351562,26.979999542236328,41.0,12.15999984741211,157.5,271.75,6.409999847412109,80.94999694824219,7.230000019073486,447.5,6.150000095367432,2.1600000858306885,53.20000076293945,24.760000228881836,45.880001068115234,1597.0,34.02000045776367,60.25,2.9124999046325684,4.872013092041016,182.3000030517578,17.190000534057617,54.849998474121094,95.19999694824219,3.049999952316284,173.0,10.029999732971191,80.44999694824219,79.25,4.421027183532715,23.8799991607666,3.2100000381469727,310.5,2.690000057220459,74.5999984741211,306.75,9.300000190734863,4.320000171661377,320.5,22.8799991607666,47.220001220703125,2.3299999237060547,7.300000190734863,388.75,266.25,9.40999984741211,205.1999969482422,35.220001220703125,19.020000457763672,169.60000610351562,6.210000038146973,30.600000381469727,53.75,4767.5,13.609999656677246,7.619999885559082,2.4700000286102295,25.700000762939453,15.0600004196167,27.700000762939453,154.5,915.5,42.58000183105469,17.65999984741211,2.4000000953674316,7.559999942779541,330.75,1610.0,60.099998474121094,225.6999969482422,6.9466657638549805,5.380000114440918,59.25,13.489999771118164,23.360000610351562,10.100000381469727,19.229999542236328,16.850000381469727,10.65999984741211,14.760000228881836,142.0,20.520000457763672,81.9000015258789,43.7400016784668,22.219999313354492,46.65999984741211,218.5,280.0,160.6999969482422,94.5999984741211,272.5,37.63999938964844,80.44999694824219,72.80000305175781,101.5999984741211,7.409999847412109,56.099998474121094,513.0,9.069999694824219,2.569999933242798,194.1999969482422,7.619999885559082,26.18000030517578,111.80000305175781,56.599998474121094,2.0778400897979736,11.457141876220703,10.069999694824219,10945.5
2025-11-28,15.789999961853027,13.020000457763672,27.920000076293945,25.65999984741211,199.89999389648438,7.380000114440918,93.80000305175781,43.15999984741211,59.5,105.69999694824219,32.36000061035156,2.809999942779541,183.39999389648438,149.60000610351562,54.29999923706055,18.350000381469727,210.0,27.0,40.70000076293945,12.100000381469727,157.39999389648438,268.5,6.309999942779541,80.5,7.25,442.75,6.150000095367432,2.109999895095825,51.400001525878906,24.479999542236328,45.7599983215332,1585.0,34.70000076293945,59.25,3.0250000953674316,5.01016092300415,180.5,17.09000015258789,56.0,95.1500015258789,3.0299999713897705,173.6999969482422,10.029999732971191,80.1500015258789,79.4000015258789,4.378229141235352,23.860000610351562,3.180000066757202,312.25,2.680000066757202,76.5999984741211,310.0,9.229999542236328,4.289999961853027,312.75,22.920000076293945,46.86000061035156,2.309999942779541,7.230000019073486,386.0,267.5,9.239999771118164,212.0,35.220001220703125,19.020000457763672,168.39999389648438,6.150000095367432,30.459999084472656,52.900001525878906,4742.5,13.550000190734863,7.429999828338623,2.440000057220459,25.360000610351562,14.770000457763672,27.899999618530273,152.60000610351562,910.0,41.79999923706055,17.6200008392334,2.359999895095825,7.570000171661377,330.0,1583.0,58.79999923706055,227.10000610351562,7.6366658210754395,5.25,56.849998474121094,13.399999618530273,23.079999923706055,10.0600004196167,18.950000762939453,17.0,10.779999732971191,13.739999771118164,141.89999389648438,20.100000381469727,81.9000015258789,43.720001220703125,21.84000015258789,46.0,215.89999389648438,278.0,160.0,93.55000305175781,272.75,34.939998626708984,74.9000015258789,72.5999984741211,94.5999984741211,7.25,55.75,512.0,8.899999618530273,2.5399999618530273,194.8000030517578,7.570000171661377,25.799999237060547,110.80000305175781,56.54999923706055,2.030795097351074,11.433333396911621,10.010000228881836,10898.7001953125
2025-12-01,16.190000534057617,13.239999771118164,28.5,25.579999923706055,208.0,7.599999904632568,92.9000015258789,44.220001220703125,61.25,109.19999694824219,32.040000915527344,2.940000057220459,187.1999969482422,148.1999969482422,55.400001525878906,18.93000030517578,212.0,27.760000228881836,41.099998474121094,12.25,161.6999969482422,272.5,6.389999866485596,82.5,7.260000228881836,460.0,6.269999980926514,2.1500000953674316,52.95000076293945,25.920000076293945,47.7599983215332,1599.0,35.58000183105469,60.29999923706055,3.0850000381469727,4.982532024383545,186.1999969482422,17.59000015258789,56.5,98.4000015258789,3.059999942779541,177.0,10.020000457763672,82.5,79.25,4.408186912536621,23.979999542236328,3.240000009536743,327.0,2.740000009536743,80.4000015258789,312.75,9.5,4.400000095367432,305.0,23.020000457763672,46.34000015258789,2.3399999141693115,7.309999942779541,390.0,270.0,9.350000381469727,233.1999969482422,35.91999816894531,19.350000381469727,173.3000030517578,6.480000019073486,30.6200008392334,53.54999923706055,4780.0,13.649999618530273,7.519999980926514,2.4600000381469727,25.459999084472656,14.579999923706055,28.520000457763672,155.89999389648438,914.5,41.91999816894531,17.239999771118164,2.4000000953674316,8.140000343322754,324.25,1600.0,60.849998474121094,235.39999389648438,7.360000133514404,5.369999885559082,56.70000076293945,13.739999771118164,24.079999923706055,9.970000267028809,18.90999984741211,17.3799991607666,11.029999732971191,13.180000305175781,139.8000030517578,20.280000686645508,85.0999984741211,42.58000183105469,22.5,47.0,217.5,286.5,163.3000030517578,95.8499984741211,276.5,34.400001525878906,74.1500015258789,76.30000305175781,94.0,7.380000114440918,57.349998474121094,519.0,8.930000305175781,2.609999895095825,199.0,7.71999979019165,27.0,112.30000305175781,57.400001525878906,2.101362943649292,11.680952072143555,10.109999656677246,11116.5
2025-12-02,15.949999809265137,13.199999809265137,28.600000381469727,26.200000762939453,204.8000030517578,7.480000019073486,93.69999694824219,44.0,61.45000076293945,108.5999984741211,33.52000045776367,2.9200000762939453,187.6999969482422,148.0,56.0,19.030000686645508,211.0,27.459999084472656,41.0,12.350000381469727,160.8000030517578,274.75,6.440000057220459,82.75,7.28000020980835,486.0,6.269999980926514,2.1600000858306885,52.5,26.799999237060547,48.20000076293945,1597.0,35.599998474121094,60.900001525878906,2.9749999046325684,4.853593826293945,190.10000610351562,17.610000610351562,56.349998474121094,98.5,3.0399999618530273,169.8000030517578,10.520000457763672,82.19999694824219,79.6500015258789,4.506622791290283,23.920000076293945,3.2100000381469727,319.0,2.7699999809265137,83.69999694824219,306.0,9.670000076293945,4.570000171661377,306.0,23.239999771118164,46.20000076293945,2.2300000190734863,7.289999961853027,397.0,269.75,9.5,256.5,36.099998474121094,19.209999084472656,173.89999389648438,6.460000038146973,30.860000610351562,55.400001525878906,4782.5,13.899999618530273,8.270000457763672,2.4800000190734863,25.299999237060547,14.550000190734863,28.84000015258789,156.39999389648438,925.0,42.2599983215332,17.25,2.4200000762939453,8.140000343322754,325.0,1608.0,62.400001525878906,231.60000610351562,7.619999885559082,5.369999885559082,55.25,13.390000343322754,24.040000915527344,9.979999542236328,19.200000762939453,17.700000762939453,10.979999542236328,12.970000267028809,138.0,20.920000076293945,84.8499984741211,42.29999923706055,21.979999542236328,47.15999984741211,220.89999389648438,281.0,163.8000030517578,97.25,279.0,35.2599983215332,75.55000305175781,75.1500015258789,95.5,7.340000152587891,57.45000076293945,527.5,5.180381774902344,2.5999999046325684,198.0,7.630000114440918,27.399999618530273,113.19999694824219,57.599998474121094,2.1248860359191895,11.604761123657227,10.119999885559082,11123.5
2025-12-03,15.770000457763672,13.199999809265137,28.219999313354492,25.639999389648438,205.89999389648438,7.630000114440918,94.75,43.5,62.20000076293945,106.80000305175781,33.720001220703125,2.990000009536743,185.89999389648438,152.10000610351562,55.70000076293945,19.440000534057617,212.0,27.200000762939453,41.060001373291016,12.4399995803833,159.89999389648438,264.75,6.389999866485596,81.8499984741211,7.25,477.5,6.269999980926514,2.1500000953674316,51.849998474121094,27.899999618530273,48.86000061035156,1589.0,35.599998474121094,60.599998474121094,3.0,4.81675386428833,184.60000610351562,17.600000381469727,55.900001525878906,98.1500015258789,3.0299999713897705,174.3000030517578,10.359999656677246,82.0999984741211,80.19999694824219,4.455265045166016,23.899999618530273,3.130000114440918,331.75,2.7799999713897705,80.44999694824219,308.5,9.779999732971191,4.789999961853027,304.5,23.34000015258789,44.400001525878906,2.200000047683716,7.289999961853027,397.0,267.5,9.479999542236328,282.0,36.099998474121094,19.510000228881836,173.10000610351562,6.5,30.579999923706055,55.349998474121094,4755.0,13.729999542236328,7.800000190734863,2.619999885559082,25.719999313354492,14.5,28.84000015258789,154.6999969482422,941.0,43.5,16.989999771118164,2.4200000762939453,7.960000038146973,320.75,1594.0,62.25,230.5,7.5,5.429999828338623,59.0,13.319999694824219,24.739999771118164,9.779999732971191,19.239999771118164,17.290000915527344,11.0,13.010000228881836,139.39999389648438,20.540000915527344,85.6500015258789,42.18000030517578,22.1200008392334,47.63999938964844,220.1999969482422,279.5,163.0,97.75,275.5,35.41999816894531,74.8499984741211,75.0999984741211,94.55000305175781,7.349999904632568,57.54999923706055,518.5,5.063907146453857,2.549999952316284,196.6999969482422,7.639999866485596,27.299999237060547,112.69999694824219,57.20000076293945,2.1248860359191895,11.728570938110352,10.130000114440918,11036.7998046875
2025-12-04,15.640000343322754,12.979999542236328,28.020000457763672,25.219999313354492,203.39999389648438,7.449999809265137,95.25,43.0,62.0,104.5,36.400001525878906,2.9600000381469727,185.10000610351562,159.60000610351562,55.70000076293945,19.829999923706055,209.0,26.799999237060547,41.220001220703125,12.4399995803833,158.6999969482422,264.25,6.369999885559082,80.5,7.329999923706055,508.5,6.269999980926514,2.0899999141693115,51.04999923706055,26.81999969482422,47.5,1569.0,35.0,60.25,3.0824999809265137,4.697025775909424,184.39999389648438,17.549999237060547,55.75,95.9000015258789,3.0199999809265137,170.10000610351562,10.100000381469727,81.69999694824219,80.05000305175781,4.403907775878906,23.780000686645508,3.0899999141693115,325.25,2.7300000190734863,81.4000015258789,311.25,9.800000190734863,4.679999828338623,306.0,23.200000762939453,43.08000183105469,2.180000066757202,7.199999809265137,405.0,264.25,9.479999542236328,296.5,35.599998474121094,19.350000381469727,169.3000030517578,6.400000095367432,30.020000457763672,57.0,4730.0,13.640000343322754,7.789999961853027,2.4800000190734863,25.260000228881836,14.720000267028809,27.940000534057617,156.0,1035.0,42.86000061035156,16.799999237060547,2.366666078567505,8.199999809265137,322.75,1582.0,62.5,227.60000610351562,8.079999923706055,5.289999961853027,56.599998474121094,13.140000343322754,24.459999084472656,9.869999885559082,19.760000228881836,17.139999389648438,10.729999542236328,12.800000190734863,138.60000610351562,21.100000381469727,82.6500015258789,42.18000030517578,21.5,48.0,219.1999969482422,284.75,165.8000030517578,97.1500015258789,270.0,38.959999084472656,79.5999984741211,72.94999694824219,97.0999984741211,7.260000228881836,56.150001525878906,520.0,5.252486228942871,2.5299999713897705,197.0,7.599999904632568,27.639999389648438,111.19999694824219,56.400001525878906,2.093522071838379,11.652379989624023,10.0,10918.5
2025-12-05,15.6899995803833,13.130000114440918,28.1200008392334,25.6200008392334,208.10000610351562,7.420000076293945,98.5999984741211,43.2599983215332,61.0,105.69999694824219,36.58000183105469,3.25,188.1999969482422,153.60000610351562,54.650001525878906,20.139999389648438,210.0,26.959999084472656,41.220001220703125,12.520000457763672,160.0,257.25,6.349999904632568,80.5999984741211,7.579999923706055,492.75,6.440000057220459,2.109999895095825,51.0,26.440000534057617,48.15999984741211,1589.0,35.040000915527344,61.0,3.047499895095825,4.70163106918335,187.6999969482422,17.709999084472656,55.54999923706055,96.9000015258789,3.0,171.3000030517578,10.470000267028809,84.5,79.75,4.365388870239258,23.799999237060547,3.069999933242798,333.0,2.7699999809265137,81.0,328.75,9.800000190734863,4.699999809265137,315.5,23.360000610351562,43.400001525878906,2.2100000381469727,7.239999771118164,410.75,268.0,9.460000038146973,297.0,35.68000030517578,19.5,170.3000030517578,6.550000190734863,30.18000030517578,56.20000076293945,4732.5,13.529999732971191,7.760000228881836,2.509999990463257,25.5,14.819999694824219,28.059999465942383,154.6999969482422,1030.0,43.20000076293945,17.549999237060547,2.3333330154418945,8.569999694824219,326.0,1593.0,61.70000076293945,233.10000610351562,8.15999984741211,5.300000190734863,56.599998474121094,13.140000343322754,24.799999237060547,9.920000076293945,19.260000228881836,17.170000076293945,10.819999694824219,13.149999618530273,140.10000610351562,21.5,84.44999694824219,41.779998779296875,21.5,48.34000015258789,218.8000030517578,283.5,166.6999969482422,98.0,270.25,40.47999954223633,80.44999694824219,73.0,99.1500015258789,7.349999904632568,55.70000076293945,530.5,4.997348785400391,2.549999952316284,197.60000610351562,7.610000133514404,27.540000915527344,112.5999984741211,56.650001525878906,2.0778400897979736,11.780952453613281,10.140000343322754,11007.400390625
2025-12-08,15.850000381469727,13.430000305175781,28.65999984741211,25.540000915527344,201.89999389648438,7.420000076293945,98.30000305175781,44.040000915527344,61.849998474121094,108.30000305175781,35.959999084472656,3.1600000858306885,193.6999969482422,151.0,53.75,20.3799991607666,211.3000030517578,27.540000915527344,41.880001068115234,12.720000267028809,161.5,263.75,6.789999961853027,83.25,7.579999923706055,503.5,6.639999866485596,2.119999885559082,53.349998474121094,26.6200008392334,48.7400016784668,1604.0,35.540000915527344,62.04999923706055,3.0924999713897705,4.793728828430176,190.6999969482422,17.959999084472656,56.900001525878906,97.75,3.0399999618530273,171.60000610351562,10.460000038146973,84.94999694824219,81.0999984741211,4.395348072052002,24.15999984741211,3.109999895095825,337.5,2.759999990463257,81.19999694824219,346.0,9.819999694824219,4.800000190734863,326.0,23.479999542236328,45.70000076293945,2.240000009536743,7.25,409.0,272.5,9.520000457763672,306.0,36.08000183105469,19.8700008392334,172.60000610351562,6.800000190734863,30.719999313354492,56.0,4790.0,13.739999771118164,7.739999771118164,2.549999952316284,25.959999084472656,15.039999961853027,28.34000015258789,159.5,980.0,45.29999923706055,18.290000915527344,2.353332996368408,8.229999542236328,332.75,1592.0,62.04999923706055,234.6999969482422,7.900000095367432,5.389999866485596,59.04999923706055,13.520000457763672,25.65999984741211,9.920000076293945,19.43000030517578,17.610000610351562,11.3100004196167,13.0,137.3000030517578,21.940000534057617,85.6500015258789,41.68000030517578,21.700000762939453,49.63999938964844,219.0,285.0,164.3000030517578,100.80000305175781,272.25,41.439998626708984,80.19999694824219,73.5999984741211,100.0,7.349999904632568,56.5,528.0,5.019535064697266,2.5999999046325684,199.10000610351562,7.690000057220459,29.6200008392334,113.5,56.849998474121094,2.101362943649292,12.952380180358887,10.289999961853027,11189.5
2025-12-09,15.779999732971191,13.4399995803833,28.700000762939453,25.15999984741211,197.0,7.5,95.94999694824219,43.599998474121094,62.400001525878906,107.0,38.31999969482422,3.190000057220459,202.0,149.6999969482422,53.95000076293945,19.959999084472656,213.8000030517578,27.760000228881836,42.0,12.869999885559082,160.39999389648438,263.0,6.860000133514404,82.05000305175781,7.550000190734863,498.75,6.75,2.180000066757202,53.5,25.559999465942383,47.900001525878906,1592.0,35.439998626708984,61.29999923706055,3.130000114440918,4.770705223083496,187.6999969482422,18.06999969482422,57.400001525878906,97.4000015258789,3.0999999046325684,169.0,10.399999618530273,84.6500015258789,81.55000305175781,4.450984954833984,24.239999771118164,3.049999952316284,334.5,2.799999952316284,80.55000305175781,343.75,9.800000190734863,4.789999961853027,326.5,23.399999618530273,45.18000030517578,2.25,7.159999847412109,419.5,282.75,9.5,290.75,36.20000076293945,20.100000381469727,173.0,6.53000020980835,30.8799991607666,56.150001525878906,4727.5,13.569999694824219,7.710000038146973,2.619999885559082,25.8799991607666,15.899999618530273,28.260000228881836,165.0,937.5,46.880001068115234,18.040000915527344,2.3399999141693115,8.100000381469727,342.0,1591.0,62.04999923706055,229.39999389648438,7.679999828338623,5.460000038146973,59.75,13.40999984741211,25.139999389648438,10.140000343322754,19.229999542236328,17.40999984741211,11.380000114440918,13.0600004196167,139.6999969482422,21.700000762939453,86.44999694824219,42.13999938964844,21.520000457763672,49.68000030517578,221.5,290.0,164.10000610351562,101.69999694824219,271.5,40.400001525878906,83.25,73.44999694824219,100.4000015258789,7.239999771118164,56.70000076293945,525.5,5.269124984741211,2.609999895095825,197.5,7.650000095367432,30.040000915527344,117.9000015258789,57.20000076293945,2.101362943649292,14.2380952835083,10.260000228881836,11238.400390625
2025-12-10,15.890000343322754,13.5600004196167,28.739999771118164,24.8799991607666,196.1999969482422,7.510000228881836,95.0999984741211,43.29999923706055,62.54999923706055,106.80000305175781,36.720001220703125,3.319999933242798,205.8000030517578,146.1999969482422,53.5,19.809999465942383,214.3000030517578,27.260000228881836,41.79999923706055,12.710000038146973,159.1999969482422,266.5,6.789999961853027,81.1500015258789,7.46999979019165,491.25,6.75,2.130000114440918,55.29999923706055,25.700000762939453,48.0,1592.0,35.36000061035156,60.400001525878906,3.130000114440918,4.729259967803955,187.8000030517578,17.65999984741211,57.599998474121094,97.4000015258789,3.0399999618530273,169.0,10.300000190734863,83.8499984741211,80.80000305175781,4.493782997131348,24.139999389648438,3.0299999713897705,334.5,2.7799999713897705,81.9000015258789,326.0,9.699999809265137,4.730000019073486,325.0,23.15999984741211,44.52000045776367,2.240000009536743,7.199999809265137,418.0,278.0,9.329999923706055,283.0,35.959999084472656,20.18000030517578,172.5,6.440000057220459,31.139999389648438,59.0,4705.0,13.220000267028809,7.989999771118164,2.559999942779541,26.31999969482422,15.850000381469727,28.200000762939453,156.10000610351562,1031.0,46.08000183105469,17.34000015258789,2.319999933242798,8.4399995803833,340.5,1575.0,62.45000076293945,230.0,7.360000133514404,5.360000133514404,58.20000076293945,13.390000343322754,25.219999313354492,10.100000381469727,18.940000534057617,17.200000762939453,11.279999732971191,12.869999885559082,138.10000610351562,21.200000762939453,85.25,41.58000183105469,21.020000457763672,49.880001068115234,220.0,295.0,161.89999389648438,101.19999694824219,270.5,39.02000045776367,84.6500015258789,73.9000015258789,101.4000015258789,7.260000228881836,56.75,521.0,5.074999809265137,2.5799999237060547,198.0,7.639999866485596,30.799999237060547,115.0,56.75,2.0856809616088867,13.380951881408691,10.050000190734863,11193.900390625
2025-12-11,16.020000457763672,13.569999694824219,29.600000381469727,24.899999618530273,196.89999389648438,7.5,95.69999694824219,43.720001220703125,62.70000076293945,108.4000015258789,37.29999923706055,3.2300000190734863,204.89999389648438,142.5,53.25,19.559999465942383,212.5,27.34000015258789,42.099998474121094,12.609999656677246,159.6999969482422,277.0,6.570000171661377,81.44999694824219,7.539999961853027,495.75,6.75,2.2100000381469727,56.5,25.299999237060547,48.099998474121094,1592.0,35.02000045776367,62.29999923706055,3.440000057220459,4.784520149230957,190.8000030517578,17.649999618530273,58.5,98.5,3.0799999237060547,168.0,10.079999923706055,84.44999694824219,80.05000305175781,4.5494208335876465,24.3799991607666,3.119999885559082,337.25,2.880000114440918,80.4000015258789,323.5,10.260000228881836,4.75,331.75,23.65999984741211,43.84000015258789,2.2300000190734863,7.199999809265137,419.5,277.75,9.369999885559082,282.0,35.939998626708984,20.420000076293945,172.1999969482422,6.380000114440918,32.68000030517578,60.25,4675.0,13.520000457763672,7.849999904632568,2.569999933242798,26.5,16.139999389648438,28.559999465942383,160.1999969482422,997.0,45.619998931884766,17.520000457763672,2.426666021347046,8.420000076293945,350.0,1575.0,62.099998474121094,230.60000610351562,7.139999866485596,5.389999866485596,60.95000076293945,13.319999694824219,24.920000076293945,10.550000190734863,18.829999923706055,17.360000610351562,11.359999656677246,12.859999656677246,140.0,21.479999542236328,84.5,41.400001525878906,21.5,50.45000076293945,222.39999389648438,298.5,162.3000030517578,100.5,269.5,41.63999938964844,86.5,74.5999984741211,103.80000305175781,7.28000020980835,56.75,521.5,4.949999809265137,2.609999895095825,197.39999389648438,7.650000095367432,30.5,113.80000305175781,56.75,2.0621590614318848,13.857142448425293,10.119999885559082,11233.7001953125
2025-12-12,16.31999969482422,13.489999771118164,29.780000686645508,24.559999465942383,202.60000610351562,7.5,97.3499984741211,44.400001525878906,64.0,109.30000305175781,37.81999969482422,3.1500000953674316,204.0,140.1999969482422,53.900001525878906,19.8700008392334,214.8000030517578,27.399999618530273,42.279998779296875,12.670000076293945,159.89999389648438,278.5,6.53000020980835,83.8499984741211,7.679999828338623,503.0,6.900000095367432,2.2799999713897705,58.900001525878906,25.0,48.5,1614.0,35.040000915527344,61.650001525878906,3.450000047683716,4.821359157562256,193.10000610351562,17.950000762939453,58.04999923706055,99.0999984741211,3.0399999618530273,167.0,10.109999656677246,89.0,80.1500015258789,4.5836591720581055,24.559999465942383,3.069999933242798,323.5,2.8399999141693115,79.80000305175781,323.0,10.069999694824219,4.809999942779541,339.25,23.700000762939453,43.34000015258789,2.240000009536743,7.159999847412109,407.0,276.5,9.300000190734863,281.5,36.13999938964844,20.760000228881836,175.39999389648438,6.340000152587891,32.63999938964844,59.650001525878906,4670.0,12.960000038146973,7.880000114440918,2.5299999713897705,26.459999084472656,16.75,28.860000610351562,158.0,999.0,43.939998626708984,17.799999237060547,2.3866660594940186,8.180000305175781,360.0,1576.0,62.54999923706055,233.39999389648438,7.010000228881836,5.360000133514404,60.29999923706055,13.329999923706055,24.8799991607666,10.25,18.780000686645508,17.3799991607666,11.520000457763672,13.15999984741211,140.8000030517578,21.739999771118164,86.1500015258789,42.900001525878906,21.5,50.54999923706055,222.5,303.25,164.0,104.19999694824219,272.25,37.47999954223633,83.19999694824219,74.0999984741211,98.9000015258789,7.260000228881836,57.95000076293945,522.5,4.820000171661377,2.5799999237060547,197.60000610351562,7.579999923706055,29.399999618530273,115.80000305175781,57.349998474121094,2.0543179512023926,13.333333015441895,10.119999885559082,11311.2998046875
2025-12-15,16.709999084472656,13.4399995803833,30.100000381469727,24.520000457763672,201.5,7.630000114440918,99.8499984741211,45.2599983215332,64.0999984741211,109.69999694824219,38.63999938964844,3.3499999046325684,212.1999969482422,137.3000030517578,53.54999923706055,20.18000030517578,214.6999969482422,27.3799991607666,43.0,12.789999961853027,160.3000030517578,286.75,6.53000020980835,84.30000305175781,7.820000171661377,505.0,6.960000038146973,2.240000009536743,60.400001525878906,25.0,48.959999084472656,1618.0,34.900001525878906,62.0,3.4700000286102295,4.853593826293945,190.8000030517578,17.8799991607666,57.900001525878906,98.80000305175781,3.1500000953674316,167.3000030517578,9.970000267028809,88.55000305175781,81.25,4.600778102874756,24.860000610351562,3.069999933242798,324.75,2.890000104904175,81.0999984741211,320.5,10.020000457763672,4.800000190734863,340.5,23.860000610351562,42.63999938964844,2.2799999713897705,7.170000076293945,408.0,274.5,9.260000228881836,266.5,36.400001525878906,20.780000686645508,178.10000610351562,6.440000057220459,33.47999954223633,60.04999923706055,4697.5,12.5600004196167,8.079999923706055,2.549999952316284,29.100000381469727,16.639999389648438,29.399999618530273,160.5,976.5,43.91999816894531,17.489999771118164,2.380000114440918,8.270000457763672,363.5,1555.0,62.75,234.5,6.940000057220459,5.380000114440918,62.5,13.390000343322754,24.920000076293945,10.569999694824219,19.1299991607666,17.399999618530273,11.380000114440918,13.239999771118164,142.60000610351562,21.31999969482422,87.25,41.91999816894531,22.0,51.54999923706055,225.0,310.75,162.0,105.4000015258789,274.25,35.939998626708984,85.5,74.30000305175781,100.0,7.28000020980835,57.900001525878906,527.0,4.690000057220459,2.609999895095825,195.0,7.659999847412109,28.559999465942383,115.0999984741211,57.599998474121094,2.0856809616088867,12.797618865966797,10.239999771118164,11456.2998046875
2025-12-16,16.729999542236328,13.390000343322754,29.84000015258789,23.81999969482422,196.89999389648438,7.53000020980835,98.75,44.52000045776367,62.04999923706055,107.9000015258789,37.900001525878906,3.3399999141693115,209.3000030517578,134.89999389648438,54.0,19.75,210.0,27.020000457763672,43.0,12.479999542236328,160.3000030517578,283.25,6.460000038146973,83.94999694824219,7.75,495.0,6.909999847412109,2.200000047683716,60.70000076293945,25.079999923706055,49.02000045776367,1591.0,34.560001373291016,61.0,3.740000009536743,4.802938938140869,188.0,17.850000381469727,56.45000076293945,100.30000305175781,3.119999885559082,168.8000030517578,9.699999809265137,88.55000305175781,80.75,4.575098991394043,24.5,3.1700000762939453,322.0,2.8499999046325684,79.5,318.5,9.84000015258789,4.699999809265137,336.25,23.860000610351562,42.279998779296875,2.25,7.070000171661377,427.0,271.75,9.109999656677246,265.5,36.119998931884766,21.040000915527344,175.8000030517578,6.269999980926514,33.79999923706055,59.29999923706055,4685.0,12.710000038146973,8.010000228881836,2.5299999713897705,28.700000762939453,17.049999237060547,28.799999237060547,158.1999969482422,965.0,39.540000915527344,17.8799991607666,2.366666078567505,8.550000190734863,360.0,1560.0,61.45000076293945,231.5,6.960000038146973,5.300000190734863,64.8499984741211,13.279999732971191,24.799999237060547,10.100000381469727,19.940000534057617,16.989999771118164,11.430000305175781,13.050000190734863,145.3000030517578,20.760000228881836,85.6500015258789,41.439998626708984,22.299999237060547,51.29999923706055,226.0,300.75,161.10000610351562,101.80000305175781,273.25,37.5,84.19999694824219,74.5,99.5,7.260000228881836,55.70000076293945,523.5,4.730000019073486,2.569999933242798,186.6999969482422,7.579999923706055,28.84000015258789,112.69999694824219,56.54999923706055,2.0621590614318848,14.071428298950195,10.119999885559082,11348.7998046875
2025-12-17,16.829999923706055,13.300000190734863,29.860000610351562,23.739999771118164,196.0,7.670000076293945,99.94999694824219,43.63999938964844,66.8499984741211,107.5999984741211,34.900001525878906,3.2699999809265137,201.0,141.0,54.04999923706055,19.729999542236328,211.1999969482422,26.65999984741211,44.02000045776367,12.239999771118164,159.89999389648438,275.75,6.480000019073486,81.5999984741211,7.78000020980835,500.0,6.96999979019165,2.1500000953674316,59.5,24.780000686645508,47.900001525878906,1581.0,34.400001525878906,61.5,3.9000000953674316,4.770705223083496,188.60000610351562,17.479999542236328,56.70000076293945,100.0,3.059999942779541,175.3000030517578,9.8100004196167,88.69999694824219,80.25,4.468104839324951,24.700000762939453,3.1500000953674316,319.0,2.859999895095825,82.30000305175781,322.0,9.710000038146973,4.630000114440918,320.75,23.579999923706055,43.099998474121094,2.2200000286102295,7.090000152587891,424.75,266.0,9.010000228881836,263.75,36.279998779296875,21.219999313354492,174.8000030517578,6.300000190734863,33.91999816894531,58.29999923706055,4657.5,12.34000015258789,8.079999923706055,2.5999999046325684,27.920000076293945,17.979999542236328,28.299999237060547,157.60000610351562,959.0,35.599998474121094,17.420000076293945,2.3399999141693115,8.84000015258789,360.75,1550.0,61.599998474121094,229.5,6.940000057220459,5.25,64.8499984741211,13.25,24.280000686645508,10.170000076293945,19.40999984741211,17.0,11.479999542236328,13.020000457763672,143.3000030517578,20.899999618530273,86.5,40.619998931884766,22.719999313354492,50.5,225.5,303.75,160.6999969482422,102.0999984741211,274.0,39.119998931884766,84.4000015258789,73.5,101.19999694824219,7.21999979019165,56.95000076293945,528.0,4.690000057220459,2.5299999713897705,189.3000030517578,7.630000114440918,28.280000686645508,111.30000305175781,56.349998474121094,2.0543179512023926,15.476189613342285,10.09000015258789,11286.7998046875
2025-12-18,16.799999237060547,13.270000457763672,30.079999923706055,23.68000030517578,196.5,7.599999904632568,99.9000015258789,43.0,67.4000015258789,108.4000015258789,34.959999084472656,3.190000057220459,204.39999389648438,138.10000610351562,54.150001525878906,19.760000228881836,210.1999969482422,26.420000076293945,44.220001220703125,12.25,158.8000030517578,272.25,6.480000019073486,84.5999984741211,7.849999904632568,501.0,7.039999961853027,2.1500000953674316,60.29999923706055,24.81999969482422,47.47999954223633,1580.0,34.099998474121094,61.45000076293945,3.680000066757202,4.761495113372803,189.0,17.649999618530273,57.0,98.9000015258789,3.069999933242798,173.0,9.65999984741211,90.5,78.5,4.438146114349365,24.600000381469727,3.2200000286102295,319.5,2.8299999237060547,80.6500015258789,322.0,9.630000114440918,4.579999923706055,328.0,24.059999465942383,43.0,2.2100000381469727,7.059999942779541,417.25,268.5,8.989999771118164,263.75,36.08000183105469,21.5,175.8000030517578,6.25,33.58000183105469,59.25,4655.0,12.569999694824219,8.050000190734863,2.640000104904175,28.399999618530273,17.5,28.139999389648438,158.0,970.5,33.58000183105469,17.899999618530273,2.313333034515381,8.84000015258789,368.5,1555.0,61.099998474121094,228.10000610351562,6.869999885559082,5.269999980926514,65.4000015258789,13.239999771118164,24.0,10.109999656677246,19.3700008392334,16.969999313354492,11.5,12.970000267028809,140.10000610351562,22.079999923706055,86.5,41.0,22.559999465942383,51.0,223.0,300.25,160.5,101.9000015258789,274.5,40.13999938964844,85.4000015258789,73.44999694824219,101.0999984741211,7.28000020980835,56.79999923706055,530.0,4.630000114440918,2.5299999713897705,188.6999969482422,7.690000057220459,28.5,112.0,56.95000076293945,2.0543179512023926,14.916666030883789,10.079999923706055,11335.099609375
2025-12-19,16.520000457763672,13.289999961853027,30.020000457763672,24.100000381469727,202.89999389648438,7.380000114440918,100.19999694824219,43.040000915527344,66.4000015258789,107.69999694824219,36.02000045776367,3.2200000286102295,211.10000610351562,137.1999969482422,54.099998474121094,20.540000915527344,214.8000030517578,26.65999984741211,44.619998931884766,12.529999732971191,158.89999389648438,275.0,6.510000228881836,83.0,7.829999923706055,504.5,7.0,2.140000104904175,59.25,24.920000076293945,46.5,1606.0,34.060001373291016,62.099998474121094,3.690000057220459,4.720050811767578,191.0,17.81999969482422,55.349998474121094,97.5999984741211,3.1600000858306885,170.3000030517578,9.819999694824219,89.75,78.25,4.450984954833984,24.559999465942383,3.25,320.25,2.819999933242798,81.0999984741211,331.5,9.539999961853027,4.539999961853027,327.0,23.940000534057617,42.540000915527344,2.2300000190734863,7.070000171661377,425.75,270.0,8.899999618530273,270.5,36.02000045776367,21.579999923706055,173.3000030517578,6.230000019073486,33.040000915527344,59.45000076293945,4670.0,13.819999694824219,8.020000457763672,2.509999990463257,30.100000381469727,17.420000076293945,28.100000381469727,158.8000030517578,985.0,33.86000061035156,17.899999618530273,2.286665916442871,8.199999809265137,375.0,1554.0,59.45000076293945,224.3000030517578,6.800000190734863,5.28000020980835,65.44999694824219,13.350000381469727,23.68000030517578,10.479999542236328,19.149999618530273,16.860000610351562,11.4399995803833,13.020000457763672,138.0,22.440000534057617,85.30000305175781,40.900001525878906,22.3799991607666,51.54999923706055,229.89999389648438,301.0,160.3000030517578,101.0,277.25,42.20000076293945,85.5999984741211,73.3499984741211,103.69999694824219,7.309999942779541,56.75,522.0,4.610000133514404,2.5199999809265137,184.60000610351562,7.659999847412109,28.440000534057617,111.30000305175781,57.79999923706055,2.015113115310669,14.821428298950195,10.039999961853027,11341.900390625
2025-12-22,16.18000030517578,13.289999961853027,29.280000686645508,23.139999389648438,201.8000030517578,7.5,104.30000305175781,42.599998474121094,65.94999694824219,105.69999694824219,35.119998931884766,3.4100000858306885,212.8000030517578,142.0,54.150001525878906,20.020000457763672,213.0,25.920000076293945,45.099998474121094,12.479999542236328,157.0,270.0,6.46999979019165,83.19999694824219,7.550000190734863,525.0,7.079999923706055,2.119999885559082,60.150001525878906,24.219999313354492,46.08000183105469,1576.0,34.119998931884766,60.900001525878906,3.390000104904175,4.6417670249938965,187.0,18.540000915527344,55.099998474121094,97.19999694824219,3.200000047683716,169.6999969482422,9.5600004196167,88.0,78.69999694824219,4.425306797027588,24.34000015258789,3.2100000381469727,316.5,2.799999952316284,81.0,330.0,9.390000343322754,4.460000038146973,333.75,24.18000030517578,42.31999969482422,2.190000057220459,7.079999923706055,425.75,268.0,8.699999809265137,264.0,35.70000076293945,21.579999923706055,168.3000030517578,6.110000133514404,32.81999969482422,58.900001525878906,4590.0,13.479999542236328,7.940000057220459,2.5899999141693115,29.100000381469727,17.600000381469727,27.559999465942383,156.39999389648438,959.5,32.599998474121094,18.149999618530273,2.233333110809326,8.09000015258789,365.75,1542.0,57.650001525878906,225.6999969482422,6.889999866485596,5.190000057220459,67.0,13.199999809265137,23.65999984741211,10.369999885559082,18.790000915527344,16.700000762939453,11.300000190734863,13.0600004196167,137.8000030517578,21.6200008392334,84.19999694824219,39.7400016784668,22.299999237060547,50.099998474121094,228.1999969482422,296.5,157.60000610351562,99.5,272.0,43.880001068115234,86.1500015258789,73.0,105.30000305175781,7.25,57.45000076293945,522.0,4.599999904632568,2.4800000190734863,185.6999969482422,7.400000095367432,28.399999618530273,110.4000015258789,58.5,1.9994310140609741,14.39285659790039,9.930000305175781,11311.099609375
2025-12-23,15.579999923706055,13.239999771118164,28.360000610351562,22.520000457763672,197.0,7.460000038146973,103.80000305175781,41.97999954223633,65.94999694824219,104.4000015258789,34.68000030517578,3.2899999618530273,221.6999969482422,139.60000610351562,53.54999923706055,19.719999313354492,214.3000030517578,26.399999618530273,45.220001220703125,12.270000457763672,156.89999389648438,267.75,6.460000038146973,83.44999694824219,7.53000020980835,519.5,7.039999961853027,2.190000057220459,59.900001525878906,24.0,45.900001525878906,1559.0,34.02000045776367,60.54999923706055,3.390000104904175,4.62334680557251,183.60000610351562,18.540000915527344,54.400001525878906,95.5999984741211,3.180000066757202,170.5,9.550000190734863,89.3499984741211,78.05000305175781,4.395348072052002,24.059999465942383,3.259999990463257,313.75,2.8499999046325684,81.25,322.0,9.34000015258789,4.510000228881836,339.0,24.059999465942383,42.099998474121094,2.180000066757202,7.019999980926514,421.75,273.0,8.630000114440918,271.25,35.459999084472656,21.219999313354492,168.39999389648438,6.050000190734863,33.47999954223633,58.75,4535.0,12.850000381469727,7.920000076293945,2.619999885559082,28.579999923706055,17.899999618530273,26.920000076293945,156.39999389648438,966.5,33.15999984741211,18.030000686645508,2.2200000286102295,8.100000381469727,366.5,1542.0,57.04999923706055,225.89999389648438,6.940000057220459,5.25,69.80000305175781,13.149999618530273,23.34000015258789,10.850000381469727,18.610000610351562,16.530000686645508,11.180000305175781,12.850000381469727,137.5,20.940000534057617,82.75,39.599998474121094,21.799999237060547,49.7599983215332,227.5,296.25,154.60000610351562,98.69999694824219,270.5,45.86000061035156,89.1500015258789,73.30000305175781,109.19999694824219,7.090000152587891,56.599998474121094,518.0,4.570000171661377,2.490000009536743,185.1999969482422,7.269999980926514,28.5,108.0,57.25,2.0543179512023926,14.107142448425293,9.859999656677246,11290.400390625
2025-12-24,15.720000267028809,13.199999809265137,28.600000381469727,22.799999237060547,198.3000030517578,7.440000057220459,106.5999984741211,42.02000045776367,68.0,107.80000305175781,34.400001525878906,3.190000057220459,224.6999969482422,137.3000030517578,53.20000076293945,19.760000228881836,211.10000610351562,26.84000015258789,45.36000061035156,12.380000114440918,156.60000610351562,276.0,6.440000057220459,83.9000015258789,7.480000019073486,525.5,7.21999979019165,2.0999999046325684,59.150001525878906,24.0,46.0,1563.0,33.900001525878906,65.0,3.3399999141693115,4.584205150604248,186.39999389648438,18.829999923706055,54.75,95.19999694824219,3.140000104904175,177.8000030517578,9.489999771118164,89.25,78.05000305175781,4.365388870239258,24.15999984741211,3.4000000953674316,313.0,2.809999942779541,80.19999694824219,325.25,9.430000305175781,4.539999961853027,349.25,23.81999969482422,41.97999954223633,2.180000066757202,7.039999961853027,420.25,275.5,8.550000190734863,288.5,35.68000030517578,21.18000030517578,172.89999389648438,6.090000152587891,33.68000030517578,57.599998474121094,4505.0,12.989999771118164,7.909999847412109,2.549999952316284,29.360000610351562,17.920000076293945,26.8799991607666,155.0,951.0,32.97999954223633,17.780000686645508,2.166666030883789,8.229999542236328,373.0,1696.0,57.5,225.1999969482422,7.25,5.300000190734863,69.1500015258789,13.220000267028809,23.520000457763672,11.930000305175781,18.399999618530273,16.6299991607666,11.0600004196167,12.449999809265137,137.60000610351562,20.799999237060547,85.1500015258789,39.58000183105469,22.360000610351562,51.0,226.6999969482422,296.5,155.5,98.5999984741211,271.25,42.880001068115234,94.5,72.8499984741211,108.30000305175781,6.900000095367432,56.5,524.5,4.659999847412109,2.4700000286102295,188.0,7.239999771118164,27.700000762939453,109.30000305175781,58.099998474121094,1.9915900230407715,13.928570747375488,9.850000381469727,11340.099609375
2025-12-26,16.149999618530273,13.0600004196167,28.3799991607666,23.0,197.8000030517578,7.340000152587891,104.69999694824219,41.540000915527344,70.1500015258789,107.30000305175781,33.34000015258789,3.25,226.10000610351562,136.0,53.099998474121094,21.260000228881836,208.60000610351562,26.0,45.0,12.260000228881836,155.5,271.75,6.389999866485596,84.4000015258789,7.360000133514404,513.5,7.320000171661377,2.069999933242798,60.04999923706055,23.700000762939453,45.380001068115234,1542.0,33.52000045776367,62.599998474121094,3.1700000762939453,4.57269287109375,185.6999969482422,18.350000381469727,54.54999923706055,94.5999984741211,3.1600000858306885,168.10000610351562,9.550000190734863,88.9000015258789,79.44999694824219,4.408186912536621,23.84000015258789,3.549999952316284,318.75,2.7200000286102295,81.80000305175781,324.0,10.079999923706055,4.559999942779541,362.75,24.200000762939453,43.0,2.319999933242798,7.400000095367432,420.5,284.75,8.529999732971191,299.75,35.400001525878906,21.040000915527344,168.5,6.210000038146973,34.5,57.45000076293945,4550.0,12.5600004196167,7.869999885559082,2.5999999046325684,29.239999771118164,18.299999237060547,26.940000534057617,155.0,948.0,32.02000045776367,17.459999084472656,2.22666597366333,8.520000457763672,379.0,1665.0,57.400001525878906,223.89999389648438,7.809999942779541,5.170000076293945,71.3499984741211,13.300000190734863,23.15999984741211,10.800000190734863,18.34000015258789,16.469999313354492,11.119999885559082,12.380000114440918,137.39999389648438,20.600000381469727,84.0,39.31999969482422,23.3799991607666,50.79999923706055,232.39999389648438,292.5,155.0,95.25,268.0,43.880001068115234,94.0,71.9000015258789,107.5999984741211,6.929999828338623,56.349998474121094,530.0,4.840000152587891,2.440000057220459,185.10000610351562,7.070000171661377,27.860000610351562,109.69999694824219,57.70000076293945,1.9994310140609741,13.190476417541504,9.869999885559082,11294.400390625
2025-12-29,15.600000381469727,13.0600004196167,28.18000030517578,22.280000686645508,195.8000030517578,7.300000190734863,103.80000305175781,40.599998474121094,68.55000305175781,102.69999694824219,32.65999984741211,3.190000057220459,221.0,131.5,52.0,21.18000030517578,198.60000610351562,25.31999969482422,44.380001068115234,12.069999694824219,151.1999969482422,265.0,6.28000020980835,86.1500015258789,7.210000038146973,528.5,7.309999942779541,2.0199999809265137,58.04999923706055,24.100000381469727,44.900001525878906,1515.0,33.5,61.20000076293945,3.1500000953674316,4.466780185699463,183.10000610351562,17.989999771118164,53.45000076293945,93.69999694824219,3.0199999809265137,164.0,9.239999771118164,89.55000305175781,78.0999984741211,4.335431098937988,23.639999389648438,3.7300000190734863,309.25,2.7100000381469727,84.05000305175781,317.5,9.699999809265137,4.460000038146973,352.0,23.399999618530273,41.41999816894531,2.2200000286102295,7.440000057220459,410.75,282.0,8.279999732971191,308.75,34.939998626708984,21.040000915527344,167.39999389648438,6.059999942779541,34.34000015258789,56.849998474121094,4502.5,12.199999809265137,7.769999980926514,2.5999999046325684,28.31999969482422,17.959999084472656,27.100000381469727,152.0,905.0,31.799999237060547,17.389999389648438,2.1866660118103027,8.520000457763672,372.75,1574.0,56.20000076293945,224.5,7.5,5.039999961853027,70.0,13.3100004196167,23.1200008392334,9.819999694824219,17.899999618530273,16.219999313354492,11.119999885559082,12.100000381469727,135.10000610351562,20.399999618530273,83.94999694824219,38.5,23.700000762939453,50.45000076293945,215.39999389648438,302.25,152.5,93.94999694824219,264.5,40.63999938964844,93.4000015258789,71.19999694824219,103.5999984741211,6.860000133514404,55.70000076293945,525.0,5.059999942779541,2.4700000286102295,183.10000610351562,7.03000020980835,27.100000381469727,107.5,56.54999923706055,1.944545030593872,13.0,9.5600004196167,11150.900390625
2025-12-30,15.699999809265137,12.960000038146973,28.34000015258789,22.200000762939453,195.10000610351562,7.409999847412109,101.5,40.599998474121094,70.94999694824219,101.5,32.7599983215332,3.5,229.0,132.10000610351562,51.95000076293945,21.440000534057617,201.1999969482422,25.440000534057617,44.279998779296875,12.210000038146973,153.0,269.5,6.269999980926514,87.8499984741211,7.300000190734863,529.5,7.550000190734863,2.009999990463257,58.79999923706055,24.579999923706055,44.81999969482422,1518.0,36.84000015258789,62.45000076293945,3.009999990463257,4.404613018035889,187.0,17.030000686645508,56.45000076293945,93.0,2.9800000190734863,163.0,9.289999961853027,90.3499984741211,78.5,4.309751987457275,23.940000534057617,3.9000000953674316,310.25,2.7200000286102295,81.5,319.5,10.369999885559082,4.510000228881836,345.25,22.459999084472656,41.58000183105469,2.2100000381469727,7.659999847412109,414.75,277.25,8.350000381469727,329.5,35.099998474121094,21.040000915527344,168.6999969482422,6.090000152587891,34.720001220703125,56.650001525878906,4502.5,13.039999961853027,7.670000076293945,2.6600000858306885,28.579999923706055,18.780000686645508,28.459999084472656,157.39999389648438,895.0,32.540000915527344,17.899999618530273,2.2799999713897705,8.890000343322754,372.0,1575.0,56.54999923706055,225.3000030517578,7.489999771118164,5.110000133514404,68.25,13.270000457763672,22.860000610351562,9.449999809265137,17.940000534057617,16.270000457763672,11.100000381469727,12.199999809265137,134.5,20.600000381469727,83.5,39.20000076293945,23.299999237060547,50.75,213.0,304.75,159.10000610351562,93.5,267.75,40.880001068115234,93.69999694824219,72.19999694824219,103.9000015258789,6.789999961853027,57.150001525878906,528.0,4.880000114440918,2.490000009536743,186.39999389648438,7.0,27.200000762939453,108.69999694824219,56.79999923706055,1.944545030593872,12.7380952835083,9.600000381469727,11220.2001953125
2025-12-31,15.710000038146973,12.979999542236328,28.700000762939453,22.5,197.89999389648438,7.53000020980835,102.0,40.81999969482422,74.9000015258789,101.0,33.2400016784668,3.799999952316284,231.6999969482422,132.89999389648438,52.0,22.540000915527344,198.89999389648438,25.639999389648438,46.540000915527344,12.239999771118164,154.5,268.25,6.329999923706055,85.94999694824219,7.300000190734863,555.0,8.0,2.0,58.79999923706055,23.739999771118164,46.5,1523.0,36.779998779296875,62.70000076293945,3.309999942779541,4.4161248207092285,188.10000610351562,16.950000762939453,55.650001525878906,92.80000305175781,2.990000009536743,158.0,9.59000015258789,90.3499984741211,78.8499984741211,4.365388870239258,23.81999969482422,3.700000047683716,318.0,2.7899999618530273,80.80000305175781,320.0,10.270000457763672,4.570000171661377,348.0,22.34000015258789,41.959999084472656,2.2200000286102295,7.860000133514404,411.0,276.0,8.34000015258789,346.5,35.2599983215332,21.0,168.8000030517578,6.090000152587891,35.400001525878906,54.70000076293945,4577.5,12.869999885559082,7.78000020980835,2.759999990463257,29.0,19.190000534057617,28.299999237060547,150.5,902.0,30.899999618530273,17.899999618530273,2.299999952316284,9.0600004196167,380.5,1568.0,56.79999923706055,222.89999389648438,7.960000038146973,5.070000171661377,69.0999984741211,13.739999771118164,23.040000915527344,9.319999694824219,17.90999984741211,16.229999542236328,11.199999809265137,11.170000076293945,137.8000030517578,21.0,84.25,39.2599983215332,24.34000015258789,51.04999923706055,209.10000610351562,298.25,169.0,93.0999984741211,268.5,40.97999954223633,93.05000305175781,74.0,104.4000015258789,6.809999942779541,57.5,519.5,4.800000190734863,2.4700000286102295,184.39999389648438,7.070000171661377,26.81999969482422,108.0,57.099998474121094,1.944545030593872,12.761903762817383,9.710000038146973,11261.5
2026-01-02,15.960000038146973,13.130000114440918,29.34000015258789,22.459999084472656,202.6999969482422,7.440000057220459,105.4000015258789,41.29999923706055,71.44999694824219,104.9000015258789,35.2400016784668,3.7899999618530273,230.1999969482422,136.5,52.45000076293945,23.81999969482422,197.89999389648438,26.0,45.5,12.5600004196167,156.89999389648438,271.5,6.449999809265137,85.4000015258789,7.489999771118164,569.5,7.639999866485596,2.0399999618530273,59.29999923706055,23.940000534057617,45.540000915527344,1549.0,36.36000061035156,63.150001525878906,3.380000114440918,4.478291988372803,193.0,17.469999313354492,53.900001525878906,94.19999694824219,3.049999952316284,160.60000610351562,9.449999809265137,91.25,80.0999984741211,4.566539764404297,24.219999313354492,3.430000066757202,320.0,3.0199999809265137,85.30000305175781,318.0,10.380000114440918,4.610000133514404,351.75,23.059999465942383,42.619998931884766,2.2699999809265137,7.670000076293945,415.25,276.75,8.59000015258789,312.5,35.58000183105469,21.479999542236328,174.8000030517578,6.199999809265137,35.2599983215332,56.0,4600.0,13.800000190734863,7.909999847412109,2.799999952316284,29.260000228881836,18.75,28.700000762939453,154.0,926.5,28.0,17.610000610351562,2.2733330726623535,9.170000076293945,382.0,1565.0,57.650001525878906,222.60000610351562,8.0600004196167,5.21999979019165,67.6500015258789,13.65999984741211,23.540000915527344,9.489999771118164,18.229999542236328,16.579999923706055,11.430000305175781,11.210000038146973,136.5,21.459999084472656,87.9000015258789,39.459999084472656,26.760000228881836,49.84000015258789,212.0,310.75,165.0,96.0,274.25,41.959999084472656,95.55000305175781,74.1500015258789,108.0,6.96999979019165,58.099998474121094,525.0,4.889999866485596,2.569999933242798,187.0,7.190000057220459,27.559999465942383,112.0,57.349998474121094,1.9837499856948853,12.928570747375488,9.920000076293945,11498.400390625
2026-01-05,16.170000076293945,13.229999542236328,29.8799991607666,22.100000381469727,200.8000030517578,7.619999885559082,104.69999694824219,41.20000076293945,68.75,107.0,37.58000183105469,3.700000047683716,240.0,135.6999969482422,52.25,23.059999465942383,206.5,25.780000686645508,45.18000030517578,12.550000190734863,158.39999389648438,276.75,6.5,85.44999694824219,7.420000076293945,571.0,7.610000133514404,2.130000114440918,61.45000076293945,23.959999084472656,45.79999923706055,1567.0,36.63999938964844,62.95000076293945,3.369999885559082,4.452964782714844,195.60000610351562,17.899999618530273,54.849998474121094,93.9000015258789,3.009999990463257,165.10000610351562,9.510000228881836,92.75,80.80000305175781,4.438146114349365,24.520000457763672,3.390000104904175,317.0,3.0199999809265137,85.94999694824219,314.0,10.140000343322754,4.630000114440918,363.0,23.6200008392334,42.63999938964844,2.2799999713897705,7.619999885559082,413.75,289.25,8.649999618530273,319.5,35.880001068115234,21.360000610351562,179.8000030517578,6.210000038146973,35.41999816894531,57.0,4557.5,14.829999923706055,8.170000076293945,2.7200000286102295,28.84000015258789,18.899999618530273,28.559999465942383,154.0,910.0,25.899999618530273,17.68000030517578,2.233333110809326,9.109999656677246,388.5,1545.0,56.79999923706055,222.60000610351562,8.149999618530273,5.239999771118164,70.8499984741211,13.479999542236328,23.579999923706055,9.25,18.5,16.709999084472656,11.229999542236328,11.1899995803833,135.8000030517578,21.139999389648438,90.6500015258789,39.20000076293945,26.700000762939453,50.650001525878906,217.1999969482422,311.5,163.89999389648438,96.80000305175781,277.75,43.540000915527344,96.5999984741211,75.0,109.80000305175781,7.0,58.45000076293945,526.5,4.849999904632568,2.569999933242798,192.89999389648438,7.159999847412109,26.719999313354492,113.69999694824219,57.650001525878906,1.9915900230407715,13.035714149475098,10.010000228881836,11702.0
2026-01-06,16.399999618530273,13.420000076293945,30.219999313354492,21.860000610351562,200.5,7.869999885559082,104.69999694824219,41.52000045776367,70.30000305175781,110.0999984741211,38.52000045776367,3.640000104904175,257.0,133.89999389648438,53.099998474121094,22.200000762939453,211.1999969482422,25.8799991607666,44.459999084472656,12.65999984741211,158.5,286.75,6.539999961853027,85.9000015258789,7.630000114440918,566.0,7.489999771118164,2.0999999046325684,62.04999923706055,23.719999313354492,46.68000030517578,1604.0,35.81999969482422,63.54999923706055,3.299999952316284,4.614137172698975,198.0,18.049999237060547,56.5,94.69999694824219,3.0299999713897705,165.39999389648438,9.510000228881836,94.0,82.44999694824219,4.4424262046813965,25.1200008392334,3.430000066757202,320.0,3.009999990463257,84.94999694824219,318.75,10.289999961853027,4.630000114440918,366.5,23.84000015258789,42.65999984741211,2.2799999713897705,7.590000152587891,422.5,284.0,8.680000305175781,324.25,36.900001525878906,21.559999465942383,185.10000610351562,6.489999771118164,35.31999969482422,57.400001525878906,4567.5,14.0,8.029999732971191,2.759999990463257,28.860000610351562,18.860000610351562,28.719999313354492,157.0,944.5,25.100000381469727,18.709999084472656,2.2466659545898438,9.170000076293945,394.0,1554.0,58.70000076293945,223.6999969482422,8.15999984741211,5.309999942779541,70.0,13.449999809265137,23.979999542236328,8.90999984741211,18.260000228881836,17.0,11.319999694824219,11.460000038146973,137.89999389648438,23.15999984741211,92.0,39.47999954223633,25.540000915527344,52.75,225.0,314.25,163.5,99.0999984741211,288.5,44.20000076293945,97.6500015258789,78.19999694824219,114.0,7.0,59.20000076293945,557.0,4.909999847412109,2.640000104904175,200.0,7.139999866485596,26.559999465942383,115.9000015258789,58.650001525878906,2.015113115310669,13.202380180358887,10.109999656677246,12023.7998046875
2026-01-07,16.510000228881836,13.430000305175781,30.700000762939453,22.719999313354492,199.5,8.050000190734863,101.69999694824219,40.79999923706055,71.44999694824219,109.9000015258789,37.439998626708984,3.509999990463257,263.5,132.5,52.45000076293945,21.360000610351562,203.8000030517578,26.299999237060547,44.18000030517578,12.399999618530273,155.6999969482422,293.5,6.420000076293945,85.30000305175781,7.5,562.5,7.28000020980835,2.049999952316284,61.5,23.799999237060547,45.79999923706055,1587.0,34.939998626708984,63.099998474121094,3.2300000190734863,4.581902980804443,204.39999389648438,18.020000457763672,56.0,94.05000305175781,3.0,170.1999969482422,9.84000015258789,93.75,81.30000305175781,4.378229141235352,24.440000534057617,3.3399999141693115,316.25,2.9700000286102295,92.25,323.5,10.220000267028809,4.5,362.0,23.959999084472656,42.79999923706055,2.259999990463257,7.570000171661377,413.75,284.5,8.489999771118164,332.75,36.119998931884766,21.700000762939453,183.0,6.25,35.70000076293945,56.54999923706055,4575.0,14.300000190734863,7.909999847412109,2.740000009536743,28.479999542236328,18.6200008392334,28.1200008392334,155.5,926.0,25.479999542236328,18.299999237060547,2.2200000286102295,9.25,396.25,1603.0,56.79999923706055,222.60000610351562,7.840000152587891,5.239999771118164,71.0,13.229999542236328,23.760000228881836,8.770000457763672,18.209999084472656,16.780000686645508,11.390000343322754,11.710000038146973,139.39999389648438,24.239999771118164,90.44999694824219,38.939998626708984,24.700000762939453,52.45000076293945,223.0,315.5,160.0,98.80000305175781,290.75,44.86000061035156,97.55000305175781,78.0,115.80000305175781,6.880000114440918,58.849998474121094,546.5,4.949999809265137,2.5799999237060547,199.10000610351562,7.079999923706055,26.200000762939453,115.80000305175781,57.75,1.9994310140609741,12.797618865966797,10.029999732971191,12028.7998046875
2026-01-08,16.600000381469727,13.399999618530273,31.0,22.3799991607666,199.1999969482422,8.050000190734863,103.0999984741211,40.5,73.19999694824219,111.5,38.380001068115234,3.4700000286102295,262.75,130.89999389648438,53.0,21.5,204.10000610351562,25.68000030517578,43.47999954223633,12.539999961853027,154.60000610351562,296.0,6.389999866485596,86.05000305175781,7.480000019073486,573.5,7.230000019073486,2.049999952316284,62.349998474121094,23.31999969482422,45.36000061035156,1592.0,35.36000061035156,63.20000076293945,3.2100000381469727,4.485198974609375,208.1999969482422,18.260000228881836,57.20000076293945,94.3499984741211,2.9700000286102295,170.60000610351562,9.579999923706055,92.80000305175781,82.69999694824219,4.438146114349365,24.719999313354492,3.4700000286102295,317.0,2.9800000190734863,94.5,319.0,10.3100004196167,4.5,365.0,23.899999618530273,42.119998931884766,2.200000047683716,7.550000190734863,411.0,280.5,8.529999732971191,342.5,36.880001068115234,21.360000610351562,183.0,6.869999885559082,35.31999969482422,57.5,4550.0,15.050000190734863,7.989999771118164,2.7799999713897705,28.68000030517578,18.440000534057617,28.15999984741211,156.0,919.0,25.219999313354492,18.700000762939453,2.2666659355163574,9.100000381469727,395.5,1563.0,57.0,221.10000610351562,8.359999656677246,5.199999809265137,71.19999694824219,13.100000381469727,23.520000457763672,8.850000381469727,17.950000762939453,16.649999618530273,11.359999656677246,11.449999809265137,141.3000030517578,24.600000381469727,91.05000305175781,39.0,26.0,53.25,226.10000610351562,322.5,160.10000610351562,99.6500015258789,294.5,43.29999923706055,97.6500015258789,78.5999984741211,116.4000015258789,6.840000152587891,58.45000076293945,548.5,4.989999771118164,2.5899999141693115,196.6999969482422,7.070000171661377,26.31999969482422,116.69999694824219,58.0,2.0543179512023926,12.571428298950195,10.050000190734863,12088.0
2026-01-09,16.489999771118164,13.220000267028809,31.260000228881836,22.020000457763672,199.8000030517578,8.199999809265137,101.30000305175781,40.099998474121094,74.0,109.19999694824219,40.040000915527344,3.5999999046325684,280.0,131.6999969482422,53.650001525878906,21.479999542236328,205.5,25.520000457763672,43.18000030517578,12.619999885559082,154.3000030517578,302.25,6.440000057220459,85.80000305175781,7.440000057220459,568.5,7.079999923706055,2.0199999809265137,62.45000076293945,22.959999084472656,45.02000045776367,1589.0,35.220001220703125,63.400001525878906,3.3499999046325684,4.492106914520264,212.60000610351562,18.540000915527344,56.79999923706055,94.19999694824219,2.9700000286102295,166.6999969482422,9.359999656677246,94.6500015258789,81.4000015258789,4.429585933685303,24.65999984741211,3.5,320.25,2.930000066757202,96.25,340.5,10.09000015258789,4.510000228881836,374.75,23.899999618530273,43.0,2.200000047683716,7.46999979019165,407.75,278.0,8.529999732971191,364.0,36.720001220703125,21.440000534057617,184.0,7.550000190734863,36.2400016784668,56.900001525878906,4532.5,15.119999885559082,8.100000381469727,2.869999885559082,30.059999465942383,18.0,28.899999618530273,157.5,915.0,24.899999618530273,18.459999084472656,2.2733330726623535,9.300000190734863,398.75,1561.0,57.29999923706055,221.1999969482422,8.470000267028809,5.110000133514404,74.0,13.399999618530273,24.219999313354492,8.960000038146973,17.549999237060547,16.84000015258789,11.390000343322754,11.4399995803833,140.10000610351562,24.600000381469727,91.30000305175781,39.380001068115234,26.760000228881836,53.849998474121094,227.0,325.25,158.0,98.30000305175781,291.5,44.36000061035156,99.0,78.80000305175781,119.0999984741211,6.849999904632568,58.349998474121094,549.5,4.5,2.6600000858306885,197.3000030517578,7.159999847412109,26.139999389648438,114.5999984741211,57.54999923706055,2.0778400897979736,12.75,10.520000457763672,12201.0
2026-01-12,16.399999618530273,13.449999809265137,31.079999923706055,21.719999313354492,199.0,8.3100004196167,98.75,40.400001525878906,77.0999984741211,109.69999694824219,41.279998779296875,3.9600000381469727,283.0,130.6999969482422,57.20000076293945,21.979999542236328,204.1999969482422,25.520000457763672,42.41999816894531,12.619999885559082,154.1999969482422,309.5,6.460000038146973,85.55000305175781,7.679999828338623,572.0,7.099999904632568,2.0399999618530273,62.20000076293945,22.84000015258789,45.619998931884766,1599.0,34.81999969482422,63.849998474121094,3.259999990463257,4.485198974609375,217.1999969482422,18.639999389648438,58.04999923706055,92.69999694824219,2.9800000190734863,169.6999969482422,9.1899995803833,94.0,80.0,4.53230094909668,24.8799991607666,3.6600000858306885,318.5,2.9700000286102295,97.5999984741211,330.0,10.289999961853027,4.539999961853027,381.75,24.899999618530273,42.400001525878906,2.2200000286102295,7.46999979019165,412.5,275.5,8.5,352.0,37.2400016784668,21.540000915527344,189.0,7.929999828338623,36.58000183105469,57.400001525878906,4515.0,15.5,8.130000114440918,2.930000066757202,31.280000686645508,17.700000762939453,29.600000381469727,156.10000610351562,930.5,24.799999237060547,17.790000915527344,2.353332996368408,9.649999618530273,396.25,1569.0,61.5,223.60000610351562,8.649999618530273,5.130000114440918,74.05000305175781,13.420000076293945,24.65999984741211,8.779999732971191,17.209999084472656,16.969999313354492,11.600000381469727,11.350000381469727,140.8000030517578,24.260000228881836,93.0999984741211,40.79999923706055,26.200000762939453,54.75,227.6999969482422,327.5,158.6999969482422,99.55000305175781,291.5,46.68000030517578,99.55000305175781,80.69999694824219,117.5,6.860000133514404,58.400001525878906,556.0,4.46999979019165,2.7200000286102295,203.0,7.110000133514404,25.8799991607666,118.19999694824219,59.5,2.0778400897979736,12.857142448425293,10.6899995803833,12254.7998046875
2026-01-13,16.510000228881836,13.489999771118164,31.479999542236328,22.1200008392334,199.6999969482422,8.3100004196167,101.0,40.540000915527344,77.8499984741211,112.19999694824219,40.279998779296875,3.9200000762939453,289.75,131.5,57.0,22.1200008392334,208.0,26.18000030517578,42.2599983215332,12.65999984741211,155.6999969482422,321.5,6.550000190734863,86.3499984741211,7.639999866485596,629.0,7.079999923706055,2.0999999046325684,63.20000076293945,23.040000915527344,46.29999923706055,1594.0,36.779998779296875,63.79999923706055,3.299999952316284,4.577298164367676,216.6999969482422,18.690000534057617,61.0,92.1500015258789,2.9700000286102295,168.10000610351562,9.180000305175781,96.9000015258789,80.94999694824219,4.553699970245361,25.139999389648438,3.759999990463257,326.0,3.0399999618530273,97.0,329.5,10.300000190734863,4.570000171661377,367.5,24.8799991607666,44.099998474121094,2.240000009536743,7.630000114440918,420.0,274.0,8.65999984741211,328.0,38.02000045776367,22.6200008392334,187.89999389648438,7.139999866485596,36.58000183105469,57.25,4532.5,15.279999732971191,8.430000305175781,2.930000066757202,32.79999923706055,17.40999984741211,30.459999084472656,162.5,929.0,24.940000534057617,17.229999542236328,2.353332996368408,10.109999656677246,404.75,1575.0,61.70000076293945,224.89999389648438,8.649999618530273,5.099999904632568,74.0999984741211,13.680000305175781,24.68000030517578,8.710000038146973,17.200000762939453,16.90999984741211,11.600000381469727,11.399999618530273,147.5,24.959999084472656,93.5,39.97999954223633,26.0,55.25,237.5,322.75,159.39999389648438,101.69999694824219,287.0,48.459999084472656,99.9000015258789,78.3499984741211,118.9000015258789,6.980000019073486,59.400001525878906,559.5,4.539999961853027,2.75,208.39999389648438,7.25,26.3799991607666,122.19999694824219,59.54999923706055,2.069999933242798,12.80952262878418,10.710000038146973,12385.599609375
2026-01-14,16.989999771118164,13.550000190734863,32.939998626708984,21.84000015258789,197.1999969482422,8.229999542236328,102.0,41.119998931884766,77.69999694824219,111.5,38.0,3.759999990463257,288.0,144.60000610351562,56.04999923706055,21.979999542236328,211.8000030517578,25.84000015258789,41.79999923706055,12.539999961853027,154.0,310.75,6.690000057220459,86.0,7.489999771118164,652.0,7.039999961853027,2.069999933242798,67.5,22.479999542236328,45.5,1753.0,35.7599983215332,63.54999923706055,3.2699999809265137,4.5404582023620605,220.60000610351562,19.299999237060547,60.0,90.0999984741211,2.930000066757202,170.0,9.15999984741211,95.6500015258789,80.1500015258789,4.540861129760742,25.559999465942383,3.5999999046325684,323.0,2.9100000858306885,94.4000015258789,330.75,10.140000343322754,4.53000020980835,368.25,24.260000228881836,43.099998474121094,2.200000047683716,7.460000038146973,415.0,277.25,8.449999809265137,328.25,37.7400016784668,22.6200008392334,194.5,6.96999979019165,36.20000076293945,57.29999923706055,4437.5,15.020000457763672,9.270000457763672,2.9100000858306885,32.20000076293945,16.979999542236328,29.0,162.3000030517578,940.0,24.979999542236328,17.200000762939453,2.366666078567505,9.920000076293945,405.75,1556.0,59.75,222.10000610351562,8.399999618530273,5.119999885559082,73.55000305175781,13.760000228881836,24.6200008392334,8.529999732971191,17.170000076293945,16.989999771118164,11.520000457763672,11.34000015258789,149.5,25.020000457763672,93.4000015258789,40.08000183105469,25.979999542236328,55.5,240.0,313.75,161.3000030517578,101.69999694824219,280.25,47.720001220703125,97.75,77.25,118.5999984741211,7.349999904632568,59.54999923706055,570.5,4.440000057220459,2.690000057220459,218.5,7.090000152587891,25.899999618530273,125.5,59.349998474121094,2.0621590614318848,12.595237731933594,10.710000038146973,12369.900390625
2026-01-15,17.15999984741211,13.800000190734863,32.81999969482422,22.200000762939453,199.0,8.399999618530273,104.80000305175781,41.5,78.0,111.19999694824219,38.2599983215332,4.130000114440918,302.5,159.0,58.400001525878906,22.15999984741211,214.0,26.420000076293945,42.099998474121094,13.210000038146973,163.1999969482422,312.25,6.739999771118164,87.0999984741211,7.679999828338623,637.5,7.079999923706055,2.0999999046325684,68.69999694824219,22.700000762939453,45.13999938964844,1715.0,35.36000061035156,64.5999984741211,3.3499999046325684,4.581902980804443,223.6999969482422,19.360000610351562,60.20000076293945,97.0,2.9700000286102295,165.10000610351562,9.149999618530273,96.8499984741211,80.94999694824219,4.605058193206787,25.479999542236328,3.6700000762939453,330.25,2.9100000858306885,94.4000015258789,347.0,10.479999542236328,4.699999809265137,366.5,24.979999542236328,44.560001373291016,2.2300000190734863,7.630000114440918,419.75,304.75,8.630000114440918,330.0,37.7400016784668,22.799999237060547,195.8000030517578,7.659999847412109,37.459999084472656,57.95000076293945,4505.0,15.859999656677246,9.699999809265137,3.0299999713897705,32.560001373291016,17.0,29.700000762939453,164.5,957.0,26.1200008392334,17.0,2.3266661167144775,9.869999885559082,410.0,1577.0,60.5,225.3000030517578,8.489999771118164,5.28000020980835,73.75,13.760000228881836,24.360000610351562,8.420000076293945,17.149999618530273,17.15999984741211,11.609999656677246,11.5600004196167,149.6999969482422,27.520000457763672,94.0,40.599998474121094,26.020000457763672,55.79999923706055,242.8000030517578,321.25,162.10000610351562,103.69999694824219,287.75,45.0,99.80000305175781,79.0999984741211,119.5,7.309999942779541,61.79999923706055,577.5,4.550000190734863,2.8299999237060547,218.60000610351562,7.230000019073486,26.1200008392334,131.10000610351562,60.400001525878906,2.101362943649292,12.928570747375488,11.600000381469727,12456.7001953125
2026-01-16,18.059999465942383,13.770000457763672,34.2599983215332,22.579999923706055,199.8000030517578,8.4399995803833,105.80000305175781,42.52000045776367,79.0,114.4000015258789,39.02000045776367,4.010000228881836,309.25,165.10000610351562,58.099998474121094,21.700000762939453,215.0,26.31999969482422,42.220001220703125,13.75,159.39999389648438,323.5,6.670000076293945,87.5999984741211,7.800000190734863,655.5,7.079999923706055,2.0899999141693115,74.05000305175781,22.15999984741211,45.68000030517578,1715.0,36.36000061035156,64.1500015258789,3.299999952316284,4.609531879425049,230.0,19.600000381469727,62.95000076293945,94.0,2.9800000190734863,174.0,9.079999923706055,97.0,84.0,4.562260150909424,26.059999465942383,3.569999933242798,328.0,2.9800000190734863,94.80000305175781,354.5,10.479999542236328,4.670000076293945,365.75,25.079999923706055,45.15999984741211,2.2300000190734863,7.639999866485596,419.75,290.0,8.630000114440918,322.0,38.02000045776367,22.600000381469727,195.3000030517578,7.730000019073486,37.29999923706055,57.900001525878906,4470.0,15.680000305175781,10.5,3.009999990463257,33.18000030517578,17.149999618530273,29.780000686645508,164.6999969482422,953.0,26.18000030517578,17.209999084472656,2.313333034515381,9.699999809265137,429.75,1583.0,60.75,226.10000610351562,8.579999923706055,5.28000020980835,76.5999984741211,14.069999694824219,24.579999923706055,8.260000228881836,17.31999969482422,17.299999237060547,12.050000190734863,11.829999923706055,150.60000610351562,27.8799991607666,94.9000015258789,40.91999816894531,26.239999771118164,58.5,257.75,323.25,163.8000030517578,105.9000015258789,292.0,47.599998474121094,101.69999694824219,81.44999694824219,124.30000305175781,7.329999923706055,62.04999923706055,565.0,4.550000190734863,2.880000114440918,222.5,7.289999961853027,26.260000228881836,135.6999969482422,60.650001525878906,2.1405680179595947,12.880951881408691,12.3100004196167,12668.5
2026-01-19,18.030000686645508,13.75,33.560001373291016,22.68000030517578,203.39999389648438,8.579999923706055,106.9000015258789,42.65999984741211,79.0,114.30000305175781,40.0,4.409999847412109,316.0,162.0,57.54999923706055,22.059999465942383,216.89999389648438,26.65999984741211,43.79999923706055,13.9399995803833,158.89999389648438,310.5,6.739999771118164,87.5,7.909999847412109,647.5,7.039999961853027,2.109999895095825,69.9000015258789,22.260000228881836,46.13999938964844,1753.0,36.68000030517578,64.5999984741211,3.2799999713897705,4.62334680557251,227.1999969482422,19.84000015258789,63.0,93.9000015258789,2.990000009536743,173.3000030517578,9.079999923706055,99.0,82.6500015258789,4.8019280433654785,26.579999923706055,3.7699999809265137,330.25,2.9800000190734863,94.0,362.0,10.729999542236328,4.710000038146973,384.0,25.020000457763672,46.540000915527344,2.240000009536743,7.659999847412109,461.5,299.75,8.710000038146973,307.25,38.13999938964844,22.600000381469727,194.89999389648438,7.53000020980835,38.540000915527344,57.25,4590.0,15.920000076293945,10.0,2.9600000381469727,32.91999816894531,17.079999923706055,31.020000457763672,166.1999969482422,949.0,27.719999313354492,16.860000610351562,2.3333330154418945,9.720000267028809,434.0,1601.0,60.75,227.60000610351562,9.149999618530273,5.320000171661377,75.9000015258789,14.369999885559082,25.440000534057617,8.319999694824219,17.459999084472656,17.40999984741211,12.119999885559082,11.65999984741211,151.0,28.360000610351562,95.5,40.79999923706055,26.0,57.349998474121094,257.5,321.75,167.10000610351562,105.80000305175781,295.75,49.70000076293945,106.69999694824219,82.0999984741211,127.69999694824219,7.329999923706055,62.45000076293945,565.0,4.659999847412109,2.890000104904175,222.8000030517578,7.340000152587891,26.219999313354492,134.60000610351562,62.099998474121094,2.148408889770508,12.845237731933594,11.979999542236328,12747.900390625
2026-01-20,17.09000015258789,13.59000015258789,32.29999923706055,23.079999923706055,203.10000610351562,8.510000228881836,105.69999694824219,41.79999923706055,78.6500015258789,110.19999694824219,40.20000076293945,4.349999904632568,336.75,155.0,56.5,22.739999771118164,217.0,26.420000076293945,43.79999923706055,13.930000305175781,157.10000610351562,309.0,6.630000114440918,88.4000015258789,8.369999885559082,649.5,6.909999847412109,2.0899999141693115,69.9000015258789,21.84000015258789,45.060001373291016,1814.0,37.0,64.0999984741211,3.5,4.62334680557251,221.6999969482422,19.989999771118164,62.0,92.69999694824219,2.9800000190734863,172.60000610351562,9.170000076293945,97.4000015258789,80.55000305175781,4.771969795227051,25.68000030517578,3.6600000858306885,328.0,2.9200000762939453,91.44999694824219,370.5,10.489999771118164,4.730000019073486,403.75,24.579999923706055,46.47999954223633,2.240000009536743,7.78000020980835,443.5,294.5,8.569999694824219,301.0,37.7400016784668,22.700000762939453,193.0,7.25,37.58000183105469,56.20000076293945,4532.5,16.0,9.229999542236328,2.950000047683716,32.68000030517578,17.280000686645508,31.200000762939453,164.0,942.5,26.600000381469727,16.850000381469727,2.3333330154418945,9.59000015258789,431.25,1587.0,59.75,225.1999969482422,9.0,5.159999847412109,76.25,14.09000015258789,25.780000686645508,8.680000305175781,18.530000686645508,17.229999542236328,12.0,11.670000076293945,151.0,27.15999984741211,93.80000305175781,40.02000045776367,25.399999618530273,57.25,261.0,320.0,165.3000030517578,104.5,292.0,48.779998779296875,114.19999694824219,81.80000305175781,127.5999984741211,7.210000038146973,62.0,559.5,4.570000171661377,2.799999952316284,226.89999389648438,7.260000228881836,27.1200008392334,130.39999389648438,61.150001525878906,2.2973859310150146,12.690476417541504,13.170000076293945,12805.7998046875
2026-01-21,16.889999389648438,13.779999732971191,32.099998474121094,22.799999237060547,200.89999389648438,8.510000228881836,106.9000015258789,40.97999954223633,77.5,110.0,41.20000076293945,4.409999847412109,303.25,156.60000610351562,55.20000076293945,22.540000915527344,213.8000030517578,26.239999771118164,43.7400016784668,13.630000114440918,156.39999389648438,305.5,6.519999980926514,87.44999694824219,8.220000267028809,615.0,7.010000228881836,2.059999942779541,68.9000015258789,21.31999969482422,45.15999984741211,1795.0,36.7400016784668,64.0999984741211,3.5799999237060547,4.581902980804443,225.39999389648438,20.020000457763672,60.5,91.30000305175781,2.990000009536743,170.0,9.149999618530273,98.5,80.44999694824219,4.6906538009643555,25.920000076293945,3.5199999809265137,327.0,2.9000000953674316,91.4000015258789,380.75,10.3100004196167,4.730000019073486,412.25,24.579999923706055,46.20000076293945,2.2799999713897705,7.820000171661377,487.75,300.0,8.40999984741211,292.0,38.18000030517578,22.280000686645508,193.5,7.159999847412109,38.060001373291016,55.20000076293945,4437.5,15.390000343322754,8.920000076293945,2.9600000381469727,32.08000183105469,17.010000228881836,31.600000381469727,158.89999389648438,935.5,26.299999237060547,16.489999771118164,2.299999952316284,9.710000038146973,423.75,1569.0,59.70000076293945,223.3000030517578,8.9399995803833,5.150000095367432,75.5999984741211,13.930000305175781,26.18000030517578,8.619999885559082,17.959999084472656,17.079999923706055,11.600000381469727,11.520000457763672,149.8000030517578,26.959999084472656,94.80000305175781,39.41999816894531,24.860000610351562,59.599998474121094,260.0,316.75,163.6999969482422,105.5,297.0,48.900001525878906,118.0999984741211,80.0,128.8000030517578,7.099999904632568,63.0,566.0,4.539999961853027,2.7300000190734863,221.10000610351562,7.150000095367432,29.0,125.5,61.20000076293945,2.4542040824890137,12.40476131439209,13.1899995803833,12728.2001953125
2026-01-22,17.59000015258789,13.989999771118164,32.52000045776367,24.860000610351562,201.8000030517578,8.550000190734863,111.80000305175781,41.79999923706055,78.4000015258789,112.0,42.79999923706055,4.519999980926514,300.25,164.10000610351562,55.849998474121094,23.020000457763672,220.0,27.299999237060547,44.20000076293945,14.0,158.5,313.0,6.760000228881836,89.4000015258789,8.180000305175781,640.0,7.03000020980835,2.0799999237060547,69.3499984741211,22.299999237060547,46.540000915527344,1840.0,37.0,66.5999984741211,3.7100000381469727,4.674001216888428,234.0,20.139999389648438,62.099998474121094,93.80000305175781,3.009999990463257,171.5,9.470000267028809,98.80000305175781,82.1500015258789,4.716332912445068,26.760000228881836,3.549999952316284,336.5,2.9800000190734863,97.75,381.75,10.520000457763672,4.840000152587891,432.0,25.18000030517578,47.0,2.299999952316284,8.180000305175781,486.0,306.5,8.529999732971191,285.25,38.86000061035156,23.079999923706055,195.3000030517578,7.230000019073486,38.2599983215332,57.54999923706055,4560.0,15.970000267028809,9.079999923706055,3.0,33.31999969482422,17.25,32.900001525878906,171.6999969482422,946.5,27.299999237060547,17.020000457763672,2.3399999141693115,9.930000305175781,430.0,1605.0,61.20000076293945,225.0,8.9399995803833,5.199999809265137,75.0,14.180000305175781,26.360000610351562,8.699999809265137,18.18000030517578,17.780000686645508,12.0,11.600000381469727,151.10000610351562,26.940000534057617,95.5,40.040000915527344,24.979999542236328,61.349998474121094,252.25,326.25,165.6999969482422,112.0999984741211,299.0,49.29999923706055,115.80000305175781,81.19999694824219,133.1999969482422,7.25,64.44999694824219,574.0,4.619999885559082,2.869999885559082,226.6999969482422,7.289999961853027,28.0,129.0,62.29999923706055,2.4620449542999268,12.55952262878418,13.119999885559082,12851.5
2026-01-23,17.850000381469727,13.970000267028809,32.47999954223633,25.760000228881836,211.5,8.539999961853027,110.30000305175781,41.900001525878906,78.69999694824219,114.4000015258789,42.31999969482422,4.769999980926514,300.75,157.60000610351562,57.70000076293945,23.200000762939453,218.10000610351562,27.360000610351562,45.41999816894531,14.390000343322754,159.10000610351562,314.25,6.71999979019165,88.69999694824219,8.25,637.5,7.079999923706055,2.0799999237060547,70.5,22.780000686645508,48.0,1826.0,37.70000076293945,66.19999694824219,3.700000047683716,4.904248237609863,233.6999969482422,20.579999923706055,60.45000076293945,94.44999694824219,3.069999933242798,172.0,9.329999923706055,98.69999694824219,84.0999984741211,4.639296054840088,27.059999465942383,3.5299999713897705,335.5,3.059999942779541,100.5,382.75,10.489999771118164,4.829999923706055,448.25,25.479999542236328,46.0,2.319999933242798,8.199999809265137,468.5,337.0,8.800000190734863,285.75,39.040000915527344,23.139999389648438,198.10000610351562,7.289999961853027,41.2599983215332,56.79999923706055,4562.5,16.040000915527344,9.100000381469727,2.990000009536743,33.439998626708984,17.260000228881836,32.34000015258789,171.10000610351562,940.0,28.0,16.989999771118164,2.3333330154418945,9.920000076293945,431.75,1598.0,61.95000076293945,225.60000610351562,9.0,5.260000228881836,72.3499984741211,14.079999923706055,26.5,9.029999732971191,19.989999771118164,17.969999313354492,11.989999771118164,11.630000114440918,156.0,27.1200008392334,97.4000015258789,40.15999984741211,24.799999237060547,62.599998474121094,253.0,329.75,166.39999389648438,112.80000305175781,301.0,50.79999923706055,115.0999984741211,81.9000015258789,136.10000610351562,7.320000171661377,64.19999694824219,575.5,4.739999771118164,2.9200000762939453,225.8000030517578,7.789999961853027,27.780000686645508,128.89999389648438,63.79999923706055,2.4149999618530273,12.65476131439209,12.949999809265137,12992.7001953125
2026-01-26,18.170000076293945,13.989999771118164,33.040000915527344,25.65999984741211,213.60000610351562,8.539999961853027,109.5999984741211,42.29999923706055,79.25,114.5,45.52000045776367,4.829999923706055,323.25,161.0,57.599998474121094,23.399999618530273,222.39999389648438,27.899999618530273,46.060001373291016,14.850000381469727,158.1999969482422,316.5,6.78000020980835,89.5,8.510000228881836,654.5,6.960000038146973,1.7489570379257202,71.19999694824219,23.600000381469727,48.5,1799.0,37.79999923706055,68.0,3.5899999141693115,5.175938129425049,234.89999389648438,20.84000015258789,60.150001525878906,96.19999694824219,3.130000114440918,171.5,10.149999618530273,99.9000015258789,84.05000305175781,4.771969795227051,27.600000381469727,3.5899999141693115,338.0,3.140000104904175,102.0,375.5,10.4399995803833,4.920000076293945,467.0,26.260000228881836,46.34000015258789,2.2899999618530273,8.350000381469727,452.0,341.0,9.140000343322754,278.75,40.68000030517578,23.399999618530273,198.89999389648438,7.070000171661377,40.63999938964844,59.04999923706055,4520.0,15.989999771118164,9.199999809265137,2.990000009536743,34.29999923706055,18.170000076293945,32.91999816894531,172.6999969482422,953.5,27.100000381469727,17.25,2.3333330154418945,9.59000015258789,440.0,1598.0,62.20000076293945,230.39999389648438,9.0600004196167,5.329999923706055,73.75,14.149999618530273,27.31999969482422,8.890000343322754,19.739999771118164,18.200000762939453,12.399999618530273,11.460000038146973,158.0,27.979999542236328,98.69999694824219,40.31999969482422,23.979999542236328,63.54999923706055,263.0,332.5,166.5,114.80000305175781,299.25,53.900001525878906,122.0,81.30000305175781,141.3000030517578,7.380000114440918,65.80000305175781,572.0,4.690000057220459,2.930000066757202,227.0,7.690000057220459,28.34000015258789,130.89999389648438,63.75,2.4071590900421143,12.428570747375488,12.899999618530273,13177.2998046875
2026-01-27,17.899999618530273,14.25,32.58000183105469,25.860000610351562,210.10000610351562,8.550000190734863,106.5999984741211,42.599998474121094,80.8499984741211,113.0,44.20000076293945,4.690000057220459,310.5,168.0,57.25,23.579999923706055,223.3000030517578,27.200000762939453,45.0,14.520000457763672,156.89999389648438,312.5,6.739999771118164,91.0,8.5600004196167,635.5,6.940000057220459,1.7405489683151245,73.0999984741211,23.079999923706055,49.08000183105469,1785.0,37.880001068115234,66.75,3.609999895095825,5.3279008865356445,226.1999969482422,21.18000030517578,59.70000076293945,94.5,3.059999942779541,168.89999389648438,10.399999618530273,100.30000305175781,84.4000015258789,4.673534870147705,27.440000534057617,3.799999952316284,332.0,3.140000104904175,99.8499984741211,381.25,9.710000038146973,4.820000171661377,482.0,25.739999771118164,46.540000915527344,2.2799999713897705,8.380000114440918,439.75,331.0,9.069999694824219,269.25,40.31999969482422,23.360000610351562,198.0,6.96999979019165,40.63999938964844,59.650001525878906,4497.5,15.890000343322754,8.979999542236328,2.990000009536743,33.599998474121094,17.989999771118164,33.29999923706055,170.89999389648438,949.5,26.719999313354492,16.81999969482422,2.319999933242798,9.869999885559082,447.5,1578.0,68.4000015258789,230.6999969482422,8.9399995803833,5.269999980926514,73.30000305175781,14.069999694824219,27.139999389648438,8.729999542236328,20.399999618530273,17.940000534057617,12.270000457763672,11.319999694824219,161.3000030517578,28.139999389648438,100.69999694824219,40.65999984741211,23.459999084472656,62.900001525878906,260.75,332.25,165.39999389648438,114.4000015258789,294.25,53.599998474121094,118.30000305175781,80.94999694824219,140.8000030517578,7.260000228881836,64.4000015258789,571.5,4.639999866485596,2.9000000953674316,227.1999969482422,8.029999732971191,28.15999984741211,129.5,62.150001525878906,2.383635997772217,12.5,13.510000228881836,13107.0
2026-01-28,18.56999969482422,14.829999923706055,33.63999938964844,25.559999465942383,211.1999969482422,8.699999809265137,107.5999984741211,42.47999954223633,80.69999694824219,114.0,45.040000915527344,4.28000020980835,307.5,161.5,57.70000076293945,23.420000076293945,228.89999389648438,27.639999389648438,45.099998474121094,14.520000457763672,158.10000610351562,318.5,7.139999866485596,91.0,8.699999809265137,645.5,7.099999904632568,1.799407958984375,73.4000015258789,22.5,53.95000076293945,1789.0,36.720001220703125,67.05000305175781,3.609999895095825,5.268036842346191,226.0,21.420000076293945,60.20000076293945,96.1500015258789,3.0999999046325684,164.0,10.199999809265137,101.80000305175781,91.0,4.6221771240234375,27.899999618530273,3.740000009536743,333.0,3.190000057220459,96.30000305175781,379.0,9.619999885559082,4.869999885559082,512.0,26.15999984741211,46.02000045776367,2.3299999237060547,8.300000190734863,439.0,364.0,8.90999984741211,265.5,41.900001525878906,23.420000076293945,201.5,7.0,41.0,59.45000076293945,4595.0,15.6899995803833,8.899999618530273,3.0199999809265137,32.959999084472656,18.049999237060547,33.70000076293945,168.10000610351562,951.0,26.34000015258789,16.889999389648438,2.380000114440918,9.800000190734863,470.25,1590.0,70.0,243.0,9.1899995803833,5.789999961853027,71.44999694824219,14.270000457763672,27.239999771118164,8.59000015258789,20.459999084472656,18.209999084472656,12.270000457763672,11.3100004196167,164.5,27.979999542236328,105.4000015258789,40.47999954223633,23.579999923706055,63.150001525878906,262.0,346.75,165.89999389648438,115.9000015258789,298.0,54.95000076293945,115.0,81.3499984741211,142.8000030517578,7.340000152587891,64.94999694824219,581.5,5.099999904632568,2.940000057220459,242.1999969482422,7.929999828338623,28.459999084472656,130.39999389648438,62.5,2.3601129055023193,12.40476131439209,13.0600004196167,13407.400390625
2026-01-29,18.799999237060547,14.720000267028809,34.0,27.0,208.0,8.84000015258789,109.5,42.31999969482422,81.9000015258789,116.69999694824219,45.0,4.25,319.0,159.3000030517578,57.349998474121094,24.219999313354492,234.3000030517578,27.719999313354492,45.7400016784668,14.430000305175781,159.60000610351562,337.5,7.010000228881836,92.94999694824219,8.470000267028809,653.5,6.989999771118164,1.9171260595321655,72.0,22.079999923706055,52.70000076293945,1813.0,36.459999084472656,67.5,3.5299999713897705,5.097654819488525,225.3000030517578,21.700000762939453,61.04999923706055,95.0,3.0999999046325684,164.10000610351562,10.489999771118164,105.19999694824219,94.05000305175781,4.80620813369751,28.479999542236328,3.690000057220459,332.0,3.2300000190734863,95.5,376.75,9.649999618530273,4.800000190734863,511.0,26.81999969482422,45.02000045776367,2.369999885559082,8.34000015258789,436.75,355.25,8.960000038146973,260.0,42.13999938964844,24.479999542236328,206.60000610351562,7.25,40.2599983215332,60.349998474121094,4610.0,15.630000114440918,8.800000190734863,3.0399999618530273,32.400001525878906,17.8700008392334,33.20000076293945,168.60000610351562,952.5,25.739999771118164,16.729999542236328,2.299999952316284,10.779999732971191,462.5,1579.0,66.55000305175781,237.0,9.0,6.190000057220459,71.05000305175781,14.569999694824219,27.399999618530273,8.470000267028809,20.059999465942383,18.520000457763672,12.319999694824219,11.239999771118164,161.89999389648438,27.920000076293945,110.0,40.5,23.959999084472656,64.75,272.25,339.0,166.3000030517578,117.30000305175781,302.25,59.25,117.80000305175781,81.55000305175781,152.10000610351562,7.710000038146973,65.4000015258789,588.5,5.610000133514404,2.930000066757202,248.39999389648438,7.710000038146973,28.959999084472656,133.5,63.150001525878906,2.3679540157318115,12.440476417541504,12.770000457763672,13831.099609375
2026-01-30,19.209999084472656,14.670000076293945,35.0,26.520000457763672,210.0,8.75,108.0,41.15999984741211,82.19999694824219,114.0,47.20000076293945,4.269999980926514,303.25,156.60000610351562,56.75,25.0,239.8000030517578,29.899999618530273,46.040000915527344,14.34000015258789,157.89999389648438,332.0,6.829999923706055,91.0999984741211,8.359999656677246,644.0,6.980000019073486,1.7657740116119385,71.9000015258789,22.139999389648438,51.45000076293945,1819.0,36.70000076293945,66.8499984741211,3.490000009536743,5.134493827819824,229.3000030517578,21.719999313354492,60.25,94.44999694824219,3.0999999046325684,164.0,9.920000076293945,104.69999694824219,97.8499984741211,4.750570774078369,28.18000030517578,3.630000114440918,324.75,3.190000057220459,93.0,380.25,9.829999923706055,5.039999961853027,480.5,26.459999084472656,45.29999923706055,2.3499999046325684,8.710000038146973,434.0,352.0,8.779999732971191,246.10000610351562,40.720001220703125,24.100000381469727,207.6999969482422,7.210000038146973,39.779998779296875,60.599998474121094,4525.0,15.600000381469727,8.6899995803833,3.2200000286102295,31.940000534057617,17.719999313354492,33.15999984741211,165.1999969482422,948.5,25.780000686645508,16.8700008392334,2.299999952316284,10.0600004196167,472.0,1561.0,66.5999984741211,240.3000030517578,8.880000114440918,5.789999961853027,74.5,14.329999923706055,27.600000381469727,8.460000038146973,19.799999237060547,18.440000534057617,12.949999809265137,11.520000457763672,161.6999969482422,28.239999771118164,109.5,40.0,23.65999984741211,64.8499984741211,268.5,347.75,166.6999969482422,116.9000015258789,304.0,54.599998474121094,108.0,83.55000305175781,143.5,7.619999885559082,66.5,592.5,5.489999771118164,2.9000000953674316,244.8000030517578,7.5,28.219999313354492,135.39999389648438,62.25,2.2895450592041016,12.357142448425293,12.8100004196167,13838.2998046875
2026-02-02,19.639999389648438,14.630000114440918,34.2400016784668,26.059999465942383,221.5,8.789999961853027,104.9000015258789,40.41999816894531,82.19999694824219,115.0,46.0,4.639999866485596,299.5,158.0,55.70000076293945,25.81999969482422,223.60000610351562,30.18000030517578,46.02000045776367,14.8100004196167,156.89999389648438,332.75,6.670000076293945,91.44999694824219,8.300000190734863,640.5,6.889999866485596,1.7910000085830688,73.30000305175781,22.260000228881836,52.25,1834.0,37.0,69.5,3.4800000190734863,5.000950813293457,224.1999969482422,21.5,60.54999923706055,95.19999694824219,3.140000104904175,163.60000610351562,9.739999771118164,104.80000305175781,94.4000015258789,4.6221771240234375,27.540000915527344,3.5999999046325684,321.25,3.2799999713897705,93.25,353.0,9.9399995803833,5.150000095367432,484.25,26.219999313354492,45.84000015258789,2.380000114440918,8.59000015258789,426.0,374.0,9.239999771118164,244.6999969482422,40.720001220703125,23.899999618530273,204.6999969482422,7.340000152587891,40.18000030517578,62.099998474121094,4447.5,15.300000190734863,8.65999984741211,3.0199999809265137,31.1200008392334,17.290000915527344,32.0,159.89999389648438,925.0,28.15999984741211,16.520000457763672,2.3333330154418945,10.170000076293945,448.0,1548.0,65.80000305175781,236.5,8.600000381469727,5.679999828338623,72.0,14.09000015258789,26.600000381469727,8.390000343322754,19.700000762939453,17.81999969482422,13.3100004196167,11.75,157.8000030517578,28.34000015258789,108.19999694824219,39.79999923706055,23.860000610351562,64.94999694824219,273.0,345.5,172.8000030517578,113.5,305.75,49.20000076293945,102.19999694824219,85.75,132.10000610351562,7.5,65.3499984741211,587.5,5.28000020980835,2.9000000953674316,229.60000610351562,7.449999809265137,27.68000030517578,134.10000610351562,62.25,2.31306791305542,12.345237731933594,13.020000457763672,13621.0
2026-02-03,20.219999313354492,14.710000038146973,35.099998474121094,25.719999313354492,223.0,8.859999656677246,109.19999694824219,40.81999969482422,83.8499984741211,118.19999694824219,46.560001373291016,4.510000228881836,296.75,157.1999969482422,55.400001525878906,26.600000381469727,226.1999969482422,30.040000915527344,45.91999816894531,14.800000190734863,157.3000030517578,341.75,6.639999866485596,92.25,8.859999656677246,654.0,6.880000114440918,1.9600000381469727,74.5,22.600000381469727,52.400001525878906,1844.0,37.099998474121094,70.94999694824219,3.619999885559082,4.954902172088623,228.89999389648438,21.719999313354492,60.349998474121094,96.19999694824219,3.130000114440918,163.89999389648438,9.760000228881836,107.0999984741211,96.25,4.643576145172119,28.760000228881836,3.6700000762939453,320.25,3.5999999046325684,91.6500015258789,362.0,9.970000267028809,5.190000057220459,506.0,26.920000076293945,46.0,2.369999885559082,8.619999885559082,425.0,365.0,9.100000381469727,238.0,42.099998474121094,24.040000915527344,209.0,7.170000076293945,40.34000015258789,62.54999923706055,4450.0,15.5600004196167,8.680000305175781,3.0199999809265137,33.119998931884766,16.950000762939453,32.13999938964844,159.5,934.0,28.079999923706055,16.649999618530273,2.3399999141693115,10.539999961853027,451.5,1543.0,65.94999694824219,239.0,8.279999732971191,5.940000057220459,70.0,14.180000305175781,27.100000381469727,8.430000305175781,20.0,18.3799991607666,12.960000038146973,11.5,155.3000030517578,28.700000762939453,109.9000015258789,40.0,23.579999923706055,66.4000015258789,264.75,358.0,174.60000610351562,118.5,318.75,49.040000915527344,102.19999694824219,85.44999694824219,139.0,7.610000133514404,67.6500015258789,598.5,5.800000190734863,2.9600000381469727,234.0,7.5,27.799999237060547,138.0,64.25,2.328749895095825,12.30952262878418,13.270000457763672,13875.2998046875
2026-02-04,20.18000030517578,14.640000343322754,35.02000045776367,25.68000030517578,222.0,8.770000457763672,110.19999694824219,42.70000076293945,83.8499984741211,120.5,46.099998474121094,4.300000190734863,302.5,155.10000610351562,54.900001525878906,27.260000228881836,230.0,29.899999618530273,45.91999816894531,14.399999618530273,158.60000610351562,344.25,6.679999828338623,93.30000305175781,8.770000457763672,649.5,6.880000114440918,1.8799999952316284,75.6500015258789,22.31999969482422,51.400001525878906,1828.0,36.939998626708984,72.5,3.619999885559082,5.065420150756836,226.3000030517578,21.420000076293945,60.70000076293945,98.55000305175781,3.140000104904175,162.10000610351562,10.010000228881836,109.9000015258789,97.9000015258789,4.682094097137451,28.81999969482422,3.7699999809265137,318.5,3.450000047683716,91.1500015258789,366.25,10.010000228881836,5.159999847412109,519.0,27.65999984741211,46.0,2.3499999046325684,8.5,421.0,401.5,9.25,235.6999969482422,42.7400016784668,24.18000030517578,208.0,6.96999979019165,41.52000045776367,68.80000305175781,4447.5,15.430000305175781,8.569999694824219,2.9600000381469727,32.7400016784668,16.459999084472656,31.6200008392334,156.89999389648438,1027.0,28.18000030517578,16.8799991607666,2.4000000953674316,10.170000076293945,441.0,1548.0,65.05000305175781,242.8000030517578,8.520000457763672,5.760000228881836,71.94999694824219,14.3100004196167,26.760000228881836,8.350000381469727,20.219999313354492,18.360000610351562,13.0600004196167,11.420000076293945,153.5,28.739999771118164,106.9000015258789,41.400001525878906,24.899999618530273,65.55000305175781,258.25,356.0,178.0,118.30000305175781,320.5,48.08000183105469,102.19999694824219,85.55000305175781,135.3000030517578,7.840000152587891,68.5999984741211,599.5,5.579999923706055,2.950000047683716,229.1999969482422,7.570000171661377,28.139999389648438,135.60000610351562,65.1500015258789,2.305227041244507,12.380951881408691,13.050000190734863,13891.2001953125
2026-02-05,19.979999542236328,14.550000190734863,34.400001525878906,24.719999313354492,222.0,8.529999732971191,110.9000015258789,41.5,81.94999694824219,121.0,46.29999923706055,4.070000171661377,285.0,152.0,53.5,27.459999084472656,227.0,30.399999618530273,45.34000015258789,14.279999732971191,158.1999969482422,338.25,6.579999923706055,92.44999694824219,8.770000457763672,649.0,6.849999904632568,1.7999999523162842,73.55000305175781,21.81999969482422,51.0,1798.0,38.119998931884766,75.0999984741211,3.819999933242798,5.1575188636779785,226.3000030517578,20.540000915527344,60.900001525878906,96.5,3.2300000190734863,162.3000030517578,9.670000076293945,107.0,96.0999984741211,4.64785623550415,28.700000762939453,3.7300000190734863,322.5,3.319999933242798,88.0,361.0,9.949999809265137,4.96999979019165,504.0,26.700000762939453,46.220001220703125,2.3499999046325684,8.510000228881836,435.0,379.0,9.079999923706055,232.0,42.29999923706055,23.399999618530273,204.5,6.829999923706055,41.15999984741211,68.94999694824219,4440.0,15.180000305175781,8.579999923706055,3.0,32.560001373291016,16.59000015258789,30.979999542236328,155.0,987.0,27.280000686645508,16.670000076293945,2.5333330631256104,10.130000114440918,451.25,1582.0,63.599998474121094,240.8000030517578,8.430000305175781,5.650000095367432,70.44999694824219,14.069999694824219,25.920000076293945,8.289999961853027,20.479999542236328,17.850000381469727,12.920000076293945,11.34000015258789,154.0,29.280000686645508,103.69999694824219,40.52000045776367,24.0,63.29999923706055,251.5,353.25,176.0,116.0999984741211,317.0,46.08000183105469,99.94999694824219,83.44999694824219,129.8000030517578,7.570000171661377,67.6500015258789,603.5,5.389999866485596,2.859999895095825,226.5,7.420000076293945,28.440000534057617,133.8000030517578,63.5,2.2817039489746094,12.095237731933594,12.930000305175781,13589.099609375
2026-02-06,20.18000030517578,14.4399995803833,34.900001525878906,25.15999984741211,216.8000030517578,8.470000267028809,111.19999694824219,41.119998931884766,81.69999694824219,123.0,43.68000030517578,4.46999979019165,288.0,149.6999969482422,53.70000076293945,25.979999542236328,231.1999969482422,29.68000030517578,44.2599983215332,14.0,165.0,341.5,6.510000228881836,92.30000305175781,8.84000015258789,680.0,6.78000020980835,1.7899999618530273,72.94999694824219,21.600000381469727,50.650001525878906,1812.0,37.70000076293945,75.05000305175781,3.880000114440918,5.235803127288818,230.39999389648438,20.760000228881836,60.70000076293945,95.5,3.190000057220459,162.3000030517578,9.420000076293945,106.19999694824219,94.5,4.652135848999023,29.020000457763672,3.6700000762939453,320.25,3.1500000953674316,87.05000305175781,351.5,9.890000343322754,4.920000076293945,519.0,26.239999771118164,44.560001373291016,2.319999933242798,8.3100004196167,426.25,385.0,9.0600004196167,229.0,43.47999954223633,23.219999313354492,205.1999969482422,6.650000095367432,41.5,66.0,4435.0,15.100000381469727,8.550000190734863,2.9600000381469727,33.31999969482422,16.760000228881836,30.899999618530273,153.0,985.5,26.600000381469727,16.719999313354492,2.440000057220459,10.40999984741211,453.5,1565.0,62.20000076293945,239.8000030517578,8.039999961853027,5.71999979019165,70.19999694824219,13.960000038146973,25.719999313354492,8.369999885559082,20.360000610351562,17.709999084472656,12.899999618530273,11.390000343322754,153.3000030517578,29.399999618530273,103.4000015258789,40.060001373291016,24.0,62.54999923706055,252.25,358.25,175.1999969482422,114.30000305175781,322.5,45.959999084472656,99.6500015258789,82.55000305175781,127.69999694824219,7.639999866485596,67.0999984741211,618.5,5.329999923706055,2.819999933242798,223.0,7.369999885559082,28.0,131.1999969482422,64.0,2.226818084716797,12.2380952835083,13.539999961853027,13522.0
2026-02-09,20.559999465942383,14.829999923706055,35.91999816894531,25.65999984741211,219.5,8.670000076293945,114.0999984741211,41.86000061035156,82.5,124.69999694824219,44.540000915527344,4.570000171661377,292.0,155.89999389648438,54.79999923706055,26.1200008392334,230.5,30.34000015258789,45.15999984741211,14.270000457763672,164.1999969482422,352.0,6.690000057220459,93.80000305175781,9.069999694824219,726.0,6.849999904632568,1.8200000524520874,75.5,22.200000762939453,52.25,1852.0,39.560001373291016,75.55000305175781,4.050000190734863,5.424604892730713,241.0,21.0,62.349998474121094,97.0999984741211,3.2799999713897705,168.5,9.529999732971191,107.80000305175781,97.25,4.9688401222229,30.0,3.8499999046325684,335.25,3.2799999713897705,89.44999694824219,362.0,10.300000190734863,5.199999809265137,518.0,27.079999923706055,44.97999954223633,2.390000104904175,8.470000267028809,429.5,397.5,9.3100004196167,244.8000030517578,45.720001220703125,23.68000030517578,210.3000030517578,6.869999885559082,42.0,64.5999984741211,4530.0,15.6899995803833,8.869999885559082,3.059999942779541,33.86000061035156,17.190000534057617,31.959999084472656,157.1999969482422,999.0,27.059999465942383,18.030000686645508,2.493333101272583,10.579999923706055,458.75,1576.0,64.5,245.5,7.829999923706055,5.900000095367432,74.44999694824219,14.420000076293945,26.459999084472656,8.430000305175781,20.700000762939453,18.729999542236328,13.079999923706055,11.470000267028809,156.5,30.139999389648438,105.5,41.79999923706055,24.15999984741211,64.9000015258789,256.0,366.75,176.0,117.0,329.5,48.34000015258789,101.9000015258789,83.5999984741211,131.5,7.900000095367432,67.30000305175781,607.5,5.409999847412109,2.9000000953674316,219.8000030517578,7.610000133514404,28.3799991607666,135.8000030517578,66.75,2.266021966934204,13.023809432983398,13.899999618530273,13838.400390625
2026-02-10,20.31999969482422,14.739999771118164,35.20000076293945,25.639999389648438,219.1999969482422,8.84000015258789,112.80000305175781,42.13999938964844,82.05000305175781,123.0,44.0,4.539999961853027,298.25,153.60000610351562,54.95000076293945,26.139999389648438,228.1999969482422,30.420000076293945,45.08000183105469,14.279999732971191,161.3000030517578,349.25,6.670000076293945,91.55000305175781,9.270000457763672,769.5,7.03000020980835,1.7999999523162842,75.75,22.31999969482422,50.95000076293945,1841.0,40.20000076293945,76.5999984741211,4.099999904632568,5.62722110748291,233.5,20.860000610351562,61.54999923706055,97.1500015258789,3.25,168.10000610351562,9.609999656677246,108.5,95.3499984741211,5.011638164520264,29.200000762939453,3.8299999237060547,328.5,3.2699999809265137,91.44999694824219,365.5,10.069999694824219,5.099999904632568,519.5,26.899999618530273,45.0,2.359999895095825,8.399999618530273,429.25,390.0,9.319999694824219,239.89999389648438,45.65999984741211,23.760000228881836,206.0,6.96999979019165,43.439998626708984,65.5999984741211,4500.0,15.880000114440918,8.829999923706055,3.109999895095825,33.34000015258789,17.520000457763672,31.399999618530273,155.39999389648438,1012.0,27.760000228881836,17.8700008392334,2.546665906906128,10.380000114440918,465.5,1583.0,63.599998474121094,244.0,7.800000190734863,5.96999979019165,74.6500015258789,14.140000343322754,26.040000915527344,8.390000343322754,21.200000762939453,18.920000076293945,12.989999771118164,11.380000114440918,158.60000610351562,30.600000381469727,103.5999984741211,45.97999954223633,24.34000015258789,66.19999694824219,268.75,354.0,176.6999969482422,118.0999984741211,333.0,52.099998474121094,105.0,83.1500015258789,135.10000610351562,7.809999942779541,66.75,561.0,5.199999809265137,2.8499999046325684,214.39999389648438,7.71999979019165,29.219999313354492,132.60000610351562,66.9000015258789,2.2738630771636963,13.0,14.0,13797.0
2026-02-11,20.440000534057617,14.770000457763672,34.79999923706055,25.5,219.89999389648438,8.770000457763672,110.0999984741211,42.0,82.69999694824219,122.69999694824219,44.29999923706055,4.800000190734863,294.0,154.5,55.20000076293945,24.540000915527344,234.0,29.81999969482422,45.459999084472656,14.5600004196167,162.10000610351562,349.0,6.670000076293945,91.3499984741211,9.039999961853027,767.5,7.0,1.7599999904632568,75.4000015258789,22.8799991607666,51.5,1842.0,39.36000061035156,77.3499984741211,4.25,5.479864120483398,235.1999969482422,21.299999237060547,61.400001525878906,97.3499984741211,3.25,167.1999969482422,9.510000228881836,109.5999984741211,96.0,5.0587158203125,29.239999771118164,3.7799999713897705,323.75,3.2100000381469727,90.0,364.0,10.220000267028809,5.090000152587891,543.0,26.760000228881836,44.34000015258789,2.3499999046325684,8.239999771118164,424.75,395.0,9.739999771118164,233.5,46.380001068115234,22.68000030517578,207.39999389648438,6.940000057220459,42.220001220703125,66.69999694824219,4497.5,16.100000381469727,9.149999618530273,3.0399999618530273,31.6200008392334,16.979999542236328,31.299999237060547,155.1999969482422,1002.0,27.65999984741211,17.75,2.5066659450531006,10.699999809265137,463.25,1570.0,64.1500015258789,241.0,7.670000076293945,6.010000228881836,75.30000305175781,14.069999694824219,26.239999771118164,8.3100004196167,20.68000030517578,18.75,13.010000228881836,11.300000190734863,156.6999969482422,30.6200008392334,103.9000015258789,45.400001525878906,23.799999237060547,65.3499984741211,261.0,355.0,174.60000610351562,122.0999984741211,331.0,53.25,106.19999694824219,84.0999984741211,138.0,7.739999771118164,68.1500015258789,545.0,5.25,2.8299999237060547,215.89999389648438,7.670000076293945,28.399999618530273,134.8000030517578,67.75,2.266021966934204,12.90476131439209,14.079999923706055,13787.7998046875
2026-02-12,21.520000457763672,14.9399995803833,35.900001525878906,25.31999969482422,220.89999389648438,8.949999809265137,114.0,42.400001525878906,83.75,131.3000030517578,45.70000076293945,4.610000133514404,301.5,157.10000610351562,55.5,26.0,246.0,30.059999465942383,46.400001525878906,15.149999618530273,164.39999389648438,350.75,6.800000190734863,94.5,9.140000343322754,768.5,7.039999961853027,1.840000033378601,77.5,22.899999618530273,53.45000076293945,1922.0,39.279998779296875,80.6500015258789,4.239999771118164,5.507493019104004,239.1999969482422,22.059999465942383,62.400001525878906,99.3499984741211,3.299999952316284,166.39999389648438,9.510000228881836,111.80000305175781,102.30000305175781,5.011638164520264,29.899999618530273,3.859999895095825,331.0,3.240000009536743,91.25,370.5,10.239999771118164,5.199999809265137,556.5,27.520000457763672,46.0,2.359999895095825,8.430000305175781,427.0,413.0,9.850000381469727,236.0,46.97999954223633,22.200000762939453,221.0,7.199999809265137,42.70000076293945,67.6500015258789,4565.0,16.290000915527344,9.020000457763672,3.0799999237060547,32.279998779296875,17.389999389648438,31.8799991607666,158.39999389648438,1019.0,27.719999313354492,17.889999389648438,2.5266659259796143,10.869999885559082,473.75,1586.0,64.6500015258789,243.60000610351562,8.119999885559082,6.139999866485596,74.05000305175781,14.300000190734863,27.219999313354492,8.420000076293945,20.860000610351562,19.209999084472656,13.199999809265137,11.420000076293945,159.8000030517578,30.600000381469727,110.0,45.65999984741211,24.15999984741211,66.94999694824219,268.5,359.75,179.3000030517578,123.9000015258789,337.0,53.29999923706055,108.0999984741211,85.1500015258789,139.60000610351562,7.869999885559082,69.19999694824219,560.0,5.25,2.859999895095825,223.3000030517578,7.789999961853027,31.239999771118164,139.10000610351562,67.69999694824219,2.383635997772217,14.023809432983398,14.0,14180.5
2026-02-13,21.899999618530273,14.890000343322754,35.959999084472656,25.0,221.5,8.920000076293945,113.80000305175781,43.70000076293945,83.5999984741211,132.39999389648438,46.97999954223633,4.570000171661377,302.25,157.39999389648438,56.29999923706055,26.200000762939453,239.1999969482422,29.959999084472656,46.34000015258789,15.4399995803833,164.8000030517578,353.75,6.769999980926514,94.05000305175781,9.0,728.5,7.059999942779541,1.850000023841858,79.05000305175781,23.059999465942383,53.29999923706055,1910.0,40.20000076293945,78.0,4.340000152587891,5.516703128814697,236.8000030517578,21.700000762939453,62.650001525878906,98.9000015258789,3.299999952316284,165.5,9.420000076293945,110.80000305175781,101.0999984741211,5.131473064422607,29.579999923706055,3.9600000381469727,334.5,3.4000000953674316,94.4000015258789,374.75,10.210000038146973,5.25,540.5,27.920000076293945,45.880001068115234,2.3399999141693115,8.600000381469727,425.0,403.0,9.720000267028809,232.60000610351562,45.86000061035156,22.200000762939453,223.5,7.150000095367432,42.5,67.1500015258789,4597.5,16.260000228881836,9.359999656677246,3.0999999046325684,33.119998931884766,17.709999084472656,31.8799991607666,161.0,1012.0,30.479999542236328,18.450000762939453,2.546665906906128,10.979999542236328,478.5,1601.0,64.94999694824219,242.6999969482422,8.680000305175781,6.239999771118164,74.1500015258789,14.34000015258789,27.420000076293945,8.449999809265137,20.700000762939453,19.15999984741211,13.15999984741211,11.399999618530273,161.8000030517578,29.81999969482422,111.4000015258789,45.560001373291016,24.139999389648438,68.6500015258789,271.25,361.5,177.60000610351562,125.30000305175781,347.75,52.650001525878906,107.5999984741211,86.19999694824219,140.10000610351562,8.079999923706055,70.30000305175781,557.5,5.150000095367432,2.9200000762939453,221.60000610351562,8.069999694824219,31.459999084472656,137.5,68.30000305175781,2.4071590900421143,15.416666030883789,14.079999923706055,14180.7001953125
2026-02-16,21.81999969482422,15.300000190734863,36.2599983215332,25.040000915527344,221.0,8.84000015258789,115.80000305175781,44.099998474121094,83.5999984741211,135.3000030517578,46.52000045776367,4.329999923706055,296.5,168.60000610351562,56.75,26.799999237060547,247.10000610351562,30.559999465942383,47.2400016784668,15.5600004196167,167.8000030517578,358.0,7.090000152587891,96.5,9.170000076293945,713.5,7.190000057220459,1.9199999570846558,79.9000015258789,24.020000457763672,54.95000076293945,2018.0,40.459999084472656,78.0,4.409999847412109,5.479864120483398,241.89999389648438,22.239999771118164,63.29999923706055,98.75,3.369999885559082,167.39999389648438,9.430000305175781,112.5999984741211,102.9000015258789,5.354022026062012,30.100000381469727,4.0,344.75,3.369999885559082,95.25,377.75,10.430000305175781,5.349999904632568,542.0,27.860000610351562,47.599998474121094,2.430000066757202,8.760000228881836,435.5,443.25,10.220000267028809,237.5,46.2400016784668,22.34000015258789,224.0,7.349999904632568,42.7599983215332,66.9000015258789,4715.0,16.469999313354492,9.289999961853027,3.200000047683716,34.02000045776367,18.520000457763672,32.279998779296875,160.39999389648438,1018.0,33.52000045776367,18.6200008392334,2.5666658878326416,10.989999771118164,474.5,1630.0,65.3499984741211,258.75,9.0600004196167,6.400000095367432,74.0,14.699999809265137,27.6200008392334,8.65999984741211,21.100000381469727,19.459999084472656,13.380000114440918,11.470000267028809,164.5,30.34000015258789,112.5999984741211,44.84000015258789,24.040000915527344,69.5999984741211,271.75,365.0,178.1999969482422,127.5,347.75,53.75,109.19999694824219,87.5999984741211,140.60000610351562,8.510000228881836,72.5999984741211,558.5,5.170000076293945,2.9600000381469727,223.5,8.25,31.959999084472656,138.6999969482422,71.0999984741211,2.422840118408203,15.2380952835083,14.25,14339.2998046875
2026-02-17,21.5,15.109999656677246,36.0,25.280000686645508,225.0,8.84000015258789,112.80000305175781,44.2599983215332,85.94999694824219,131.89999389648438,44.79999923706055,4.199999809265137,294.0,185.39999389648438,56.45000076293945,26.920000076293945,247.0,30.760000228881836,48.2599983215332,16.200000762939453,167.0,349.5,7.070000171661377,98.5,8.970000267028809,689.5,7.119999885559082,1.8700000047683716,78.5,23.459999084472656,53.95000076293945,1969.0,41.0,79.9000015258789,4.489999771118164,5.401579856872559,242.1999969482422,21.760000228881836,64.69999694824219,97.5,3.390000104904175,168.1999969482422,9.6899995803833,110.4000015258789,100.0,5.148591995239258,29.100000381469727,3.990000009536743,343.5,3.359999895095825,95.25,383.25,10.5,5.349999904632568,519.0,27.959999084472656,48.34000015258789,2.4600000381469727,9.029999732971191,430.75,444.0,10.050000190734863,244.0,45.65999984741211,22.260000228881836,220.8000030517578,7.190000057220459,41.70000076293945,66.0,4695.0,16.600000381469727,9.25,3.240000009536743,34.599998474121094,18.719999313354492,32.0,158.6999969482422,1015.0,36.86000061035156,18.520000457763672,2.6600000858306885,11.010000228881836,464.25,1665.0,65.94999694824219,251.75,9.199999809265137,6.199999809265137,72.9000015258789,15.0,26.940000534057617,8.5600004196167,20.920000076293945,19.079999923706055,13.319999694824219,11.539999961853027,165.60000610351562,30.260000228881836,110.0,45.900001525878906,24.700000762939453,68.4000015258789,273.25,361.25,178.0,126.0,345.0,53.95000076293945,108.4000015258789,87.19999694824219,144.5,8.380000114440918,72.9000015258789,557.0,5.159999847412109,2.950000047683716,220.0,8.329999923706055,34.20000076293945,138.0,73.0,2.3757948875427246,14.4880952835083,13.930000305175781,14227.2998046875
2026-02-18,21.219999313354492,15.010000228881836,35.84000015258789,25.200000762939453,223.8000030517578,8.720000267028809,110.30000305175781,42.779998779296875,87.19999694824219,127.9000015258789,45.36000061035156,4.050000190734863,310.25,176.3000030517578,56.0,27.0,248.10000610351562,29.600000381469727,50.650001525878906,15.65999984741211,161.8000030517578,352.5,7.139999866485596,101.0999984741211,9.029999732971191,721.5,7.0,1.7899999618530273,77.6500015258789,22.84000015258789,55.29999923706055,1880.0,39.70000076293945,78.69999694824219,4.320000171661377,5.318690776824951,237.10000610351562,21.440000534057617,64.19999694824219,95.69999694824219,3.319999933242798,166.0,9.920000076293945,111.5999984741211,99.5,4.985960006713867,29.639999389648438,3.950000047683716,333.0,3.299999952316284,95.94999694824219,392.5,10.510000228881836,5.159999847412109,534.5,27.020000457763672,45.79999923706055,2.4100000858306885,8.59000015258789,442.25,434.0,9.760000228881836,241.1999969482422,44.880001068115234,22.200000762939453,218.10000610351562,7.0,42.0,64.0,4650.0,16.0,9.050000190734863,3.1700000762939453,33.560001373291016,18.309999465942383,31.079999923706055,157.0,1008.0,39.720001220703125,17.84000015258789,2.493333101272583,11.170000076293945,464.0,1614.0,63.5,246.0,8.779999732971191,6.079999923706055,71.3499984741211,14.859999656677246,26.3799991607666,8.449999809265137,21.0,18.5,13.050000190734863,11.329999923706055,163.8000030517578,29.979999542236328,109.0,44.08000183105469,24.18000030517578,67.94999694824219,280.0,338.75,176.8000030517578,124.5999984741211,328.25,54.95000076293945,110.5,87.0,151.6999969482422,7.75,72.6500015258789,548.0,5.190000057220459,2.869999885559082,222.10000610351562,7.960000038146973,33.060001373291016,135.10000610351562,76.0,2.305227041244507,14.666666030883789,13.5,14259.900390625
2026-02-19,19.90999984741211,14.25,34.720001220703125,25.979999542236328,218.89999389648438,8.479999542236328,105.0,40.79999923706055,85.55000305175781,120.80000305175781,42.099998474121094,3.7899999618530273,307.0,166.1999969482422,53.29999923706055,25.420000076293945,250.5,27.440000534057617,49.2400016784668,15.199999809265137,156.0,345.0,6.889999866485596,95.25,8.5600004196167,675.0,6.760000228881836,1.7100000381469727,75.0999984741211,22.079999923706055,52.79999923706055,1790.0,38.34000015258789,75.5999984741211,4.190000057220459,5.0838398933410645,226.5,20.299999237060547,61.29999923706055,89.75,3.140000104904175,163.5,10.300000190734863,108.0,99.5,4.686374187469482,29.420000076293945,3.6700000762939453,311.75,3.119999885559082,88.6500015258789,384.0,9.9399995803833,4.860000133514404,519.5,25.5,43.20000076293945,2.309999942779541,8.210000038146973,418.25,477.25,9.15999984741211,231.89999389648438,43.97999954223633,21.399999618530273,214.1999969482422,6.679999828338623,40.70000076293945,62.0,4447.5,15.640000343322754,8.510000228881836,3.119999885559082,31.700000762939453,17.469999313354492,30.0,152.39999389648438,969.0,38.2400016784668,16.600000381469727,2.3399999141693115,11.199999809265137,460.0,1559.0,60.25,233.8000030517578,8.100000381469727,5.75,68.94999694824219,13.90999984741211,24.860000610351562,8.039999961853027,19.959999084472656,17.3799991607666,12.40999984741211,10.850000381469727,160.0,28.559999465942383,104.0999984741211,41.400001525878906,23.520000457763672,67.55000305175781,266.0,323.0,170.5,120.19999694824219,312.5,54.79999923706055,110.0,84.9000015258789,151.1999969482422,7.320000171661377,69.8499984741211,534.0,4.860000133514404,2.680000066757202,221.5,7.420000076293945,31.200000762939453,126.5999984741211,70.75,2.179771900177002,14.452380180358887,12.699999809265137,13804.2001953125
2026-02-20,20.020000457763672,14.329999923706055,35.0,25.600000381469727,216.10000610351562,8.5,104.80000305175781,41.18000030517578,85.0,120.5,42.0,3.759999990463257,313.25,164.0,53.20000076293945,26.0,250.75,27.899999618530273,49.540000915527344,15.289999961853027,156.6999969482422,342.0,7.150000095367432,95.05000305175781,8.800000190734863,670.0,6.789999961853027,1.7100000381469727,73.6500015258789,22.280000686645508,53.849998474121094,1810.0,39.060001373291016,75.0999984741211,4.139999866485596,5.033185958862305,225.10000610351562,20.399999618530273,63.650001525878906,92.30000305175781,3.119999885559082,166.0,10.010000228881836,107.5,102.0,4.771969795227051,30.059999465942383,4.03000020980835,315.5,3.190000057220459,92.55000305175781,382.75,10.170000076293945,4.900000095367432,528.0,25.479999542236328,43.380001068115234,2.430000066757202,8.270000457763672,417.5,450.25,8.539999961853027,227.5,43.91999816894531,21.979999542236328,214.3000030517578,6.679999828338623,40.959999084472656,63.5,4482.5,15.720000267028809,8.40999984741211,3.180000066757202,32.20000076293945,17.5,31.0,151.89999389648438,960.0,34.79999923706055,16.6299991607666,2.366666078567505,11.289999961853027,468.5,1582.0,60.20000076293945,257.0,8.329999923706055,5.75,70.0,14.130000114440918,25.280000686645508,8.100000381469727,19.850000381469727,17.389999389648438,12.350000381469727,10.9399995803833,159.1999969482422,28.540000915527344,105.30000305175781,42.81999969482422,23.799999237060547,68.69999694824219,267.5,328.75,172.89999389648438,122.80000305175781,320.5,57.099998474121094,114.69999694824219,84.05000305175781,156.0,7.400000095367432,70.44999694824219,538.0,4.920000076293945,2.690000057220459,221.60000610351562,7.489999771118164,32.02000045776367,130.10000610351562,72.30000305175781,2.179771900177002,14.678570747375488,12.6899995803833,13934.099609375
2026-02-23,20.34000015258789,14.720000267028809,35.099998474121094,25.459999084472656,224.1999969482422,8.539999961853027,105.0999984741211,41.31999969482422,83.80000305175781,124.4000015258789,41.220001220703125,3.740000009536743,310.5,169.1999969482422,53.849998474121094,25.899999618530273,254.0,28.040000915527344,49.599998474121094,15.770000457763672,157.39999389648438,344.5,7.050000190734863,98.05000305175781,9.0,701.0,6.820000171661377,1.7100000381469727,74.1500015258789,21.84000015258789,54.150001525878906,1799.0,38.720001220703125,74.25,4.039999961853027,5.023975849151611,228.0,21.100000381469727,64.5999984741211,91.5,3.140000104904175,165.0,9.989999771118164,109.0,103.0,4.8019280433654785,31.479999542236328,4.429999828338623,315.0,3.25,92.69999694824219,397.0,10.25,4.929999828338623,506.0,25.899999618530273,43.599998474121094,2.380000114440918,8.5,417.0,485.25,8.460000038146973,240.39999389648438,45.5,22.020000457763672,216.39999389648438,6.630000114440918,40.86000061035156,63.20000076293945,4447.5,16.15999984741211,8.279999732971191,3.1500000953674316,33.7599983215332,17.459999084472656,30.979999542236328,149.8000030517578,971.5,36.0,18.190000534057617,2.3333330154418945,11.40999984741211,468.0,1583.0,60.5,264.25,8.390000343322754,6.039999961853027,68.30000305175781,14.149999618530273,25.479999542236328,8.3100004196167,19.84000015258789,18.0,12.5,10.930000305175781,161.8000030517578,30.760000228881836,106.30000305175781,41.91999816894531,23.940000534057617,68.30000305175781,267.25,327.75,171.89999389648438,123.0999984741211,315.75,61.20000076293945,117.0,84.0,164.89999389648438,7.429999828338623,70.6500015258789,541.0,4.920000076293945,2.7100000381469727,227.0,7.510000228881836,31.799999237060547,130.8000030517578,79.5,2.2032949924468994,14.761903762817383,12.40999984741211,14061.7001953125
2026-02-24,20.18000030517578,14.489999771118164,34.84000015258789,24.959999084472656,223.8000030517578,8.449999809265137,105.0,40.79999923706055,86.1500015258789,121.0,40.939998626708984,3.680000066757202,309.0,160.89999389648438,53.54999923706055,25.760000228881836,252.0,28.579999923706055,49.13999938964844,15.880000114440918,155.3000030517578,345.25,6.869999885559082,95.69999694824219,9.010000228881836,709.5,6.71999979019165,1.6799999475479126,74.25,21.6200008392334,54.0,1784.0,37.959999084472656,73.5,3.9700000286102295,4.950296878814697,224.5,21.200000762939453,64.25,90.6500015258789,3.119999885559082,165.0,9.819999694824219,111.0,103.0,4.810488224029541,31.979999542236328,4.869999885559082,310.0,3.180000066757202,91.05000305175781,386.0,10.0600004196167,4.889999866485596,514.0,27.200000762939453,43.18000030517578,2.380000114440918,8.350000381469727,408.0,475.25,8.119999885559082,232.89999389648438,44.5,22.299999237060547,210.1999969482422,6.510000228881836,40.0,61.75,4440.0,15.75,8.3100004196167,3.2300000190734863,33.08000183105469,17.1299991607666,30.299999237060547,147.10000610351562,950.0,35.86000061035156,16.959999084472656,2.346666097640991,11.550000190734863,473.0,1563.0,59.150001525878906,272.5,8.819999694824219,5.960000038146973,67.9000015258789,14.029999732971191,25.280000686645508,8.380000114440918,19.309999465942383,17.969999313354492,12.270000457763672,10.710000038146973,161.5,30.84000015258789,106.30000305175781,41.65999984741211,23.5,70.0,265.0,320.0,170.1999969482422,121.5,308.5,61.0,115.9000015258789,83.1500015258789,162.3000030517578,7.349999904632568,70.19999694824219,534.5,4.860000133514404,2.6700000762939453,222.0,7.360000133514404,30.799999237060547,129.60000610351562,83.1500015258789,2.171931028366089,14.440476417541504,12.319999694824219,14050.7998046875
2026-02-25,19.600000381469727,15.119999885559082,33.86000061035156,24.020000457763672,218.0,8.270000457763672,105.19999694824219,40.060001373291016,85.6500015258789,118.80000305175781,39.599998474121094,3.940000057220459,306.25,153.5,52.25,25.600000381469727,251.75,28.84000015258789,48.70000076293945,15.5,152.8000030517578,341.75,6.71999979019165,92.5999984741211,8.84000015258789,685.5,6.53000020980835,1.6699999570846558,72.44999694824219,20.8799991607666,52.650001525878906,1757.0,37.119998931884766,70.4000015258789,4.0,4.964111804962158,218.8000030517578,21.200000762939453,62.70000076293945,90.5999984741211,3.049999952316284,162.0,9.5600004196167,109.4000015258789,101.80000305175781,4.600778102874756,31.3799991607666,4.800000190734863,305.5,3.490000009536743,88.4000015258789,370.5,9.850000381469727,4.71999979019165,511.5,26.0,41.58000183105469,2.380000114440918,8.039999961853027,395.25,454.0,7.800000190734863,230.60000610351562,44.220001220703125,22.299999237060547,204.60000610351562,6.130000114440918,39.599998474121094,60.0,4390.0,15.260000228881836,8.020000457763672,3.1500000953674316,32.20000076293945,16.719999313354492,29.700000762939453,147.10000610351562,944.5,35.13999938964844,15.970000267028809,2.486665964126587,11.399999618530273,464.0,1547.0,58.20000076293945,267.0,8.5,6.0,66.0,14.029999732971191,25.260000228881836,8.260000228881836,19.209999084472656,17.649999618530273,11.9399995803833,10.300000190734863,162.8000030517578,30.639999389648438,103.69999694824219,41.5,23.200000762939453,69.0,264.5,323.0,168.0,121.0,307.0,59.599998474121094,114.0,83.75,165.0,7.099999904632568,71.0,529.0,4.730000019073486,2.609999895095825,217.6999969482422,7.239999771118164,28.799999237060547,126.69999694824219,77.0999984741211,2.109204053878784,15.880951881408691,11.9399995803833,13809.900390625
2026-02-26,19.399999618530273,14.829999923706055,33.70000076293945,24.959999084472656,217.0,8.25,104.80000305175781,40.20000076293945,85.80000305175781,118.5999984741211,40.900001525878906,4.079999923706055,311.0,150.89999389648438,52.70000076293945,25.360000610351562,247.0,31.719999313354492,47.79999923706055,15.109999656677246,154.5,338.75,6.710000038146973,92.55000305175781,8.949999809265137,720.0,6.510000228881836,1.649999976158142,71.5999984741211,20.540000915527344,53.349998474121094,1789.0,36.119998931884766,70.5999984741211,3.950000047683716,5.01016092300415,221.0,21.18000030517578,63.0,91.55000305175781,3.059999942779541,160.1999969482422,9.899999618530273,111.69999694824219,101.80000305175781,4.5879387855529785,31.899999618530273,5.110000133514404,308.0,3.3499999046325684,88.4000015258789,366.0,9.800000190734863,4.699999809265137,528.0,26.65999984741211,43.5,2.3299999237060547,8.029999732971191,393.0,453.0,7.949999809265137,235.6999969482422,45.459999084472656,22.0,205.1999969482422,5.980000019073486,39.540000915527344,61.5,4397.5,15.029999732971191,7.900000095367432,3.140000104904175,32.08000183105469,16.65999984741211,29.739999771118164,142.10000610351562,932.5,36.02000045776367,15.880000114440918,2.3866660594940186,11.329999923706055,453.0,1551.0,58.25,270.75,8.380000114440918,6.019999980926514,64.94999694824219,14.039999961853027,25.399999618530273,8.229999542236328,20.15999984741211,17.719999313354492,11.90999984741211,10.279999732971191,159.0,31.760000228881836,105.0,40.65999984741211,23.920000076293945,66.30000305175781,264.75,326.0,167.0,120.80000305175781,311.5,59.45000076293945,117.5,84.0,166.6999969482422,7.099999904632568,71.1500015258789,536.0,4.670000076293945,2.5899999141693115,215.89999389648438,7.260000228881836,28.0,126.69999694824219,77.0,2.171931028366089,14.714284896850586,11.6899995803833,13878.5
2026-02-27,18.950000762939453,14.529999732971191,33.779998779296875,24.8799991607666,217.10000610351562,8.220000267028809,102.4000015258789,40.400001525878906,84.55000305175781,115.19999694824219,40.0,3.9200000762939453,322.0,147.0,52.20000076293945,25.31999969482422,245.8000030517578,34.20000076293945,47.400001525878906,14.699999809265137,153.8000030517578,333.75,6.619999885559082,90.6500015258789,9.020000457763672,648.0,6.329999923706055,1.6100000143051147,71.19999694824219,20.600000381469727,51.20000076293945,1742.0,35.68000030517578,70.4000015258789,3.7100000381469727,4.904248237609863,219.0,20.1200008392334,65.0,90.75,3.069999933242798,160.39999389648438,10.020000457763672,107.4000015258789,101.69999694824219,4.438146114349365,32.65999984741211,5.0,300.0,3.6500000953674316,89.55000305175781,362.25,10.09000015258789,4.579999923706055,532.0,25.8799991607666,41.7400016784668,2.2899999618530273,7.909999847412109,394.0,407.75,8.0,231.5,44.58000183105469,21.799999237060547,199.60000610351562,6.039999961853027,40.0,60.75,4350.0,15.149999618530273,7.900000095367432,3.130000114440918,31.600000381469727,16.579999923706055,29.760000228881836,138.39999389648438,921.0,34.58000183105469,15.899999618530273,2.2799999713897705,11.210000038146973,437.0,1519.0,58.0,272.0,8.380000114440918,5.880000114440918,64.0,14.0600004196167,24.5,8.130000114440918,19.479999542236328,17.290000915527344,11.789999961853027,9.949999809265137,167.60000610351562,32.36000061035156,100.80000305175781,40.31999969482422,24.0,63.75,260.25,309.0,164.5,115.80000305175781,307.5,61.0,121.9000015258789,85.0999984741211,168.8000030517578,6.989999771118164,67.94999694824219,511.0,4.650000095367432,2.430000066757202,218.5,7.199999809265137,28.520000457763672,123.5,78.3499984741211,2.1248860359191895,13.359999656677246,11.5,13717.7998046875
2026-03-02,18.399999618530273,15.0,32.599998474121094,24.200000762939453,209.6999969482422,7.980000019073486,100.69999694824219,38.279998779296875,84.1500015258789,110.9000015258789,39.0,3.75,340.0,144.6999969482422,50.29999923706055,24.899999618530273,250.0,36.13999938964844,47.58000183105469,14.399999618530273,144.60000610351562,337.25,6.269999980926514,86.6500015258789,8.600000381469727,583.5,6.070000171661377,1.5099999904632568,69.75,20.799999237060547,49.0,1642.0,34.619998931884766,66.0999984741211,3.619999885559082,4.598020076751709,202.5,19.780000686645508,63.20000076293945,87.05000305175781,2.9100000858306885,152.5,9.680000305175781,105.69999694824219,97.75,4.262673854827881,31.5,5.5,285.25,3.680000066757202,97.69999694824219,349.25,9.329999923706055,4.340000152587891,533.0,25.0,41.29999923706055,2.1700000762939453,7.539999961853027,373.5,367.0,7.260000228881836,254.5,43.20000076293945,21.719999313354492,195.39999389648438,5.849999904632568,38.599998474121094,56.95000076293945,4132.5,14.600000381469727,7.630000114440918,3.0299999713897705,30.079999923706055,15.859999656677246,31.200000762939453,137.89999389648438,890.0,31.5,15.529999732971191,2.2466659545898438,10.760000228881836,436.75,1434.0,54.79999923706055,268.5,7.949999809265137,5.71999979019165,64.30000305175781,13.550000190734863,23.780000686645508,7.71999979019165,18.100000381469727,17.850000381469727,11.600000381469727,9.510000228881836,162.8000030517578,30.079999923706055,96.05000305175781,38.2400016784668,23.239999771118164,63.849998474121094,250.0,303.75,158.89999389648438,114.0,289.0,58.650001525878906,116.9000015258789,80.5,161.8000030517578,6.599999904632568,65.80000305175781,475.0,4.400000095367432,2.2899999618530273,224.8000030517578,6.769999980926514,27.079999923706055,121.9000015258789,73.5,2.030795097351074,12.029999732971191,11.029999732971191,13346.400390625
2026-03-03,18.549999237060547,14.649999618530273,31.31999969482422,23.68000030517578,214.6999969482422,7.829999923706055,97.94999694824219,38.040000915527344,82.80000305175781,109.0999984741211,37.880001068115234,3.700000047683716,322.25,153.0,50.0,24.860000610351562,256.75,38.34000015258789,48.08000183105469,13.630000114440918,144.5,326.5,6.349999904632568,82.55000305175781,8.819999694824219,536.5,6.03000020980835,1.5,65.80000305175781,20.65999984741211,47.2400016784668,1648.0,37.060001373291016,64.5999984741211,3.890000104904175,4.637162208557129,197.5,19.420000076293945,63.0,88.6500015258789,2.8299999237060547,150.0,9.449999809265137,103.9000015258789,93.0999984741211,4.254115104675293,29.139999389648438,6.050000190734863,282.25,3.8499999046325684,93.0,353.5,9.229999542236328,4.349999904632568,517.5,24.3799991607666,41.5,2.1700000762939453,7.460000038146973,410.75,330.5,7.110000133514404,279.75,41.02000045776367,21.420000076293945,189.10000610351562,5.880000114440918,37.599998474121094,56.20000076293945,4130.0,14.90999984741211,7.599999904632568,2.9600000381469727,30.239999771118164,15.720000267028809,30.260000228881836,137.3000030517578,886.0,31.5,16.280000686645508,2.2200000286102295,10.180000305175781,430.0,1392.0,55.650001525878906,260.0,7.789999961853027,5.860000133514404,65.1500015258789,13.430000305175781,23.020000457763672,8.069999694824219,18.049999237060547,19.149999618530273,11.75,9.75,158.10000610351562,29.559999465942383,92.0,36.900001525878906,21.959999084472656,62.5,243.60000610351562,293.75,158.5,113.30000305175781,287.0,52.79999923706055,112.80000305175781,78.30000305175781,151.10000610351562,6.590000152587891,63.95000076293945,461.75,4.369999885559082,2.3299999237060547,235.0,6.800000190734863,27.799999237060547,117.0999984741211,74.30000305175781,1.9994310140609741,11.479999542236328,11.039999961853027,12933.400390625
2026-03-04,18.700000762939453,14.619999885559082,31.280000686645508,23.639999389648438,217.39999389648438,8.199999809265137,98.69999694824219,38.08000183105469,82.80000305175781,111.4000015258789,39.2400016784668,3.680000066757202,333.0,155.39999389648438,49.31999969482422,25.579999923706055,244.0,41.52000045776367,46.5,13.529999732971191,143.8000030517578,329.75,6.309999942779541,83.25,8.84000015258789,522.5,6.199999809265137,1.4900000095367432,68.9000015258789,20.540000915527344,47.5,1661.0,38.5,64.3499984741211,3.680000066757202,4.604927062988281,192.60000610351562,19.8799991607666,62.29999923706055,90.4000015258789,2.8399999141693115,151.0,9.350000381469727,102.0,93.05000305175781,4.266953945159912,28.860000610351562,6.650000095367432,287.0,4.230000019073486,90.75,350.75,9.539999961853027,4.550000190734863,497.75,24.200000762939453,41.20000076293945,2.1700000762939453,7.579999923706055,404.5,297.75,7.190000057220459,300.0,41.5,21.81999969482422,190.10000610351562,6.269999980926514,36.65999984741211,56.70000076293945,4107.5,15.479999542236328,7.75,3.009999990463257,30.299999237060547,16.049999237060547,31.059999465942383,138.39999389648438,896.5,30.420000076293945,16.729999542236328,2.240000009536743,9.399999618530273,419.5,1401.0,55.849998474121094,267.75,7.71999979019165,5.820000171661377,65.3499984741211,13.300000190734863,23.579999923706055,8.300000190734863,19.290000915527344,18.670000076293945,11.649999618530273,9.760000228881836,160.0,29.899999618530273,93.80000305175781,36.81999969482422,21.760000228881836,61.04999923706055,247.1999969482422,305.75,160.0,111.0,287.75,51.849998474121094,107.5999984741211,79.8499984741211,148.89999389648438,6.690000057220459,62.45000076293945,467.5,4.090000152587891,2.3499999046325684,231.0,6.789999961853027,28.059999465942383,118.80000305175781,70.55000305175781,1.9837499856948853,11.369999885559082,10.970000267028809,12943.2001953125
2026-03-05,18.75,15.119999885559082,30.920000076293945,23.959999084472656,217.60000610351562,8.319999694824219,97.5,38.439998626708984,83.55000305175781,112.19999694824219,41.099998474121094,3.7100000381469727,345.0,168.8000030517578,50.099998474121094,27.18000030517578,251.5,37.380001068115234,46.099998474121094,13.960000038146973,145.1999969482422,322.5,6.389999866485596,85.55000305175781,9.079999923706055,527.5,6.269999980926514,1.5,71.5,20.860000610351562,48.68000030517578,1787.0,37.959999084472656,66.4000015258789,3.5999999046325684,4.646371841430664,194.60000610351562,20.18000030517578,63.79999923706055,90.94999694824219,2.940000057220459,152.39999389648438,9.449999809265137,102.80000305175781,93.19999694824219,4.331151008605957,28.8799991607666,5.989999771118164,298.0,4.650000095367432,92.5999984741211,360.75,9.819999694824219,4.650000095367432,501.5,24.65999984741211,39.939998626708984,2.2200000286102295,7.71999979019165,400.0,327.5,7.360000133514404,320.0,42.0,22.1200008392334,192.5,6.260000228881836,36.52000045776367,57.75,4150.0,17.010000228881836,8.300000190734863,3.0299999713897705,30.799999237060547,16.06999969482422,31.899999618530273,140.5,915.0,31.5,17.040000915527344,2.286665916442871,9.65999984741211,422.0,1423.0,56.29999923706055,281.25,7.610000133514404,5.860000133514404,68.30000305175781,13.59000015258789,23.920000076293945,8.699999809265137,18.969999313354492,19.3799991607666,11.75,9.979999542236328,159.5,30.65999984741211,93.4000015258789,37.91999816894531,22.3799991607666,60.849998474121094,252.75,302.5,161.39999389648438,109.69999694824219,284.25,50.849998474121094,108.0,80.4000015258789,146.5,6.800000190734863,61.20000076293945,460.0,4.170000076293945,2.369999885559082,246.8000030517578,6.929999828338623,27.959999084472656,119.9000015258789,72.5999984741211,2.148408889770508,11.430000305175781,11.109999656677246,13078.900390625
2026-03-06,16.889999389648438,15.09000015258789,29.68000030517578,24.100000381469727,224.10000610351562,8.319999694824219,93.05000305175781,37.619998931884766,82.3499984741211,109.0,39.86000061035156,3.630000114440918,333.5,152.6999969482422,49.7599983215332,26.84000015258789,253.5,33.65999984741211,46.099998474121094,13.699999809265137,142.6999969482422,310.5,6.210000038146973,85.55000305175781,8.710000038146973,489.25,6.130000114440918,1.4900000095367432,70.4000015258789,20.34000015258789,48.0,1725.0,35.400001525878906,64.3499984741211,3.5899999141693115,4.5542731285095215,194.6999969482422,19.8799991607666,62.04999923706055,100.0,2.8499999046325684,152.0,9.210000038146973,103.5,89.5999984741211,4.279794216156006,28.200000762939453,5.679999828338623,291.0,4.639999866485596,89.55000305175781,370.75,9.260000228881836,4.440000057220459,523.0,23.940000534057617,37.34000015258789,2.2100000381469727,7.460000038146973,412.5,294.75,7.25,335.0,41.0,21.579999923706055,187.1999969482422,6.03000020980835,35.5,56.79999923706055,4102.5,16.100000381469727,8.199999809265137,2.9200000762939453,29.979999542236328,15.9399995803833,32.08000183105469,137.6999969482422,909.0,31.280000686645508,17.239999771118164,2.299999952316284,9.369999885559082,414.5,1403.0,54.75,288.0,7.329999923706055,5.869999885559082,67.94999694824219,13.369999885559082,23.5,8.399999618530273,19.100000381469727,18.399999618530273,11.529999732971191,9.75,155.3000030517578,30.040000915527344,90.0,37.5,22.0,59.75,249.39999389648438,291.25,159.39999389648438,107.5,276.75,51.79999923706055,106.80000305175781,79.80000305175781,146.5,6.639999866485596,59.099998474121094,465.0,4.369999885559082,2.2899999618530273,258.0,6.800000190734863,27.0,115.80000305175781,74.0,2.148408889770508,10.670000076293945,10.649999618530273,12792.7998046875
2026-03-09,16.889999389648438,15.199999809265137,29.079999923706055,24.260000228881836,224.3000030517578,8.300000190734863,92.6500015258789,36.720001220703125,83.0,107.5999984741211,39.36000061035156,3.4800000190734863,319.0,147.39999389648438,49.060001373291016,27.940000534057617,248.8000030517578,32.91999816894531,46.20000076293945,14.399999618530273,139.5,319.75,6.400000095367432,85.69999694824219,8.850000381469727,497.0,6.090000152587891,1.4700000286102295,67.55000305175781,20.34000015258789,47.119998931884766,1729.0,34.720001220703125,59.04999923706055,3.559999942779541,4.485198974609375,192.89999389648438,20.040000915527344,60.95000076293945,107.0,2.799999952316284,150.89999389648438,8.9399995803833,104.80000305175781,92.0999984741211,4.408186912536621,28.31999969482422,5.619999885559082,284.5,4.21999979019165,88.9000015258789,341.0,9.34000015258789,4.46999979019165,488.25,24.799999237060547,39.0,2.200000047683716,7.380000114440918,410.75,271.0,7.25,348.5,41.31999969482422,20.899999618530273,187.8000030517578,5.909999847412109,34.47999954223633,56.0,4050.0,15.949999809265137,8.760000228881836,2.940000057220459,29.540000915527344,16.0,33.099998474121094,134.60000610351562,898.5,31.739999771118164,18.079999923706055,2.2666659355163574,9.630000114440918,415.5,1376.0,53.79999923706055,275.75,7.440000057220459,6.0,63.599998474121094,13.289999961853027,22.719999313354492,8.25,19.579999923706055,17.6299991607666,11.779999732971191,10.720000267028809,153.8000030517578,30.979999542236328,91.05000305175781,38.7400016784668,22.0,59.150001525878906,246.3000030517578,286.25,160.3000030517578,106.9000015258789,282.0,50.400001525878906,103.9000015258789,77.6500015258789,147.0,6.550000190734863,58.900001525878906,440.0,4.25,2.299999952316284,250.25,6.71999979019165,27.260000228881836,114.5999984741211,66.5999984741211,2.171931028366089,10.399999618530273,11.0600004196167,12702.0
2026-03-10,17.579999923706055,15.760000228881836,30.0,23.860000610351562,224.0,8.449999809265137,96.19999694824219,38.2599983215332,85.80000305175781,114.0,41.13999938964844,3.7100000381469727,334.25,151.1999969482422,50.5,28.0,244.0,33.279998779296875,46.939998626708984,14.890000343322754,144.5,326.25,6.449999809265137,89.0,9.0,546.5,6.199999809265137,1.5099999904632568,71.0999984741211,20.940000534057617,49.400001525878906,1811.0,36.18000030517578,60.70000076293945,3.7100000381469727,4.678606033325195,201.1999969482422,21.540000915527344,62.900001525878906,108.4000015258789,2.9000000953674316,151.39999389648438,9.220000267028809,111.0,93.44999694824219,4.489503860473633,29.31999969482422,6.179999828338623,297.25,4.639999866485596,91.80000305175781,341.0,9.5600004196167,4.599999904632568,521.5,25.600000381469727,39.720001220703125,2.2699999809265137,7.699999809265137,410.0,281.5,7.510000228881836,333.0,42.34000015258789,21.600000381469727,193.5,6.139999866485596,37.91999816894531,57.5,4130.0,17.540000915527344,9.020000457763672,3.0299999713897705,30.920000076293945,16.59000015258789,35.0,141.0,955.0,33.060001373291016,18.149999618530273,2.313333034515381,10.460000038146973,445.25,1422.0,55.75,293.25,7.840000152587891,6.070000171661377,65.5999984741211,13.800000190734863,23.459999084472656,8.399999618530273,21.520000457763672,17.770000457763672,11.970000267028809,10.8100004196167,156.89999389648438,32.47999954223633,95.69999694824219,39.900001525878906,22.360000610351562,58.599998474121094,253.75,300.75,164.8000030517578,111.5,297.0,55.400001525878906,112.69999694824219,82.5,155.89999389648438,6.840000152587891,61.54999923706055,450.5,4.380000114440918,2.359999895095825,248.0,6.920000076293945,27.65999984741211,119.9000015258789,67.5999984741211,2.2817039489746094,11.4399995803833,11.380000114440918,13175.7001953125
2026-03-11,17.450000762939453,15.819999694824219,29.420000076293945,23.479999542236328,225.89999389648438,8.449999809265137,93.44999694824219,37.900001525878906,87.19999694824219,113.0999984741211,40.81999969482422,3.75,335.75,153.10000610351562,49.5,26.15999984741211,250.5,32.79999923706055,46.70000076293945,14.970000267028809,144.0,347.25,6.400000095367432,89.75,8.930000305175781,536.5,6.179999828338623,1.5199999809265137,71.0,20.579999923706055,48.70000076293945,1869.0,35.400001525878906,59.599998474121094,3.609999895095825,4.6279520988464355,199.3000030517578,21.459999084472656,62.04999923706055,107.9000015258789,2.890000104904175,150.5,9.149999618530273,115.0,90.69999694824219,4.53230094909668,28.959999084472656,6.070000171661377,295.0,4.449999809265137,91.0999984741211,322.75,9.579999923706055,4.679999828338623,520.5,25.239999771118164,39.29999923706055,2.259999990463257,8.470000267028809,404.0,274.0,7.349999904632568,366.25,42.31999969482422,21.5,192.3000030517578,6.039999961853027,40.13999938964844,57.45000076293945,4060.0,19.290000915527344,8.479999542236328,3.009999990463257,30.15999984741211,16.299999237060547,34.70000076293945,139.39999389648438,976.5,34.36000061035156,17.700000762939453,2.2799999713897705,10.369999885559082,436.75,1410.0,56.70000076293945,307.0,7.71999979019165,6.0,64.0,13.649999618530273,23.18000030517578,8.279999732971191,22.0,17.760000228881836,11.739999771118164,10.380000114440918,158.89999389648438,32.400001525878906,96.0,40.52000045776367,22.040000915527344,57.099998474121094,258.0,302.5,164.1999969482422,109.0999984741211,294.75,53.45000076293945,109.5999984741211,81.30000305175781,150.8000030517578,6.880000114440918,61.70000076293945,453.75,4.349999904632568,2.3299999237060547,248.3000030517578,7.099999904632568,27.299999237060547,112.4000015258789,69.69999694824219,2.2032949924468994,12.579999923706055,11.270000457763672,13200.400390625
2026-03-12,17.639999389648438,16.059999465942383,29.299999237060547,23.459999084472656,225.0,8.489999771118164,92.80000305175781,38.18000030517578,91.80000305175781,111.80000305175781,42.5,3.819999933242798,330.0,151.10000610351562,48.68000030517578,25.15999984741211,256.5,34.939998626708984,49.060001373291016,14.15999984741211,144.60000610351562,354.25,6.400000095367432,90.0999984741211,9.0,529.0,6.190000057220459,1.600000023841858,71.0999984741211,21.479999542236328,48.400001525878906,1819.0,35.97999954223633,60.25,3.5799999237060547,4.595717906951904,198.3000030517578,21.280000686645508,63.20000076293945,112.0,2.9000000953674316,151.3000030517578,9.270000457763672,118.9000015258789,91.30000305175781,4.343990802764893,28.65999984741211,5.789999961853027,295.5,4.389999866485596,93.44999694824219,329.75,10.300000190734863,4.75,527.5,25.399999618530273,38.65999984741211,2.25,8.649999618530273,398.75,267.5,7.420000076293945,389.0,42.060001373291016,21.399999618530273,195.5,6.039999961853027,40.15999984741211,57.349998474121094,4080.0,18.6299991607666,8.420000076293945,2.950000047683716,31.100000381469727,16.260000228881836,34.900001525878906,137.60000610351562,998.5,33.400001525878906,17.0,2.2799999713897705,10.0,439.0,1409.0,57.25,308.75,7.480000019073486,6.199999809265137,63.400001525878906,13.6899995803833,23.280000686645508,8.15999984741211,23.059999465942383,18.899999618530273,11.770000457763672,11.0600004196167,159.5,32.18000030517578,95.5999984741211,41.099998474121094,22.0,56.95000076293945,256.25,297.25,155.60000610351562,111.30000305175781,292.75,54.29999923706055,110.4000015258789,84.3499984741211,152.89999389648438,6.880000114440918,61.849998474121094,460.75,4.320000171661377,2.359999895095825,264.75,7.809999942779541,26.979999542236328,110.5999984741211,69.0,2.171931028366089,13.829999923706055,11.170000076293945,13286.099609375
2026-03-13,17.290000915527344,16.280000686645508,28.940000534057617,22.8799991607666,222.60000610351562,8.470000267028809,89.80000305175781,37.58000183105469,97.19999694824219,111.80000305175781,41.119998931884766,4.019999980926514,322.25,147.0,47.08000183105469,24.799999237060547,264.75,34.900001525878906,50.099998474121094,14.359999656677246,143.89999389648438,353.5,6.28000020980835,90.4000015258789,9.0,518.0,6.190000057220459,1.5299999713897705,70.0,21.020000457763672,49.13999938964844,1774.0,35.41999816894531,60.599998474121094,3.930000066757202,4.57269287109375,198.39999389648438,21.260000228881836,62.400001525878906,115.30000305175781,2.9200000762939453,149.3000030517578,9.1899995803833,120.30000305175781,93.6500015258789,4.4467058181762695,28.399999618530273,5.639999866485596,293.0,4.420000076293945,93.55000305175781,331.0,10.539999961853027,4.650000095367432,521.0,25.059999465942383,38.58000183105469,2.2200000286102295,8.420000076293945,382.5,264.5,7.380000114440918,419.0,41.70000076293945,21.219999313354492,193.8000030517578,5.900000095367432,40.15999984741211,56.0,4035.0,20.479999542236328,8.270000457763672,2.9000000953674316,30.81999969482422,16.030000686645508,34.91999816894531,136.8000030517578,990.0,32.70000076293945,16.700000762939453,2.2666659355163574,9.859999656677246,429.0,1396.0,60.099998474121094,321.0,7.650000095367432,6.010000228881836,62.70000076293945,13.470000267028809,23.020000457763672,7.989999771118164,22.3799991607666,20.139999389648438,11.520000457763672,11.1899995803833,159.39999389648438,32.439998626708984,94.9000015258789,43.900001525878906,21.68000030517578,54.79999923706055,258.25,296.75,153.60000610351562,108.80000305175781,292.25,53.0,108.0,84.94999694824219,148.6999969482422,6.739999771118164,60.900001525878906,460.0,4.260000228881836,2.3299999237060547,263.5,7.829999923706055,26.520000457763672,109.0,67.6500015258789,2.1640899181365967,13.6899995803833,11.15999984741211,13092.900390625
2026-03-16,17.190000534057617,17.170000076293945,28.600000381469727,22.100000381469727,220.8000030517578,8.430000305175781,89.0999984741211,37.79999923706055,104.0,113.0,40.900001525878906,3.799999952316284,320.5,149.5,48.47999954223633,25.65999984741211,241.0,36.63999938964844,49.099998474121094,14.180000305175781,142.0,341.5,6.230000019073486,85.0999984741211,9.130000114440918,511.0,6.199999809265137,1.5399999618530273,70.1500015258789,20.920000076293945,49.68000030517578,1756.0,36.380001068115234,60.849998474121094,3.930000066757202,4.512828826904297,195.89999389648438,21.0,63.0,124.30000305175781,2.880000114440918,149.1999969482422,8.869999885559082,119.0999984741211,94.25,4.365388870239258,28.15999984741211,5.5,294.5,4.739999771118164,96.5,329.0,9.970000267028809,4.570000171661377,511.5,25.84000015258789,37.5,2.190000057220459,8.649999618530273,387.0,262.0,7.480000019073486,414.0,42.060001373291016,20.780000686645508,193.1999969482422,5.71999979019165,39.79999923706055,55.650001525878906,4012.5,21.5,8.239999771118164,2.9600000381469727,31.799999237060547,16.100000381469727,34.900001525878906,134.5,1045.0,33.65999984741211,16.549999237060547,2.259999990463257,10.0,440.0,1392.0,57.900001525878906,350.25,8.100000381469727,6.010000228881836,61.20000076293945,13.510000228881836,23.219999313354492,8.100000381469727,22.15999984741211,19.799999237060547,11.449999809265137,11.0,158.3000030517578,32.08000183105469,94.05000305175781,43.13999938964844,21.100000381469727,53.349998474121094,253.0,290.0,149.6999969482422,109.0999984741211,290.0,51.150001525878906,104.0999984741211,83.69999694824219,145.0,6.760000228881836,60.0,459.0,4.25,2.3399999141693115,255.0,8.050000190734863,26.639999389648438,109.19999694824219,74.4000015258789,2.109204053878784,15.050000190734863,11.149999618530273,12956.7001953125
2026-03-17,17.729999542236328,17.360000610351562,29.100000381469727,22.100000381469727,221.8000030517578,8.619999885559082,92.0,38.099998474121094,104.30000305175781,114.80000305175781,41.47999954223633,4.130000114440918,341.25,148.10000610351562,51.29999923706055,26.0,236.60000610351562,37.2400016784668,49.5,14.369999885559082,142.60000610351562,344.0,6.28000020980835,86.0,9.369999885559082,517.0,6.239999771118164,1.5700000524520874,70.4000015258789,21.760000228881836,50.099998474121094,1808.0,38.7400016784668,62.20000076293945,4.320000171661377,4.549667835235596,197.39999389648438,21.059999465942383,61.849998474121094,120.9000015258789,2.9200000762939453,153.0,8.710000038146973,121.0,96.0,4.395348072052002,28.700000762939453,5.5,297.0,4.769999980926514,100.9000015258789,327.0,10.130000114440918,4.53000020980835,519.0,26.15999984741211,37.84000015258789,2.2100000381469727,9.069999694824219,388.25,268.5,7.610000133514404,419.0,42.779998779296875,21.200000762939453,195.0,5.829999923706055,40.7599983215332,56.599998474121094,4055.0,23.639999389648438,8.399999618530273,2.9700000286102295,32.2599983215332,16.079999923706055,34.31999969482422,136.0,1149.0,32.400001525878906,16.6200008392334,2.299999952316284,10.789999961853027,433.0,1400.0,58.0,295.0,7.989999771118164,6.139999866485596,61.25,13.5600004196167,23.31999969482422,8.149999618530273,24.0,20.34000015258789,11.470000267028809,10.899999618530273,158.60000610351562,31.559999465942383,95.9000015258789,44.65999984741211,21.299999237060547,54.04999923706055,254.25,294.25,150.5,110.80000305175781,294.75,52.5,105.4000015258789,85.5,145.39999389648438,6.860000133514404,60.5,461.0,4.440000057220459,2.359999895095825,251.5,7.849999904632568,27.899999618530273,111.69999694824219,76.0999984741211,2.1405680179595947,16.549999237060547,11.329999923706055,13217.599609375
2026-03-18,17.510000228881836,16.6200008392334,29.0,22.079999923706055,220.0,8.760000228881836,90.0,37.70000076293945,102.0999984741211,113.0,41.540000915527344,4.159999847412109,348.75,145.3000030517578,52.5,26.31999969482422,240.1999969482422,39.18000030517578,50.5,13.819999694824219,141.39999389648438,337.5,6.28000020980835,85.5999984741211,9.130000114440918,500.0,6.159999847412109,1.5399999618530273,71.3499984741211,21.520000457763672,48.599998474121094,1788.0,39.70000076293945,62.79999923706055,4.349999904632568,4.5404582023620605,196.0,21.059999465942383,63.099998474121094,125.0999984741211,2.880000114440918,155.1999969482422,8.720000267028809,119.19999694824219,96.19999694824219,4.365388870239258,28.280000686645508,5.320000171661377,299.5,4.699999809265137,97.05000305175781,332.0,9.930000305175781,4.289999961853027,512.5,25.860000610351562,37.400001525878906,2.2200000286102295,8.899999618530273,385.25,267.0,7.380000114440918,396.25,42.20000076293945,21.200000762939453,189.6999969482422,5.679999828338623,40.040000915527344,55.79999923706055,4017.5,22.34000015258789,8.460000038146973,2.8299999237060547,31.719999313354492,16.020000457763672,34.119998931884766,135.60000610351562,1152.0,32.099998474121094,16.350000381469727,2.299999952316284,10.25,429.0,1397.0,58.04999923706055,265.5,8.020000457763672,6.010000228881836,61.400001525878906,13.489999771118164,23.15999984741211,8.050000190734863,24.6200008392334,20.239999771118164,11.300000190734863,10.619999885559082,159.6999969482422,31.559999465942383,93.19999694824219,43.540000915527344,21.31999969482422,53.29999923706055,249.0,292.5,149.8000030517578,108.5,290.75,49.08000183105469,100.5,85.6500015258789,142.0,6.900000095367432,59.25,458.0,4.599999904632568,2.3299999237060547,254.75,7.730000019073486,27.799999237060547,112.19999694824219,75.5,2.148408889770508,16.719999313354492,11.140000343322754,13115.099609375
2026-03-19,17.520000457763672,17.0,29.31999969482422,21.8799991607666,221.3000030517578,8.800000190734863,89.69999694824219,36.81999969482422,102.5,117.0,42.2599983215332,4.230000019073486,338.75,146.8000030517578,51.900001525878906,26.81999969482422,250.25,39.31999969482422,52.04999923706055,13.699999809265137,141.8000030517578,346.0,6.25,84.80000305175781,9.25,496.25,6.130000114440918,1.5700000524520874,71.5,21.600000381469727,49.900001525878906,1829.0,37.47999954223633,62.099998474121094,4.369999885559082,4.535853862762451,206.5,20.899999618530273,60.900001525878906,130.6999969482422,2.9200000762939453,154.1999969482422,8.59000015258789,124.5999984741211,92.94999694824219,4.343990802764893,27.899999618530273,5.429999828338623,298.0,4.679999828338623,106.69999694824219,324.0,9.720000267028809,4.159999847412109,490.0,25.920000076293945,37.119998931884766,2.2100000381469727,8.90999984741211,382.0,267.0,7.400000095367432,424.5,42.29999923706055,21.0,194.5,5.599999904632568,39.63999938964844,56.650001525878906,4047.5,20.760000228881836,8.260000228881836,2.7699999809265137,33.119998931884766,16.020000457763672,34.279998779296875,135.0,1166.0,31.5,16.149999618530273,2.313333034515381,10.029999732971191,430.0,1410.0,58.0,261.5,7.960000038146973,6.03000020980835,61.29999923706055,13.5,23.399999618530273,7.989999771118164,22.15999984741211,20.31999969482422,11.329999923706055,10.789999961853027,160.60000610351562,32.0,92.55000305175781,42.47999954223633,21.440000534057617,52.599998474121094,257.25,286.0,149.39999389648438,106.5999984741211,289.5,46.52000045776367,101.19999694824219,84.25,144.1999969482422,6.769999980926514,59.150001525878906,458.75,4.630000114440918,2.3299999237060547,253.25,7.489999771118164,28.5,112.5,75.9000015258789,2.1327269077301025,18.100000381469727,11.140000343322754,13047.7001953125
2026-03-23,17.469999313354492,17.40999984741211,28.799999237060547,22.479999542236328,243.39999389648438,8.819999694824219,91.0,37.2599983215332,98.8499984741211,116.0999984741211,42.400001525878906,4.090000152587891,353.25,147.60000610351562,52.75,27.18000030517578,239.89999389648438,38.959999084472656,51.400001525878906,13.829999923706055,140.60000610351562,346.0,6.239999771118164,84.0,9.0600004196167,514.0,6.159999847412109,1.6799999475479126,70.80000305175781,21.5,49.84000015258789,1825.0,36.70000076293945,62.75,4.400000095367432,4.501317024230957,197.0,20.84000015258789,61.95000076293945,123.80000305175781,2.930000066757202,150.0,8.760000228881836,113.5,97.4000015258789,4.463825225830078,28.65999984741211,5.260000228881836,304.0,5.139999866485596,106.4000015258789,315.75,9.640000343322754,4.210000038146973,482.5,27.020000457763672,36.959999084472656,2.190000057220459,9.079999923706055,388.0,274.25,7.400000095367432,427.5,42.959999084472656,20.8799991607666,195.1999969482422,5.590000152587891,39.5,57.75,4005.0,21.239999771118164,8.460000038146973,2.859999895095825,33.70000076293945,16.100000381469727,33.29999923706055,133.60000610351562,1134.0,32.7599983215332,16.229999542236328,2.2666659355163574,10.010000228881836,437.0,1400.0,57.5,251.0,8.109999656677246,6.21999979019165,63.5,13.479999542236328,23.440000534057617,7.829999923706055,21.81999969482422,19.549999237060547,11.399999618530273,11.859999656677246,156.3000030517578,33.91999816894531,93.44999694824219,43.099998474121094,21.079999923706055,51.95000076293945,252.0,299.0,147.0,108.4000015258789,295.5,46.41999816894531,97.9000015258789,84.8499984741211,132.6999969482422,6.809999942779541,60.25,454.0,4.429999828338623,2.3399999141693115,255.0,7.420000076293945,29.280000686645508,112.5999984741211,77.30000305175781,2.1170449256896973,17.0,11.329999923706055,13168.2001953125
2026-03-24,17.31999969482422,17.34000015258789,27.719999313354492,22.399999618530273,267.25,8.729999542236328,89.0999984741211,36.540000915527344,96.55000305175781,114.0,41.31999969482422,4.0,352.0,144.8000030517578,50.95000076293945,26.899999618530273,250.0,38.220001220703125,51.29999923706055,13.449999809265137,139.8000030517578,339.75,6.110000133514404,82.9000015258789,8.84000015258789,507.0,6.059999942779541,1.659999966621399,71.75,23.639999389648438,48.959999084472656,1780.0,36.08000183105469,61.650001525878906,4.300000190734863,4.450662136077881,193.5,20.799999237060547,60.25,131.60000610351562,2.880000114440918,149.60000610351562,8.789999961853027,114.5,93.69999694824219,4.37394905090332,27.780000686645508,5.159999847412109,300.0,5.650000095367432,109.0,311.25,9.5,4.260000228881836,476.5,26.0,37.0,2.180000066757202,8.819999694824219,385.0,268.5,7.260000228881836,435.75,42.20000076293945,20.8799991607666,189.5,5.349999904632568,38.36000061035156,56.20000076293945,3922.5,20.34000015258789,8.399999618530273,2.8299999237060547,33.119998931884766,15.479999542236328,33.459999084472656,132.6999969482422,1126.0,31.719999313354492,16.040000915527344,2.346666097640991,10.489999771118164,425.75,1388.0,56.79999923706055,240.5,8.329999923706055,6.090000152587891,64.0999984741211,13.25,24.0,7.789999961853027,21.18000030517578,19.549999237060547,11.199999809265137,11.649999618530273,152.8000030517578,35.13999938964844,89.94999694824219,43.29999923706055,21.100000381469727,50.599998474121094,245.60000610351562,291.5,145.0,106.19999694824219,291.0,43.599998474121094,94.0999984741211,85.05000305175781,125.0,6.710000038146973,57.29999923706055,453.0,4.269999980926514,2.3499999046325684,259.0,7.340000152587891,28.15999984741211,110.80000305175781,77.5,2.0464770793914795,15.300000190734863,11.039999961853027,12930.2001953125
2026-03-25,17.639999389648438,18.059999465942383,27.65999984741211,22.079999923706055,284.0,8.800000190734863,90.0,36.779998779296875,95.0,114.5,41.2599983215332,3.950000047683716,337.5,145.39999389648438,51.099998474121094,27.5,242.3000030517578,37.5,50.79999923706055,13.15999984741211,139.8000030517578,352.5,6.119999885559082,82.69999694824219,8.869999885559082,518.5,6.079999923706055,1.690000057220459,69.0,22.68000030517578,50.45000076293945,1803.0,35.540000915527344,61.599998474121094,4.550000190734863,4.512828826904297,195.60000610351562,21.139999389648438,60.650001525878906,126.0999984741211,2.9000000953674316,152.89999389648438,8.670000076293945,118.19999694824219,93.94999694824219,4.4424262046813965,27.920000076293945,5.070000171661377,296.5,5.559999942779541,114.4000015258789,317.0,9.550000190734863,4.170000076293945,471.75,26.940000534057617,38.02000045776367,2.130000114440918,8.760000228881836,381.0,269.5,7.21999979019165,439.0,42.5,20.780000686645508,186.6999969482422,5.309999942779541,39.41999816894531,56.400001525878906,3920.0,20.360000610351562,8.430000305175781,2.7899999618530273,34.86000061035156,15.399999618530273,33.400001525878906,134.0,1149.0,32.459999084472656,15.829999923706055,2.3066658973693848,10.920000076293945,420.0,1383.0,56.29999923706055,234.6999969482422,8.710000038146973,6.099999904632568,62.099998474121094,13.279999732971191,23.899999618530273,7.71999979019165,20.739999771118164,19.030000686645508,11.270000457763672,11.6899995803833,155.10000610351562,35.97999954223633,91.1500015258789,42.599998474121094,21.040000915527344,51.0,249.60000610351562,305.0,144.10000610351562,107.4000015258789,294.5,43.599998474121094,94.4000015258789,87.0,129.8000030517578,6.630000114440918,58.79999923706055,451.25,4.210000038146973,2.3299999237060547,250.5,7.239999771118164,28.600000381469727,111.30000305175781,76.30000305175781,2.0543179512023926,15.800000190734863,10.960000038146973,12963.900390625
2026-03-26,17.190000534057617,17.799999237060547,27.420000076293945,22.0,287.0,8.789999961853027,87.8499984741211,36.5,89.5,111.30000305175781,40.220001220703125,3.869999885559082,338.0,150.5,52.0,27.079999923706055,230.5,36.040000915527344,50.70000076293945,13.069999694824219,138.8000030517578,336.5,6.019999980926514,81.69999694824219,8.859999656677246,511.0,6.090000152587891,1.649999976158142,70.69999694824219,21.799999237060547,49.84000015258789,1780.0,34.880001068115234,60.849998474121094,4.579999923706055,4.423033237457275,193.1999969482422,20.65999984741211,58.900001525878906,119.4000015258789,2.8299999237060547,151.0,8.550000190734863,115.19999694824219,91.8499984741211,4.4424262046813965,26.899999618530273,4.880000114440918,299.5,5.389999866485596,113.5999984741211,308.0,9.289999961853027,4.130000114440918,473.5,26.31999969482422,37.70000076293945,2.140000104904175,8.699999809265137,377.5,263.0,6.920000076293945,425.0,41.86000061035156,20.280000686645508,189.3000030517578,5.179999828338623,38.47999954223633,57.150001525878906,3902.5,20.84000015258789,8.329999923706055,2.799999952316284,38.34000015258789,15.359999656677246,33.41999816894531,132.10000610351562,1072.0,32.02000045776367,15.520000457763672,2.2733330726623535,10.869999885559082,423.0,1370.0,55.099998474121094,234.1999969482422,8.380000114440918,5.800000190734863,61.150001525878906,14.109999656677246,23.719999313354492,7.570000171661377,21.079999923706055,19.170000076293945,11.460000038146973,11.300000190734863,154.0,33.119998931884766,89.94999694824219,41.400001525878906,20.959999084472656,48.0,248.0,294.5,143.0,106.0,293.5,42.099998474121094,90.9000015258789,85.94999694824219,125.80000305175781,6.599999904632568,57.95000076293945,453.5,4.079999923706055,2.319999933242798,240.1999969482422,7.170000076293945,28.420000076293945,110.5999984741211,76.8499984741211,2.030795097351074,15.140000343322754,11.199999809265137,12727.099609375
2026-03-27,16.729999542236328,16.899999618530273,27.200000762939453,21.420000076293945,275.5,8.859999656677246,86.94999694824219,36.060001373291016,86.5,110.5,39.040000915527344,3.7200000286102295,330.75,145.3000030517578,50.29999923706055,27.15999984741211,228.8000030517578,35.81999969482422,51.900001525878906,12.989999771118164,137.6999969482422,335.25,5.929999828338623,84.1500015258789,8.930000305175781,513.0,6.019999980926514,1.6299999952316284,68.3499984741211,21.020000457763672,49.099998474121094,1729.0,35.02000045776367,59.70000076293945,4.239999771118164,4.459871768951416,192.89999389648438,21.18000030517578,58.900001525878906,115.0,2.740000009536743,150.6999969482422,8.470000267028809,117.80000305175781,92.44999694824219,4.399628162384033,27.899999618530273,4.699999809265137,281.0,5.25,107.19999694824219,315.5,9.270000457763672,4.199999809265137,462.75,26.059999465942383,36.91999816894531,2.0999999046325684,8.399999618530273,368.25,266.0,7.0,447.0,42.5,20.100000381469727,192.60000610351562,4.949999809265137,37.099998474121094,56.54999923706055,3862.5,19.969999313354492,8.319999694824219,2.7100000381469727,37.79999923706055,15.170000076293945,33.119998931884766,133.5,1027.0,33.70000076293945,15.199999809265137,2.2133328914642334,11.399999618530273,420.0,1375.0,55.0,229.6999969482422,8.15999984741211,5.679999828338623,61.54999923706055,14.109999656677246,23.6200008392334,7.400000095367432,20.81999969482422,19.200000762939453,11.140000343322754,11.460000038146973,156.0,32.0,89.0999984741211,39.959999084472656,21.0,48.18000030517578,246.5,292.75,141.10000610351562,106.4000015258789,294.0,40.779998779296875,90.05000305175781,84.6500015258789,120.30000305175781,6.619999885559082,58.5,450.0,4.059999942779541,2.2799999713897705,240.5,7.150000095367432,28.600000381469727,111.5,77.5999984741211,1.9915900230407715,14.279999732971191,11.100000381469727,12698.2001953125
2026-03-30,16.170000076293945,17.18000030517578,26.959999084472656,21.399999618530273,267.0,8.619999885559082,87.75,36.380001068115234,88.4000015258789,108.0,40.5,3.609999895095825,320.5,141.0,48.86000061035156,29.860000610351562,229.8000030517578,36.5,50.95000076293945,12.949999809265137,134.60000610351562,338.5,5.920000076293945,82.25,8.989999771118164,520.0,5.989999771118164,1.649999976158142,65.6500015258789,20.799999237060547,48.599998474121094,1699.0,34.380001068115234,59.0,4.079999923706055,4.434545040130615,189.5,20.3799991607666,57.650001525878906,119.30000305175781,2.690000057220459,149.89999389648438,8.579999923706055,116.19999694824219,93.44999694824219,4.6221771240234375,27.579999923706055,4.269999980926514,269.75,5.400000095367432,103.5999984741211,308.25,9.279999732971191,4.179999828338623,465.0,28.639999389648438,36.5,2.0799999237060547,8.710000038146973,376.5,261.0,7.090000152587891,450.0,41.599998474121094,20.100000381469727,194.0,4.920000076293945,37.18000030517578,57.5,3780.0,19.809999465942383,8.449999809265137,2.6500000953674316,36.599998474121094,14.930000305175781,31.0,132.0,1113.0,34.220001220703125,14.949999809265137,2.240000009536743,11.770000457763672,422.5,1363.0,55.75,232.0,8.359999656677246,5.769999980926514,59.900001525878906,14.40999984741211,23.459999084472656,7.349999904632568,20.600000381469727,20.5,11.300000190734863,11.899999618530273,156.1999969482422,30.020000457763672,88.9000015258789,40.2400016784668,20.799999237060547,49.040000915527344,245.0,292.5,142.60000610351562,104.5999984741211,288.75,40.97999954223633,91.1500015258789,83.9000015258789,117.80000305175781,6.440000057220459,58.5,444.0,4.130000114440918,2.240000009536743,247.0,7.039999961853027,28.860000610351562,112.5,83.3499984741211,2.015113115310669,15.170000076293945,10.84000015258789,12626.400390625
2026-03-31,16.780000686645508,16.489999771118164,27.420000076293945,22.579999923706055,285.0,8.869999885559082,88.4000015258789,36.540000915527344,89.0,108.5999984741211,40.540000915527344,3.700000047683716,320.25,139.1999969482422,49.47999954223633,30.84000015258789,233.1999969482422,35.97999954223633,49.52000045776367,13.149999618530273,135.0,341.5,6.0,83.05000305175781,9.130000114440918,516.5,6.050000190734863,1.6399999856948853,70.44999694824219,20.6200008392334,48.70000076293945,1723.0,34.7599983215332,60.04999923706055,4.110000133514404,4.4414520263671875,192.89999389648438,19.969999313354492,57.20000076293945,116.5,2.690000057220459,149.8000030517578,8.899999618530273,114.5,93.44999694824219,4.703493118286133,28.219999313354492,4.190000057220459,274.5,5.159999847412109,107.0,309.5,9.449999809265137,4.309999942779541,473.25,29.200000762939453,37.099998474121094,2.0799999237060547,8.699999809265137,378.75,287.0,7.159999847412109,455.0,41.720001220703125,19.899999618530273,194.8000030517578,4.980000019073486,36.5,57.0,3802.5,19.690000534057617,8.5,2.6500000953674316,37.52000045776367,15.100000381469727,30.6200008392334,131.8000030517578,1135.0,33.900001525878906,15.510000228881836,2.2733330726623535,12.5,425.5,1354.0,61.29999923706055,233.89999389648438,8.789999961853027,5.739999771118164,59.5,14.350000381469727,23.239999771118164,7.400000095367432,21.059999465942383,21.219999313354492,11.319999694824219,11.489999771118164,157.3000030517578,29.239999771118164,89.4000015258789,39.97999954223633,20.8799991607666,48.91999816894531,241.1999969482422,307.75,142.8000030517578,105.9000015258789,294.25,41.900001525878906,91.25,85.4000015258789,119.0,6.440000057220459,58.04999923706055,444.5,4.070000171661377,2.2699999809265137,258.25,7.110000133514404,28.860000610351562,117.80000305175781,88.0,2.0072720050811768,14.819999694824219,10.779999732971191,12791.0
2026-04-01,16.93000030517578,14.869999885559082,28.100000381469727,21.799999237060547,272.5,8.970000267028809,89.0,37.02000045776367,88.69999694824219,110.19999694824219,40.84000015258789,3.799999952316284,320.25,141.39999389648438,49.959999084472656,31.0,242.0,36.15999984741211,50.400001525878906,13.359999656677246,137.6999969482422,344.5,6.110000133514404,83.55000305175781,9.09000015258789,522.0,6.130000114440918,1.649999976158142,69.69999694824219,21.020000457763672,49.7599983215332,1772.0,35.13999938964844,60.5,4.480000019073486,4.492106914520264,195.3000030517578,20.600000381469727,60.599998474121094,122.30000305175781,2.759999990463257,151.0,8.600000381469727,118.80000305175781,94.75,4.819047927856445,28.780000686645508,4.599999904632568,275.75,5.119999885559082,107.0,314.75,9.600000381469727,4.349999904632568,491.25,29.0,37.2400016784668,2.140000104904175,9.210000038146973,385.0,271.75,7.269999980926514,472.75,42.20000076293945,20.100000381469727,195.8000030517578,5.130000114440918,36.5,62.70000076293945,3847.5,20.139999389648438,8.579999923706055,2.690000057220459,36.619998931884766,15.140000343322754,30.34000015258789,134.89999389648438,1178.0,35.099998474121094,15.789999961853027,2.313333034515381,12.329999923706055,415.0,1383.0,62.0,257.25,8.579999923706055,5.849999904632568,60.400001525878906,14.390000343322754,23.81999969482422,7.519999980926514,21.18000030517578,20.34000015258789,11.529999732971191,11.399999618530273,160.89999389648438,29.760000228881836,90.55000305175781,40.0,21.540000915527344,50.5,246.5,319.5,144.0,107.19999694824219,298.0,43.099998474121094,92.44999694824219,88.19999694824219,122.9000015258789,6.579999923706055,59.0,444.75,4.210000038146973,2.319999933242798,253.75,7.820000171661377,28.940000534057617,116.9000015258789,87.5,2.0543179512023926,14.729999542236328,10.949999809265137,12937.900390625
2026-04-02,17.239999771118164,14.289999961853027,27.780000686645508,21.700000762939453,272.5,8.979999542236328,89.44999694824219,37.459999084472656,89.3499984741211,110.80000305175781,40.5,3.759999990463257,336.5,139.39999389648438,50.099998474121094,32.0,250.0,36.459999084472656,50.79999923706055,13.600000381469727,137.60000610351562,351.75,6.110000133514404,83.5999984741211,9.1899995803833,526.0,6.079999923706055,1.6799999475479126,68.3499984741211,20.84000015258789,49.84000015258789,1776.0,34.779998779296875,60.45000076293945,4.449999809265137,4.489803791046143,193.8000030517578,19.799999237060547,59.75,123.69999694824219,2.740000009536743,150.0,8.5,119.0999984741211,94.3499984741211,4.866125106811523,28.200000762939453,4.53000020980835,273.0,4.789999961853027,110.0999984741211,310.25,9.65999984741211,4.610000133514404,491.25,29.540000915527344,37.119998931884766,2.130000114440918,9.510000228881836,388.5,271.0,7.199999809265137,490.0,41.65999984741211,19.969999313354492,193.10000610351562,5.150000095367432,37.0,62.0,3822.5,20.68000030517578,8.600000381469727,2.6600000858306885,37.560001373291016,15.0600004196167,30.420000076293945,134.5,1177.0,35.400001525878906,15.869999885559082,2.286665916442871,12.989999771118164,417.0,1377.0,60.04999923706055,253.25,8.40999984741211,6.119999885559082,60.150001525878906,14.520000457763672,24.100000381469727,7.579999923706055,22.0,20.0,11.420000076293945,11.630000114440918,163.1999969482422,30.280000686645508,90.0999984741211,41.0,21.100000381469727,53.099998474121094,243.0,322.75,143.1999969482422,106.9000015258789,299.75,45.13999938964844,95.0999984741211,88.69999694824219,125.5999984741211,6.5,58.29999923706055,449.0,4.139999866485596,2.3299999237060547,256.0,8.140000343322754,28.979999542236328,119.5999984741211,88.05000305175781,2.0386359691619873,14.550000190734863,10.880000114440918,13051.7001953125
2026-04-03,17.5,14.260000228881836,27.959999084472656,21.600000381469727,294.25,8.949999809265137,89.19999694824219,37.31999969482422,93.69999694824219,109.5999984741211,39.65999984741211,3.690000057220459,330.5,138.5,50.45000076293945,31.760000228881836,248.89999389648438,35.779998779296875,50.349998474121094,13.649999618530273,136.60000610351562,345.5,6.269999980926514,81.0,9.079999923706055,519.5,6.03000020980835,1.659999966621399,66.5,20.780000686645508,49.02000045776367,1775.0,35.86000061035156,60.900001525878906,4.579999923706055,4.469081878662109,193.6999969482422,19.459999084472656,60.95000076293945,120.5999984741211,2.7699999809265137,148.0,8.430000305175781,115.4000015258789,93.6500015258789,4.729172229766846,29.200000762939453,4.420000076293945,274.25,4.800000190734863,104.5,307.25,9.579999923706055,4.760000228881836,479.75,29.799999237060547,37.459999084472656,2.130000114440918,9.510000228881836,385.75,273.75,7.309999942779541,500.0,42.400001525878906,19.799999237060547,191.3000030517578,5.239999771118164,36.41999816894531,60.20000076293945,3825.0,21.200000762939453,8.789999961853027,2.7300000190734863,36.86000061035156,14.850000381469727,31.0,134.1999969482422,1159.0,37.099998474121094,15.829999923706055,2.2733330726623535,12.880000114440918,408.0,1393.0,62.25,252.0,8.489999771118164,6.269999980926514,59.54999923706055,14.699999809265137,23.600000381469727,7.579999923706055,21.200000762939453,19.8799991607666,11.470000267028809,11.510000228881836,166.0,30.360000610351562,89.0,40.7599983215332,20.940000534057617,52.04999923706055,243.60000610351562,320.5,144.1999969482422,107.5,296.0,43.65999984741211,92.55000305175781,88.9000015258789,122.5999984741211,6.489999771118164,58.599998474121094,446.0,4.150000095367432,2.309999942779541,255.25,7.920000076293945,29.100000381469727,117.19999694824219,87.55000305175781,2.148408889770508,14.539999961853027,10.84000015258789,12936.400390625
2026-04-06,17.239999771118164,14.09000015258789,28.18000030517578,21.700000762939453,323.5,9.109999656677246,91.19999694824219,37.619998931884766,96.75,110.4000015258789,39.7599983215332,3.7100000381469727,337.0,138.39999389648438,50.599998474121094,31.059999465942383,252.25,34.7400016784668,51.599998474121094,13.550000190734863,138.5,345.5,6.360000133514404,83.4000015258789,9.050000190734863,523.0,6.070000171661377,1.690000057220459,66.75,21.139999389648438,49.900001525878906,1800.0,36.0,62.099998474121094,4.5,4.57269287109375,194.60000610351562,19.709999084472656,60.099998474121094,120.30000305175781,2.809999942779541,148.0,8.4399995803833,119.5,96.0,4.91320276260376,30.059999465942383,4.46999979019165,278.25,4.760000228881836,101.4000015258789,323.0,9.75,4.71999979019165,481.0,30.079999923706055,37.779998779296875,2.140000104904175,9.460000038146973,396.75,274.25,7.349999904632568,511.0,42.70000076293945,19.899999618530273,194.39999389648438,5.340000152587891,38.29999923706055,61.0,3870.0,20.5,8.829999923706055,2.7200000286102295,37.099998474121094,15.15999984741211,30.940000534057617,134.3000030517578,1173.0,37.599998474121094,16.690000534057617,2.3066658973693848,12.609999656677246,418.0,1395.0,62.29999923706055,250.0,8.420000076293945,6.400000095367432,59.95000076293945,15.359999656677246,23.979999542236328,7.650000095367432,22.399999618530273,20.860000610351562,11.770000457763672,11.609999656677246,166.10000610351562,31.18000030517578,91.75,41.060001373291016,21.18000030517578,51.849998474121094,238.60000610351562,323.25,145.5,108.5999984741211,297.25,44.060001373291016,92.80000305175781,90.5,124.69999694824219,6.619999885559082,59.04999923706055,448.75,4.079999923706055,2.359999895095825,256.5,7.900000095367432,32.0,117.9000015258789,91.0999984741211,2.1248860359191895,15.989999771118164,10.90999984741211,13112.2998046875
2026-04-07,16.610000610351562,13.75,27.540000915527344,23.860000610351562,304.0,8.869999885559082,87.25,36.70000076293945,94.25,106.9000015258789,38.81999969482422,3.559999942779541,342.0,134.3000030517578,49.7400016784668,31.3799991607666,260.25,34.220001220703125,51.54999923706055,13.180000305175781,135.6999969482422,342.75,6.300000190734863,81.8499984741211,8.6899995803833,513.0,5.900000095367432,1.6100000143051147,67.0,23.239999771118164,48.880001068115234,1756.0,35.2400016784668,61.900001525878906,4.71999979019165,4.459871768951416,190.39999389648438,19.549999237060547,60.099998474121094,116.30000305175781,2.740000009536743,146.6999969482422,8.569999694824219,118.5,93.19999694824219,4.900363922119141,28.84000015258789,4.260000228881836,270.0,4.599999904632568,95.5999984741211,309.5,9.550000190734863,4.730000019073486,474.0,28.520000457763672,36.63999938964844,2.0899999141693115,8.930000305175781,381.5,265.75,7.070000171661377,512.5,41.79999923706055,19.559999465942383,190.10000610351562,5.079999923706055,36.400001525878906,59.95000076293945,3772.5,20.0,8.329999923706055,2.7200000286102295,37.380001068115234,14.920000076293945,29.579999923706055,132.0,1151.0,36.81999969482422,15.819999694824219,2.240000009536743,12.649999618530273,411.5,1418.0,59.75,240.60000610351562,8.069999694824219,6.039999961853027,58.599998474121094,14.859999656677246,23.520000457763672,7.489999771118164,22.739999771118164,21.920000076293945,11.899999618530273,11.960000038146973,167.60000610351562,31.600000381469727,89.30000305175781,39.459999084472656,20.700000762939453,51.0,237.5,312.75,142.0,104.9000015258789,292.0,41.900001525878906,90.9000015258789,88.9000015258789,123.80000305175781,6.389999866485596,57.20000076293945,447.25,3.950000047683716,2.3399999141693115,260.0,7.510000228881836,29.8799991607666,114.9000015258789,86.69999694824219,2.069999933242798,15.199999809265137,10.59000015258789,12921.599609375
2026-04-08,17.450000762939453,14.079999923706055,29.280000686645508,22.860000610351562,307.75,9.210000038146973,90.94999694824219,37.79999923706055,101.69999694824219,111.9000015258789,40.15999984741211,3.6600000858306885,362.25,140.8000030517578,52.150001525878906,31.31999969482422,267.75,34.02000045776367,52.70000076293945,13.5,139.8000030517578,363.25,6.460000038146973,84.69999694824219,8.899999618530273,520.0,6.079999923706055,1.659999966621399,71.0,22.520000457763672,52.5,1842.0,36.68000030517578,63.5,4.730000019073486,4.588809967041016,196.5,20.3799991607666,64.44999694824219,120.0999984741211,2.799999952316284,147.0,8.619999885559082,122.0,95.05000305175781,4.896083831787109,29.579999923706055,4.340000152587891,279.25,4.650000095367432,95.6500015258789,318.5,9.800000190734863,4.869999885559082,483.25,28.31999969482422,39.599998474121094,2.1500000953674316,9.270000457763672,395.5,275.0,7.460000038146973,517.5,42.70000076293945,20.280000686645508,201.39999389648438,5.21999979019165,37.720001220703125,60.650001525878906,3912.5,20.040000915527344,8.770000457763672,2.809999942779541,39.15999984741211,15.300000190734863,31.079999923706055,136.8000030517578,1266.0,37.439998626708984,16.280000686645508,2.2666659355163574,13.0600004196167,436.0,1449.0,61.25,247.60000610351562,8.210000038146973,6.539999961853027,60.25,15.350000381469727,25.15999984741211,7.590000152587891,23.8799991607666,20.799999237060547,12.229999542236328,11.869999885559082,171.0,32.08000183105469,96.3499984741211,41.060001373291016,21.059999465942383,53.099998474121094,242.1999969482422,344.0,146.10000610351562,111.19999694824219,317.0,43.439998626708984,93.25,88.69999694824219,130.3000030517578,6.619999885559082,61.0,457.0,4.130000114440918,2.4100000858306885,251.0,8.029999732971191,30.239999771118164,117.0,92.0,2.1405680179595947,15.5,11.020000457763672,13536.7998046875
2026-04-09,17.799999237060547,14.079999923706055,29.059999465942383,22.940000534057617,304.5,9.239999771118164,91.0,37.86000061035156,100.9000015258789,113.4000015258789,40.599998474121094,3.640000104904175,376.75,144.0,52.0,30.959999084472656,277.0,33.18000030517578,53.0,13.449999809265137,139.5,369.5,6.550000190734863,83.9000015258789,8.800000190734863,531.0,6.059999942779541,1.6399999856948853,70.94999694824219,24.760000228881836,52.0,1828.0,35.959999084472656,66.0,5.199999809265137,4.545063018798828,202.89999389648438,20.780000686645508,64.44999694824219,119.4000015258789,2.7899999618530273,140.10000610351562,8.899999618530273,122.4000015258789,94.75,4.771969795227051,30.100000381469727,4.300000190734863,278.0,4.590000152587891,95.69999694824219,316.25,9.90999984741211,5.010000228881836,492.25,27.6200008392334,39.02000045776367,2.140000104904175,9.329999923706055,386.0,277.0,7.369999885559082,530.0,44.0,20.100000381469727,199.60000610351562,5.190000057220459,37.0,61.0,3832.5,20.200000762939453,8.600000381469727,2.799999952316284,39.20000076293945,15.270000457763672,31.100000381469727,135.10000610351562,1305.0,36.86000061035156,16.010000228881836,2.2666659355163574,13.619999885559082,440.5,1409.0,60.400001525878906,247.60000610351562,8.420000076293945,6.769999980926514,60.25,15.609999656677246,25.139999389648438,7.619999885559082,23.739999771118164,21.399999618530273,12.1899995803833,11.829999923706055,172.3000030517578,33.7400016784668,97.55000305175781,40.86000061035156,20.739999771118164,54.95000076293945,250.0,341.25,145.60000610351562,114.4000015258789,319.5,43.7400016784668,94.5,89.3499984741211,129.60000610351562,6.599999904632568,61.849998474121094,463.5,4.099999904632568,2.380000114440918,255.0,7.909999847412109,29.979999542236328,117.9000015258789,91.19999694824219,2.1640899181365967,15.119999885559082,10.949999809265137,13689.0
2026-04-10,19.299999237060547,14.09000015258789,30.84000015258789,23.440000534057617,310.5,9.380000114440918,93.94999694824219,38.939998626708984,102.19999694824219,117.30000305175781,41.68000030517578,3.6700000762939453,398.5,145.10000610351562,53.5,30.65999984741211,273.25,33.040000915527344,52.099998474121094,13.760000228881836,140.89999389648438,375.5,6.610000133514404,85.9000015258789,8.789999961853027,543.5,6.110000133514404,1.6699999570846558,73.5,23.81999969482422,53.349998474121094,1880.0,37.0,66.4000015258789,5.71999979019165,4.70163106918335,204.10000610351562,21.079999923706055,65.0,123.69999694824219,2.869999885559082,144.8000030517578,8.9399995803833,124.5999984741211,102.19999694824219,4.784809112548828,31.299999237060547,4.440000057220459,285.0,4.570000171661377,96.94999694824219,318.25,10.149999618530273,5.019999980926514,486.5,28.079999923706055,41.900001525878906,2.1700000762939453,9.420000076293945,400.25,282.25,7.599999904632568,537.0,44.79999923706055,20.600000381469727,204.0,5.389999866485596,37.959999084472656,62.849998474121094,3967.5,20.459999084472656,8.699999809265137,2.940000057220459,41.959999084472656,15.399999618530273,32.34000015258789,140.89999389648438,1327.0,36.58000183105469,16.260000228881836,2.353332996368408,13.760000228881836,443.0,1447.0,62.400001525878906,250.25,8.319999694824219,6.730000019073486,62.349998474121094,15.569999694824219,25.600000381469727,7.679999828338623,24.280000686645508,21.360000610351562,12.329999923706055,12.039999961853027,175.10000610351562,33.540000915527344,102.0,41.79999923706055,21.0,56.349998474121094,255.0,345.75,147.89999389648438,117.30000305175781,323.25,44.63999938964844,95.8499984741211,90.5999984741211,135.0,6.710000038146973,63.54999923706055,478.0,4.309999942779541,2.430000066757202,254.5,8.029999732971191,31.540000915527344,120.0999984741211,95.44999694824219,2.187613010406494,15.369999885559082,11.859999656677246,14073.7998046875
2026-04-13,18.440000534057617,13.850000381469727,30.020000457763672,23.079999923706055,323.75,9.260000228881836,93.0,38.0,101.0,119.19999694824219,43.040000915527344,3.5799999237060547,415.25,141.39999389648438,54.79999923706055,30.15999984741211,288.75,34.5,51.599998474121094,13.449999809265137,137.5,372.0,6.650000095367432,84.4000015258789,8.539999961853027,528.0,6.019999980926514,1.6299999952316284,74.75,24.040000915527344,53.25,1854.0,36.41999816894531,65.55000305175781,5.28000020980835,4.70163106918335,191.0,21.479999542236328,66.30000305175781,122.0,2.859999895095825,144.6999969482422,8.670000076293945,118.80000305175781,100.30000305175781,4.6606950759887695,32.0,4.289999961853027,278.25,4.539999961853027,96.55000305175781,311.5,10.170000076293945,5.059999942779541,483.0,27.420000076293945,40.81999969482422,2.140000104904175,9.149999618530273,396.75,275.5,7.480000019073486,546.0,43.900001525878906,20.600000381469727,204.10000610351562,5.230000019073486,36.880001068115234,62.0,3870.0,20.600000381469727,8.6899995803833,2.8499999046325684,40.18000030517578,15.670000076293945,33.70000076293945,137.10000610351562,1459.0,37.720001220703125,16.06999969482422,2.426666021347046,13.399999618530273,455.0,1406.0,61.0,243.8000030517578,8.170000076293945,6.800000190734863,60.45000076293945,15.210000038146973,25.15999984741211,7.559999942779541,23.559999465942383,22.200000762939453,12.359999656677246,12.970000267028809,179.0,34.439998626708984,99.0999984741211,40.939998626708984,20.700000762939453,53.54999923706055,253.5,328.5,143.3000030517578,115.69999694824219,316.75,43.68000030517578,96.1500015258789,90.3499984741211,135.1999969482422,6.579999923706055,62.349998474121094,480.0,4.110000133514404,2.380000114440918,264.0,8.0,32.08000183105469,119.30000305175781,99.94999694824219,2.109204053878784,14.920000076293945,11.600000381469727,14058.5
2026-04-14,18.899999618530273,13.899999618530273,30.860000610351562,23.700000762939453,324.5,9.649999618530273,94.25,38.29999923706055,104.5999984741211,117.80000305175781,42.79999923706055,3.509999990463257,411.75,143.0,56.04999923706055,29.459999084472656,283.0,34.20000076293945,52.099998474121094,13.529999732971191,151.1999969482422,376.0,6.650000095367432,85.05000305175781,8.579999923706055,568.5,6.090000152587891,1.6399999856948853,75.30000305175781,24.31999969482422,53.400001525878906,1936.0,36.939998626708984,67.0999984741211,5.059999942779541,4.720050811767578,189.89999389648438,21.799999237060547,69.69999694824219,120.4000015258789,2.880000114440918,149.0,9.140000343322754,123.69999694824219,104.5999984741211,4.635016918182373,31.459999084472656,4.409999847412109,287.5,4.599999904632568,97.4000015258789,316.75,10.25,5.010000228881836,492.5,27.18000030517578,41.47999954223633,2.1700000762939453,9.479999542236328,407.5,279.0,7.579999923706055,551.0,43.900001525878906,20.799999237060547,206.3000030517578,5.260000228881836,37.5,64.19999694824219,3937.5,20.899999618530273,8.800000190734863,2.8299999237060547,40.540000915527344,15.710000038146973,34.15999984741211,137.10000610351562,1531.0,36.900001525878906,16.700000762939453,2.4200000762939453,13.699999809265137,460.0,1444.0,63.25,244.5,8.180000305175781,6.75,61.79999923706055,15.229999542236328,25.65999984741211,7.559999942779541,23.719999313354492,22.059999465942383,12.5600004196167,13.079999923706055,181.3000030517578,34.2599983215332,100.5,41.65999984741211,20.959999084472656,53.150001525878906,256.75,330.25,144.5,116.30000305175781,324.0,45.70000076293945,97.44999694824219,89.8499984741211,137.0,6.710000038146973,62.70000076293945,489.75,4.150000095367432,2.4000000953674316,267.5,8.15999984741211,31.719999313354492,120.30000305175781,87.69999694824219,2.1405680179595947,15.34000015258789,11.670000076293945,14202.2001953125
2026-04-15,18.81999969482422,14.079999923706055,31.100000381469727,24.100000381469727,297.5,9.630000114440918,94.05000305175781,39.0,102.0,118.5999984741211,42.63999938964844,3.549999952316284,416.75,144.5,56.150001525878906,29.459999084472656,286.75,34.91999816894531,50.849998474121094,13.640000343322754,155.1999969482422,376.5,6.760000228881836,86.6500015258789,8.6899995803833,561.5,6.139999866485596,1.690000057220459,76.30000305175781,24.360000610351562,53.04999923706055,1960.0,39.91999816894531,67.05000305175781,5.150000095367432,4.770705223083496,190.60000610351562,21.700000762939453,69.0999984741211,121.4000015258789,2.9200000762939453,147.89999389648438,9.0,125.0,104.19999694824219,4.712052822113037,31.639999389648438,4.449999809265137,289.25,4.630000114440918,96.5,318.0,10.449999809265137,5.03000020980835,529.5,27.239999771118164,41.02000045776367,2.200000047683716,9.40999984741211,413.0,285.0,7.800000190734863,560.0,44.15999984741211,20.579999923706055,207.8000030517578,5.300000190734863,37.7400016784668,63.79999923706055,4172.5,20.399999618530273,8.949999809265137,2.880000114440918,39.2599983215332,15.960000038146973,33.81999969482422,138.0,1504.0,37.70000076293945,16.979999542236328,2.546665906906128,13.899999618530273,474.0,1489.0,63.04999923706055,247.10000610351562,8.130000114440918,7.099999904632568,61.54999923706055,15.180000305175781,25.5,7.900000095367432,23.3799991607666,22.0,12.520000457763672,12.630000114440918,183.39999389648438,33.63999938964844,100.5999984741211,43.20000076293945,21.219999313354492,51.54999923706055,257.5,321.5,145.5,117.0999984741211,319.25,47.47999954223633,98.5999984741211,89.80000305175781,139.10000610351562,6.849999904632568,62.95000076293945,490.25,4.309999942779541,2.4600000381469727,261.25,8.970000267028809,32.86000061035156,120.80000305175781,85.75,2.15625,15.390000343322754,12.130000114440918,14252.400390625
2026-04-16,18.579999923706055,14.039999961853027,30.81999969482422,24.920000076293945,290.0,9.5,93.19999694824219,38.58000183105469,100.69999694824219,116.0,42.02000045776367,3.5199999809265137,411.0,143.1999969482422,55.150001525878906,29.360000610351562,290.0,34.880001068115234,50.25,13.539999961853027,151.1999969482422,373.0,6.670000076293945,84.5,8.65999984741211,542.5,6.079999923706055,1.7100000381469727,78.3499984741211,23.940000534057617,52.5,1961.0,39.29999923706055,66.94999694824219,5.099999904632568,4.793728828430176,188.5,21.65999984741211,68.05000305175781,128.0,2.9100000858306885,148.0,9.180000305175781,126.9000015258789,103.80000305175781,4.720612049102783,30.899999618530273,4.380000114440918,287.25,5.090000152587891,98.25,318.0,10.289999961853027,4.989999771118164,523.5,26.920000076293945,40.7599983215332,2.190000057220459,9.420000076293945,416.5,282.5,7.829999923706055,570.0,43.70000076293945,20.31999969482422,204.5,5.199999809265137,37.31999969482422,61.0,4145.0,20.799999237060547,9.069999694824219,2.9100000858306885,38.70000076293945,15.550000190734863,34.060001373291016,140.1999969482422,1498.0,38.63999938964844,17.200000762939453,2.5133330821990967,13.630000114440918,456.5,1548.0,62.75,247.8000030517578,8.109999656677246,7.019999980926514,60.599998474121094,15.220000267028809,25.34000015258789,7.789999961853027,23.700000762939453,22.68000030517578,12.369999885559082,12.550000190734863,184.60000610351562,32.41999816894531,99.5,43.599998474121094,21.479999542236328,50.900001525878906,257.0,311.75,144.5,117.30000305175781,317.25,46.0,96.6500015258789,89.69999694824219,136.0,6.739999771118164,62.849998474121094,480.75,4.21999979019165,2.509999990463257,268.0,8.779999732971191,32.15999984741211,121.9000015258789,83.6500015258789,2.171931028366089,16.920000076293945,11.899999618530273,14201.099609375
2026-04-17,19.420000076293945,14.319999694824219,32.040000915527344,25.34000015258789,282.5,9.529999732971191,95.55000305175781,40.040000915527344,103.30000305175781,118.69999694824219,42.18000030517578,3.690000057220459,414.0,148.0,56.5,29.479999542236328,269.25,34.7400016784668,51.150001525878906,13.960000038146973,157.39999389648438,382.5,6.829999923706055,88.19999694824219,8.729999542236328,566.0,6.420000076293945,1.7699999809265137,79.1500015258789,24.139999389648438,54.349998474121094,2157.0,40.20000076293945,67.9000015258789,5.039999961853027,4.913457870483398,190.89999389648438,21.440000534057617,71.0,125.30000305175781,2.9700000286102295,150.10000610351562,9.289999961853027,127.0,108.0,4.784809112548828,32.040000915527344,4.739999771118164,298.5,5.070000171661377,98.1500015258789,324.0,10.680000305175781,5.070000171661377,539.5,26.959999084472656,41.900001525878906,2.25,10.0,432.0,297.5,8.119999885559082,593.0,46.599998474121094,21.0,211.8000030517578,5.449999809265137,38.599998474121094,62.70000076293945,4557.5,21.0,9.229999542236328,2.9000000953674316,39.68000030517578,15.84000015258789,34.0,144.3000030517578,1353.0,41.65999984741211,17.739999771118164,2.5866661071777344,13.800000190734863,479.0,1627.0,64.1500015258789,254.0,8.199999809265137,7.210000038146973,61.150001525878906,16.0,25.540000915527344,7.960000038146973,23.940000534057617,21.979999542236328,12.539999961853027,12.619999885559082,185.5,33.79999923706055,105.0999984741211,44.18000030517578,21.739999771118164,52.75,265.5,320.0,148.5,120.5,329.0,49.400001525878906,99.55000305175781,92.94999694824219,141.0,6.989999771118164,65.4000015258789,492.25,4.440000057220459,2.5799999237060547,253.0,9.079999923706055,32.2599983215332,124.80000305175781,83.4000015258789,2.226818084716797,16.299999237060547,12.279999732971191,14587.900390625
2026-04-20,19.149999618530273,14.380000114440918,31.5,26.15999984741211,273.0,8.880000114440918,94.4000015258789,40.70000076293945,102.0,116.4000015258789,41.7599983215332,3.619999885559082,408.0,143.8000030517578,57.75,29.3799991607666,269.0,34.2400016784668,50.5,14.020000457763672,154.1999969482422,378.0,6.860000133514404,87.1500015258789,8.8100004196167,564.0,6.349999904632568,1.7400000095367432,80.0999984741211,24.579999923706055,54.849998474121094,2180.0,41.20000076293945,66.6500015258789,4.989999771118164,4.862802982330322,187.3000030517578,21.0,71.0,123.5999984741211,2.9700000286102295,151.89999389648438,9.239999771118164,121.80000305175781,107.5,5.0287580490112305,33.29999923706055,4.800000190734863,293.25,4.960000038146973,95.94999694824219,316.75,10.600000381469727,5.090000152587891,526.0,26.399999618530273,41.20000076293945,2.2300000190734863,9.800000190734863,421.0,293.75,8.100000381469727,594.0,45.7400016784668,20.739999771118164,208.0,5.389999866485596,36.91999816894531,62.5,4500.0,20.540000915527344,9.300000190734863,2.950000047683716,40.41999816894531,15.710000038146973,34.119998931884766,141.10000610351562,1418.0,40.939998626708984,17.299999237060547,2.546665906906128,13.600000381469727,465.5,1603.0,64.6500015258789,248.5,8.130000114440918,7.119999885559082,59.79999923706055,15.960000038146973,25.139999389648438,8.600000381469727,24.399999618530273,22.479999542236328,12.600000381469727,12.489999771118164,188.0,32.720001220703125,102.9000015258789,44.68000030517578,21.200000762939453,51.45000076293945,265.0,312.0,147.10000610351562,117.69999694824219,328.25,48.400001525878906,98.75,93.0,138.89999389648438,7.019999980926514,66.4000015258789,482.75,4.340000152587891,2.569999933242798,255.0,8.829999923706055,32.0,123.9000015258789,81.4000015258789,2.187613010406494,15.600000381469727,12.050000190734863,14484.900390625
2026-04-21,19.399999618530273,14.0600004196167,31.959999084472656,26.959999084472656,273.0,8.920000076293945,93.9000015258789,40.08000183105469,99.05000305175781,116.5999984741211,42.880001068115234,3.5999999046325684,396.5,145.3000030517578,57.150001525878906,29.0,264.0,34.20000076293945,49.79999923706055,13.9399995803833,151.6999969482422,376.25,6.840000152587891,87.05000305175781,8.800000190734863,554.5,6.269999980926514,1.7200000286102295,79.75,24.559999465942383,55.04999923706055,2126.0,40.720001220703125,67.4000015258789,4.849999904632568,4.798334121704102,185.3000030517578,21.280000686645508,71.3499984741211,122.80000305175781,2.9600000381469727,151.10000610351562,9.229999542236328,118.30000305175781,105.5,5.131473064422607,33.720001220703125,5.099999904632568,290.5,4.769999980926514,95.4000015258789,308.5,10.699999809265137,5.070000171661377,512.0,26.139999389648438,41.439998626708984,2.259999990463257,9.84000015258789,415.0,296.0,8.109999656677246,591.0,45.279998779296875,21.200000762939453,206.0,5.260000228881836,35.880001068115234,60.900001525878906,4417.5,21.34000015258789,9.100000381469727,2.880000114440918,40.439998626708984,15.770000457763672,34.15999984741211,142.1999969482422,1350.0,40.900001525878906,16.729999542236328,2.546665906906128,13.369999885559082,466.0,1575.0,63.0,247.0,7.980000019073486,6.800000190734863,59.04999923706055,16.43000030517578,25.0,9.100000381469727,23.6200008392334,22.920000076293945,12.609999656677246,12.460000038146973,189.10000610351562,32.400001525878906,101.0,43.91999816894531,21.200000762939453,51.0,259.25,313.0,146.8000030517578,115.30000305175781,327.0,48.2400016784668,95.5,94.0,137.1999969482422,6.96999979019165,65.0999984741211,481.75,4.340000152587891,2.6700000762939453,253.5,8.460000038146973,31.940000534057617,123.69999694824219,80.9000015258789,2.15625,15.069999694824219,11.770000457763672,14375.400390625
2026-04-22,19.200000762939453,13.899999618530273,31.299999237060547,27.219999313354492,273.5,8.859999656677246,92.4000015258789,39.400001525878906,100.69999694824219,115.19999694824219,43.36000061035156,3.5399999618530273,396.5,141.6999969482422,57.5,28.899999618530273,273.0,34.81999969482422,49.540000915527344,13.8100004196167,150.5,381.5,6.800000190734863,84.6500015258789,8.90999984741211,555.5,6.230000019073486,1.7100000381469727,78.4000015258789,25.0,56.29999923706055,2099.0,41.0,67.69999694824219,4.829999923706055,4.724656105041504,183.5,21.139999389648438,71.3499984741211,122.0,3.0399999618530273,149.0,9.119999885559082,117.19999694824219,106.80000305175781,4.985960006713867,32.599998474121094,4.840000152587891,288.25,4.880000114440918,94.69999694824219,302.0,10.760000228881836,5.019999980926514,516.5,25.940000534057617,42.15999984741211,2.240000009536743,9.829999923706055,427.0,290.0,7.940000057220459,560.5,45.040000915527344,20.84000015258789,204.89999389648438,5.300000190734863,35.279998779296875,61.04999923706055,4330.0,22.65999984741211,9.050000190734863,2.869999885559082,41.5,15.470000267028809,34.13999938964844,139.0,1331.0,41.400001525878906,16.579999923706055,2.5866661071777344,13.3100004196167,463.0,1578.0,62.95000076293945,250.0,7.949999809265137,6.840000152587891,58.29999923706055,16.799999237060547,24.280000686645508,8.899999618530273,23.700000762939453,23.0,12.520000457763672,12.199999809265137,189.0,32.0,98.9000015258789,43.439998626708984,21.200000762939453,50.5,259.5,308.25,145.5,114.0999984741211,323.5,46.959999084472656,92.1500015258789,95.19999694824219,134.3000030517578,6.940000057220459,63.650001525878906,481.0,4.269999980926514,2.569999933242798,263.0,8.350000381469727,35.119998931884766,122.0,82.0,2.187613010406494,14.880000114440918,11.640000343322754,14335.5
2026-04-24,19.110000610351562,13.979999542236328,31.040000915527344,28.299999237060547,278.0,8.800000190734863,93.0,39.68000030517578,101.0999984741211,117.19999694824219,45.880001068115234,3.609999895095825,392.0,140.60000610351562,57.5,28.68000030517578,277.5,35.900001525878906,50.099998474121094,13.670000076293945,151.0,380.0,6.889999866485596,85.8499984741211,9.039999961853027,547.0,6.230000019073486,1.7200000286102295,76.8499984741211,25.479999542236328,56.04999923706055,1909.0,40.84000015258789,67.44999694824219,4.860000133514404,4.729259967803955,184.3000030517578,21.479999542236328,72.80000305175781,124.0,3.0999999046325684,147.10000610351562,9.239999771118164,121.30000305175781,106.5,4.994519233703613,33.0,4.880000114440918,290.75,4.920000076293945,95.5999984741211,302.0,10.800000190734863,4.96999979019165,533.0,26.079999923706055,42.36000061035156,2.2699999809265137,10.039999961853027,404.5,291.5,7.800000190734863,524.0,44.939998626708984,20.920000076293945,207.0,5.289999961853027,35.18000030517578,60.29999923706055,4310.0,20.399999618530273,9.079999923706055,2.9200000762939453,40.70000076293945,15.550000190734863,34.7400016784668,140.0,1324.0,43.099998474121094,16.389999389648438,2.5399999618530273,13.109999656677246,447.0,1575.0,64.3499984741211,246.10000610351562,7.960000038146973,6.96999979019165,58.45000076293945,16.940000534057617,24.239999771118164,8.539999961853027,24.5,23.15999984741211,12.569999694824219,12.029999732971191,189.0,32.29999923706055,98.80000305175781,44.47999954223633,21.219999313354492,49.459999084472656,263.0,308.25,145.5,114.30000305175781,325.0,46.63999938964844,93.94999694824219,96.94999694824219,131.6999969482422,6.900000095367432,64.25,472.25,4.25,2.5299999713897705,269.0,8.619999885559082,38.619998931884766,123.9000015258789,80.80000305175781,2.187613010406494,14.8100004196167,11.710000038146973,14409.099609375
2026-04-27,19.239999771118164,14.289999961853027,30.899999618530273,27.600000381469727,272.5,8.859999656677246,95.0999984741211,40.31999969482422,100.69999694824219,116.5,49.5,3.619999885559082,415.0,145.89999389648438,58.04999923706055,28.739999771118164,282.75,35.5,50.75,14.079999923706055,151.10000610351562,376.25,6.869999885559082,86.44999694824219,9.0,601.5,6.300000190734863,1.7699999809265137,74.69999694824219,24.719999313354492,56.150001525878906,1879.0,39.84000015258789,68.30000305175781,5.150000095367432,4.738470077514648,183.1999969482422,22.84000015258789,74.80000305175781,124.0,3.069999933242798,148.10000610351562,9.0,124.0,106.30000305175781,4.80620813369751,33.599998474121094,4.820000171661377,290.25,4.860000133514404,94.55000305175781,307.5,10.850000381469727,4.980000019073486,544.5,26.239999771118164,43.02000045776367,2.2699999809265137,10.300000190734863,416.25,293.5,7.96999979019165,525.0,45.2599983215332,21.0,205.0,5.369999885559082,34.84000015258789,60.0,4312.5,20.639999389648438,9.170000076293945,2.9700000286102295,41.220001220703125,15.289999961853027,34.279998779296875,140.89999389648438,1242.0,42.599998474121094,16.479999542236328,2.5799999237060547,13.119999885559082,448.5,1564.0,65.4000015258789,253.5,7.980000019073486,6.989999771118164,58.25,16.559999465942383,24.559999465942383,8.399999618530273,25.18000030517578,23.739999771118164,12.670000076293945,12.109999656677246,189.6999969482422,31.600000381469727,98.1500015258789,46.099998474121094,21.31999969482422,49.36000061035156,268.0,302.0,145.60000610351562,116.5999984741211,320.5,45.70000076293945,93.69999694824219,96.8499984741211,131.0,6.900000095367432,64.30000305175781,470.25,4.300000190734863,2.549999952316284,274.0,8.640000343322754,39.13999938964844,124.0,82.3499984741211,2.187613010406494,14.520000457763672,11.579999923706055,14594.0
2026-04-28,18.850000381469727,13.760000228881836,30.139999389648438,27.18000030517578,258.5,8.819999694824219,96.0999984741211,40.7599983215332,110.0,115.0999984741211,48.5,3.4800000190734863,414.5,142.8000030517578,58.20000076293945,27.979999542236328,274.5,34.220001220703125,50.349998474121094,13.75,146.10000610351562,365.0,6.659999847412109,86.05000305175781,8.829999923706055,560.0,6.150000095367432,1.7799999713897705,75.44999694824219,24.15999984741211,56.349998474121094,1865.0,38.599998474121094,67.5,5.440000057220459,4.646371841430664,181.5,22.799999237060547,73.30000305175781,123.30000305175781,3.0,148.60000610351562,8.960000038146973,120.5999984741211,103.69999694824219,4.771969795227051,32.97999954223633,5.300000190734863,297.5,5.010000228881836,92.4000015258789,301.0,10.819999694824219,5.03000020980835,531.0,28.860000610351562,41.81999969482422,2.259999990463257,10.350000381469727,408.75,287.0,7.75,538.0,43.900001525878906,20.559999465942383,202.39999389648438,5.21999979019165,33.5,58.349998474121094,4190.0,19.8700008392334,9.149999618530273,2.9700000286102295,38.15999984741211,14.949999809265137,34.220001220703125,138.1999969482422,1213.0,41.5,15.9399995803833,2.5133330821990967,13.220000267028809,433.0,1500.0,63.099998474121094,249.0,7.900000095367432,6.96999979019165,56.54999923706055,16.40999984741211,24.0,8.300000190734863,26.360000610351562,24.239999771118164,12.4399995803833,11.970000267028809,187.5,31.0,96.4000015258789,50.70000076293945,21.260000228881836,48.68000030517578,265.0,284.75,143.6999969482422,113.80000305175781,315.75,43.400001525878906,91.19999694824219,96.5999984741211,127.0999984741211,6.78000020980835,62.45000076293945,455.0,4.21999979019165,2.5799999237060547,269.5,8.510000228881836,43.040000915527344,121.0,82.3499984741211,2.15625,14.319999694824219,11.289999961853027,14329.2998046875
2026-04-29,18.610000610351562,13.510000228881836,30.920000076293945,27.360000610351562,257.0,8.869999885559082,97.1500015258789,41.02000045776367,104.80000305175781,112.30000305175781,51.349998474121094,3.4200000762939453,425.5,144.10000610351562,59.25,28.239999771118164,291.0,34.220001220703125,50.5,13.9399995803833,146.0,363.5,6.739999771118164,84.19999694824219,8.770000457763672,556.0,6.099999904632568,1.7999999523162842,74.6500015258789,24.299999237060547,57.20000076293945,1807.0,37.81999969482422,66.30000305175781,5.670000076293945,4.602624893188477,180.3000030517578,22.559999465942383,70.0,127.19999694824219,3.0,149.8000030517578,8.829999923706055,122.5,104.9000015258789,4.746291160583496,33.720001220703125,5.829999923706055,292.0,4.829999923706055,93.94999694824219,295.5,11.899999618530273,5.0,528.0,31.739999771118164,41.279998779296875,2.2699999809265137,10.300000190734863,420.0,285.75,7.630000114440918,541.0,48.279998779296875,20.260000228881836,202.3000030517578,5.170000076293945,33.599998474121094,58.20000076293945,4157.5,19.5,9.100000381469727,2.9600000381469727,35.5,15.029999732971191,34.91999816894531,141.1999969482422,1152.0,41.20000076293945,16.329999923706055,2.5066659450531006,13.050000190734863,426.0,1526.0,66.05000305175781,243.5,7.900000095367432,6.989999771118164,56.650001525878906,16.639999389648438,23.799999237060547,8.520000457763672,27.059999465942383,24.81999969482422,12.369999885559082,11.760000228881836,184.60000610351562,30.020000457763672,96.1500015258789,50.04999923706055,21.260000228881836,50.849998474121094,264.5,278.75,143.0,112.0999984741211,314.5,41.400001525878906,89.19999694824219,96.6500015258789,121.19999694824219,6.860000133514404,62.75,453.0,4.159999847412109,2.509999990463257,275.5,8.539999961853027,43.70000076293945,122.80000305175781,84.6500015258789,2.15625,14.149999618530273,11.210000038146973,14311.2001953125
2026-04-30,18.979999542236328,13.529999732971191,31.3799991607666,27.479999542236328,259.5,8.949999809265137,95.6500015258789,41.220001220703125,104.5,111.9000015258789,50.20000076293945,3.4800000190734863,420.25,149.60000610351562,59.75,29.0,287.5,33.79999923706055,51.099998474121094,15.020000457763672,145.3000030517578,370.75,6.730000019073486,84.5,8.90999984741211,547.0,6.130000114440918,1.7899999618530273,75.0,24.34000015258789,57.599998474121094,1786.0,38.380001068115234,66.05000305175781,5.590000152587891,4.632556915283203,180.5,22.739999771118164,71.80000305175781,126.80000305175781,3.049999952316284,149.39999389648438,8.899999618530273,122.80000305175781,104.5999984741211,4.771969795227051,35.119998931884766,5.5,295.5,4.909999847412109,94.4000015258789,299.0,13.09000015258789,5.269999980926514,530.5,30.200000762939453,42.18000030517578,2.2799999713897705,10.199999809265137,428.75,288.5,7.619999885559082,551.0,48.41999816894531,20.239999771118164,202.1999969482422,5.199999809265137,34.08000183105469,58.95000076293945,4180.0,19.459999084472656,9.039999961853027,3.119999885559082,35.02000045776367,15.119999885559082,37.29999923706055,143.60000610351562,1128.0,41.41999816894531,16.350000381469727,2.4666659832000732,13.25,444.75,1515.0,65.3499984741211,247.60000610351562,8.25,6.860000133514404,56.75,17.100000381469727,23.700000762939453,8.399999618530273,26.920000076293945,23.899999618530273,12.329999923706055,11.739999771118164,185.5,30.299999237060547,95.6500015258789,48.7400016784668,21.399999618530273,50.900001525878906,269.0,278.5,143.39999389648438,112.0999984741211,308.25,41.380001068115234,91.80000305175781,98.0,118.80000305175781,6.900000095367432,62.150001525878906,444.0,4.179999828338623,2.559999942779541,271.0,8.739999771118164,40.0,123.9000015258789,84.0,2.1640899181365967,14.3100004196167,11.670000076293945,14442.599609375
2026-05-04,19.040000915527344,13.449999809265137,31.860000610351562,27.0,261.0,8.970000267028809,93.4000015258789,40.939998626708984,104.4000015258789,110.0,55.20000076293945,3.4800000190734863,431.75,156.8000030517578,60.75,29.299999237060547,281.5,33.20000076293945,49.0,14.9399995803833,141.1999969482422,365.0,6.760000228881836,83.94999694824219,9.020000457763672,567.5,6.070000171661377,1.7300000190734863,76.8499984741211,24.700000762939453,58.70000076293945,1750.0,36.79999923706055,64.5,5.670000076293945,4.487502098083496,178.0,23.420000076293945,73.25,123.80000305175781,3.0199999809265137,149.5,8.970000267028809,124.0,103.4000015258789,4.827607154846191,35.81999969482422,6.050000190734863,291.75,5.400000095367432,98.19999694824219,296.0,14.390000343322754,5.429999828338623,538.5,30.459999084472656,40.959999084472656,2.240000009536743,10.449999809265137,456.0,283.0,7.380000114440918,561.0,50.70000076293945,19.950000762939453,197.39999389648438,5.110000133514404,33.619998931884766,58.25,4145.0,18.989999771118164,9.220000267028809,3.1600000858306885,34.040000915527344,14.819999694824219,36.84000015258789,148.5,1100.0,41.0,16.059999465942383,2.4733328819274902,13.229999542236328,438.0,1608.0,63.5,242.5,8.449999809265137,6.840000152587891,55.75,16.469999313354492,23.459999084472656,8.0600004196167,28.68000030517578,24.059999465942383,12.449999809265137,11.430000305175781,183.0,30.299999237060547,93.69999694824219,52.0,21.299999237060547,51.29999923706055,263.25,271.5,142.0,111.0,300.75,39.540000915527344,89.9000015258789,99.1500015258789,116.0,6.800000190734863,60.400001525878906,442.0,4.079999923706055,2.5,271.0,8.880000114440918,39.5,125.9000015258789,82.5,2.1248860359191895,13.890000343322754,12.140000343322754,14369.599609375
2026-05-05,19.34000015258789,13.479999542236328,33.540000915527344,27.860000610351562,263.75,9.039999961853027,94.6500015258789,41.58000183105469,105.0,111.30000305175781,58.0,3.5999999046325684,427.25,162.3000030517578,62.75,28.860000610351562,281.5,34.20000076293945,48.959999084472656,14.90999984741211,141.3000030517578,373.5,6.71999979019165,86.4000015258789,9.079999923706055,564.0,6.21999979019165,1.7699999809265137,79.8499984741211,24.760000228881836,57.70000076293945,1795.0,37.779998779296875,65.1500015258789,6.230000019073486,4.524341106414795,181.1999969482422,23.520000457763672,73.8499984741211,126.0999984741211,3.1600000858306885,150.3000030517578,9.010000228881836,118.69999694824219,106.0999984741211,4.686374187469482,37.220001220703125,5.980000019073486,296.5,5.480000019073486,100.69999694824219,300.5,15.819999694824219,5.46999979019165,549.5,28.979999542236328,42.5,2.240000009536743,10.75,481.0,281.0,7.300000190734863,566.0,52.900001525878906,19.950000762939453,201.89999389648438,5.179999828338623,34.70000076293945,57.75,4167.5,19.940000534057617,9.199999809265137,3.0899999141693115,34.70000076293945,15.1899995803833,37.099998474121094,153.10000610351562,1083.0,43.2599983215332,16.3799991607666,2.4533329010009766,13.630000114440918,443.75,1607.0,67.44999694824219,242.3000030517578,8.739999771118164,7.519999980926514,56.099998474121094,16.34000015258789,24.0,8.100000381469727,28.0,24.1200008392334,13.050000190734863,11.569999694824219,182.0,31.100000381469727,95.30000305175781,49.70000076293945,21.459999084472656,51.75,265.25,276.0,142.60000610351562,115.19999694824219,301.0,40.65999984741211,91.30000305175781,99.69999694824219,116.4000015258789,6.829999923706055,62.650001525878906,446.25,4.139999866485596,2.5199999809265137,270.75,9.130000114440918,38.08000183105469,127.0,83.0,2.1405680179595947,15.270000457763672,12.100000381469727,14495.7998046875
2026-05-06,20.020000457763672,13.680000305175781,34.18000030517578,27.940000534057617,260.5,9.399999618530273,100.30000305175781,42.900001525878906,104.0,113.5,58.5,3.619999885559082,434.0,159.5,61.70000076293945,29.5,285.75,35.7400016784668,48.7599983215332,15.699999809265137,145.3000030517578,390.5,6.860000133514404,87.8499984741211,9.1899995803833,620.0,6.25,1.7699999809265137,84.8499984741211,24.68000030517578,58.45000076293945,1822.0,38.5,66.19999694824219,6.849999904632568,4.683210849761963,185.39999389648438,24.639999389648438,75.25,127.5999984741211,3.180000066757202,158.0,9.0,117.5,110.5,4.750570774078369,37.68000030517578,5.820000171661377,299.5,5.420000076293945,100.69999694824219,321.0,17.399999618530273,5.860000133514404,583.0,28.5,42.47999954223633,2.259999990463257,10.789999961853027,459.25,290.75,7.5,574.5,53.0,20.34000015258789,210.5,5.230000019073486,35.31999969482422,58.900001525878906,4285.0,20.84000015258789,9.34000015258789,3.0899999141693115,35.220001220703125,15.420000076293945,36.81999969482422,155.0,1097.0,44.0,16.809999465942383,2.5266659259796143,12.800000190734863,454.0,1645.0,67.25,244.8000030517578,8.4399995803833,7.599999904632568,59.20000076293945,16.719999313354492,24.540000915527344,8.90999984741211,28.260000228881836,24.1200008392334,13.449999809265137,11.699999809265137,182.1999969482422,31.559999465942383,100.69999694824219,50.5,23.0,54.04999923706055,270.0,289.75,145.10000610351562,117.69999694824219,309.75,42.060001373291016,92.05000305175781,101.4000015258789,119.0999984741211,6.96999979019165,65.6500015258789,451.25,4.25,2.549999952316284,271.0,9.079999923706055,37.400001525878906,129.10000610351562,83.3499984741211,2.1954538822174072,14.569999694824219,12.380000114440918,14917.400390625
2026-05-07,20.540000915527344,13.819999694824219,36.0,27.979999542236328,265.0,9.779999732971191,99.94999694824219,43.7400016784668,107.80000305175781,115.0,57.04999923706055,3.7699999809265137,428.0,163.8000030517578,63.0,28.100000381469727,286.5,36.20000076293945,48.7400016784668,15.600000381469727,147.60000610351562,392.0,7.0,91.69999694824219,9.449999809265137,620.5,6.360000133514404,1.8300000429153442,85.4000015258789,24.84000015258789,59.0,1824.0,39.29999923706055,69.5999984741211,7.519999980926514,4.784520149230957,188.3000030517578,24.479999542236328,75.9000015258789,132.3000030517578,3.259999990463257,173.8000030517578,8.979999542236328,120.0,111.4000015258789,4.930322170257568,38.47999954223633,5.800000190734863,313.0,5.840000152587891,100.0,327.0,16.700000762939453,5.619999885559082,597.5,29.059999465942383,43.2599983215332,2.2899999618530273,11.199999809265137,485.0,294.25,7.760000228881836,572.5,56.099998474121094,20.5,211.5,5.260000228881836,36.540000915527344,60.5,4330.0,21.31999969482422,9.979999542236328,3.0999999046325684,36.08000183105469,16.149999618530273,36.5,155.89999389648438,1100.0,44.20000076293945,17.329999923706055,2.5799999237060547,12.880000114440918,491.5,1652.0,68.75,246.10000610351562,8.449999809265137,8.050000190734863,65.0999984741211,16.84000015258789,25.0,8.729999542236328,29.579999923706055,23.760000228881836,13.729999542236328,11.850000381469727,190.5,32.15999984741211,100.0,55.54999923706055,24.799999237060547,55.54999923706055,275.5,290.0,149.0,118.5999984741211,312.5,43.36000061035156,93.3499984741211,106.0,123.4000015258789,7.099999904632568,66.19999694824219,457.75,4.300000190734863,2.609999895095825,259.25,8.989999771118164,37.540000915527344,130.3000030517578,84.6500015258789,2.23465895652771,14.6899995803833,12.529999732971191,15040.2998046875
2026-05-08,20.459999084472656,13.710000038146973,35.060001373291016,28.040000915527344,259.5,9.369999885559082,99.1500015258789,46.439998626708984,108.5,114.19999694824219,57.25,3.9000000953674316,428.5,164.0,63.849998474121094,27.860000610351562,287.0,35.81999969482422,48.52000045776367,15.829999923706055,150.8000030517578,395.0,6.960000038146973,95.5,9.300000190734863,601.5,6.420000076293945,1.850000023841858,86.6500015258789,24.899999618530273,58.349998474121094,1814.0,39.400001525878906,71.94999694824219,7.880000114440918,4.872013092041016,185.89999389648438,24.5,77.0,129.39999389648438,3.3299999237060547,191.10000610351562,9.010000228881836,120.5,111.30000305175781,4.878964900970459,41.2599983215332,5.769999980926514,327.0,6.0,98.19999694824219,330.25,15.520000457763672,5.570000171661377,607.0,29.559999465942383,43.599998474121094,2.2899999618530273,11.609999656677246,494.5,293.75,8.010000228881836,573.0,58.25,20.299999237060547,213.0,5.349999904632568,34.20000076293945,63.150001525878906,4305.0,21.760000228881836,9.770000457763672,3.1500000953674316,36.099998474121094,16.209999084472656,37.599998474121094,162.89999389648438,1089.0,44.5,17.190000534057617,2.613332986831665,13.100000381469727,493.75,1623.0,68.0,242.0,8.630000114440918,8.170000076293945,67.80000305175781,17.299999237060547,23.65999984741211,8.739999771118164,29.360000610351562,24.719999313354492,14.579999923706055,12.430000305175781,190.10000610351562,31.899999618530273,100.0,57.95000076293945,24.700000762939453,51.70000076293945,280.0,284.0,147.8000030517578,120.0,311.0,43.900001525878906,91.9000015258789,106.5,123.19999694824219,7.070000171661377,66.0999984741211,453.0,4.400000095367432,2.640000104904175,258.5,9.420000076293945,36.720001220703125,130.39999389648438,83.25,2.266021966934204,14.600000381469727,12.510000228881836,15062.7001953125
2026-05-11,21.200000762939453,13.779999732971191,36.0,28.860000610351562,259.5,9.369999885559082,100.9000015258789,51.04999923706055,110.4000015258789,116.4000015258789,58.70000076293945,4.190000057220459,431.75,171.0,65.4000015258789,28.200000762939453,286.25,38.08000183105469,51.349998474121094,15.899999618530273,151.3000030517578,387.25,7.070000171661377,97.4000015258789,9.430000305175781,596.5,6.409999847412109,1.909999966621399,87.75,25.079999923706055,57.54999923706055,1794.0,39.15999984741211,71.30000305175781,7.880000114440918,4.8121490478515625,184.60000610351562,24.5,75.75,142.1999969482422,3.640000104904175,177.8000030517578,8.9399995803833,120.69999694824219,105.19999694824219,5.011638164520264,40.86000061035156,5.760000228881836,335.75,6.119999885559082,99.5,337.75,14.90999984741211,5.570000171661377,617.5,30.31999969482422,43.900001525878906,2.2799999713897705,11.8100004196167,505.0,297.0,8.0600004196167,575.0,59.0,20.139999389648438,212.3000030517578,5.480000019073486,33.79999923706055,66.0,4325.0,22.399999618530273,9.729999542236328,3.180000066757202,35.97999954223633,16.18000030517578,37.70000076293945,167.0,1059.0,44.540000915527344,17.739999771118164,2.799999952316284,13.670000076293945,490.5,1627.0,71.0999984741211,241.10000610351562,8.609999656677246,8.029999732971191,63.79999923706055,17.309999465942383,23.799999237060547,8.619999885559082,30.0,26.139999389648438,15.449999809265137,12.6899995803833,186.1999969482422,31.34000015258789,99.3499984741211,56.099998474121094,24.600000381469727,51.75,281.5,279.0,148.39999389648438,121.9000015258789,308.5,46.220001220703125,95.80000305175781,104.80000305175781,128.5,7.090000152587891,66.8499984741211,450.25,4.449999809265137,2.690000057220459,259.5,9.720000267028809,37.5,130.0,79.4000015258789,2.31306791305542,14.380000114440918,12.420000076293945,15133.5
2026-05-12,20.520000457763672,13.510000228881836,35.5,31.459999084472656,254.0,9.359999656677246,101.0,50.25,116.80000305175781,114.69999694824219,59.0,4.019999980926514,419.25,188.10000610351562,63.75,27.559999465942383,286.25,34.5,51.54999923706055,15.800000190734863,148.10000610351562,390.5,6.949999809265137,94.0999984741211,9.0,539.5,6.269999980926514,1.7400000095367432,85.5,25.31999969482422,55.400001525878906,1757.0,37.619998931884766,69.0,8.199999809265137,5.093050003051758,184.5,24.260000228881836,75.94999694824219,128.0,3.7300000190734863,173.0,8.979999542236328,117.5,101.0999984741211,5.015917778015137,40.08000183105469,5.480000019073486,320.0,5.599999904632568,94.0,318.75,13.989999771118164,5.599999904632568,599.0,29.280000686645508,43.5,2.240000009536743,11.220000267028809,512.0,300.0,8.039999961853027,580.0,57.650001525878906,19.56999969482422,203.60000610351562,5.309999942779541,33.36000061035156,63.29999923706055,4155.0,20.15999984741211,9.630000114440918,3.4000000953674316,35.15999984741211,15.699999809265137,37.7400016784668,164.0,1062.0,43.79999923706055,16.90999984741211,2.880000114440918,13.760000228881836,495.0,1585.0,70.1500015258789,236.0,8.65999984741211,8.0,61.349998474121094,19.040000915527344,23.479999542236328,8.569999694824219,28.899999618530273,27.139999389648438,14.880000114440918,12.220000267028809,179.89999389648438,30.719999313354492,95.19999694824219,55.45000076293945,25.0,51.599998474121094,280.5,269.25,141.6999969482422,115.0,305.75,46.31999969482422,95.5,102.80000305175781,128.6999969482422,6.980000019073486,64.55000305175781,467.25,4.389999866485596,2.799999952316284,255.0,9.0600004196167,35.939998626708984,128.10000610351562,78.5,2.23465895652771,14.260000228881836,12.529999732971191,14779.900390625
2026-05-13,20.700000762939453,13.3100004196167,36.79999923706055,31.15999984741211,259.0,9.319999694824219,100.4000015258789,52.150001525878906,111.0,113.4000015258789,54.75,3.7200000286102295,412.75,186.10000610351562,65.0,26.81999969482422,273.0,33.13999938964844,50.099998474121094,15.460000038146973,145.0,406.5,6.699999809265137,93.5,8.729999542236328,519.5,6.170000076293945,1.7200000286102295,83.44999694824219,24.520000457763672,54.650001525878906,1732.0,37.400001525878906,68.0999984741211,8.609999656677246,4.839778900146484,181.89999389648438,24.520000457763672,77.0,121.80000305175781,3.490000009536743,170.0,8.760000228881836,117.5999984741211,102.0,4.729172229766846,40.5,5.329999923706055,317.25,5.269999980926514,90.75,310.25,15.380000114440918,5.400000095367432,590.5,28.719999313354492,41.2400016784668,2.2300000190734863,11.229999542236328,499.75,301.5,7.960000038146973,592.5,57.75,19.889999389648438,204.39999389648438,5.090000152587891,32.29999923706055,61.099998474121094,4062.5,18.149999618530273,8.829999923706055,3.299999952316284,34.400001525878906,15.819999694824219,37.459999084472656,157.0,1018.0,44.119998931884766,16.6200008392334,2.7466659545898438,14.140000343322754,490.5,1545.0,66.8499984741211,232.0,8.630000114440918,7.800000190734863,61.0,19.100000381469727,22.899999618530273,8.460000038146973,28.700000762939453,26.520000457763672,14.460000038146973,12.25,189.0,30.100000381469727,95.25,54.25,23.959999084472656,51.79999923706055,283.5,264.0,140.3000030517578,114.0,304.0,46.959999084472656,92.9000015258789,99.94999694824219,126.4000015258789,6.800000190734863,64.75,476.5,4.230000019073486,2.630000114440918,250.75,8.680000305175781,35.02000045776367,125.80000305175781,79.5,2.2189769744873047,13.880000114440918,12.09000015258789,14598.5
2026-05-14,20.420000076293945,13.430000305175781,36.779998779296875,31.100000381469727,257.0,9.390000343322754,97.5999984741211,55.849998474121094,112.9000015258789,112.0999984741211,59.54999923706055,3.7300000190734863,415.5,186.10000610351562,64.80000305175781,27.700000762939453,267.75,33.41999816894531,50.54999923706055,16.260000228881836,146.0,414.0,7.159999847412109,96.19999694824219,8.779999732971191,534.5,6.269999980926514,1.7200000286102295,83.0,26.959999084472656,55.5,1725.0,38.2599983215332,68.19999694824219,9.029999732971191,4.756889820098877,184.10000610351562,23.399999618530273,77.44999694824219,119.0,3.450000047683716,186.0,8.770000457763672,118.0999984741211,103.69999694824219,4.771969795227051,39.7400016784668,5.5,314.25,5.309999942779541,96.80000305175781,317.0,13.850000381469727,5.309999942779541,608.0,28.84000015258789,41.68000030517578,2.2300000190734863,11.699999809265137,517.0,310.0,8.75,590.0,55.75,20.799999237060547,204.5,5.110000133514404,32.880001068115234,65.05000305175781,4097.5,17.920000076293945,9.25,3.4000000953674316,36.79999923706055,15.899999618530273,37.29999923706055,160.89999389648438,1119.0,43.91999816894531,16.690000534057617,2.733333110809326,14.6899995803833,493.5,1557.0,67.3499984741211,232.0,8.699999809265137,7.800000190734863,60.400001525878906,19.459999084472656,23.020000457763672,8.460000038146973,30.18000030517578,26.200000762939453,15.260000228881836,12.199999809265137,204.0,30.520000457763672,95.8499984741211,57.04999923706055,23.200000762939453,53.25,282.5,267.5,141.8000030517578,114.5,305.75,46.720001220703125,92.30000305175781,101.9000015258789,123.0,6.849999904632568,63.650001525878906,474.0,4.440000057220459,2.6600000858306885,253.5,8.739999771118164,34.7400016784668,127.0999984741211,79.4000015258789,2.266021966934204,14.239999771118164,12.369999885559082,14644.7001953125
2026-05-15,19.56999969482422,13.1899995803833,35.7400016784668,31.219999313354492,253.25,9.210000038146973,97.0,50.54999923706055,114.80000305175781,110.9000015258789,56.95000076293945,3.609999895095825,415.0,188.10000610351562,69.1500015258789,26.520000457763672,267.5,32.040000915527344,50.0,16.100000381469727,145.89999389648438,405.25,7.489999771118164,94.1500015258789,8.890000343322754,518.5,6.199999809265137,1.649999976158142,82.94999694824219,26.5,53.5,1704.0,37.34000015258789,66.75,9.229999542236328,4.669395923614502,181.89999389648438,23.18000030517578,77.8499984741211,111.5999984741211,3.490000009536743,176.0,8.600000381469727,115.19999694824219,101.69999694824219,4.686374187469482,39.619998931884766,5.429999828338623,306.0,5.53000020980835,93.0,314.5,13.40999984741211,5.840000152587891,594.5,28.34000015258789,40.900001525878906,2.2200000286102295,11.300000190734863,517.0,299.75,8.829999923706055,594.0,55.400001525878906,21.079999923706055,199.0,4.989999771118164,32.599998474121094,63.0,4057.5,18.299999237060547,9.1899995803833,3.390000104904175,35.31999969482422,15.390000343322754,36.939998626708984,159.0,1078.0,44.0,16.200000762939453,2.859999895095825,14.609999656677246,485.25,1522.0,69.19999694824219,232.1999969482422,8.619999885559082,7.650000095367432,57.650001525878906,19.899999618530273,22.440000534057617,8.449999809265137,29.5,26.0,14.880000114440918,11.720000267028809,202.1999969482422,30.639999389648438,93.05000305175781,54.20000076293945,23.200000762939453,50.150001525878906,281.0,258.25,140.0,109.5,300.0,47.400001525878906,92.3499984741211,100.5999984741211,122.4000015258789,6.75,61.70000076293945,472.5,4.559999942779541,2.5999999046325684,258.5,8.460000038146973,33.5,123.0,78.0,2.2189769744873047,13.859999656677246,11.989999771118164,14367.599609375
2026-05-18,19.479999542236328,12.920000076293945,34.040000915527344,30.219999313354492,249.3000030517578,9.25,92.8499984741211,47.7599983215332,111.0,107.30000305175781,58.0,3.559999942779541,402.0,206.89999389648438,65.25,25.299999237060547,257.25,31.0,48.86000061035156,15.930000305175781,147.5,392.5,7.010000228881836,91.0999984741211,8.6899995803833,512.5,6.039999961853027,1.5700000524520874,81.1500015258789,25.059999465942383,52.0,1662.0,36.220001220703125,65.0,9.229999542236328,4.542760848999023,178.0,22.600000381469727,76.5,108.0999984741211,3.700000047683716,172.0,8.649999618530273,113.5,98.19999694824219,4.37394905090332,38.540000915527344,5.199999809265137,303.5,5.239999771118164,93.0999984741211,304.0,12.699999809265137,5.360000133514404,571.0,27.399999618530273,40.119998931884766,2.190000057220459,11.75,472.75,285.5,9.289999961853027,590.0,53.650001525878906,21.100000381469727,195.0,4.869999885559082,32.040000915527344,60.25,3980.0,17.81999969482422,9.050000190734863,3.240000009536743,34.68000030517578,15.0,36.900001525878906,155.0,1071.0,45.099998474121094,15.920000076293945,3.0,14.359999656677246,462.0,1502.0,65.1500015258789,226.0,8.59000015258789,7.230000019073486,57.70000076293945,18.6299991607666,21.34000015258789,8.4399995803833,28.81999969482422,25.399999618530273,13.850000381469727,11.800000190734863,196.5,29.459999084472656,92.30000305175781,51.29999923706055,22.799999237060547,49.439998626708984,283.75,252.75,139.1999969482422,106.80000305175781,294.5,46.599998474121094,88.9000015258789,97.4000015258789,118.69999694824219,6.550000190734863,61.54999923706055,457.0,4.230000019073486,2.5,254.0,8.300000190734863,32.7400016784668,119.9000015258789,76.30000305175781,2.179771900177002,13.520000457763672,11.979999542236328,14029.5
2026-05-20,19.75,12.75,34.29999923706055,31.5,247.0,9.25,95.44999694824219,51.650001525878906,111.9000015258789,107.69999694824219,57.79999923706055,3.490000009536743,393.5,193.89999389648438,62.150001525878906,25.100000381469727,258.0,29.860000610351562,48.86000061035156,15.119999885559082,142.1999969482422,392.75,7.010000228881836,90.69999694824219,8.59000015258789,486.5,6.019999980926514,1.5700000524520874,81.75,26.520000457763672,52.150001525878906,1648.0,35.5,65.5999984741211,9.300000190734863,4.455266952514648,184.3000030517578,23.440000534057617,77.0999984741211,106.0999984741211,3.7699999809265137,167.8000030517578,8.710000038146973,113.69999694824219,98.80000305175781,4.395348072052002,38.63999938964844,5.059999942779541,289.75,5.420000076293945,92.0,305.0,12.420000076293945,5.329999923706055,560.0,27.899999618530273,40.400001525878906,2.1600000858306885,11.350000381469727,440.0,293.25,8.369999885559082,598.0,55.20000076293945,21.34000015258789,196.0,4.96999979019165,31.520000457763672,59.29999923706055,3885.0,17.719999313354492,8.829999923706055,3.2899999618530273,33.900001525878906,15.720000267028809,37.58000183105469,153.39999389648438,1058.0,44.13999938964844,15.9399995803833,2.9466660022735596,14.270000457763672,473.75,1467.0,64.25,221.10000610351562,8.739999771118164,7.190000057220459,56.20000076293945,20.479999542236328,21.059999465942383,8.460000038146973,27.899999618530273,24.34000015258789,13.539999961853027,11.609999656677246,201.0,29.079999923706055,92.6500015258789,52.400001525878906,22.5,49.900001525878906,273.5,260.75,138.5,108.5999984741211,295.0,44.959999084472656,88.75,100.0,112.5,6.559999942779541,62.150001525878906,451.0,4.28000020980835,2.4200000762939453,250.0,8.279999732971191,32.720001220703125,119.19999694824219,75.6500015258789,2.15625,13.119999885559082,11.880000114440918,14012.0
2026-05-21,18.579999923706055,12.220000267028809,32.220001220703125,30.100000381469727,247.89999389648438,8.880000114440918,90.69999694824219,47.439998626708984,106.5999984741211,102.0,52.45000076293945,3.259999990463257,377.75,182.0,59.70000076293945,24.100000381469727,247.8000030517578,27.81999969482422,46.34000015258789,13.609999656677246,129.5,376.5,6.389999866485596,87.19999694824219,8.239999771118164,438.0,5.809999942779541,1.4500000476837158,79.80000305175781,24.399999618530273,49.7400016784668,1586.0,33.65999984741211,62.900001525878906,8.9399995803833,4.254952907562256,176.3000030517578,21.540000915527344,74.44999694824219,100.80000305175781,3.4000000953674316,164.0,8.229999542236328,107.4000015258789,95.25,4.0658040046691895,35.18000030517578,4.599999904632568,281.0,5.090000152587891,86.5,288.75,11.800000190734863,5.099999904632568,527.5,25.1200008392334,38.400001525878906,2.109999895095825,10.600000381469727,404.0,264.0,7.550000190734863,590.0,52.5,20.399999618530273,183.3000030517578,4.619999885559082,29.959999084472656,56.0,3687.5,16.170000076293945,8.460000038146973,3.0,32.34000015258789,15.5,35.08000183105469,142.1999969482422,1100.0,42.0,15.1899995803833,2.680000066757202,14.1899995803833,445.0,1400.0,60.349998474121094,213.0,8.479999542236328,6.699999809265137,55.349998474121094,19.40999984741211,20.15999984741211,8.510000228881836,26.3799991607666,22.760000228881836,12.899999618530273,10.869999885559082,181.1999969482422,29.0,87.25,48.900001525878906,21.0,47.65999984741211,259.75,244.8000030517578,130.60000610351562,106.0,274.0,40.79999923706055,80.69999694824219,91.5999984741211,101.30000305175781,6.260000228881836,57.45000076293945,435.0,4.019999980926514,2.309999942779541,241.6999969482422,7.659999847412109,29.84000015258789,111.80000305175781,71.44999694824219,2.0386359691619873,12.479999542236328,11.25,13163.900390625
2026-05-22,19.280000686645508,12.539999961853027,34.13999938964844,31.459999084472656,250.5,9.180000305175781,96.30000305175781,50.349998474121094,109.5,104.0999984741211,57.650001525878906,3.390000104904175,410.0,198.89999389648438,61.20000076293945,24.6200008392334,250.0,28.520000457763672,47.79999923706055,14.300000190734863,138.10000610351562,392.75,6.659999847412109,91.05000305175781,8.479999542236328,467.75,5.929999828338623,1.5299999713897705,80.75,26.5,51.54999923706055,1644.0,35.5,64.1500015258789,9.829999923706055,4.4161248207092285,180.89999389648438,23.540000915527344,78.5999984741211,103.5,3.430000066757202,172.0,8.640000343322754,117.19999694824219,98.94999694824219,4.361110210418701,38.68000030517578,4.929999828338623,288.0,5.269999980926514,89.1500015258789,304.5,12.09000015258789,5.130000114440918,544.5,26.200000762939453,39.540000915527344,2.1500000953674316,11.279999732971191,420.5,279.75,7.889999866485596,610.0,56.95000076293945,20.5,190.1999969482422,4.889999866485596,30.84000015258789,60.0,3817.5,17.780000686645508,9.050000190734863,3.180000066757202,34.29999923706055,16.350000381469727,36.79999923706055,151.0,1210.0,43.65999984741211,15.720000267028809,2.819999933242798,15.0,470.75,1480.0,63.70000076293945,216.8000030517578,8.34000015258789,7.010000228881836,58.45000076293945,21.34000015258789,20.739999771118164,8.729999542236328,27.399999618530273,23.219999313354492,13.020000457763672,11.220000267028809,192.0,29.739999771118164,89.1500015258789,53.0,22.0,49.7400016784668,264.0,252.0,136.0,106.5,288.0,43.560001373291016,84.6500015258789,94.0,109.0999984741211,6.360000133514404,59.45000076293945,451.5,4.269999980926514,2.430000066757202,243.10000610351562,8.0600004196167,30.84000015258789,117.69999694824219,75.5999984741211,2.109204053878784,12.899999618530273,11.569999694824219,13808.2001953125
2026-05-25,19.540000915527344,12.630000114440918,33.81999969482422,32.86000061035156,256.0,9.199999809265137,96.9000015258789,55.349998474121094,110.9000015258789,105.0,58.150001525878906,3.4100000858306885,401.75,218.6999969482422,62.5,25.0,238.39999389648438,28.399999618530273,48.02000045776367,14.720000267028809,138.8000030517578,378.75,6.769999980926514,92.5999984741211,8.5,497.0,6.050000190734863,1.5199999809265137,80.80000305175781,27.780000686645508,52.150001525878906,1684.0,36.36000061035156,64.4000015258789,10.09000015258789,4.4575700759887695,184.0,22.899999618530273,81.0,103.5,3.640000104904175,167.0,8.6899995803833,114.5,99.0,4.4424262046813965,39.47999954223633,5.130000114440918,293.0,5.400000095367432,92.0999984741211,317.75,12.489999771118164,5.329999923706055,571.5,27.280000686645508,40.41999816894531,2.1500000953674316,11.380000114440918,422.5,280.5,7.960000038146973,615.5,57.70000076293945,20.68000030517578,190.89999389648438,4.849999904632568,31.559999465942383,63.150001525878906,3860.0,18.489999771118164,9.170000076293945,3.200000047683716,34.7599983215332,16.940000534057617,36.880001068115234,152.89999389648438,1331.0,44.7400016784668,16.049999237060547,2.9533329010009766,15.119999885559082,459.0,1520.0,66.3499984741211,221.5,8.140000343322754,7.25,59.29999923706055,20.760000228881836,21.079999923706055,8.779999732971191,28.200000762939453,22.3799991607666,13.289999961853027,11.300000190734863,192.3000030517578,29.799999237060547,90.30000305175781,55.650001525878906,22.299999237060547,49.220001220703125,267.0,259.0,137.10000610351562,106.0999984741211,297.5,45.58000183105469,87.0,93.5999984741211,113.0,6.429999828338623,60.400001525878906,451.5,4.420000076293945,2.440000057220459,234.10000610351562,8.329999923706055,30.5,117.4000015258789,75.55000305175781,2.1327269077301025,13.15999984741211,11.720000267028809,13890.900390625
2026-05-26,19.299999237060547,12.699999809265137,33.599998474121094,32.91999816894531,257.25,9.229999542236328,96.05000305175781,53.75,113.5999984741211,103.69999694824219,59.29999923706055,3.4000000953674316,380.25,220.0,62.599998474121094,24.739999771118164,237.60000610351562,27.979999542236328,48.47999954223633,14.729999542236328,139.60000610351562,373.0,6.949999809265137,93.80000305175781,8.539999961853027,489.0,6.010000228881836,1.5199999809265137,80.05000305175781,27.600000381469727,50.650001525878906,1657.0,36.0,65.0,10.100000381469727,4.450662136077881,184.8000030517578,23.520000457763672,81.3499984741211,103.80000305175781,3.630000114440918,174.10000610351562,8.8100004196167,109.80000305175781,100.5,4.37394905090332,39.18000030517578,5.239999771118164,292.0,5.429999828338623,92.5999984741211,316.5,12.270000457763672,5.400000095367432,550.0,26.899999618530273,40.380001068115234,2.1700000762939453,11.470000267028809,435.5,279.0,8.050000190734863,615.0,57.70000076293945,20.459999084472656,189.10000610351562,4.829999923706055,31.34000015258789,62.0,3835.0,18.450000762939453,9.020000457763672,3.1600000858306885,34.720001220703125,16.709999084472656,36.70000076293945,158.1999969482422,1350.0,44.439998626708984,16.0,3.053333044052124,15.279999732971191,453.0,1506.0,67.1500015258789,225.0,7.960000038146973,7.440000057220459,58.349998474121094,20.399999618530273,20.81999969482422,8.800000190734863,28.8799991607666,22.100000381469727,13.270000457763672,11.399999618530273,192.1999969482422,31.479999542236328,92.0,55.79999923706055,22.84000015258789,47.84000015258789,267.0,251.75,136.39999389648438,101.0,296.75,43.540000915527344,83.6500015258789,89.8499984741211,107.9000015258789,6.409999847412109,61.25,449.25,4.429999828338623,2.4100000858306885,236.1999969482422,8.279999732971191,30.420000076293945,115.80000305175781,75.0,2.1248860359191895,13.069999694824219,11.670000076293945,13662.7998046875
2026-06-01,19.40999984741211,13.050000190734863,33.84000015258789,32.52000045776367,260.0,9.260000228881836,96.05000305175781,52.29999923706055,124.5,104.0,64.5,3.4200000762939453,384.0,242.0,62.25,25.639999389648438,244.10000610351562,28.200000762939453,48.099998474121094,14.569999694824219,139.89999389648438,371.25,6.920000076293945,96.44999694824219,8.5,537.5,6.099999904632568,1.5399999618530273,81.5,28.799999237060547,51.150001525878906,1659.0,35.63999938964844,65.0,10.100000381469727,4.531249046325684,183.10000610351562,22.5,82.5,107.30000305175781,3.5999999046325684,170.0,8.789999961853027,111.9000015258789,98.5,5.099999904632568,40.0,5.300000190734863,300.5,5.650000095367432,95.6500015258789,318.75,12.270000457763672,5.360000133514404,539.0,26.959999084472656,41.099998474121094,2.1700000762939453,12.3100004196167,460.0,280.0,8.130000114440918,626.0,63.45000076293945,20.639999389648438,186.0,4.849999904632568,31.959999084472656,62.75,3805.0,19.56999969482422,9.420000076293945,3.2699999809265137,35.15999984741211,17.579999923706055,36.5,163.0,1276.0,40.0,16.399999618530273,3.353332996368408,15.520000457763672,460.5,1574.0,68.4000015258789,216.1999969482422,8.119999885559082,7.309999942779541,58.650001525878906,21.68000030517578,20.5,8.960000038146973,30.100000381469727,23.059999465942383,13.050000190734863,11.539999961853027,195.0,34.0,89.0,55.79999923706055,22.799999237060547,48.0,275.0,257.0,136.3000030517578,102.5999984741211,291.5,43.29999923706055,85.30000305175781,92.80000305175781,111.80000305175781,6.46999979019165,61.0,450.0,4.550000190734863,2.4200000762939453,244.89999389648438,8.1899995803833,30.479999542236328,115.9000015258789,75.0,2.1954538822174072,13.25,11.630000114440918,13704.0
2026-06-02,20.18000030517578,13.170000076293945,34.79999923706055,32.220001220703125,286.0,9.25,99.69999694824219,57.5,126.4000015258789,107.69999694824219,70.19999694824219,3.549999952316284,407.75,239.1999969482422,64.19999694824219,27.020000457763672,245.8000030517578,28.520000457763672,49.619998931884766,14.760000228881836,141.8000030517578,380.75,7.03000020980835,96.69999694824219,8.760000228881836,541.5,6.159999847412109,1.5800000429153442,84.9000015258789,28.360000610351562,53.79999923706055,1696.0,36.65999984741211,66.75,10.149999618530273,4.586507797241211,191.8000030517578,23.579999923706055,84.0,106.0,3.5999999046325684,170.8000030517578,8.979999542236328,113.5,99.19999694824219,5.230000019073486,41.0,5.46999979019165,311.0,6.210000038146973,98.5,320.5,12.470000267028809,5.539999961853027,550.5,27.739999771118164,42.70000076293945,2.200000047683716,12.59000015258789,488.75,282.0,8.399999618530273,622.5,66.25,21.0,193.3000030517578,4.949999809265137,32.34000015258789,65.19999694824219,3897.5,20.700000762939453,9.5,3.259999990463257,36.0,17.040000915527344,33.97999954223633,164.1999969482422,1246.0,40.619998931884766,16.780000686645508,3.180000066757202,15.720000267028809,468.0,1560.0,71.55000305175781,221.5,8.09000015258789,7.630000114440918,58.70000076293945,22.84000015258789,21.020000457763672,9.069999694824219,31.0,23.700000762939453,13.140000343322754,11.829999923706055,195.5,34.47999954223633,93.30000305175781,59.79999923706055,22.15999984741211,49.36000061035156,278.75,265.5,140.39999389648438,108.5,300.0,45.2400016784668,89.05000305175781,93.94999694824219,115.0,6.610000133514404,63.150001525878906,455.75,4.610000133514404,2.4800000190734863,250.25,8.25,30.559999465942383,118.0,77.6500015258789,2.250339984893799,13.1899995803833,11.930000305175781,14200.2001953125
2026-06-03,20.1200008392334,12.979999542236328,33.58000183105469,31.719999313354492,272.25,9.239999771118164,100.4000015258789,61.900001525878906,122.0,105.69999694824219,66.80000305175781,3.390000104904175,383.5,224.8000030517578,61.95000076293945,26.079999923706055,241.39999389648438,27.8799991607666,49.959999084472656,14.359999656677246,140.89999389648438,381.0,6.800000190734863,97.94999694824219,8.640000343322754,570.5,6.230000019073486,1.5499999523162842,82.0,27.059999465942383,52.20000076293945,1672.0,37.5,65.6500015258789,10.899999618530273,4.519735813140869,186.39999389648438,22.65999984741211,84.30000305175781,104.0,3.4200000762939453,165.6999969482422,8.800000190734863,110.0,95.9000015258789,5.099999904632568,40.29999923706055,5.300000190734863,312.5,5.909999847412109,95.80000305175781,318.5,12.130000114440918,5.239999771118164,540.0,26.799999237060547,41.400001525878906,2.200000047683716,12.649999618530273,472.5,276.25,8.180000305175781,627.0,61.5,20.860000610351562,188.60000610351562,4.889999866485596,31.34000015258789,63.29999923706055,3850.0,20.0,9.319999694824219,3.25,35.119998931884766,16.389999389648438,32.459999084472656,157.1999969482422,1194.0,41.18000030517578,16.520000457763672,3.1933329105377197,16.010000228881836,460.0,1574.0,68.8499984741211,216.60000610351562,7.760000228881836,7.380000114440918,58.849998474121094,21.399999618530273,20.959999084472656,8.739999771118164,30.84000015258789,22.540000915527344,12.779999732971191,11.890000343322754,195.60000610351562,32.08000183105469,90.69999694824219,65.75,21.899999618530273,49.060001373291016,278.75,262.75,137.3000030517578,105.80000305175781,297.0,47.099998474121094,89.19999694824219,94.69999694824219,118.9000015258789,6.599999904632568,62.900001525878906,450.0,4.460000038146973,2.440000057220459,237.89999389648438,9.069999694824219,30.3799991607666,115.4000015258789,75.80000305175781,2.187613010406494,13.470000267028809,11.739999771118164,13965.7001953125
2026-06-04,20.65999984741211,12.880000114440918,32.900001525878906,31.15999984741211,271.25,9.170000076293945,101.0999984741211,58.349998474121094,122.30000305175781,105.5,73.44999694824219,3.4200000762939453,362.25,227.60000610351562,62.349998474121094,25.600000381469727,244.5,27.459999084472656,49.63999938964844,14.079999923706055,150.0,373.0,6.789999961853027,97.0,8.619999885559082,580.0,6.170000076293945,1.5499999523162842,78.80000305175781,27.780000686645508,51.400001525878906,1653.0,37.400001525878906,66.05000305175781,10.800000190734863,4.492106914520264,185.1999969482422,22.860000610351562,85.0,102.0,3.440000057220459,166.10000610351562,8.90999984741211,108.19999694824219,94.94999694824219,4.789999961853027,40.099998474121094,5.309999942779541,311.75,5.730000019073486,94.6500015258789,320.0,11.869999885559082,5.130000114440918,522.5,26.920000076293945,41.31999969482422,2.180000066757202,12.5,456.0,270.25,8.170000076293945,641.5,62.04999923706055,20.940000534057617,191.1999969482422,5.090000152587891,31.739999771118164,62.900001525878906,3835.0,19.600000381469727,9.319999694824219,3.2100000381469727,34.86000061035156,16.420000076293945,31.3799991607666,151.0,1210.0,40.2599983215332,16.65999984741211,3.140000104904175,15.75,454.0,1584.0,68.1500015258789,218.0,7.610000133514404,7.159999847412109,59.95000076293945,21.540000915527344,20.940000534057617,8.649999618530273,30.760000228881836,21.020000457763672,12.779999732971191,11.850000381469727,195.0,32.099998474121094,92.0,66.94999694824219,21.899999618530273,48.279998779296875,281.0,264.0,136.0,107.9000015258789,299.75,48.29999923706055,91.19999694824219,95.05000305175781,119.4000015258789,6.849999904632568,63.650001525878906,447.0,4.400000095367432,2.430000066757202,232.1999969482422,8.5600004196167,29.65999984741211,115.19999694824219,75.80000305175781,2.2189769744873047,13.100000381469727,11.59000015258789,13872.2998046875
2026-06-05,20.360000610351562,12.819999694824219,32.29999923706055,31.0,265.25,9.170000076293945,98.5,55.599998474121094,116.0999984741211,103.30000305175781,66.1500015258789,3.4600000381469727,363.0,230.1999969482422,59.79999923706055,25.920000076293945,243.39999389648438,26.68000030517578,48.79999923706055,13.979999542236328,141.8000030517578,377.25,6.71999979019165,94.55000305175781,8.470000267028809,624.0,6.070000171661377,1.5299999713897705,78.80000305175781,28.5,49.52000045776367,1631.0,37.70000076293945,65.3499984741211,10.380000114440918,4.4713850021362305,183.10000610351562,21.579999923706055,86.9000015258789,99.05000305175781,3.450000047683716,168.5,8.680000305175781,107.0999984741211,93.3499984741211,4.75,39.15999984741211,5.119999885559082,302.75,5.53000020980835,91.9000015258789,309.25,12.40999984741211,5.400000095367432,493.0,26.459999084472656,41.29999923706055,2.1600000858306885,12.039999961853027,445.25,270.5,8.260000228881836,644.5,62.79999923706055,20.65999984741211,189.0,4.940000057220459,31.100000381469727,61.5,3860.0,20.0,9.380000114440918,3.130000114440918,34.380001068115234,15.819999694824219,29.959999084472656,147.60000610351562,1241.0,40.0,16.40999984741211,3.0666658878326416,16.469999313354492,442.0,1547.0,66.69999694824219,214.60000610351562,7.309999942779541,7.210000038146973,57.900001525878906,22.200000762939453,20.639999389648438,8.539999961853027,29.399999618530273,20.84000015258789,12.390000343322754,11.649999618530273,195.3000030517578,32.279998779296875,90.0,62.0,21.65999984741211,48.060001373291016,285.0,257.5,133.3000030517578,105.0999984741211,297.0,45.13999938964844,86.9000015258789,96.4000015258789,112.69999694824219,6.71999979019165,62.29999923706055,438.75,4.340000152587891,2.359999895095825,240.8000030517578,8.289999961853027,28.8799991607666,115.80000305175781,75.0999984741211,2.15625,13.399999618530273,11.460000038146973,13694.2001953125
2026-06-08,20.299999237060547,12.850000381469727,33.18000030517578,32.0,260.0,9.180000305175781,101.19999694824219,61.150001525878906,115.5,103.19999694824219,64.3499984741211,3.4200000762939453,368.0,253.0,59.0,26.1200008392334,232.60000610351562,27.399999618530273,48.7400016784668,13.899999618530273,140.60000610351562,377.25,6.909999847412109,92.3499984741211,8.34000015258789,644.5,6.050000190734863,1.5199999809265137,79.9000015258789,27.780000686645508,49.58000183105469,1639.0,38.900001525878906,64.55000305175781,10.859999656677246,4.390798091888428,182.1999969482422,21.959999084472656,83.69999694824219,108.9000015258789,3.4000000953674316,166.39999389648438,8.829999923706055,107.0,94.94999694824219,4.840000152587891,39.02000045776367,5.099999904632568,302.5,5.449999809265137,94.19999694824219,311.5,13.649999618530273,5.940000057220459,500.5,26.479999542236328,41.02000045776367,2.1500000953674316,12.0600004196167,439.75,269.5,8.140000343322754,637.0,61.650001525878906,20.5,190.89999389648438,4.929999828338623,30.600000381469727,61.849998474121094,3815.0,20.079999923706055,9.399999618530273,3.190000057220459,35.34000015258789,15.90999984741211,30.040000915527344,143.39999389648438,1165.0,40.29999923706055,17.049999237060547,2.9666659832000732,16.110000610351562,449.75,1558.0,65.75,215.5,7.300000190734863,7.480000019073486,57.650001525878906,21.6200008392334,20.739999771118164,8.5,30.079999923706055,20.979999542236328,12.449999809265137,11.579999923706055,195.89999389648438,32.47999954223633,91.5,60.150001525878906,21.700000762939453,48.400001525878906,289.0,254.0,135.3000030517578,107.4000015258789,297.25,46.040000915527344,90.30000305175781,98.30000305175781,121.0,6.650000095367432,64.30000305175781,442.25,4.25,2.369999885559082,238.8000030517578,8.260000228881836,29.31999969482422,116.0,75.0,2.15625,13.300000190734863,11.319999694824219,13860.599609375
2026-06-09,20.299999237060547,12.789999961853027,32.68000030517578,31.600000381469727,261.5,9.15999984741211,104.5,63.29999923706055,115.19999694824219,102.5,61.20000076293945,3.3399999141693115,357.25,248.10000610351562,58.75,26.040000915527344,228.5,27.040000915527344,48.63999938964844,13.800000190734863,138.3000030517578,383.75,6.739999771118164,90.6500015258789,8.220000267028809,598.0,5.989999771118164,1.5,78.3499984741211,26.760000228881836,49.5,1619.0,42.779998779296875,64.5,10.319999694824219,4.337841987609863,190.5,21.540000915527344,85.5999984741211,113.30000305175781,3.2200000286102295,164.8000030517578,8.470000267028809,105.69999694824219,96.1500015258789,4.75,38.63999938964844,5.03000020980835,307.5,5.28000020980835,93.0999984741211,305.5,15.010000228881836,6.53000020980835,479.25,27.1200008392334,40.70000076293945,2.119999885559082,11.600000381469727,433.25,267.0,7.989999771118164,646.0,63.25,20.399999618530273,186.6999969482422,4.869999885559082,30.200000762939453,59.75,3770.0,19.90999984741211,9.140000343322754,3.009999990463257,35.29999923706055,15.649999618530273,29.700000762939453,145.3000030517578,1281.0,39.279998779296875,17.729999542236328,2.846666097640991,16.0,449.75,1525.0,69.80000305175781,214.8000030517578,6.960000038146973,7.380000114440918,56.650001525878906,22.020000457763672,20.84000015258789,8.430000305175781,28.8799991607666,20.219999313354492,12.149999618530273,11.40999984741211,199.39999389648438,32.36000061035156,91.19999694824219,56.349998474121094,22.040000915527344,48.5,281.0,257.0,135.5,105.5,296.75,43.81999969482422,86.6500015258789,100.0,113.9000015258789,6.659999847412109,62.900001525878906,440.75,4.170000076293945,2.380000114440918,229.5,8.0600004196167,28.8799991607666,115.5,78.55000305175781,2.1248860359191895,13.0,11.239999771118164,13741.900390625
2026-06-10,19.959999084472656,12.729999542236328,32.279998779296875,31.34000015258789,260.0,9.15999984741211,105.9000015258789,62.25,111.69999694824219,102.0,58.849998474121094,3.2300000190734863,376.75,244.0,58.70000076293945,26.020000457763672,229.60000610351562,26.059999465942383,48.599998474121094,13.619999885559082,136.6999969482422,380.5,6.690000057220459,90.80000305175781,8.0600004196167,619.0,5.929999828338623,1.4600000381469727,79.0999984741211,25.68000030517578,49.31999969482422,1612.0,41.20000076293945,65.1500015258789,9.850000381469727,4.770705223083496,200.89999389648438,21.799999237060547,84.25,105.0999984741211,3.109999895095825,158.6999969482422,8.520000457763672,104.30000305175781,93.80000305175781,4.630000114440918,38.63999938964844,4.900000095367432,309.25,5.21999979019165,92.30000305175781,308.0,13.760000228881836,6.0,470.25,26.3799991607666,39.79999923706055,2.0999999046325684,11.34000015258789,434.75,261.0,7.71999979019165,645.0,60.54999923706055,20.299999237060547,185.0,4.920000076293945,30.18000030517578,59.29999923706055,3685.0,19.3799991607666,9.119999885559082,3.009999990463257,34.63999938964844,15.539999961853027,29.100000381469727,142.0,1189.0,39.79999923706055,17.149999618530273,2.786665916442871,15.430000305175781,446.0,1497.0,64.80000305175781,211.8000030517578,6.920000076293945,7.059999942779541,62.29999923706055,21.5,21.020000457763672,8.5,28.219999313354492,19.950000762939453,12.149999618530273,11.369999885559082,197.8000030517578,32.13999938964844,91.1500015258789,54.0,21.540000915527344,48.79999923706055,270.0,260.5,135.10000610351562,104.5999984741211,295.5,43.0,83.0,98.94999694824219,108.0,6.690000057220459,61.25,435.0,4.139999866485596,2.390000104904175,234.8000030517578,8.140000343322754,28.079999923706055,114.5,80.25,2.1248860359191895,12.819999694824219,11.3100004196167,13744.599609375
2026-06-11,20.219999313354492,12.539999961853027,32.2599983215332,32.15999984741211,260.0,9.0600004196167,106.0,59.29999923706055,111.80000305175781,101.5,58.5,3.200000047683716,377.75,233.0,57.29999923706055,25.479999542236328,227.0,25.719999313354492,48.20000076293945,13.5,135.0,380.5,6.590000152587891,90.75,7.989999771118164,616.0,5.889999866485596,1.440000057220459,78.5,25.059999465942383,48.560001373291016,1594.0,41.86000061035156,64.75,10.75,4.927271842956543,205.39999389648438,22.0,84.30000305175781,107.69999694824219,3.0999999046325684,154.0,8.600000381469727,103.9000015258789,92.80000305175781,4.690000057220459,38.400001525878906,5.389999866485596,297.5,5.309999942779541,91.19999694824219,305.5,14.399999618530273,6.599999904632568,468.75,26.1200008392334,39.79999923706055,2.069999933242798,11.1899995803833,409.0,258.0,7.809999942779541,653.0,59.0,20.1200008392334,184.1999969482422,4.900000095367432,30.299999237060547,57.599998474121094,3655.0,19.989999771118164,9.020000457763672,2.950000047683716,34.91999816894531,15.220000267028809,28.5,142.6999969482422,1135.0,39.81999969482422,16.729999542236328,2.733333110809326,14.079999923706055,438.0,1499.0,63.70000076293945,212.8000030517578,6.699999809265137,7.170000076293945,60.0,21.020000457763672,20.639999389648438,8.510000228881836,27.84000015258789,19.709999084472656,11.949999809265137,11.109999656677246,198.89999389648438,32.47999954223633,91.5999984741211,51.20000076293945,21.15999984741211,47.900001525878906,256.5,259.0,132.3000030517578,107.5,293.25,42.58000183105469,82.19999694824219,98.25,106.0999984741211,6.630000114440918,61.70000076293945,436.0,4.139999866485596,2.3499999046325684,236.0,8.029999732971191,27.65999984741211,111.0999984741211,79.05000305175781,2.1170449256896973,12.859999656677246,11.100000381469727,13743.5
2026-06-12,20.399999618530273,12.65999984741211,33.279998779296875,33.439998626708984,257.25,9.119999885559082,107.0,58.400001525878906,112.9000015258789,102.9000015258789,58.25,3.25,371.25,242.60000610351562,57.400001525878906,25.219999313354492,223.10000610351562,26.219999313354492,49.20000076293945,14.010000228881836,136.1999969482422,380.0,6.639999866485596,89.80000305175781,7.96999979019165,621.5,5.980000019073486,1.4500000476837158,82.5,25.31999969482422,50.099998474121094,1660.0,42.439998626708984,65.05000305175781,11.100000381469727,4.830568790435791,200.5,21.920000076293945,85.4000015258789,107.30000305175781,3.2200000286102295,159.5,9.460000038146973,105.5,93.0,4.829999923706055,39.36000061035156,5.679999828338623,297.0,5.369999885559082,90.55000305175781,305.0,13.210000038146973,6.090000152587891,478.75,26.559999465942383,40.29999923706055,2.069999933242798,11.25,413.75,261.5,7.989999771118164,655.5,59.150001525878906,20.260000228881836,187.5,4.949999809265137,30.3799991607666,58.599998474121094,3675.0,20.420000076293945,9.109999656677246,2.9700000286102295,36.5,15.510000228881836,28.360000610351562,145.60000610351562,1133.0,40.0,16.760000228881836,2.7799999713897705,13.989999771118164,442.5,1517.0,63.95000076293945,218.10000610351562,6.880000114440918,7.269999980926514,57.54999923706055,22.3799991607666,21.239999771118164,8.4399995803833,27.68000030517578,19.389999389648438,12.119999885559082,11.1899995803833,205.5,32.63999938964844,95.94999694824219,56.29999923706055,21.5,49.18000030517578,260.0,275.0,134.0,110.69999694824219,307.75,43.34000015258789,83.55000305175781,98.3499984741211,106.4000015258789,6.739999771118164,64.0999984741211,441.25,4.179999828338623,2.369999885559082,233.8000030517578,8.149999618530273,28.040000915527344,113.19999694824219,80.19999694824219,2.1405680179595947,12.850000381469727,11.399999618530273,13938.5
2026-06-15,21.299999237060547,13.0600004196167,34.220001220703125,32.900001525878906,265.0,9.390000343322754,109.4000015258789,58.75,119.80000305175781,106.0999984741211,62.04999923706055,3.3499999046325684,375.75,236.10000610351562,58.400001525878906,25.3799991607666,227.0,27.059999465942383,52.0,14.350000381469727,140.10000610351562,394.0,6.739999771118164,92.0,8.180000305175781,640.0,6.090000152587891,1.4800000190734863,82.5,25.780000686645508,51.400001525878906,1711.0,43.220001220703125,67.55000305175781,10.649999618530273,5.309481143951416,204.0,23.200000762939453,85.80000305175781,111.19999694824219,3.2100000381469727,160.0,9.289999961853027,108.5,96.0999984741211,4.940000057220459,40.20000076293945,5.599999904632568,302.25,5.380000114440918,91.1500015258789,319.75,13.329999923706055,6.199999809265137,526.5,26.84000015258789,41.7599983215332,2.0999999046325684,11.350000381469727,419.25,268.0,8.0600004196167,704.5,59.75,20.81999969482422,196.8000030517578,5.079999923706055,31.899999618530273,59.54999923706055,3760.0,20.860000610351562,9.380000114440918,3.069999933242798,37.599998474121094,15.680000305175781,29.139999389648438,142.6999969482422,1166.0,39.880001068115234,17.229999542236328,2.7799999713897705,14.819999694824219,452.5,1549.0,64.69999694824219,226.39999389648438,7.019999980926514,7.75,57.95000076293945,23.18000030517578,22.059999465942383,8.5,29.84000015258789,19.350000381469727,12.449999809265137,11.399999618530273,203.39999389648438,33.599998474121094,101.19999694824219,53.150001525878906,21.780000686645508,50.95000076293945,266.0,292.0,137.8000030517578,114.9000015258789,325.75,46.52000045776367,87.5999984741211,101.4000015258789,111.80000305175781,6.860000133514404,65.05000305175781,453.5,4.269999980926514,2.4200000762939453,231.89999389648438,8.270000457763672,28.280000686645508,116.69999694824219,82.5,2.2111361026763916,12.970000267028809,11.529999732971191,14446.400390625
2026-06-16,21.260000228881836,12.979999542236328,34.15999984741211,33.15999984741211,263.5,9.359999656677246,103.80000305175781,58.45000076293945,115.30000305175781,105.5,59.20000076293945,3.309999942779541,394.0,227.0,56.79999923706055,25.239999771118164,220.89999389648438,26.8799991607666,51.5,14.15999984741211,140.0,386.0,6.730000019073486,91.5,8.130000114440918,618.5,6.039999961853027,1.4700000286102295,80.0999984741211,26.059999465942383,51.20000076293945,1684.0,42.47999954223633,68.69999694824219,10.699999809265137,5.291061878204346,202.0,22.84000015258789,86.25,108.69999694824219,3.1600000858306885,159.1999969482422,9.4399995803833,108.5999984741211,94.1500015258789,4.789999961853027,40.29999923706055,6.159999847412109,300.5,5.300000190734863,90.3499984741211,318.75,13.210000038146973,6.099999904632568,524.5,27.31999969482422,41.58000183105469,2.0899999141693115,11.390000343322754,416.0,263.5,7.949999809265137,730.0,59.5,20.559999465942383,200.10000610351562,5.119999885559082,31.479999542236328,59.599998474121094,3750.0,21.579999923706055,9.220000267028809,3.0199999809265137,36.119998931884766,15.359999656677246,28.899999618530273,144.1999969482422,1157.0,39.52000045776367,17.75,2.700000047683716,14.420000076293945,429.75,1570.0,71.1500015258789,227.1999969482422,7.320000171661377,7.849999904632568,60.20000076293945,25.479999542236328,21.979999542236328,8.4399995803833,29.520000457763672,19.75,12.420000076293945,11.329999923706055,198.8000030517578,32.7400016784668,100.80000305175781,53.29999923706055,21.299999237060547,50.20000076293945,259.25,302.0,136.0,115.19999694824219,326.5,48.099998474121094,89.5,98.30000305175781,114.30000305175781,7.079999923706055,64.5,448.75,4.340000152587891,2.4000000953674316,225.39999389648438,8.170000076293945,28.81999969482422,115.9000015258789,79.55000305175781,2.187613010406494,12.90999984741211,11.430000305175781,14493.099609375
2026-06-17,21.059999465942383,12.770000457763672,33.720001220703125,34.13999938964844,256.25,9.319999694824219,100.69999694824219,55.54999923706055,116.80000305175781,103.5999984741211,57.29999923706055,3.259999990463257,395.0,216.10000610351562,56.04999923706055,24.799999237060547,222.1999969482422,26.420000076293945,52.150001525878906,14.300000190734863,139.5,382.5,6.670000076293945,90.0,8.039999961853027,614.0,5.960000038146973,1.4700000286102295,80.19999694824219,26.079999923706055,49.900001525878906,1650.0,41.29999923706055,68.6500015258789,10.199999809265137,5.212778091430664,197.0,22.280000686645508,83.25,105.0,3.200000047683716,158.60000610351562,9.779999732971191,107.30000305175781,92.6500015258789,4.78000020980835,39.400001525878906,6.050000190734863,297.25,5.260000228881836,89.80000305175781,313.0,13.010000228881836,5.840000152587891,506.0,26.84000015258789,41.13999938964844,2.0799999237060547,11.640000343322754,410.0,262.5,7.800000190734863,750.0,58.099998474121094,20.31999969482422,195.6999969482422,5.119999885559082,31.260000228881836,58.900001525878906,3725.0,21.700000762939453,9.09000015258789,2.9600000381469727,36.540000915527344,15.300000190734863,28.899999618530273,141.10000610351562,1152.0,38.900001525878906,17.43000030517578,2.6466660499572754,14.050000190734863,426.25,1570.0,69.0999984741211,227.3000030517578,7.03000020980835,8.399999618530273,59.70000076293945,24.719999313354492,21.579999923706055,8.350000381469727,29.5,20.079999923706055,12.180000305175781,11.270000457763672,200.0,31.940000534057617,99.80000305175781,52.20000076293945,22.399999618530273,48.720001220703125,248.39999389648438,300.25,135.1999969482422,112.0999984741211,321.75,47.86000061035156,90.19999694824219,98.30000305175781,117.0,6.96999979019165,62.45000076293945,438.5,4.199999809265137,2.369999885559082,226.6999969482422,8.069999694824219,31.700000762939453,114.69999694824219,78.05000305175781,2.179771900177002,12.720000267028809,11.34000015258789,14421.2001953125
2026-06-18,21.520000457763672,13.420000076293945,34.34000015258789,35.84000015258789,260.0,9.4399995803833,102.9000015258789,53.75,117.5,103.80000305175781,57.79999923706055,3.299999952316284,410.75,212.89999389648438,55.099998474121094,25.059999465942383,222.89999389648438,26.780000686645508,50.650001525878906,14.460000038146973,140.1999969482422,391.75,6.78000020980835,88.3499984741211,8.149999618530273,621.5,6.03000020980835,1.5,80.1500015258789,26.360000610351562,50.70000076293945,1671.0,41.79999923706055,69.5999984741211,10.609999656677246,5.249617099761963,197.3000030517578,22.399999618530273,85.30000305175781,105.0,3.2100000381469727,163.6999969482422,9.479999542236328,110.5999984741211,94.30000305175781,4.929999828338623,40.0,5.789999961853027,300.0,5.5,91.69999694824219,314.5,13.279999732971191,5.849999904632568,515.5,27.399999618530273,41.400001525878906,2.0899999141693115,11.5600004196167,413.25,267.5,7.820000171661377,759.0,60.849998474121094,20.719999313354492,199.6999969482422,5.199999809265137,31.639999389648438,64.75,3852.5,21.260000228881836,9.369999885559082,2.9600000381469727,35.79999923706055,15.5,29.059999465942383,143.1999969482422,1168.0,39.02000045776367,17.940000534057617,2.9066660404205322,14.029999732971191,442.5,1625.0,69.8499984741211,226.10000610351562,7.050000190734863,9.050000190734863,62.099998474121094,24.559999465942383,21.979999542236328,8.380000114440918,30.0,20.420000076293945,12.289999961853027,11.350000381469727,198.39999389648438,32.5,102.5,52.849998474121094,21.959999084472656,49.400001525878906,252.25,304.5,136.39999389648438,116.0,328.5,51.79999923706055,93.30000305175781,98.8499984741211,121.5,7.059999942779541,64.0,441.0,4.239999771118164,2.4000000953674316,224.10000610351562,8.100000381469727,29.239999771118164,117.0,81.25,2.2111361026763916,12.800000190734863,11.460000038146973,14827.400390625
2026-06-19,21.020000457763672,13.539999961853027,34.099998474121094,35.599998474121094,262.5,9.4399995803833,103.5999984741211,54.95000076293945,115.80000305175781,103.5,57.45000076293945,3.359999895095825,402.5,212.1999969482422,56.25,25.15999984741211,225.39999389648438,27.299999237060547,51.20000076293945,14.350000381469727,139.5,383.25,6.71999979019165,89.1500015258789,8.0600004196167,608.0,6.0,1.4800000190734863,80.0999984741211,26.059999465942383,49.7599983215332,1653.0,41.84000015258789,70.5,11.079999923706055,5.221988201141357,199.0,21.399999618530273,81.8499984741211,105.69999694824219,3.3399999141693115,166.0,9.479999542236328,107.9000015258789,94.4000015258789,5.070000171661377,40.02000045776367,6.0,295.5,5.690000057220459,92.94999694824219,308.25,13.65999984741211,6.039999961853027,490.0,26.760000228881836,41.959999084472656,2.0999999046325684,11.470000267028809,411.0,264.0,7.75,683.5,62.150001525878906,22.139999389648438,195.3000030517578,5.289999961853027,31.479999542236328,64.75,3825.0,20.920000076293945,9.300000190734863,2.9100000858306885,35.91999816894531,15.579999923706055,28.979999542236328,144.89999389648438,1135.0,38.13999938964844,18.899999618530273,2.673332929611206,13.979999542236328,454.25,1605.0,69.1500015258789,229.5,6.860000133514404,9.199999809265137,60.099998474121094,24.559999465942383,21.600000381469727,8.260000228881836,30.84000015258789,20.1200008392334,12.279999732971191,11.289999961853027,200.0,31.5,100.80000305175781,53.95000076293945,22.1200008392334,48.20000076293945,252.0,297.0,136.0,113.4000015258789,326.75,51.25,90.0,98.1500015258789,115.0,7.059999942779541,63.099998474121094,450.0,4.190000057220459,2.390000104904175,226.89999389648438,8.069999694824219,28.979999542236328,109.80000305175781,78.4000015258789,2.226818084716797,12.699999809265137,11.369999885559082,14734.5
2026-06-22,21.059999465942383,13.510000228881836,33.36000061035156,35.540000915527344,257.75,9.430000305175781,102.19999694824219,55.20000076293945,115.80000305175781,103.0999984741211,56.099998474121094,3.4200000762939453,394.75,215.60000610351562,55.400001525878906,26.139999389648438,221.5,27.559999465942383,51.099998474121094,14.84000015258789,139.5,379.0,6.730000019073486,91.05000305175781,8.0,611.5,5.940000057220459,1.4800000190734863,77.1500015258789,25.799999237060547,50.650001525878906,1646.0,42.459999084472656,71.69999694824219,11.3100004196167,5.125284194946289,193.8000030517578,21.280000686645508,77.9000015258789,105.0,3.450000047683716,161.0,9.859999656677246,108.0999984741211,92.69999694824219,5.070000171661377,40.34000015258789,6.599999904632568,301.0,5.849999904632568,91.8499984741211,305.0,12.970000267028809,5.860000133514404,509.0,27.1200008392334,41.41999816894531,2.25,11.210000038146973,414.0,263.25,7.739999771118164,651.5,63.25,21.860000610351562,197.1999969482422,5.190000057220459,31.5,63.5,3795.0,20.6200008392334,9.470000267028809,2.930000066757202,36.400001525878906,15.15999984741211,28.940000534057617,145.0,1176.0,36.459999084472656,18.969999313354492,2.6933329105377197,14.020000457763672,452.0,1645.0,68.9000015258789,226.0,6.809999942779541,9.529999732971191,59.849998474121094,24.31999969482422,21.65999984741211,8.180000305175781,32.060001373291016,20.260000228881836,12.1899995803833,11.319999694824219,199.5,31.540000915527344,101.5,52.599998474121094,21.639999389648438,48.2599983215332,250.25,288.0,135.3000030517578,113.19999694824219,324.75,51.400001525878906,91.4000015258789,97.9000015258789,116.0,7.03000020980835,63.849998474121094,439.5,4.150000095367432,2.380000114440918,220.6999969482422,8.029999732971191,28.639999389648438,109.19999694824219,77.69999694824219,2.250339984893799,12.789999961853027,11.369999885559082,14729.7001953125
2026-06-23,20.540000915527344,13.300000190734863,32.84000015258789,36.220001220703125,254.75,9.359999656677246,100.0,52.849998474121094,116.19999694824219,101.4000015258789,56.650001525878906,3.390000104904175,392.0,210.0,57.20000076293945,26.5,214.39999389648438,27.600000381469727,50.20000076293945,14.550000190734863,138.3000030517578,382.75,6.659999847412109,89.75,8.09000015258789,587.5,5.909999847412109,1.4700000286102295,77.5999984741211,26.040000915527344,49.880001068115234,1624.0,41.0,72.0999984741211,11.010000228881836,5.268036842346191,189.0,20.8799991607666,76.4000015258789,102.69999694824219,3.490000009536743,158.89999389648438,9.739999771118164,105.5,90.1500015258789,5.0,39.81999969482422,6.21999979019165,294.25,5.909999847412109,89.80000305175781,302.5,12.850000381469727,5.769999980926514,478.25,27.15999984741211,40.619998931884766,2.1700000762939453,11.210000038146973,413.0,261.25,7.760000228881836,700.0,61.099998474121094,22.260000228881836,191.60000610351562,5.119999885559082,31.1200008392334,63.29999923706055,3760.0,20.739999771118164,9.550000190734863,2.940000057220459,36.81999969482422,15.210000038146973,28.3799991607666,142.39999389648438,1188.0,36.060001373291016,18.639999389648438,2.619999885559082,13.720000267028809,446.0,1640.0,67.94999694824219,225.0,6.670000076293945,9.510000228881836,59.099998474121094,24.6200008392334,21.040000915527344,8.109999656677246,33.31999969482422,20.1200008392334,12.289999961853027,11.609999656677246,195.6999969482422,31.65999984741211,99.1500015258789,52.099998474121094,21.780000686645508,48.060001373291016,239.89999389648438,285.0,132.89999389648438,111.0,325.0,49.79999923706055,88.25,96.9000015258789,110.69999694824219,7.0,61.29999923706055,439.25,4.130000114440918,2.3499999046325684,220.39999389648438,7.989999771118164,28.799999237060547,107.0999984741211,78.75,2.250339984893799,12.75,11.3100004196167,14539.599609375
2026-06-24,20.639999389648438,13.100000381469727,32.779998779296875,37.040000915527344,248.39999389648438,9.729999542236328,102.0,50.900001525878906,115.19999694824219,100.80000305175781,56.04999923706055,3.319999933242798,367.5,211.3000030517578,58.25,25.65999984741211,213.10000610351562,27.399999618530273,49.459999084472656,14.720000267028809,136.5,374.0,6.599999904632568,87.5,7.960000038146973,578.0,5.829999923706055,1.399999976158142,76.94999694824219,25.100000381469727,49.29999923706055,1608.0,37.619998931884766,73.0999984741211,10.600000381469727,5.249617099761963,186.60000610351562,20.84000015258789,76.3499984741211,101.9000015258789,3.319999933242798,157.0,9.8100004196167,104.0,89.30000305175781,4.829999923706055,39.939998626708984,6.150000095367432,290.5,5.510000228881836,87.75,308.0,12.449999809265137,5.619999885559082,467.25,26.600000381469727,40.70000076293945,2.130000114440918,11.34000015258789,430.0,255.0,8.529999732971191,709.0,59.900001525878906,24.459999084472656,193.0,5.050000190734863,30.700000762939453,61.400001525878906,3700.0,20.780000686645508,9.329999923706055,2.9100000858306885,36.0,15.010000228881836,27.780000686645508,138.0,1180.0,35.939998626708984,17.780000686645508,2.5733330249786377,13.779999732971191,437.0,1656.0,66.05000305175781,220.0,6.599999904632568,8.5600004196167,57.650001525878906,25.899999618530273,20.700000762939453,8.09000015258789,32.70000076293945,19.459999084472656,12.149999618530273,11.399999618530273,196.6999969482422,30.520000457763672,99.80000305175781,49.97999954223633,21.8799991607666,47.560001373291016,236.89999389648438,286.5,132.0,110.4000015258789,324.75,48.29999923706055,86.0,98.0,109.19999694824219,6.909999847412109,61.20000076293945,436.0,4.079999923706055,2.319999933242798,216.8000030517578,7.78000020980835,28.84000015258789,103.9000015258789,76.5999984741211,2.1170449256896973,12.359999656677246,11.1899995803833,14331.2001953125
2026-06-25,20.719999313354492,12.989999771118164,32.34000015258789,36.79999923706055,244.1999969482422,9.789999961853027,101.5,49.279998779296875,114.30000305175781,100.0999984741211,54.75,3.25,373.5,208.8000030517578,56.900001525878906,25.18000030517578,211.0,26.8799991607666,49.79999923706055,14.220000267028809,136.10000610351562,375.5,6.53000020980835,86.0,7.849999904632568,548.5,5.78000020980835,1.3899999856948853,79.1500015258789,25.540000915527344,49.02000045776367,1601.0,37.31999969482422,70.5999984741211,10.380000114440918,5.1575188636779785,185.0,20.8799991607666,75.5999984741211,99.55000305175781,3.3299999237060547,155.10000610351562,9.880000114440918,103.30000305175781,89.69999694824219,4.75,40.31999969482422,5.869999885559082,288.75,5.519999980926514,93.94999694824219,312.5,12.119999885559082,5.53000020980835,477.5,26.200000762939453,40.099998474121094,2.130000114440918,11.300000190734863,416.25,254.5,8.199999809265137,717.0,58.75,24.940000534057617,194.89999389648438,5.0,30.600000381469727,60.45000076293945,3695.0,21.360000610351562,9.239999771118164,2.880000114440918,36.34000015258789,15.0600004196167,27.139999389648438,138.0,1160.0,35.58000183105469,17.540000915527344,2.486665964126587,13.600000381469727,426.5,1666.0,64.55000305175781,219.39999389648438,6.5,8.59000015258789,57.349998474121094,24.280000686645508,20.579999923706055,8.0600004196167,32.97999954223633,19.31999969482422,11.9399995803833,11.3100004196167,194.8000030517578,30.1200008392334,97.0,49.0,21.739999771118164,47.0,227.60000610351562,284.25,130.89999389648438,110.5,328.5,47.18000030517578,84.5999984741211,99.1500015258789,108.5,6.840000152587891,60.70000076293945,436.75,4.059999942779541,2.309999942779541,219.1999969482422,7.630000114440918,28.020000457763672,102.19999694824219,74.0,2.0778400897979736,12.210000038146973,10.970000267028809,14259.7998046875
2026-06-26,21.260000228881836,13.170000076293945,33.060001373291016,36.459999084472656,244.89999389648438,9.800000190734863,105.19999694824219,48.29999923706055,116.9000015258789,104.0999984741211,56.45000076293945,3.2100000381469727,361.5,216.3000030517578,56.20000076293945,24.739999771118164,209.5,26.600000381469727,48.70000076293945,14.039999961853027,135.5,374.5,6.449999809265137,87.30000305175781,7.849999904632568,544.0,5.760000228881836,1.399999976158142,81.25,24.920000076293945,49.040000915527344,1603.0,36.959999084472656,69.80000305175781,11.130000114440918,5.116074085235596,183.89999389648438,21.139999389648438,73.75,99.94999694824219,3.4000000953674316,155.3000030517578,9.710000038146973,102.69999694824219,90.8499984741211,4.820000171661377,42.119998931884766,5.840000152587891,290.0,5.449999809265137,93.80000305175781,307.0,12.039999961853027,5.46999979019165,479.75,26.100000381469727,39.86000061035156,2.109999895095825,11.220000267028809,411.0,253.25,8.050000190734863,726.5,59.349998474121094,27.299999237060547,198.1999969482422,5.03000020980835,30.1200008392334,62.099998474121094,3760.0,21.940000534057617,9.149999618530273,2.869999885559082,37.29999923706055,15.539999961853027,27.299999237060547,135.8000030517578,1180.0,34.619998931884766,17.040000915527344,2.553333044052124,13.270000457763672,426.0,1832.0,64.8499984741211,222.89999389648438,6.460000038146973,8.399999618530273,56.900001525878906,24.479999542236328,20.81999969482422,8.010000228881836,32.779998779296875,19.579999923706055,12.069999694824219,11.3100004196167,192.10000610351562,30.299999237060547,97.44999694824219,49.13999938964844,20.84000015258789,46.779998779296875,224.10000610351562,284.5,133.5,110.9000015258789,330.75,46.959999084472656,85.25,99.0,111.9000015258789,6.760000228881836,62.25,435.25,4.050000190734863,2.299999952316284,219.1999969482422,7.510000228881836,27.719999313354492,102.4000015258789,74.9000015258789,2.0856809616088867,12.050000190734863,11.079999923706055,14274.0
2026-06-29,21.34000015258789,13.260000228881836,33.380001068115234,37.20000076293945,243.0,9.489999771118164,107.5,47.34000015258789,116.9000015258789,101.5999984741211,56.5,3.200000047683716,357.5,226.5,55.0,25.100000381469727,208.8000030517578,25.8799991607666,48.060001373291016,13.869999885559082,135.6999969482422,371.0,6.380000114440918,86.80000305175781,7.800000190734863,570.0,5.71999979019165,1.3799999952316284,82.94999694824219,27.0,47.939998626708984,1598.0,36.52000045776367,70.0999984741211,11.239999771118164,4.968717098236084,183.0,21.020000457763672,74.0,99.4000015258789,3.299999952316284,155.0,9.779999732971191,105.5999984741211,91.4000015258789,4.769999980926514,41.20000076293945,5.650000095367432,291.75,5.449999809265137,95.44999694824219,305.5,12.270000457763672,5.869999885559082,451.0,26.059999465942383,39.79999923706055,2.069999933242798,11.3100004196167,410.0,256.0,8.850000381469727,715.0,57.70000076293945,24.6200008392334,195.6999969482422,5.079999923706055,30.020000457763672,61.099998474121094,3870.0,24.1200008392334,9.069999694824219,2.9000000953674316,36.70000076293945,15.220000267028809,26.719999313354492,138.10000610351562,1203.0,34.0,17.139999389648438,2.559999942779541,13.550000190734863,432.75,2015.0,63.900001525878906,221.1999969482422,6.210000038146973,8.449999809265137,56.54999923706055,23.0,20.84000015258789,7.920000076293945,32.619998931884766,19.200000762939453,12.130000114440918,11.220000267028809,192.0,30.600000381469727,97.5,51.54999923706055,21.0,47.36000061035156,225.8000030517578,280.0,132.39999389648438,109.5999984741211,329.0,45.5,83.0,99.05000305175781,107.19999694824219,6.769999980926514,62.5,436.25,4.039999961853027,2.2699999809265137,219.3000030517578,7.389999866485596,28.0,102.0,73.19999694824219,2.0778400897979736,12.170000076293945,11.050000190734863,14183.2001953125
2026-06-30,21.040000915527344,13.010000228881836,34.58000183105469,40.0,242.3000030517578,9.399999618530273,107.69999694824219,47.18000030517578,115.9000015258789,99.3499984741211,60.0,3.190000057220459,345.0,215.39999389648438,56.0,25.1200008392334,213.5,25.3799991607666,47.439998626708984,13.829999923706055,135.0,365.25,6.309999942779541,86.0,7.75,565.0,5.679999828338623,1.3700000047683716,83.05000305175781,25.979999542236328,47.099998474121094,1583.0,37.08000183105469,71.6500015258789,11.680000305175781,5.217382907867432,179.3000030517578,20.5,74.6500015258789,99.5,3.25,154.0,10.75,102.4000015258789,90.5,4.639999866485596,40.47999954223633,5.929999828338623,292.5,5.329999923706055,91.80000305175781,306.0,12.300000190734863,5.900000095367432,442.75,25.479999542236328,39.279998779296875,2.059999942779541,11.369999885559082,411.75,252.5,8.3100004196167,786.5,56.25,24.719999313354492,193.5,5.110000133514404,30.0,60.79999923706055,3935.0,25.020000457763672,9.020000457763672,2.799999952316284,36.79999923706055,15.579999923706055,26.200000762939453,137.39999389648438,1248.0,32.959999084472656,17.010000228881836,2.553333044052124,13.390000343322754,430.0,2105.0,64.0,220.6999969482422,6.019999980926514,8.329999923706055,55.25,22.239999771118164,20.5,7.909999847412109,31.559999465942383,19.110000610351562,11.890000343322754,10.970000267028809,193.39999389648438,29.899999618530273,97.5,51.29999923706055,20.459999084472656,46.29999923706055,225.8000030517578,282.25,131.3000030517578,107.4000015258789,326.0,46.619998931884766,86.44999694824219,100.0,111.0,6.550000190734863,61.400001525878906,438.5,4.010000228881836,2.259999990463257,227.5,7.389999866485596,27.68000030517578,99.30000305175781,74.30000305175781,2.1405680179595947,11.890000343322754,10.979999542236328,14121.7998046875
2026-07-01,20.860000610351562,13.0600004196167,34.060001373291016,39.540000915527344,246.0,9.510000228881836,105.30000305175781,47.63999938964844,115.19999694824219,99.80000305175781,61.79999923706055,3.190000057220459,371.25,211.10000610351562,55.70000076293945,25.8799991607666,215.10000610351562,25.200000762939453,46.36000061035156,13.930000305175781,137.0,364.5,6.289999961853027,87.0,7.800000190734863,560.5,5.699999809265137,1.3300000429153442,81.94999694824219,28.559999465942383,47.70000076293945,1590.0,36.619998931884766,74.3499984741211,11.789999961853027,5.4660491943359375,184.60000610351562,20.3799991607666,77.8499984741211,100.4000015258789,3.2799999713897705,155.0,11.300000190734863,102.9000015258789,93.55000305175781,4.650000095367432,40.439998626708984,6.0,306.75,5.309999942779541,93.30000305175781,306.0,12.15999984741211,5.829999923706055,446.75,25.440000534057617,38.70000076293945,2.059999942779541,11.369999885559082,452.75,268.75,8.300000190734863,787.5,56.29999923706055,24.979999542236328,195.0,5.139999866485596,29.940000534057617,61.25,4327.5,26.280000686645508,9.180000305175781,2.799999952316284,37.29999923706055,15.649999618530273,26.459999084472656,137.39999389648438,1223.0,33.040000915527344,17.280000686645508,2.553333044052124,13.670000076293945,427.0,2315.0,65.4000015258789,220.0,5.840000152587891,8.520000457763672,56.79999923706055,21.559999465942383,20.84000015258789,7.869999885559082,32.2599983215332,19.0,11.890000343322754,10.75,191.6999969482422,30.0,98.0999984741211,50.45000076293945,20.600000381469727,46.599998474121094,226.10000610351562,285.75,131.5,108.69999694824219,328.5,47.900001525878906,88.9000015258789,99.44999694824219,113.80000305175781,6.599999904632568,60.650001525878906,438.75,4.059999942779541,2.259999990463257,236.3000030517578,7.349999904632568,27.639999389648438,99.5,73.80000305175781,2.1640899181365967,11.850000381469727,11.020000457763672,14350.599609375
2026-07-02,20.5,12.970000267028809,34.0,36.060001373291016,248.0,9.550000190734863,106.69999694824219,47.29999923706055,119.0,99.75,59.20000076293945,3.440000057220459,384.75,210.10000610351562,56.0,25.979999542236328,214.10000610351562,26.15999984741211,47.47999954223633,13.800000190734863,135.3000030517578,357.5,6.210000038146973,85.25,7.929999828338623,557.0,5.690000057220459,1.309999942779541,82.6500015258789,29.0,47.20000076293945,1585.0,36.959999084472656,73.0999984741211,11.899999618530273,5.249617099761963,184.3000030517578,20.559999465942383,75.4000015258789,101.0999984741211,3.2300000190734863,157.0,10.170000076293945,103.0999984741211,92.05000305175781,4.650000095367432,40.79999923706055,5.920000076293945,303.5,5.179999828338623,96.5,306.0,13.369999885559082,6.179999828338623,461.75,25.200000762939453,39.880001068115234,2.059999942779541,10.899999618530273,436.5,265.0,8.770000457763672,709.0,56.0,24.860000610351562,193.6999969482422,5.269999980926514,29.18000030517578,60.04999923706055,4130.0,25.8799991607666,9.079999923706055,2.809999942779541,36.939998626708984,15.510000228881836,26.459999084472656,138.10000610351562,1202.0,33.040000915527344,17.450000762939453,2.5266659259796143,13.699999809265137,420.25,2231.0,64.0,223.39999389648438,5.829999923706055,8.34000015258789,59.20000076293945,21.639999389648438,20.760000228881836,7.909999847412109,32.5,18.860000610351562,11.789999961853027,10.699999809265137,191.5,30.399999618530273,97.55000305175781,50.150001525878906,21.0,45.599998474121094,223.8000030517578,281.75,137.6999969482422,108.4000015258789,333.25,47.939998626708984,89.8499984741211,97.80000305175781,115.80000305175781,6.610000133514404,60.400001525878906,446.0,4.059999942779541,2.240000009536743,239.8000030517578,7.360000133514404,27.719999313354492,98.44999694824219,75.4000015258789,2.171931028366089,11.699999809265137,10.90999984741211,14455.0
2026-07-03,20.5,12.989999771118164,33.279998779296875,35.7599983215332,250.0,9.609999656677246,104.9000015258789,47.2400016784668,120.5,100.19999694824219,58.79999923706055,3.490000009536743,399.5,212.10000610351562,56.45000076293945,25.979999542236328,220.5,25.600000381469727,47.099998474121094,13.829999923706055,136.8000030517578,357.0,6.300000190734863,84.5,7.889999866485596,567.5,5.71999979019165,1.3200000524520874,85.80000305175781,28.760000228881836,48.619998931884766,1605.0,38.20000076293945,73.69999694824219,12.100000381469727,5.226593017578125,186.39999389648438,20.479999542236328,75.44999694824219,102.5,3.200000047683716,156.89999389648438,9.579999923706055,104.0,93.69999694824219,4.690000057220459,40.099998474121094,6.150000095367432,319.75,5.25,98.44999694824219,308.0,14.34000015258789,6.170000076293945,456.0,25.239999771118164,39.68000030517578,2.0799999237060547,11.010000228881836,470.0,275.0,8.960000038146973,638.5,56.20000076293945,24.65999984741211,189.60000610351562,5.130000114440918,28.84000015258789,60.29999923706055,4255.0,26.399999618530273,9.319999694824219,2.819999933242798,36.279998779296875,15.260000228881836,26.579999923706055,138.5,1153.0,33.2400016784668,18.0,2.5333330631256104,14.229999542236328,426.5,2454.0,64.6500015258789,227.39999389648438,5.940000057220459,8.100000381469727,57.45000076293945,22.780000686645508,20.959999084472656,8.100000381469727,31.540000915527344,18.93000030517578,11.920000076293945,10.84000015258789,191.89999389648438,30.34000015258789,94.5,50.54999923706055,21.0,46.41999816894531,240.60000610351562,276.5,135.1999969482422,107.19999694824219,334.0,50.599998474121094,91.94999694824219,99.1500015258789,117.5,6.610000133514404,61.20000076293945,441.0,4.110000133514404,2.259999990463257,248.1999969482422,7.320000171661377,28.299999237060547,100.0999984741211,72.5999984741211,2.1405680179595947,11.829999923706055,11.149999618530273,14417.900390625
2026-07-06,20.219999313354492,12.829999923706055,32.84000015258789,34.79999923706055,243.8000030517578,9.579999923706055,103.69999694824219,45.880001068115234,119.0,99.5999984741211,63.349998474121094,3.5299999713897705,401.75,209.0,56.5,26.219999313354492,220.8000030517578,25.540000915527344,47.099998474121094,13.630000114440918,135.39999389648438,371.0,6.150000095367432,83.9000015258789,7.920000076293945,559.0,5.599999904632568,1.309999942779541,82.4000015258789,27.959999084472656,48.2400016784668,1570.0,37.86000061035156,70.80000305175781,12.050000190734863,5.028581142425537,184.60000610351562,20.65999984741211,74.0,102.0,3.119999885559082,156.89999389648438,9.640000343322754,103.19999694824219,91.05000305175781,4.579999923706055,41.52000045776367,5.929999828338623,306.5,5.159999847412109,96.75,302.0,15.399999618530273,6.119999885559082,460.25,24.780000686645508,39.20000076293945,2.0999999046325684,10.800000190734863,458.25,270.5,8.649999618530273,589.5,56.75,26.899999618530273,188.0,5.050000190734863,28.239999771118164,59.349998474121094,4057.5,26.200000762939453,9.399999618530273,2.8399999141693115,35.2599983215332,15.399999618530273,26.31999969482422,136.39999389648438,1134.0,33.58000183105469,17.649999618530273,2.4666659832000732,14.5,423.0,2367.0,63.400001525878906,228.89999389648438,5.829999923706055,8.149999618530273,56.75,21.760000228881836,20.559999465942383,8.350000381469727,30.65999984741211,18.84000015258789,11.8100004196167,10.539999961853027,193.6999969482422,31.040000915527344,93.5999984741211,49.5,21.0,45.52000045776367,233.10000610351562,272.5,134.39999389648438,108.5999984741211,347.0,51.20000076293945,95.3499984741211,98.5,120.4000015258789,6.610000133514404,60.45000076293945,440.0,4.050000190734863,2.240000009536743,247.39999389648438,7.25,27.920000076293945,99.30000305175781,73.0,2.1405680179595947,11.720000267028809,11.069999694824219,14424.5
2026-07-07,20.520000457763672,12.829999923706055,33.36000061035156,34.7599983215332,268.0,9.579999923706055,102.0999984741211,46.380001068115234,119.9000015258789,98.80000305175781,68.5,3.259999990463257,383.0,219.0,56.70000076293945,26.639999389648438,230.0,25.239999771118164,47.29999923706055,13.609999656677246,135.1999969482422,374.25,6.199999809265137,81.69999694824219,7.949999809265137,552.0,5.559999942779541,1.2899999618530273,85.3499984741211,27.299999237060547,48.540000915527344,1580.0,39.5,70.6500015258789,12.329999923706055,4.941086769104004,184.1999969482422,20.600000381469727,75.4000015258789,101.69999694824219,3.0299999713897705,155.3000030517578,9.1899995803833,104.5,91.05000305175781,4.559999942779541,41.2599983215332,5.840000152587891,304.5,5.099999904632568,95.25,304.75,15.170000076293945,5.909999847412109,457.75,24.5,39.619998931884766,2.069999933242798,10.600000381469727,440.0,271.0,8.800000190734863,600.0,55.5,26.920000076293945,189.1999969482422,5.099999904632568,28.219999313354492,58.849998474121094,4025.0,26.920000076293945,9.350000381469727,2.809999942779541,34.400001525878906,15.279999732971191,26.139999389648438,142.39999389648438,1132.0,33.5,18.110000610351562,2.4533329010009766,14.760000228881836,424.75,2165.0,62.400001525878906,227.60000610351562,5.590000152587891,8.220000267028809,57.0,21.799999237060547,20.719999313354492,8.479999542236328,30.1200008392334,19.15999984741211,11.699999809265137,10.510000228881836,196.0,31.459999084472656,92.80000305175781,48.20000076293945,21.0,45.279998779296875,224.89999389648438,272.25,133.0,108.19999694824219,348.25,52.20000076293945,95.75,101.30000305175781,121.0,6.659999847412109,59.29999923706055,436.75,4.050000190734863,2.2100000381469727,258.0,7.179999828338623,28.0,99.5999984741211,72.9000015258789,2.1327269077301025,11.779999732971191,10.989999771118164,14497.400390625
2026-07-08,20.139999389648438,12.550000190734863,32.34000015258789,34.70000076293945,246.89999389648438,9.399999618530273,98.3499984741211,44.68000030517578,118.30000305175781,96.80000305175781,63.79999923706055,3.1500000953674316,377.0,212.0,55.849998474121094,26.0,227.89999389648438,24.780000686645508,46.5,13.130000114440918,132.6999969482422,375.75,6.059999942779541,82.55000305175781,7.96999979019165,529.5,5.389999866485596,1.25,84.0,26.68000030517578,46.58000183105469,1520.0,38.41999816894531,68.6500015258789,12.59000015258789,4.743074893951416,182.10000610351562,20.31999969482422,74.80000305175781,98.05000305175781,2.990000009536743,151.0,9.25,103.4000015258789,89.5999984741211,4.579999923706055,39.939998626708984,6.159999847412109,295.25,5.050000190734863,92.5,297.25,14.180000305175781,5.559999942779541,433.75,23.940000534057617,38.79999923706055,2.069999933242798,10.760000228881836,418.75,257.0,8.420000076293945,595.0,53.70000076293945,26.920000076293945,184.0,5.0,27.020000457763672,57.45000076293945,3917.5,24.239999771118164,9.130000114440918,2.799999952316284,32.599998474121094,14.390000343322754,24.959999084472656,138.1999969482422,1112.0,32.619998931884766,18.020000457763672,2.413332939147949,14.649999618530273,413.0,2021.0,60.79999923706055,222.6999969482422,5.389999866485596,8.050000190734863,56.0,20.739999771118164,19.940000534057617,8.399999618530273,30.040000915527344,19.219999313354492,11.350000381469727,10.210000038146973,194.3000030517578,30.68000030517578,90.0,45.08000183105469,20.600000381469727,43.81999969482422,217.60000610351562,263.75,130.8000030517578,105.4000015258789,332.0,51.25,92.8499984741211,98.80000305175781,116.9000015258789,6.429999828338623,57.29999923706055,440.25,3.940000057220459,2.140000104904175,256.5,6.860000133514404,27.219999313354492,97.25,70.5,2.0621590614318848,11.949999809265137,10.630000114440918,14190.0
2026-07-09,19.709999084472656,12.699999809265137,31.979999542236328,37.08000183105469,243.3000030517578,9.380000114440918,98.94999694824219,45.099998474121094,119.80000305175781,96.5,67.69999694824219,3.0999999046325684,358.75,215.89999389648438,54.20000076293945,25.68000030517578,231.8000030517578,24.559999465942383,46.619998931884766,13.15999984741211,131.1999969482422,365.0,6.010000228881836,80.0,7.960000038146973,525.5,5.340000152587891,1.2599999904632568,82.4000015258789,28.520000457763672,45.79999923706055,1521.0,38.13999938964844,68.3499984741211,12.899999618530273,4.674001216888428,182.0,20.399999618530273,76.0,96.9000015258789,2.9600000381469727,149.3000030517578,9.5,104.0,88.5,4.53000020980835,40.060001373291016,5.920000076293945,294.5,4.820000171661377,93.1500015258789,295.75,12.770000457763672,5.28000020980835,437.0,23.959999084472656,37.779998779296875,2.0199999809265137,10.5,404.5,257.75,8.390000343322754,600.0,54.0,27.079999923706055,185.10000610351562,4.989999771118164,26.860000610351562,60.349998474121094,3875.0,23.260000228881836,9.050000190734863,2.75,32.279998779296875,14.420000076293945,24.639999389648438,135.89999389648438,1099.0,32.63999938964844,18.100000381469727,2.3866660594940186,14.979999542236328,414.0,1985.0,60.29999923706055,217.89999389648438,5.340000152587891,8.279999732971191,54.95000076293945,21.0,19.90999984741211,8.449999809265137,30.100000381469727,19.020000457763672,11.260000228881836,10.25,197.1999969482422,29.719999313354492,89.1500015258789,45.13999938964844,20.200000762939453,44.5,218.0,263.25,127.0,104.9000015258789,338.25,53.54999923706055,96.44999694824219,101.69999694824219,120.0,6.409999847412109,56.70000076293945,434.0,3.930000066757202,2.130000114440918,264.25,6.869999885559082,26.979999542236328,97.30000305175781,69.5,2.0464770793914795,11.5,10.65999984741211,14105.400390625
2026-07-10,20.459999084472656,13.149999618530273,33.400001525878906,37.15999984741211,243.89999389648438,9.65999984741211,100.30000305175781,45.97999954223633,122.0999984741211,98.9000015258789,65.0,3.240000009536743,370.0,215.0,53.95000076293945,26.139999389648438,246.0,24.799999237060547,47.20000076293945,13.239999771118164,131.5,372.5,6.070000171661377,81.6500015258789,7.840000152587891,536.0,5.369999885559082,1.2799999713897705,84.44999694824219,28.059999465942383,46.900001525878906,1551.0,38.380001068115234,70.6500015258789,13.199999809265137,4.789124965667725,186.0,21.18000030517578,78.6500015258789,97.3499984741211,3.0199999809265137,149.60000610351562,9.710000038146973,104.0,90.30000305175781,4.650000095367432,40.400001525878906,5.909999847412109,296.75,4.949999809265137,98.80000305175781,300.25,13.199999809265137,5.320000171661377,437.5,24.239999771118164,38.279998779296875,2.059999942779541,10.600000381469727,404.75,263.0,8.649999618530273,585.0,56.25,27.200000762939453,192.8000030517578,5.050000190734863,28.479999542236328,61.79999923706055,3875.0,24.600000381469727,9.010000228881836,2.759999990463257,32.29999923706055,14.479999542236328,24.31999969482422,136.39999389648438,1106.0,33.36000061035156,17.3799991607666,2.4533329010009766,14.710000038146973,421.75,2023.0,60.849998474121094,224.8000030517578,5.039999961853027,8.289999961853027,54.79999923706055,21.700000762939453,20.200000762939453,8.479999542236328,30.100000381469727,19.34000015258789,11.34000015258789,10.40999984741211,197.89999389648438,30.260000228881836,90.5,45.0,20.65999984741211,46.13999938964844,238.0,269.25,127.9000015258789,107.0,344.5,54.25,98.75,101.30000305175781,125.80000305175781,6.46999979019165,58.0,439.75,3.9700000286102295,2.140000104904175,267.0,6.980000019073486,27.299999237060547,97.0,70.19999694824219,2.0856809616088867,11.510000228881836,10.869999885559082,14321.2001953125
2026-07-13,20.079999923706055,12.949999809265137,33.15999984741211,37.560001373291016,247.10000610351562,9.529999732971191,99.0,45.31999969482422,121.9000015258789,97.5,67.55000305175781,3.559999942779541,352.5,207.5,52.54999923706055,26.100000381469727,245.5,24.3799991607666,46.5,12.90999984741211,129.3000030517578,374.25,6.0,80.69999694824219,7.690000057220459,529.5,5.309999942779541,1.2699999809265137,82.4000015258789,30.200000762939453,46.5,1559.0,37.599998474121094,71.55000305175781,13.0,4.697025775909424,184.39999389648438,21.239999771118164,78.3499984741211,96.0,2.950000047683716,149.89999389648438,9.979999542236328,102.5,89.80000305175781,4.599999904632568,40.86000061035156,5.699999809265137,291.0,4.960000038146973,101.0,308.5,12.760000228881836,5.190000057220459,411.5,23.719999313354492,37.599998474121094,2.069999933242798,10.649999618530273,404.75,261.25,8.329999923706055,607.5,54.900001525878906,26.719999313354492,191.5,4.949999809265137,28.34000015258789,61.5,3785.0,25.239999771118164,8.859999656677246,2.7100000381469727,31.219999313354492,14.25,23.200000762939453,134.1999969482422,1096.0,33.599998474121094,17.860000610351562,2.353332996368408,14.5,415.5,1996.0,62.349998474121094,220.39999389648438,5.159999847412109,8.279999732971191,53.900001525878906,21.18000030517578,19.93000030517578,8.40999984741211,29.899999618530273,19.799999237060547,11.289999961853027,10.350000381469727,197.60000610351562,30.15999984741211,89.19999694824219,45.900001525878906,19.149999618530273,47.52000045776367,233.5,259.75,125.9000015258789,109.0,333.5,51.75,93.80000305175781,100.80000305175781,119.69999694824219,6.289999961853027,57.75,439.75,3.9200000762939453,2.119999885559082,268.25,6.789999961853027,26.899999618530273,96.0,69.80000305175781,2.0778400897979736,11.229999542236328,10.619999885559082,14092.0
2026-07-14,20.020000457763672,12.859999656677246,32.79999923706055,37.41999816894531,246.0,9.579999923706055,99.75,45.599998474121094,123.5,97.94999694824219,66.05000305175781,3.5299999713897705,348.5,206.39999389648438,52.900001525878906,26.760000228881836,247.89999389648438,25.15999984741211,46.380001068115234,12.960000038146973,130.10000610351562,384.5,6.010000228881836,80.9000015258789,7.630000114440918,550.0,5.28000020980835,1.2899999618530273,84.05000305175781,27.5,45.81999969482422,1535.0,36.900001525878906,73.69999694824219,13.420000076293945,4.692420959472656,184.0,21.360000610351562,79.25,97.25,2.930000066757202,152.5,9.979999542236328,99.5,89.69999694824219,4.559999942779541,41.880001068115234,5.710000038146973,291.5,4.960000038146973,107.0999984741211,318.0,12.930000305175781,5.360000133514404,413.25,24.079999923706055,37.119998931884766,2.049999952316284,10.75,400.5,260.75,8.100000381469727,640.5,55.599998474121094,27.0,191.10000610351562,4.980000019073486,27.600000381469727,64.30000305175781,3772.5,23.84000015258789,8.920000076293945,2.759999990463257,31.1200008392334,14.6899995803833,23.040000915527344,135.6999969482422,1097.0,33.31999969482422,17.440000534057617,2.380000114440918,14.119999885559082,413.0,2049.0,62.04999923706055,220.39999389648438,5.289999961853027,8.529999732971191,52.70000076293945,21.760000228881836,19.860000610351562,8.369999885559082,29.760000228881836,19.600000381469727,11.430000305175781,10.489999771118164,198.1999969482422,31.239999771118164,89.44999694824219,45.52000045776367,19.799999237060547,48.79999923706055,233.39999389648438,258.5,125.80000305175781,110.19999694824219,326.0,50.79999923706055,91.80000305175781,100.4000015258789,118.80000305175781,6.340000152587891,57.5,442.0,3.940000057220459,2.130000114440918,270.75,6.849999904632568,26.860000610351562,96.1500015258789,70.5,2.0856809616088867,11.289999961853027,10.680000305175781,14080.0
2026-07-16,20.760000228881836,13.109999656677246,34.0,36.220001220703125,243.1999969482422,9.649999618530273,104.0999984741211,46.47999954223633,128.0,98.8499984741211,69.69999694824219,3.700000047683716,352.5,214.89999389648438,53.95000076293945,27.139999389648438,254.75,25.34000015258789,46.58000183105469,13.180000305175781,131.1999969482422,396.25,6.329999923706055,81.6500015258789,7.769999980926514,575.5,5.420000076293945,1.2999999523162842,90.0,26.440000534057617,48.060001373291016,1549.0,37.0,74.69999694824219,13.8100004196167,4.743074893951416,186.60000610351562,21.5,82.55000305175781,101.5,2.990000009536743,160.0,9.680000305175781,101.30000305175781,92.1500015258789,4.670000076293945,44.060001373291016,5.75,294.0,5.070000171661377,105.5,318.0,12.9399995803833,5.420000076293945,422.25,24.719999313354492,37.7599983215332,2.069999933242798,11.199999809265137,404.25,269.75,8.140000343322754,655.0,58.0,27.940000534057617,197.0,4.989999771118164,27.899999618530273,65.80000305175781,3885.0,23.68000030517578,9.0600004196167,2.75,31.559999465942383,15.0600004196167,24.360000610351562,136.1999969482422,1102.0,33.97999954223633,17.5,2.413332939147949,14.350000381469727,429.5,1895.0,62.79999923706055,222.10000610351562,5.340000152587891,8.460000038146973,52.900001525878906,22.020000457763672,20.299999237060547,8.40999984741211,30.0,20.6200008392334,11.680000305175781,10.710000038146973,205.0,31.959999084472656,90.30000305175781,47.13999938964844,20.299999237060547,51.25,234.0,267.5,125.80000305175781,112.19999694824219,330.0,51.29999923706055,94.0999984741211,99.55000305175781,122.30000305175781,6.449999809265137,58.650001525878906,451.25,3.990000009536743,2.200000047683716,286.25,6.940000057220459,27.5,99.05000305175781,72.4000015258789,2.1170449256896973,11.350000381469727,10.899999618530273,14251.2998046875
2026-07-17,20.799999237060547,12.850000381469727,33.900001525878906,34.900001525878906,249.10000610351562,9.630000114440918,104.5999984741211,44.959999084472656,124.5999984741211,97.5999984741211,68.80000305175781,3.619999885559082,351.5,236.1999969482422,53.75,27.280000686645508,267.0,24.940000534057617,46.0,13.079999923706055,129.6999969482422,386.0,6.179999828338623,82.0,7.619999885559082,549.5,5.340000152587891,1.2799999713897705,87.55000305175781,25.100000381469727,48.86000061035156,1525.0,36.0,73.55000305175781,13.029999732971191,4.706235885620117,185.0,21.299999237060547,81.5999984741211,99.69999694824219,2.950000047683716,156.3000030517578,9.449999809265137,102.5,90.69999694824219,4.639999866485596,42.34000015258789,5.539999961853027,288.25,5.289999961853027,104.69999694824219,315.75,14.229999542236328,5.599999904632568,413.0,24.1200008392334,37.31999969482422,2.0399999618530273,11.199999809265137,395.0,263.0,7.820000171661377,665.0,56.70000076293945,27.579999923706055,197.0,4.96999979019165,26.780000686645508,62.04999923706055,3800.0,22.959999084472656,8.800000190734863,2.7300000190734863,30.799999237060547,15.0600004196167,23.799999237060547,136.3000030517578,1087.0,33.20000076293945,17.510000228881836,2.380000114440918,14.300000190734863,415.5,1822.0,61.70000076293945,221.8000030517578,5.269999980926514,8.470000267028809,51.54999923706055,20.979999542236328,20.200000762939453,8.25,30.040000915527344,20.940000534057617,11.75,11.4399995803833,203.0,31.979999542236328,88.4000015258789,45.31999969482422,20.1200008392334,51.599998474121094,231.3000030517578,265.5,126.5999984741211,108.5,329.5,50.25,91.9000015258789,98.69999694824219,119.69999694824219,6.28000020980835,58.150001525878906,437.5,3.9600000381469727,2.130000114440918,289.25,6.809999942779541,27.299999237060547,97.94999694824219,71.69999694824219,2.0856809616088867,11.069999694824219,10.649999618530273,13981.099609375
2026-07-20,21.15999984741211,12.920000076293945,35.099998474121094,35.060001373291016,253.25,9.65999984741211,110.5,46.0,123.69999694824219,98.44999694824219,67.55000305175781,3.5399999618530273,354.5,245.60000610351562,53.400001525878906,28.3799991607666,277.75,24.899999618530273,46.119998931884766,13.430000305175781,129.3000030517578,400.0,6.190000057220459,83.55000305175781,7.650000095367432,550.0,5.380000114440918,1.2899999618530273,90.8499984741211,24.399999618530273,49.86000061035156,1518.0,36.220001220703125,75.0,13.069999694824219,4.678606033325195,185.0,21.68000030517578,82.94999694824219,99.75,2.9000000953674316,153.1999969482422,9.460000038146973,106.80000305175781,89.69999694824219,4.690000057220459,43.599998474121094,5.360000133514404,290.0,5.239999771118164,109.5,319.0,14.34000015258789,5.639999866485596,410.25,24.299999237060547,36.68000030517578,2.0399999618530273,11.25,398.25,269.5,7.929999828338623,666.5,57.400001525878906,27.100000381469727,199.8000030517578,4.889999866485596,27.100000381469727,61.54999923706055,3815.0,22.5,8.899999618530273,2.7899999618530273,31.440000534057617,14.960000038146973,23.700000762939453,137.8000030517578,1087.0,33.68000030517578,17.229999542236328,2.353332996368408,14.460000038146973,428.5,1802.0,62.5,220.1999969482422,5.320000171661377,8.380000114440918,51.29999923706055,21.059999465942383,20.260000228881836,8.25,33.02000045776367,22.700000762939453,11.9399995803833,12.579999923706055,206.3000030517578,32.5,89.0,46.41999816894531,20.100000381469727,53.29999923706055,233.5,272.5,126.4000015258789,109.5999984741211,328.0,49.959999084472656,90.25,98.44999694824219,115.5,6.309999942779541,59.0,431.0,3.940000057220459,2.130000114440918,307.5,6.800000190734863,27.979999542236328,97.55000305175781,72.5999984741211,2.0856809616088867,11.100000381469727,10.819999694824219,14071.0
2026-07-21,22.239999771118164,12.880000114440918,35.040000915527344,35.29999923706055,247.6999969482422,9.569999694824219,109.5999984741211,46.400001525878906,124.5999984741211,98.5999984741211,69.30000305175781,3.5899999141693115,360.0,242.6999969482422,53.150001525878906,26.979999542236328,275.25,25.15999984741211,45.52000045776367,12.979999542236328,128.8000030517578,393.0,6.110000133514404,82.4000015258789,7.599999904632568,564.0,5.320000171661377,1.2699999809265137,92.3499984741211,24.459999084472656,50.650001525878906,1514.0,35.5,76.9000015258789,12.729999542236328,4.70163106918335,186.0,20.540000915527344,86.30000305175781,101.69999694824219,3.0299999713897705,152.5,9.460000038146973,106.9000015258789,91.19999694824219,4.590000152587891,42.29999923706055,5.349999904632568,286.75,5.179999828338623,106.5,326.0,14.15999984741211,5.539999961853027,416.25,24.979999542236328,36.70000076293945,2.0199999809265137,10.989999771118164,397.0,264.0,7.869999885559082,646.0,57.0,26.5,201.5,4.75,26.860000610351562,61.400001525878906,3765.0,22.040000915527344,8.979999542236328,2.7300000190734863,30.780000686645508,14.670000076293945,23.0,136.5,1067.0,33.0,16.68000030517578,2.3333330154418945,14.40999984741211,410.0,1770.0,62.150001525878906,219.39999389648438,5.190000057220459,8.510000228881836,51.400001525878906,21.979999542236328,21.020000457763672,8.239999771118164,33.119998931884766,21.31999969482422,11.600000381469727,11.699999809265137,203.89999389648438,31.940000534057617,88.4000015258789,49.34000015258789,19.5,52.849998474121094,233.89999389648438,270.75,126.5,111.5,317.5,49.540000915527344,89.94999694824219,97.30000305175781,116.5,6.190000057220459,58.599998474121094,417.0,3.890000104904175,2.109999895095825,309.5,6.769999980926514,28.020000457763672,96.0,71.44999694824219,2.0856809616088867,10.979999542236328,10.619999885559082,13974.099609375
2026-07-22,22.1200008392334,12.920000076293945,34.65999984741211,35.97999954223633,244.1999969482422,9.59000015258789,107.80000305175781,46.2599983215332,123.5,98.55000305175781,70.8499984741211,3.549999952316284,370.0,259.0,53.349998474121094,26.31999969482422,282.25,25.040000915527344,45.70000076293945,13.119999885559082,129.10000610351562,399.75,6.110000133514404,82.4000015258789,7.619999885559082,565.0,5.369999885559082,1.2899999618530273,92.0,23.920000076293945,50.599998474121094,1519.0,35.70000076293945,75.05000305175781,13.09000015258789,4.70163106918335,187.0,21.31999969482422,86.25,102.0,3.0399999618530273,153.0,9.399999618530273,109.5,91.05000305175781,4.519999980926514,42.2400016784668,5.409999847412109,287.5,5.389999866485596,104.30000305175781,322.25,13.729999542236328,5.539999961853027,430.25,25.81999969482422,37.13999938964844,2.009999990463257,11.050000190734863,398.0,258.25,7.829999923706055,644.0,55.349998474121094,26.559999465942383,204.3000030517578,4.730000019073486,27.059999465942383,61.54999923706055,3767.5,21.799999237060547,9.220000267028809,2.7300000190734863,30.639999389648438,14.789999961853027,24.579999923706055,136.60000610351562,1074.0,32.68000030517578,16.510000228881836,2.353332996368408,14.510000228881836,407.75,1773.0,63.70000076293945,222.5,5.429999828338623,8.850000381469727,51.20000076293945,21.360000610351562,21.299999237060547,7.889999866485596,33.7599983215332,22.219999313354492,11.75,11.449999809265137,207.60000610351562,32.720001220703125,89.0999984741211,48.0,19.489999771118164,56.150001525878906,237.8000030517578,275.25,130.1999969482422,111.0,321.0,49.84000015258789,94.6500015258789,97.8499984741211,121.80000305175781,6.230000019073486,58.650001525878906,416.0,3.890000104904175,2.130000114440918,313.75,7.039999961853027,27.719999313354492,95.44999694824219,71.0999984741211,2.101362943649292,11.0,10.75,14138.900390625
2026-07-23,21.540000915527344,12.819999694824219,34.5,36.220001220703125,243.10000610351562,9.529999732971191,107.0999984741211,47.08000183105469,121.5999984741211,99.0,71.69999694824219,3.5299999713897705,376.25,254.75,52.95000076293945,26.440000534057617,286.75,25.139999389648438,46.279998779296875,13.130000114440918,127.80000305175781,390.5,6.079999923706055,82.25,7.599999904632568,557.5,5.329999923706055,1.309999942779541,91.0999984741211,24.139999389648438,50.150001525878906,1490.0,35.84000015258789,75.44999694824219,13.100000381469727,4.683210849761963,185.89999389648438,21.399999618530273,85.0,102.5,3.0399999618530273,154.60000610351562,9.529999732971191,108.4000015258789,89.94999694824219,4.610000133514404,44.20000076293945,5.440000057220459,286.5,5.329999923706055,103.19999694824219,318.0,14.239999771118164,5.409999847412109,425.0,25.84000015258789,37.040000915527344,2.009999990463257,11.050000190734863,392.0,259.75,7.760000228881836,655.5,56.650001525878906,25.799999237060547,198.1999969482422,4.670000076293945,26.719999313354492,62.349998474121094,3750.0,23.979999542236328,9.4399995803833,2.7300000190734863,30.920000076293945,14.630000114440918,23.920000076293945,134.5,1048.0,32.779998779296875,16.459999084472656,2.3866660594940186,14.760000228881836,410.0,1713.0,66.55000305175781,219.0,5.349999904632568,9.140000343322754,51.45000076293945,21.860000610351562,20.81999969482422,7.960000038146973,30.920000076293945,22.559999465942383,11.600000381469727,11.329999923706055,206.0,31.780000686645508,87.94999694824219,48.97999954223633,19.520000457763672,54.900001525878906,233.0,259.25,128.6999969482422,105.0,312.75,50.54999923706055,104.0999984741211,97.5,133.89999389648438,6.190000057220459,55.650001525878906,412.25,3.930000066757202,2.119999885559082,314.5,7.230000019073486,27.739999771118164,94.3499984741211,71.69999694824219,2.093522071838379,11.069999694824219,10.5600004196167,14077.7001953125
2026-07-24,20.959999084472656,12.6899995803833,33.900001525878906,35.400001525878906,242.8000030517578,9.359999656677246,105.5999984741211,46.0,119.0,99.0,69.5,3.549999952316284,380.25,266.75,52.849998474121094,25.399999618530273,270.25,24.559999465942383,45.5,13.399999618530273,127.0,380.25,6.059999942779541,81.19999694824219,7.760000228881836,570.5,5.25,1.2799999713897705,91.1500015258789,23.8799991607666,49.63999938964844,1498.0,35.279998779296875,75.5999984741211,12.579999923706055,4.604927062988281,186.3000030517578,21.18000030517578,86.30000305175781,99.05000305175781,3.0,163.39999389648438,9.569999694824219,105.4000015258789,88.80000305175781,4.460000038146973,43.279998779296875,5.269999980926514,287.75,5.349999904632568,106.4000015258789,348.75,13.430000305175781,5.309999942779541,422.75,25.3799991607666,37.20000076293945,2.0199999809265137,11.180000305175781,391.0,256.0,7.630000114440918,668.0,55.54999923706055,25.059999465942383,197.60000610351562,4.639999866485596,26.940000534057617,60.650001525878906,3850.0,22.799999237060547,9.449999809265137,2.640000104904175,30.15999984741211,14.520000457763672,23.65999984741211,133.60000610351562,1074.0,32.7599983215332,16.31999969482422,2.493333101272583,14.460000038146973,402.25,1718.0,64.05000305175781,218.0,5.210000038146973,8.520000457763672,50.20000076293945,21.459999084472656,21.299999237060547,7.940000057220459,33.41999816894531,22.020000457763672,11.489999771118164,11.050000190734863,202.0,31.719999313354492,87.0999984741211,47.599998474121094,19.780000686645508,53.099998474121094,233.0,259.5,129.60000610351562,103.69999694824219,312.0,49.119998931884766,100.30000305175781,96.44999694824219,136.10000610351562,6.150000095367432,54.0,411.5,3.8499999046325684,2.0999999046325684,304.25,7.949999809265137,27.34000015258789,92.05000305175781,70.25,2.069999933242798,10.949999809265137,10.470000267028809,13943.900390625
2026-07-27,20.920000076293945,12.420000076293945,34.15999984741211,34.900001525878906,239.8000030517578,9.1899995803833,103.19999694824219,45.97999954223633,117.19999694824219,99.30000305175781,70.25,3.440000057220459,360.5,240.10000610351562,52.150001525878906,24.8799991607666,270.0,24.219999313354492,45.279998779296875,13.359999656677246,129.8000030517578,383.25,6.039999961853027,82.5,7.550000190734863,561.5,5.159999847412109,1.25,89.0999984741211,23.700000762939453,47.68000030517578,1489.0,35.08000183105469,72.94999694824219,12.010000228881836,4.558877944946289,186.6999969482422,21.040000915527344,84.6500015258789,96.30000305175781,2.990000009536743,158.0,9.520000457763672,105.5,88.6500015258789,4.320000171661377,43.2599983215332,5.599999904632568,285.25,5.429999828338623,106.5,344.0,13.140000343322754,5.199999809265137,424.0,25.739999771118164,36.86000061035156,2.0199999809265137,11.109999656677246,390.5,252.25,7.420000076293945,674.5,53.70000076293945,24.5,196.6999969482422,4.650000095367432,26.18000030517578,59.29999923706055,3765.0,23.799999237060547,9.229999542236328,2.609999895095825,29.780000686645508,14.430000305175781,23.780000686645508,133.3000030517578,1055.0,32.79999923706055,16.549999237060547,2.440000057220459,14.260000228881836,397.5,1641.0,64.1500015258789,218.10000610351562,5.130000114440918,8.600000381469727,50.150001525878906,22.100000381469727,20.34000015258789,7.929999828338623,34.779998779296875,20.15999984741211,11.289999961853027,10.850000381469727,201.10000610351562,34.2400016784668,87.0999984741211,48.29999923706055,19.670000076293945,52.0,236.10000610351562,262.25,125.0999984741211,102.30000305175781,318.0,48.2599983215332,97.25,93.75,133.8000030517578,6.179999828338623,52.75,412.25,3.7799999713897705,2.0899999141693115,292.25,7.300000190734863,26.780000686645508,90.6500015258789,68.05000305175781,2.0543179512023926,10.8100004196167,10.239999771118164,13774.7998046875
2026-07-28,21.799999237060547,12.34000015258789,34.380001068115234,34.720001220703125,237.0,9.319999694824219,103.5,43.2599983215332,114.0,97.5,67.0999984741211,3.369999885559082,358.0,219.1999969482422,51.54999923706055,24.8799991607666,266.5,23.81999969482422,45.52000045776367,12.770000457763672,130.1999969482422,389.5,5.980000019073486,80.44999694824219,7.519999980926514,566.0,5.110000133514404,1.2300000190734863,91.9000015258789,22.040000915527344,47.34000015258789,1470.0,33.939998626708984,71.5,11.819999694824219,4.4713850021362305,183.5,21.200000762939453,84.5,95.0999984741211,2.950000047683716,156.0,9.380000114440918,108.5999984741211,88.75,4.75,43.86000061035156,5.420000076293945,284.5,5.210000038146973,104.69999694824219,353.5,12.75,5.059999942779541,415.0,25.579999923706055,37.29999923706055,2.0,10.529999732971191,380.0,243.1999969482422,7.369999885559082,679.5,53.29999923706055,25.100000381469727,195.0,4.46999979019165,25.3799991607666,58.45000076293945,3735.0,22.020000457763672,9.140000343322754,2.5799999237060547,29.0,14.34000015258789,23.559999465942383,135.8000030517578,1053.0,31.459999084472656,16.280000686645508,2.3266661167144775,14.369999885559082,402.0,1565.0,62.75,218.3000030517578,5.110000133514404,8.609999656677246,50.70000076293945,21.459999084472656,20.940000534057617,7.820000171661377,34.13999938964844,20.260000228881836,11.260000228881836,10.65999984741211,199.89999389648438,37.20000076293945,87.3499984741211,46.439998626708984,19.0,53.349998474121094,235.0,268.0,125.0,101.69999694824219,319.0,46.459999084472656,95.0,95.30000305175781,131.6999969482422,6.03000020980835,52.04999923706055,411.0,3.930000066757202,2.049999952316284,293.5,6.989999771118164,26.940000534057617,89.75,67.0999984741211,2.015113115310669,10.5600004196167,10.199999809265137,13687.900390625
2026-07-29,21.479999542236328,12.170000076293945,35.0,33.720001220703125,234.10000610351562,9.199999809265137,101.5,41.959999084472656,111.80000305175781,98.3499984741211,67.94999694824219,3.3299999237060547,354.5,216.0,51.0,23.639999389648438,266.5,23.360000610351562,43.81999969482422,12.569999694824219,125.19999694824219,386.5,6.139999866485596,80.0,7.460000038146973,536.0,5.019999980926514,1.2100000381469727,91.44999694824219,21.799999237060547,47.2400016784668,1446.0,34.060001373291016,70.94999694824219,11.550000190734863,4.397706031799316,181.89999389648438,21.219999313354492,84.0,92.3499984741211,2.8299999237060547,154.0,9.239999771118164,108.19999694824219,87.55000305175781,5.179999828338623,43.15999984741211,5.289999961853027,283.75,5.039999961853027,101.19999694824219,363.0,12.600000381469727,4.949999809265137,399.0,24.5,36.900001525878906,1.9700000286102295,10.109999656677246,374.0,241.6999969482422,7.369999885559082,690.0,52.349998474121094,25.5,193.60000610351562,4.320000171661377,25.040000915527344,58.04999923706055,3635.0,22.0,8.850000381469727,2.4600000381469727,28.65999984741211,14.300000190734863,22.780000686645508,133.0,1013.0,31.0,15.760000228881836,2.319999933242798,14.289999961853027,403.75,1527.0,62.70000076293945,216.89999389648438,4.900000095367432,8.84000015258789,51.400001525878906,20.459999084472656,20.899999618530273,7.550000190734863,32.459999084472656,19.950000762939453,10.859999656677246,10.449999809265137,201.0,37.7400016784668,84.80000305175781,46.15999984741211,18.940000534057617,52.54999923706055,235.6999969482422,271.75,124.30000305175781,101.4000015258789,313.25,44.18000030517578,91.4000015258789,94.30000305175781,125.0,5.980000019073486,51.25,409.0,3.759999990463257,1.9800000190734863,297.75,6.860000133514404,26.600000381469727,88.44999694824219,65.0,1.9759089946746826,10.359999656677246,9.970000267028809,13501.599609375
2026-07-30,22.079999923706055,12.800000190734863,35.459999084472656,33.2400016784668,230.8000030517578,9.199999809265137,100.9000015258789,40.959999084472656,111.0,96.9000015258789,67.8499984741211,3.2799999713897705,337.5,228.3000030517578,50.04999923706055,22.65999984741211,260.25,23.459999084472656,43.34000015258789,12.229999542236328,123.4000015258789,383.0,6.050000190734863,79.3499984741211,7.409999847412109,528.0,5.0,1.190000057220459,90.5,21.780000686645508,46.220001220703125,1447.0,34.400001525878906,72.5,11.699999809265137,4.321723937988281,181.5,21.260000228881836,84.4000015258789,91.6500015258789,2.7799999713897705,146.60000610351562,9.119999885559082,109.5,85.25,5.320000171661377,42.400001525878906,5.150000095367432,279.0,4.980000019073486,104.19999694824219,360.0,12.09000015258789,4.739999771118164,401.0,24.139999389648438,36.0,1.9600000381469727,9.760000228881836,372.0,237.5,7.159999847412109,695.0,54.45000076293945,25.700000762939453,191.5,4.269999980926514,24.8799991607666,57.900001525878906,3625.0,23.0,8.600000381469727,2.2899999618530273,27.959999084472656,14.109999656677246,22.700000762939453,133.6999969482422,999.0,30.899999618530273,15.699999809265137,2.2666659355163574,14.239999771118164,400.25,1500.0,61.54999923706055,216.5,4.739999771118164,8.6899995803833,51.150001525878906,20.600000381469727,20.920000076293945,7.53000020980835,32.400001525878906,19.010000228881836,10.75,10.3100004196167,200.10000610351562,38.7400016784668,82.30000305175781,45.099998474121094,18.790000915527344,52.599998474121094,237.39999389648438,267.75,129.10000610351562,101.5,308.25,46.18000030517578,92.69999694824219,93.0999984741211,128.1999969482422,5.800000190734863,50.70000076293945,412.0,3.680000066757202,1.9700000286102295,288.0,6.630000114440918,25.780000686645508,87.9000015258789,64.5999984741211,1.9523860216140747,10.25,9.699999809265137,13292.900390625
2026-07-31,21.8799991607666,12.84000015258789,35.5,33.459999084472656,237.39999389648438,9.300000190734863,101.0,41.040000915527344,113.4000015258789,97.25,72.30000305175781,3.369999885559082,342.25,251.0,51.95000076293945,22.739999771118164,264.75,23.34000015258789,44.400001525878906,12.289999961853027,124.5999984741211,390.25,6.389999866485596,80.1500015258789,7.489999771118164,521.5,5.039999961853027,1.2000000476837158,91.05000305175781,22.040000915527344,44.84000015258789,1443.0,34.18000030517578,70.0999984741211,11.8100004196167,4.3447489738464355,190.39999389648438,20.920000076293945,88.0,94.05000305175781,2.8399999141693115,154.8000030517578,9.210000038146973,108.9000015258789,87.5999984741211,5.25,42.540000915527344,5.329999923706055,283.0,5.260000228881836,108.5999984741211,356.0,12.260000228881836,4.78000020980835,398.5,24.260000228881836,36.439998626708984,1.9299999475479126,10.100000381469727,373.0,238.89999389648438,7.119999885559082,716.0,53.75,26.440000534057617,196.89999389648438,4.46999979019165,25.15999984741211,59.04999923706055,3650.0,23.239999771118164,8.739999771118164,2.369999885559082,28.540000915527344,14.380000114440918,22.6200008392334,136.0,1003.0,31.15999984741211,16.3799991607666,2.240000009536743,14.140000343322754,405.0,1534.0,64.44999694824219,216.6999969482422,4.929999828338623,7.840000152587891,50.0,20.280000686645508,20.299999237060547,7.550000190734863,35.0,19.1200008392334,10.779999732971191,10.449999809265137,200.39999389648438,38.29999923706055,84.5,48.040000915527344,19.010000228881836,51.0,243.10000610351562,271.75,130.10000610351562,99.94999694824219,314.0,44.15999984741211,90.94999694824219,93.75,124.5,5.610000133514404,51.0,412.25,3.8499999046325684,1.9900000095367432,295.25,6.699999809265137,25.959999084472656,86.30000305175781,66.4000015258789,1.9523860216140747,10.380000114440918,9.760000228881836,13458.099609375
2026-08-03,22.079999923706055,12.529999732971191,35.02000045776367,32.220001220703125,243.1999969482422,9.600000381469727,102.9000015258789,41.41999816894531,112.0,96.4000015258789,75.44999694824219,3.3399999141693115,336.25,238.8000030517578,51.45000076293945,23.040000915527344,259.0,23.860000610351562,44.060001373291016,12.390000343322754,124.0999984741211,379.0,6.210000038146973,78.0,7.539999961853027,532.0,5.0,1.1799999475479126,87.0,22.440000534057617,44.959999084472656,1450.0,35.15999984741211,69.80000305175781,11.550000190734863,4.420730113983154,187.1999969482422,20.700000762939453,89.05000305175781,93.5,2.799999952316284,165.39999389648438,8.829999923706055,110.19999694824219,87.05000305175781,4.900000095367432,40.70000076293945,5.170000076293945,282.25,4.989999771118164,108.80000305175781,348.75,12.020000457763672,4.800000190734863,404.5,24.059999465942383,37.13999938964844,1.940000057220459,10.100000381469727,383.25,236.8000030517578,7.0,726.0,53.20000076293945,26.040000915527344,196.6999969482422,4.480000019073486,25.239999771118164,58.5,3635.0,22.540000915527344,8.640000343322754,2.359999895095825,28.18000030517578,13.890000343322754,23.360000610351562,135.0,995.0,31.31999969482422,16.31999969482422,2.233333110809326,14.640000343322754,402.25,1520.0,62.79999923706055,221.5,4.840000152587891,7.650000095367432,50.29999923706055,20.139999389648438,20.280000686645508,7.460000038146973,35.040000915527344,19.079999923706055,10.670000076293945,10.5,198.10000610351562,39.86000061035156,86.55000305175781,47.5,19.0,50.20000076293945,245.0,278.0,134.8000030517578,104.5,317.0,45.060001373291016,91.94999694824219,93.80000305175781,125.0999984741211,5.579999923706055,52.75,405.5,3.740000009536743,1.9700000286102295,290.5,6.590000152587891,26.0,87.69999694824219,65.55000305175781,1.9523860216140747,10.15999984741211,9.720000267028809,13410.5
2026-08-04,21.540000915527344,12.739999771118164,35.560001373291016,32.2599983215332,242.89999389648438,9.65999984741211,103.9000015258789,42.63999938964844,113.19999694824219,97.44999694824219,76.80000305175781,3.3499999046325684,349.25,243.10000610351562,52.45000076293945,23.059999465942383,256.25,24.0,44.5,12.470000267028809,125.5999984741211,385.75,6.28000020980835,78.0999984741211,7.949999809265137,552.5,5.059999942779541,1.2000000476837158,87.19999694824219,23.18000030517578,45.7400016784668,1466.0,34.540000915527344,69.19999694824219,11.1899995803833,4.595717906951904,188.0,20.6200008392334,90.80000305175781,94.9000015258789,2.740000009536743,172.0,8.75,109.5,85.8499984741211,4.829999923706055,41.7400016784668,5.400000095367432,284.0,5.070000171661377,112.9000015258789,341.75,13.220000267028809,5.019999980926514,413.5,24.31999969482422,38.720001220703125,1.9500000476837158,10.430000305175781,387.0,246.8000030517578,7.079999923706055,735.0,53.70000076293945,26.31999969482422,198.89999389648438,4.449999809265137,25.700000762939453,59.349998474121094,3657.5,24.399999618530273,8.930000305175781,2.4100000858306885,28.479999542236328,13.880000114440918,24.200000762939453,137.3000030517578,988.0,31.600000381469727,16.450000762939453,2.293333053588867,15.109999656677246,411.25,1525.0,65.4000015258789,221.0,5.010000228881836,7.630000114440918,50.5,20.1200008392334,20.579999923706055,7.460000038146973,37.900001525878906,19.600000381469727,10.800000190734863,10.420000076293945,198.0,40.31999969482422,88.9000015258789,52.25,18.889999389648438,51.599998474121094,248.89999389648438,286.0,133.0,107.5999984741211,323.75,46.34000015258789,93.94999694824219,93.19999694824219,126.19999694824219,5.610000133514404,53.900001525878906,408.0,3.7899999618530273,1.9900000095367432,290.25,6.679999828338623,26.139999389648438,88.3499984741211,67.80000305175781,1.9837499856948853,10.239999771118164,10.100000381469727,13687.900390625
2026-08-05,21.31999969482422,12.550000190734863,35.2400016784668,32.099998474121094,241.60000610351562,9.729999542236328,101.0999984741211,41.79999923706055,111.0,98.0999984741211,74.9000015258789,3.2799999713897705,346.75,248.6999969482422,51.75,23.5,267.5,24.1200008392334,45.02000045776367,12.350000381469727,125.19999694824219,382.25,6.210000038146973,78.8499984741211,8.069999694824219,575.5,5.039999961853027,1.1799999475479126,87.94999694824219,23.360000610351562,44.7400016784668,1451.0,33.79999923706055,68.05000305175781,10.850000381469727,4.512828826904297,191.8000030517578,21.079999923706055,88.44999694824219,94.94999694824219,2.8399999141693115,164.89999389648438,8.470000267028809,113.0,87.0999984741211,4.929999828338623,41.97999954223633,5.940000057220459,283.75,5.21999979019165,114.5999984741211,340.75,13.5,4.949999809265137,431.0,23.899999618530273,38.880001068115234,1.9800000190734863,10.600000381469727,387.25,242.1999969482422,7.099999904632568,742.0,53.5,26.139999389648438,206.0,4.369999885559082,25.34000015258789,58.95000076293945,3612.5,25.219999313354492,9.0,2.440000057220459,29.219999313354492,14.100000381469727,24.739999771118164,138.39999389648438,980.0,32.5,16.209999084472656,2.2666659355163574,14.829999923706055,406.0,1525.0,63.650001525878906,217.89999389648438,4.920000076293945,7.380000114440918,51.04999923706055,19.90999984741211,20.260000228881836,7.5,39.439998626708984,20.239999771118164,10.579999923706055,10.390000343322754,201.39999389648438,40.79999923706055,89.0999984741211,52.400001525878906,20.760000228881836,51.29999923706055,254.5,284.0,132.8000030517578,105.0999984741211,314.0,48.84000015258789,100.0,92.8499984741211,135.3000030517578,5.630000114440918,53.349998474121094,411.0,3.7899999618530273,2.009999990463257,303.75,6.679999828338623,25.860000610351562,87.30000305175781,66.75,1.9915900230407715,11.260000228881836,10.039999961853027,13703.099609375
2026-08-06,21.459999084472656,12.65999984741211,34.720001220703125,32.220001220703125,250.0,9.760000228881836,100.30000305175781,42.400001525878906,112.0,98.0,77.9000015258789,3.299999952316284,363.0,247.6999969482422,51.25,23.719999313354492,291.25,24.520000457763672,44.279998779296875,12.300000190734863,126.19999694824219,382.25,6.260000228881836,78.9000015258789,8.0600004196167,583.0,5.25,1.190000057220459,87.69999694824219,22.84000015258789,44.97999954223633,1453.0,33.79999923706055,68.8499984741211,10.829999923706055,4.752285003662109,190.1999969482422,20.899999618530273,89.69999694824219,95.44999694824219,2.8499999046325684,163.0,8.380000114440918,113.4000015258789,85.8499984741211,4.78000020980835,41.560001373291016,5.760000228881836,278.0,5.059999942779541,118.19999694824219,342.25,13.140000343322754,4.800000190734863,432.75,23.979999542236328,38.279998779296875,2.009999990463257,10.170000076293945,385.0,243.10000610351562,7.070000171661377,754.5,53.45000076293945,26.1200008392334,195.89999389648438,4.28000020980835,25.600000381469727,59.04999923706055,3635.0,24.520000457763672,9.09000015258789,2.440000057220459,28.399999618530273,13.619999885559082,24.399999618530273,136.6999969482422,987.0,32.400001525878906,16.110000610351562,2.22666597366333,14.15999984741211,400.0,1552.0,66.1500015258789,221.10000610351562,4.860000133514404,7.550000190734863,55.5,19.6200008392334,20.600000381469727,7.5,39.7400016784668,19.059999465942383,10.600000381469727,10.350000381469727,201.5,40.36000061035156,88.0999984741211,54.0,20.360000610351562,51.04999923706055,252.5,273.5,134.10000610351562,105.30000305175781,311.25,49.439998626708984,100.9000015258789,91.80000305175781,135.89999389648438,5.96999979019165,53.5,404.75,3.7799999713897705,2.009999990463257,321.5,6.619999885559082,26.0,87.05000305175781,66.4000015258789,1.9837499856948853,12.380000114440918,10.039999961853027,13798.7998046875
2026-08-07,21.579999923706055,12.5600004196167,35.2599983215332,32.13999938964844,258.0,9.8100004196167,101.80000305175781,42.08000183105469,110.4000015258789,97.9000015258789,77.30000305175781,3.319999933242798,353.75,245.5,51.79999923706055,23.799999237060547,284.5,24.31999969482422,43.68000030517578,12.420000076293945,125.80000305175781,385.75,6.800000190734863,78.25,7.96999979019165,572.0,5.070000171661377,1.2100000381469727,89.0,22.81999969482422,44.81999969482422,1437.0,34.15999984741211,71.44999694824219,10.90999984741211,4.632556915283203,194.3000030517578,20.5,82.5999984741211,95.30000305175781,2.930000066757202,160.89999389648438,8.350000381469727,113.19999694824219,86.3499984741211,4.690000057220459,38.68000030517578,5.800000190734863,283.75,5.0,113.30000305175781,339.5,13.140000343322754,4.789999961853027,446.25,23.959999084472656,38.400001525878906,2.0199999809265137,10.199999809265137,399.0,267.25,7.119999885559082,758.0,52.75,26.15999984741211,198.5,4.320000171661377,25.559999465942383,59.400001525878906,3650.0,25.200000762939453,9.359999656677246,2.440000057220459,30.299999237060547,13.40999984741211,24.299999237060547,135.1999969482422,980.0,33.18000030517578,15.920000076293945,2.233333110809326,14.079999923706055,426.75,1707.0,65.0,221.3000030517578,4.849999904632568,7.539999961853027,55.0,19.809999465942383,20.65999984741211,7.480000019073486,41.52000045776367,18.520000457763672,10.670000076293945,10.729999542236328,200.0,40.36000061035156,88.05000305175781,52.349998474121094,19.700000762939453,51.70000076293945,263.5,275.5,132.60000610351562,105.0999984741211,306.25,52.150001525878906,103.9000015258789,91.44999694824219,139.5,5.699999809265137,54.5,403.5,3.7899999618530273,2.009999990463257,323.5,6.599999904632568,26.139999389648438,89.19999694824219,66.19999694824219,1.9837499856948853,12.180000305175781,10.34000015258789,13779.400390625
2026-08-10,21.719999313354492,12.5,35.779998779296875,32.560001373291016,258.25,9.779999732971191,107.0,41.31999969482422,106.9000015258789,97.44999694824219,79.19999694824219,3.299999952316284,356.25,262.0,52.04999923706055,23.520000457763672,294.5,23.899999618530273,43.20000076293945,12.40999984741211,126.0999984741211,384.25,6.53000020980835,79.94999694824219,8.100000381469727,629.0,5.03000020980835,1.2000000476837158,90.05000305175781,23.18000030517578,45.099998474121094,1495.0,34.5,71.8499984741211,10.380000114440918,4.570390224456787,194.10000610351562,21.100000381469727,79.3499984741211,95.1500015258789,2.869999885559082,169.5,8.640000343322754,113.0999984741211,86.19999694824219,4.570000171661377,36.880001068115234,5.619999885559082,296.0,5.019999980926514,124.5999984741211,345.0,13.0,4.809999942779541,441.75,23.899999618530273,38.29999923706055,1.9900000095367432,9.920000076293945,390.75,252.5,7.099999904632568,767.0,51.099998474121094,27.540000915527344,203.89999389648438,4.260000228881836,25.719999313354492,58.45000076293945,3650.0,25.540000915527344,10.289999961853027,2.4200000762939453,30.15999984741211,13.649999618530273,23.84000015258789,139.0,984.0,34.79999923706055,15.800000190734863,2.166666030883789,14.100000381469727,429.25,1792.0,62.54999923706055,222.89999389648438,4.78000020980835,7.300000190734863,60.5,20.100000381469727,20.700000762939453,7.869999885559082,42.220001220703125,18.770000457763672,10.84000015258789,10.5,198.89999389648438,39.900001525878906,88.5,57.54999923706055,19.559999465942383,52.150001525878906,259.0,273.25,134.39999389648438,105.30000305175781,303.0,53.75,103.0,90.75,139.6999969482422,5.880000114440918,56.0,403.25,3.7799999713897705,1.9900000095367432,340.0,6.510000228881836,26.0,89.19999694824219,66.80000305175781,1.9500000476837158,11.359999656677246,10.649999618530273,13811.599609375
2026-08-11,21.020000457763672,12.3100004196167,35.29999923706055,31.639999389648438,254.0,9.710000038146973,104.69999694824219,41.13999938964844,107.80000305175781,97.0,81.8499984741211,3.369999885559082,356.25,277.0,51.0,23.239999771118164,286.5,23.799999237060547,42.79999923706055,12.260000228881836,132.0,377.25,6.400000095367432,78.1500015258789,7.960000038146973,632.0,4.940000057220459,1.190000057220459,86.6500015258789,23.540000915527344,45.0,1472.0,34.880001068115234,72.8499984741211,10.289999961853027,4.469081878662109,193.89999389648438,20.799999237060547,78.94999694824219,94.1500015258789,2.9200000762939453,166.10000610351562,8.369999885559082,110.0,85.9000015258789,4.559999942779541,36.86000061035156,5.679999828338623,295.0,4.980000019073486,137.0,350.0,13.229999542236328,4.699999809265137,422.75,23.34000015258789,37.779998779296875,1.9900000095367432,9.890000343322754,390.0,255.0,6.989999771118164,795.0,50.5,27.399999618530273,199.89999389648438,4.25,25.31999969482422,57.650001525878906,3690.0,26.0,9.819999694824219,2.4100000858306885,30.299999237060547,13.390000343322754,24.1200008392334,134.60000610351562,981.5,35.2400016784668,15.84000015258789,2.2133328914642334,14.079999923706055,423.0,1775.0,60.95000076293945,220.1999969482422,4.760000228881836,7.309999942779541,60.45000076293945,19.450000762939453,20.84000015258789,7.869999885559082,42.15999984741211,18.450000762939453,10.970000267028809,10.420000076293945,199.3000030517578,41.84000015258789,87.5999984741211,59.099998474121094,19.420000076293945,51.099998474121094,259.25,274.5,133.0,103.0999984741211,301.0,48.880001068115234,95.5999984741211,91.6500015258789,128.8000030517578,6.0,55.45000076293945,405.25,3.75,2.0,336.5,6.400000095367432,26.81999969482422,87.80000305175781,67.1500015258789,1.909999966621399,11.329999923706055,10.760000228881836,13704.5
2026-08-12,19.520000457763672,12.460000038146973,33.15999984741211,32.060001373291016,247.8000030517578,9.640000343322754,101.5,40.79999923706055,106.5999984741211,97.1500015258789,78.8499984741211,3.390000104904175,381.0,262.25,51.54999923706055,23.399999618530273,294.75,23.84000015258789,43.31999969482422,12.680000305175781,130.39999389648438,384.0,6.409999847412109,79.1500015258789,7.940000057220459,629.0,4.96999979019165,1.2000000476837158,83.25,24.18000030517578,45.41999816894531,1475.0,34.459999084472656,72.80000305175781,10.449999809265137,4.439149856567383,194.39999389648438,21.559999465942383,78.5,95.05000305175781,2.869999885559082,163.0,8.529999732971191,107.0,86.6500015258789,4.630000114440918,37.18000030517578,5.949999809265137,297.75,5.119999885559082,128.89999389648438,351.25,12.829999923706055,4.699999809265137,427.0,22.920000076293945,37.720001220703125,1.9700000286102295,10.140000343322754,391.75,253.0,7.159999847412109,803.0,50.349998474121094,28.360000610351562,205.8000030517578,4.269999980926514,25.5,57.849998474121094,3715.0,26.100000381469727,9.75,2.440000057220459,29.860000610351562,13.449999809265137,24.479999542236328,133.1999969482422,989.0,35.0,15.960000038146973,2.2066659927368164,13.739999771118164,432.25,1728.0,61.75,218.89999389648438,4.809999942779541,7.309999942779541,62.650001525878906,19.040000915527344,21.520000457763672,7.710000038146973,42.97999954223633,18.610000610351562,10.949999809265137,10.329999923706055,203.10000610351562,40.97999954223633,88.25,57.349998474121094,19.75,52.20000076293945,262.5,279.0,134.10000610351562,104.0999984741211,308.75,47.70000076293945,95.19999694824219,92.4000015258789,128.10000610351562,6.0,56.349998474121094,413.0,3.759999990463257,2.0,351.25,6.409999847412109,26.34000015258789,87.44999694824219,68.4000015258789,1.9500000476837158,11.489999771118164,10.270000457763672,14110.099609375
2026-08-13,19.25,12.520000457763672,31.920000076293945,33.900001525878906,258.25,9.670000076293945,102.5,40.540000915527344,104.19999694824219,94.6500015258789,82.94999694824219,3.3399999141693115,395.75,263.75,50.95000076293945,25.739999771118164,291.25,24.0,43.040000915527344,13.010000228881836,130.8000030517578,376.5,6.420000076293945,80.55000305175781,8.100000381469727,628.0,4.960000038146973,1.1799999475479126,84.94999694824219,23.959999084472656,45.619998931884766,1475.0,34.97999954223633,72.19999694824219,10.109999656677246,4.448359966278076,174.5,21.1200008392334,79.5999984741211,93.0,2.880000114440918,160.10000610351562,9.010000228881836,107.4000015258789,85.8499984741211,4.630000114440918,38.2400016784668,6.090000152587891,294.25,5.159999847412109,137.39999389648438,350.25,13.079999923706055,4.820000171661377,418.5,22.979999542236328,37.29999923706055,2.0199999809265137,10.390000343322754,394.75,258.25,7.199999809265137,805.0,50.900001525878906,27.540000915527344,202.39999389648438,4.320000171661377,25.739999771118164,58.349998474121094,3695.0,28.0,9.920000076293945,2.430000066757202,29.719999313354492,13.579999923706055,24.600000381469727,134.39999389648438,982.0,34.84000015258789,16.8799991607666,2.233333110809326,14.100000381469727,430.0,1900.0,63.25,217.10000610351562,4.840000152587891,7.5,66.30000305175781,20.139999389648438,21.520000457763672,7.570000171661377,42.29999923706055,18.809999465942383,10.930000305175781,10.380000114440918,200.0,41.31999969482422,88.80000305175781,56.599998474121094,19.860000610351562,52.75,260.0,278.75,137.60000610351562,103.0999984741211,308.0,48.099998474121094,97.0,92.0,131.8000030517578,5.880000114440918,54.95000076293945,411.0,3.809999942779541,1.9900000095367432,346.0,6.420000076293945,27.81999969482422,88.0,68.5,1.9600000381469727,11.399999618530273,10.279999732971191,14132.2001953125
2026-08-14,19.329999923706055,12.550000190734863,31.139999389648438,33.86000061035156,275.0,9.800000190734863,103.4000015258789,41.400001525878906,114.5999984741211,95.3499984741211,83.30000305175781,3.4700000286102295,387.5,283.75,51.400001525878906,25.200000762939453,312.0,24.84000015258789,42.959999084472656,12.760000228881836,130.60000610351562,374.75,6.28000020980835,81.44999694824219,8.199999809265137,663.0,5.070000171661377,1.190000057220459,82.19999694824219,24.1200008392334,45.63999938964844,1509.0,36.97999954223633,72.55000305175781,10.5,4.439149856567383,171.1999969482422,20.860000610351562,78.19999694824219,102.30000305175781,3.0,166.0,8.989999771118164,106.19999694824219,87.6500015258789,4.710000038146973,37.380001068115234,6.010000228881836,297.75,5.170000076293945,136.5,348.0,13.199999809265137,4.800000190734863,419.25,22.940000534057617,37.18000030517578,2.009999990463257,10.399999618530273,396.0,258.5,7.059999942779541,814.0,51.099998474121094,26.8799991607666,207.1999969482422,4.440000057220459,26.239999771118164,58.25,3717.5,28.100000381469727,9.680000305175781,2.4000000953674316,29.1200008392334,13.65999984741211,24.579999923706055,136.5,1043.0,33.81999969482422,16.3799991607666,2.240000009536743,14.890000343322754,438.25,1871.0,62.099998474121094,218.10000610351562,5.039999961853027,7.489999771118164,60.20000076293945,22.139999389648438,21.81999969482422,7.369999885559082,39.81999969482422,19.15999984741211,11.109999656677246,10.369999885559082,209.39999389648438,42.08000183105469,89.4000015258789,58.54999923706055,20.040000915527344,52.70000076293945,262.0,276.0,137.3000030517578,104.0999984741211,305.25,47.220001220703125,94.94999694824219,93.44999694824219,126.5999984741211,5.820000171661377,54.5,414.0,3.819999933242798,1.9800000190734863,361.75,6.53000020980835,27.459999084472656,90.69999694824219,68.94999694824219,1.9500000476837158,11.40999984741211,10.260000228881836,14172.2998046875
2026-08-17,18.950000762939453,12.520000457763672,30.799999237060547,33.099998474121094,279.0,9.729999542236328,103.80000305175781,40.900001525878906,124.0,94.0999984741211,91.5999984741211,3.5,389.0,289.25,51.0,27.719999313354492,313.0,25.079999923706055,42.900001525878906,13.529999732971191,129.39999389648438,382.0,6.289999961853027,78.6500015258789,8.0,656.0,5.090000152587891,1.2300000190734863,80.3499984741211,25.1200008392334,45.63999938964844,1549.0,35.540000915527344,79.80000305175781,10.630000114440918,4.411520004272461,173.1999969482422,20.700000762939453,77.9000015258789,102.5999984741211,3.009999990463257,165.3000030517578,8.779999732971191,107.80000305175781,80.1500015258789,4.630000114440918,37.939998626708984,6.139999866485596,294.5,5.420000076293945,143.0,343.0,13.300000190734863,4.920000076293945,445.25,22.84000015258789,36.79999923706055,1.9900000095367432,10.800000190734863,395.0,262.75,7.039999961853027,750.5,52.54999923706055,26.8799991607666,205.60000610351562,4.480000019073486,26.040000915527344,59.599998474121094,3700.0,27.6200008392334,10.050000190734863,2.390000104904175,29.399999618530273,13.40999984741211,25.100000381469727,135.1999969482422,1011.0,34.18000030517578,16.020000457763672,2.200000047683716,13.600000381469727,438.0,1778.0,68.30000305175781,218.0,5.190000057220459,7.679999828338623,60.5,22.799999237060547,22.020000457763672,7.300000190734863,42.52000045776367,19.149999618530273,11.050000190734863,10.34000015258789,203.0,40.560001373291016,88.9000015258789,55.29999923706055,20.100000381469727,52.20000076293945,250.5,279.5,133.0,102.9000015258789,301.0,49.099998474121094,94.3499984741211,91.94999694824219,128.10000610351562,5.889999866485596,52.95000076293945,416.0,3.9700000286102295,1.9900000095367432,368.75,6.510000228881836,27.200000762939453,91.0999984741211,68.80000305175781,1.9299999475479126,11.15999984741211,10.260000228881836,14132.099609375
2026-08-18,19.1299991607666,12.289999961853027,31.18000030517578,32.279998779296875,271.5,9.960000038146973,107.0,39.79999923706055,120.30000305175781,93.05000305175781,89.6500015258789,3.5399999618530273,381.25,292.0,50.75,26.780000686645508,310.5,27.579999923706055,44.70000076293945,13.039999961853027,128.6999969482422,405.0,6.289999961853027,78.55000305175781,7.96999979019165,633.5,5.019999980926514,1.2000000476837158,82.25,25.5,45.2400016784668,1525.0,35.880001068115234,84.5,10.449999809265137,4.485198974609375,168.6999969482422,20.81999969482422,80.0,99.0,2.9700000286102295,160.0,8.600000381469727,110.5,81.0,4.570000171661377,37.70000076293945,5.869999885559082,293.25,5.340000152587891,128.8000030517578,338.5,12.869999885559082,4.820000171661377,429.0,22.920000076293945,36.63999938964844,1.9700000286102295,10.5600004196167,387.25,257.5,6.989999771118164,772.5,51.900001525878906,26.799999237060547,207.89999389648438,4.46999979019165,26.219999313354492,58.70000076293945,3640.0,25.860000610351562,10.350000381469727,2.3399999141693115,29.139999389648438,13.84000015258789,25.15999984741211,134.6999969482422,1009.0,37.20000076293945,16.020000457763672,2.2066659927368164,12.800000190734863,438.0,1725.0,75.0999984741211,218.6999969482422,5.429999828338623,7.46999979019165,61.0,22.6200008392334,21.559999465942383,7.159999847412109,43.099998474121094,19.81999969482422,11.119999885559082,10.239999771118164,203.8000030517578,41.13999938964844,88.94999694824219,53.099998474121094,19.969999313354492,54.599998474121094,249.10000610351562,276.25,146.3000030517578,103.5,300.5,47.58000183105469,92.80000305175781,92.3499984741211,126.0999984741211,6.050000190734863,53.70000076293945,415.25,3.9800000190734863,1.9700000286102295,374.0,6.579999923706055,27.979999542236328,91.5,66.30000305175781,1.8700000047683716,10.979999542236328,10.130000114440918,14128.0
2026-08-19,19.40999984741211,12.430000305175781,31.200000762939453,33.36000061035156,270.0,10.050000190734863,113.0999984741211,39.52000045776367,120.80000305175781,92.4000015258789,91.9000015258789,3.809999942779541,403.0,308.5,51.29999923706055,27.0,326.5,26.81999969482422,44.34000015258789,13.970000267028809,129.5,416.5,6.320000171661377,79.3499984741211,7.760000228881836,679.0,5.070000171661377,1.2300000190734863,82.0,25.280000686645508,45.65999984741211,1545.0,36.52000045776367,85.19999694824219,11.029999732971191,4.389999866485596,169.1999969482422,21.15999984741211,80.55000305175781,103.19999694824219,2.990000009536743,158.6999969482422,8.8100004196167,111.0,83.0999984741211,4.579999923706055,37.7599983215332,5.860000133514404,299.5,5.429999828338623,129.89999389648438,328.5,13.420000076293945,4.940000057220459,471.75,23.18000030517578,37.060001373291016,1.9900000095367432,11.390000343322754,387.0,255.5,7.050000190734863,775.0,53.349998474121094,27.040000915527344,214.60000610351562,4.510000228881836,26.899999618530273,58.849998474121094,3670.0,26.0,10.579999923706055,2.3299999237060547,29.260000228881836,13.640000343322754,25.520000457763672,138.0,1011.0,36.63999938964844,15.930000305175781,2.22666597366333,13.069999694824219,442.75,1720.0,82.5999984741211,215.8000030517578,5.199999809265137,7.289999961853027,61.0,22.639999389648438,21.8799991607666,7.300000190734863,42.97999954223633,20.1200008392334,11.220000267028809,10.380000114440918,204.60000610351562,41.220001220703125,90.3499984741211,53.95000076293945,20.459999084472656,57.5,258.5,281.25,148.6999969482422,104.0,301.25,50.5,96.9000015258789,94.44999694824219,131.10000610351562,5.96999979019165,54.099998474121094,422.5,3.9100000858306885,2.0,395.5,7.0,27.739999771118164,97.75,66.25,1.8899999856948853,11.029999732971191,10.210000038146973,14459.0
2026-08-20,19.149999618530273,12.359999656677246,31.059999465942383,33.70000076293945,268.25,9.960000038146973,107.69999694824219,43.459999084472656,123.0,92.44999694824219,93.30000305175781,3.7200000286102295,402.25,322.5,50.79999923706055,27.15999984741211,330.0,26.84000015258789,43.779998779296875,13.369999885559082,131.60000610351562,411.0,6.510000228881836,79.0,7.800000190734863,694.0,5.260000228881836,1.2100000381469727,81.30000305175781,25.15999984741211,45.20000076293945,1508.0,38.58000183105469,89.1500015258789,11.210000038146973,4.820000171661377,170.3000030517578,21.239999771118164,82.9000015258789,103.80000305175781,3.009999990463257,160.0,8.869999885559082,109.0999984741211,82.8499984741211,4.570000171661377,38.099998474121094,5.840000152587891,296.0,5.570000171661377,138.0,328.75,13.65999984741211,4.809999942779541,462.75,23.0,37.0,1.9800000190734863,11.40999984741211,388.0,254.0,6.949999809265137,792.5,52.70000076293945,27.360000610351562,218.0,4.590000152587891,27.8799991607666,59.29999923706055,3727.5,26.399999618530273,10.960000038146973,2.319999933242798,29.100000381469727,13.84000015258789,25.459999084472656,135.89999389648438,1001.0,34.400001525878906,15.819999694824219,2.2200000286102295,13.239999771118164,444.0,1705.0,90.8499984741211,217.10000610351562,5.03000020980835,7.150000095367432,66.05000305175781,22.600000381469727,22.139999389648438,7.320000171661377,42.79999923706055,20.6200008392334,11.369999885559082,10.359999656677246,204.60000610351562,43.400001525878906,90.1500015258789,58.45000076293945,20.31999969482422,57.650001525878906,252.25,276.75,156.8000030517578,102.80000305175781,301.25,51.45000076293945,103.4000015258789,92.75,132.5,5.800000190734863,53.849998474121094,442.0,3.859999895095825,2.0199999809265137,395.25,6.920000076293945,27.459999084472656,92.80000305175781,69.4000015258789,1.899999976158142,11.010000228881836,10.449999809265137,14396.5
2026-08-21,19.239999771118164,12.979999542236328,31.420000076293945,33.36000061035156,276.25,9.979999542236328,106.30000305175781,42.2400016784668,124.19999694824219,92.5,96.0,3.880000114440918,403.25,307.75,52.400001525878906,27.600000381469727,337.0,26.860000610351562,46.36000061035156,13.09000015258789,130.3000030517578,416.5,6.449999809265137,79.55000305175781,7.860000133514404,690.5,5.510000228881836,1.2100000381469727,83.19999694824219,24.65999984741211,45.63999938964844,1499.0,39.7400016784668,84.0,11.199999809265137,4.840000152587891,169.8000030517578,21.600000381469727,81.69999694824219,103.69999694824219,3.0299999713897705,159.5,8.829999923706055,110.4000015258789,83.25,4.599999904632568,38.13999938964844,5.920000076293945,312.0,5.460000038146973,133.60000610351562,318.5,14.609999656677246,4.789999961853027,475.75,23.420000076293945,37.040000915527344,1.9900000095367432,11.430000305175781,396.25,263.0,6.949999809265137,830.0,53.349998474121094,27.239999771118164,222.39999389648438,4.539999961853027,28.540000915527344,65.19999694824219,3960.0,26.0,10.960000038146973,2.299999952316284,29.780000686645508,13.8100004196167,24.920000076293945,137.39999389648438,1008.0,35.880001068115234,15.829999923706055,2.233333110809326,13.050000190734863,445.0,1710.0,99.1500015258789,219.5,5.150000095367432,7.119999885559082,62.79999923706055,22.399999618530273,22.079999923706055,7.329999923706055,43.0,20.579999923706055,11.350000381469727,10.380000114440918,207.5,43.0,92.4000015258789,58.95000076293945,20.280000686645508,59.0,257.75,279.75,154.8000030517578,104.30000305175781,301.0,54.54999923706055,107.80000305175781,95.5,143.3000030517578,5.820000171661377,54.849998474121094,436.0,3.9800000190734863,2.009999990463257,406.75,6.78000020980835,27.399999618530273,93.44999694824219,67.75,1.9199999570846558,10.989999771118164,10.3100004196167,14514.7998046875
2026-08-24,18.940000534057617,12.989999771118164,31.139999389648438,33.47999954223633,266.0,10.109999656677246,104.0,42.720001220703125,122.5999984741211,92.8499984741211,90.94999694824219,4.010000228881836,399.75,318.0,53.0,27.6200008392334,332.75,26.600000381469727,44.97999954223633,13.15999984741211,131.39999389648438,412.25,6.420000076293945,79.94999694824219,8.180000305175781,753.0,5.679999828338623,1.2300000190734863,79.8499984741211,25.299999237060547,45.97999954223633,1494.0,40.560001373291016,84.30000305175781,11.270000457763672,4.929999828338623,168.0,21.65999984741211,83.5,106.5999984741211,3.0299999713897705,159.0,8.880000114440918,110.5999984741211,82.94999694824219,4.590000152587891,38.18000030517578,5.769999980926514,306.5,5.369999885559082,128.5,320.75,14.520000457763672,4.809999942779541,492.25,23.239999771118164,36.84000015258789,2.0,11.699999809265137,396.0,263.5,6.96999979019165,841.0,53.75,27.520000457763672,218.8000030517578,4.860000133514404,28.8799991607666,67.5,4035.0,25.719999313354492,11.140000343322754,2.309999942779541,30.31999969482422,13.75,24.700000762939453,138.5,1007.0,35.58000183105469,15.739999771118164,2.2733330726623535,12.34000015258789,445.25,1690.0,107.30000305175781,219.8000030517578,5.400000095367432,7.110000133514404,67.44999694824219,23.899999618530273,22.299999237060547,7.289999961853027,42.0,20.799999237060547,11.34000015258789,10.279999732971191,208.39999389648438,43.599998474121094,94.25,62.599998474121094,19.899999618530273,58.849998474121094,255.0,276.0,161.89999389648438,103.0999984741211,300.5,56.400001525878906,109.5,97.30000305175781,147.0,5.829999923706055,53.400001525878906,437.75,3.940000057220459,2.0299999713897705,400.5,6.920000076293945,27.079999923706055,91.75,67.0999984741211,1.9700000286102295,11.0,10.25,14501.5
2026-08-25,18.850000381469727,12.65999984741211,30.799999237060547,35.18000030517578,265.5,10.220000267028809,105.9000015258789,41.2400016784668,124.0,92.30000305175781,93.05000305175781,4.269999980926514,403.75,335.0,52.79999923706055,27.959999084472656,319.0,26.18000030517578,44.41999816894531,12.75,129.0,417.5,6.380000114440918,78.55000305175781,8.0600004196167,722.0,5.5,1.2100000381469727,77.19999694824219,25.020000457763672,45.880001068115234,1475.0,38.65999984741211,88.4000015258789,11.649999618530273,4.949999809265137,166.0,21.020000457763672,84.0999984741211,111.0,3.059999942779541,158.0,9.210000038146973,108.0999984741211,83.94999694824219,4.519999980926514,38.2400016784668,5.570000171661377,297.5,5.389999866485596,121.5999984741211,317.5,14.289999961853027,4.78000020980835,480.5,23.15999984741211,36.380001068115234,2.0,11.859999656677246,392.0,261.25,6.869999885559082,851.5,53.599998474121094,27.65999984741211,217.5,4.730000019073486,28.68000030517578,63.79999923706055,3872.5,25.15999984741211,10.600000381469727,2.2899999618530273,30.84000015258789,13.6899995803833,24.219999313354492,137.0,1003.0,35.79999923706055,15.779999732971191,2.2200000286102295,12.350000381469727,440.0,1655.0,96.5999984741211,217.5,5.550000190734863,7.0,63.79999923706055,23.399999618530273,22.860000610351562,7.289999961853027,43.52000045776367,19.729999542236328,11.149999618530273,10.220000267028809,209.5,44.15999984741211,93.5,61.900001525878906,19.899999618530273,58.099998474121094,250.25,285.25,163.5,102.69999694824219,302.5,53.5,104.5,96.5,138.89999389648438,5.730000019073486,53.29999923706055,430.0,4.110000133514404,2.0,373.75,6.650000095367432,26.940000534057617,90.75,67.8499984741211,1.9299999475479126,10.970000267028809,10.130000114440918,14473.400390625
2026-08-26,18.899999618530273,12.680000305175781,30.920000076293945,36.15999984741211,279.0,10.319999694824219,108.5,41.41999816894531,122.80000305175781,93.3499984741211,89.19999694824219,4.289999961853027,398.25,307.0,54.650001525878906,27.5,320.5,26.84000015258789,44.34000015258789,12.920000076293945,131.39999389648438,418.25,6.460000038146973,78.8499984741211,8.0600004196167,706.0,5.559999942779541,1.2100000381469727,78.94999694824219,25.479999542236328,46.619998931884766,1495.0,38.599998474121094,91.30000305175781,12.0,4.869999885559082,166.8000030517578,21.860000610351562,85.5999984741211,111.9000015258789,3.059999942779541,156.0,9.510000228881836,115.0,87.75,4.46999979019165,38.70000076293945,5.570000171661377,301.5,5.309999942779541,125.0,318.0,14.5,4.960000038146973,484.5,23.260000228881836,37.0,1.9900000095367432,11.989999771118164,385.25,260.0,6.889999866485596,857.0,54.20000076293945,28.219999313354492,214.1999969482422,5.019999980926514,28.459999084472656,61.900001525878906,3850.0,24.520000457763672,10.729999542236328,2.2699999809265137,30.1200008392334,13.75,24.6200008392334,136.6999969482422,1010.0,35.439998626708984,15.920000076293945,2.240000009536743,12.75,437.25,1647.0,91.69999694824219,221.1999969482422,5.400000095367432,7.110000133514404,63.54999923706055,23.600000381469727,23.1200008392334,7.289999961853027,43.81999969482422,20.219999313354492,11.220000267028809,10.220000267028809,213.0,44.560001373291016,93.94999694824219,63.349998474121094,20.15999984741211,57.150001525878906,247.0,284.25,157.5,103.5,308.5,54.45000076293945,110.5,97.94999694824219,142.1999969482422,6.300000190734863,53.849998474121094,437.5,4.010000228881836,2.0299999713897705,380.0,6.639999866485596,27.0,92.19999694824219,69.30000305175781,1.9500000476837158,11.579999923706055,10.220000267028809,14610.900390625
2026-08-27,18.530000686645508,12.699999809265137,30.260000228881836,37.040000915527344,272.0,10.09000015258789,109.5999984741211,41.79999923706055,119.0999984741211,93.94999694824219,91.19999694824219,4.25,403.75,319.5,54.20000076293945,27.0,319.5,26.299999237060547,44.20000076293945,12.970000267028809,130.5,413.75,6.389999866485596,78.0999984741211,7.989999771118164,732.0,5.75,1.2100000381469727,77.5,24.899999618530273,46.15999984741211,1484.0,37.099998474121094,90.5,11.899999618530273,4.840000152587891,166.60000610351562,22.34000015258789,83.0999984741211,109.5999984741211,3.059999942779541,153.89999389648438,9.600000381469727,114.0,87.44999694824219,4.460000038146973,38.599998474121094,5.699999809265137,296.25,5.28000020980835,126.69999694824219,315.5,14.0600004196167,4.849999904632568,488.0,23.219999313354492,36.900001525878906,2.0,12.0,393.25,258.5,7.079999923706055,857.0,54.349998474121094,28.1200008392334,214.1999969482422,5.059999942779541,27.739999771118164,61.900001525878906,3800.0,25.559999465942383,10.380000114440918,2.2799999713897705,29.860000610351562,13.609999656677246,24.219999313354492,137.3000030517578,1000.0,36.060001373291016,15.789999961853027,2.240000009536743,13.3100004196167,434.0,1630.0,95.9000015258789,219.5,5.300000190734863,7.050000190734863,63.79999923706055,23.920000076293945,23.020000457763672,7.28000020980835,44.18000030517578,19.8799991607666,11.59000015258789,10.350000381469727,209.6999969482422,45.97999954223633,93.75,61.650001525878906,20.399999618530273,56.29999923706055,245.1999969482422,283.0,159.89999389648438,102.80000305175781,307.25,54.29999923706055,108.5,97.5999984741211,144.6999969482422,6.130000114440918,53.45000076293945,430.5,3.9800000190734863,2.0199999809265137,380.75,6.599999904632568,27.079999923706055,92.6500015258789,68.0999984741211,1.909999966621399,11.15999984741211,10.1899995803833,14575.5
2026-08-28,18.40999984741211,12.6899995803833,30.65999984741211,38.0,271.0,10.109999656677246,110.19999694824219,41.720001220703125,121.80000305175781,93.05000305175781,90.0,4.260000228881836,404.0,313.25,55.150001525878906,27.399999618530273,328.75,26.540000915527344,44.779998779296875,13.15999984741211,131.0,415.5,6.400000095367432,78.5,8.0,726.5,5.789999961853027,1.2999999523162842,77.6500015258789,25.0,46.63999938964844,1478.0,36.5,91.5999984741211,12.0,4.710000038146973,166.39999389648438,22.65999984741211,84.5999984741211,114.5,2.9700000286102295,154.0,9.829999923706055,117.9000015258789,89.0,4.460000038146973,39.15999984741211,5.630000114440918,298.5,5.179999828338623,120.0,315.5,13.770000457763672,4.820000171661377,497.75,23.459999084472656,36.900001525878906,2.0199999809265137,12.0,394.25,255.75,7.119999885559082,820.0,54.54999923706055,28.219999313354492,214.0,5.139999866485596,27.360000610351562,63.20000076293945,3787.5,25.5,10.720000267028809,2.299999952316284,30.100000381469727,13.869999885559082,24.3799991607666,136.3000030517578,1100.0,36.0,15.880000114440918,2.233333110809326,13.140000343322754,434.0,1617.0,92.4000015258789,218.0,5.519999980926514,7.480000019073486,67.44999694824219,24.079999923706055,23.0,7.21999979019165,44.599998474121094,20.040000915527344,11.539999961853027,10.3100004196167,212.5,47.29999923706055,93.6500015258789,59.650001525878906,20.239999771118164,57.79999923706055,247.6999969482422,283.0,157.5,103.5,307.5,53.95000076293945,108.30000305175781,97.0,146.6999969482422,6.159999847412109,53.5,430.5,4.010000228881836,2.059999942779541,396.0,6.570000171661377,26.979999542236328,91.9000015258789,67.30000305175781,1.9299999475479126,11.0,10.229999542236328,14641.599609375
2026-08-31,17.84000015258789,12.619999885559082,32.0,37.97999954223633,263.5,10.010000228881836,108.30000305175781,40.720001220703125,120.19999694824219,90.6500015258789,86.5,4.400000095367432,386.25,299.25,54.70000076293945,26.31999969482422,335.0,26.440000534057617,44.380001068115234,12.800000190734863,128.0,405.5,6.349999904632568,76.4000015258789,8.0,724.0,5.71999979019165,1.3799999952316284,75.19999694824219,25.139999389648438,44.68000030517578,1446.0,35.84000015258789,93.6500015258789,11.699999809265137,4.599999904632568,163.8000030517578,22.1200008392334,84.80000305175781,112.0,2.9100000858306885,154.0,9.880000114440918,110.0999984741211,87.4000015258789,4.289999961853027,38.779998779296875,5.46999979019165,296.25,5.0,114.0999984741211,300.0,13.460000038146973,4.590000152587891,481.75,22.639999389648438,35.900001525878906,1.9700000286102295,11.869999885559082,378.0,250.5,6.849999904632568,787.0,53.29999923706055,26.299999237060547,214.89999389648438,4.940000057220459,26.68000030517578,62.20000076293945,3880.0,24.959999084472656,10.550000190734863,2.259999990463257,29.100000381469727,13.479999542236328,23.399999618530273,134.10000610351562,1018.0,34.0,15.579999923706055,2.166666030883789,12.930000305175781,421.0,1636.0,91.6500015258789,216.10000610351562,5.829999923706055,7.320000171661377,67.05000305175781,24.020000457763672,22.479999542236328,7.170000076293945,43.400001525878906,20.059999465942383,11.930000305175781,10.699999809265137,215.39999389648438,50.79999923706055,93.19999694824219,57.900001525878906,19.989999771118164,55.400001525878906,235.8000030517578,265.0,161.0,95.05000305175781,302.25,52.900001525878906,106.9000015258789,96.5,144.6999969482422,5.909999847412109,51.099998474121094,427.5,3.9000000953674316,2.0199999809265137,400.25,6.440000057220459,28.15999984741211,89.94999694824219,66.44999694824219,1.909999966621399,10.779999732971191,10.130000114440918,14334.099609375
2026-09-01,18.079999923706055,12.539999961853027,32.380001068115234,38.5,258.5,9.970000267028809,107.9000015258789,40.0,125.0,90.25,82.3499984741211,4.079999923706055,384.5,297.0,56.900001525878906,26.299999237060547,331.5,26.100000381469727,44.5,12.920000076293945,127.0999984741211,408.25,6.25,76.05000305175781,7.849999904632568,707.0,5.889999866485596,1.2999999523162842,76.75,24.860000610351562,43.79999923706055,1452.0,36.15999984741211,95.6500015258789,11.100000381469727,4.480000019073486,164.1999969482422,21.639999389648438,82.5999984741211,108.4000015258789,2.859999895095825,151.0,10.170000076293945,110.80000305175781,88.9000015258789,4.269999980926514,37.779998779296875,5.360000133514404,294.5,4.900000095367432,111.80000305175781,300.0,13.020000457763672,4.539999961853027,471.0,22.5,35.400001525878906,1.9600000381469727,11.539999961853027,378.0,245.6999969482422,6.840000152587891,795.5,53.54999923706055,25.979999542236328,214.6999969482422,5.0,26.0,61.599998474121094,3800.0,23.299999237060547,10.449999809265137,2.2699999809265137,28.979999542236328,13.460000038146973,23.0,135.6999969482422,1004.0,35.939998626708984,15.539999961853027,2.1466660499572754,12.699999809265137,413.5,1585.0,95.19999694824219,213.0,5.5,7.46999979019165,69.0,23.540000915527344,21.700000762939453,7.110000133514404,43.880001068115234,20.420000076293945,11.75,10.270000457763672,203.39999389648438,48.279998779296875,93.19999694824219,56.70000076293945,19.610000610351562,56.54999923706055,232.6999969482422,260.25,165.0,96.55000305175781,301.5,49.36000061035156,104.0,94.4000015258789,134.6999969482422,5.849999904632568,51.54999923706055,427.25,3.8299999237060547,2.009999990463257,402.75,6.349999904632568,28.920000076293945,90.30000305175781,65.80000305175781,1.909999966621399,10.729999542236328,10.039999961853027,14229.0
2026-09-02,17.989999771118164,12.470000267028809,32.63999938964844,38.70000076293945,254.0,9.899999618530273,110.4000015258789,39.060001373291016,120.19999694824219,90.25,85.0,3.9700000286102295,380.75,293.75,55.70000076293945,26.399999618530273,325.0,26.079999923706055,44.20000076293945,12.90999984741211,126.0999984741211,406.25,6.179999828338623,76.5,7.769999980926514,694.5,5.889999866485596,1.3300000429153442,78.3499984741211,23.959999084472656,44.0,1435.0,35.65999984741211,95.0,11.350000381469727,4.429999828338623,161.6999969482422,21.579999923706055,81.5,106.5,2.890000104904175,149.89999389648438,10.5,113.19999694824219,86.80000305175781,4.21999979019165,37.599998474121094,5.190000057220459,289.0,4.869999885559082,111.5,304.25,12.920000076293945,4.53000020980835,475.75,22.200000762939453,34.84000015258789,1.9700000286102295,11.6899995803833,379.0,241.8000030517578,6.800000190734863,796.5,55.54999923706055,25.100000381469727,213.0,4.980000019073486,25.920000076293945,61.849998474121094,3750.0,22.5,10.489999771118164,2.2200000286102295,28.399999618530273,13.489999771118164,22.700000762939453,134.10000610351562,1013.0,35.02000045776367,15.5600004196167,2.140000104904175,12.84000015258789,412.25,1586.0,93.5,211.0,5.519999980926514,7.369999885559082,69.69999694824219,23.1200008392334,21.899999618530273,7.099999904632568,42.0,19.950000762939453,11.5,10.1899995803833,204.6999969482422,48.220001220703125,92.5,55.25,19.600000381469727,57.099998474121094,233.5,261.0,147.39999389648438,97.19999694824219,291.5,50.29999923706055,107.0,93.94999694824219,137.6999969482422,5.789999961853027,50.79999923706055,430.25,3.8299999237060547,1.9800000190734863,392.25,6.190000057220459,29.239999771118164,89.94999694824219,65.5,1.909999966621399,10.699999809265137,9.989999771118164,14050.599609375
2026-09-03,18.209999084472656,12.350000381469727,32.97999954223633,38.84000015258789,246.0,9.949999809265137,111.69999694824219,37.79999923706055,120.0,88.8499984741211,82.6500015258789,3.7899999618530273,380.25,289.0,54.599998474121094,25.959999084472656,335.0,25.559999465942383,44.20000076293945,12.770000457763672,124.69999694824219,412.75,6.139999866485596,74.05000305175781,7.75,688.0,5.769999980926514,1.340000033378601,78.80000305175781,23.31999969482422,43.439998626708984,1429.0,34.540000915527344,90.55000305175781,10.930000305175781,4.349999904632568,159.39999389648438,21.420000076293945,79.5999984741211,104.0999984741211,2.859999895095825,150.0,10.5,114.5,86.9000015258789,4.159999847412109,36.58000183105469,5.099999904632568,281.0,4.570000171661377,108.5,302.0,12.6899995803833,4.440000057220459,482.25,21.979999542236328,34.86000061035156,1.9500000476837158,11.399999618530273,369.75,237.8000030517578,6.630000114440918,785.5,54.349998474121094,24.68000030517578,216.39999389648438,4.769999980926514,25.68000030517578,61.849998474121094,3780.0,23.100000381469727,10.399999618530273,2.2200000286102295,27.81999969482422,13.279999732971191,21.540000915527344,133.8000030517578,1010.0,34.7599983215332,15.569999694824219,2.0999999046325684,12.399999618530273,416.0,1560.0,99.0,208.0,5.269999980926514,7.28000020980835,68.30000305175781,21.6200008392334,21.059999465942383,7.119999885559082,42.099998474121094,20.219999313354492,11.350000381469727,10.020000457763672,204.0,48.119998931884766,93.0,53.75,20.0,58.0,232.39999389648438,266.25,146.8000030517578,96.5999984741211,291.5,51.70000076293945,105.5999984741211,93.4000015258789,138.8000030517578,5.659999847412109,50.79999923706055,422.25,3.799999952316284,1.9299999475479126,391.0,5.96999979019165,28.079999923706055,88.6500015258789,65.5,1.899999976158142,10.520000457763672,9.8100004196167,13932.5
2026-09-04,18.450000762939453,12.359999656677246,32.880001068115234,39.70000076293945,245.1999969482422,9.960000038146973,112.0,38.560001373291016,119.69999694824219,91.05000305175781,85.75,3.890000104904175,388.25,311.0,54.0,26.0,325.75,25.940000534057617,44.439998626708984,12.84000015258789,125.80000305175781,415.75,6.170000076293945,74.69999694824219,7.769999980926514,715.5,5.699999809265137,1.3300000429153442,79.0,23.399999618530273,43.779998779296875,1451.0,34.279998779296875,92.44999694824219,10.699999809265137,4.46999979019165,162.89999389648438,21.799999237060547,81.75,106.19999694824219,2.9000000953674316,155.8000030517578,11.039999961853027,113.69999694824219,87.25,4.21999979019165,37.20000076293945,5.079999923706055,288.25,4.690000057220459,110.69999694824219,298.0,12.819999694824219,4.5,478.75,22.34000015258789,36.439998626708984,1.9500000476837158,11.699999809265137,371.5,244.89999389648438,6.659999847412109,765.0,55.20000076293945,23.700000762939453,215.10000610351562,4.75,26.260000228881836,62.25,3875.0,24.799999237060547,11.300000190734863,2.2200000286102295,28.200000762939453,12.970000267028809,21.940000534057617,133.60000610351562,1006.0,34.52000045776367,15.59000015258789,2.1466660499572754,12.779999732971191,426.75,1580.0,103.0999984741211,210.5,5.119999885559082,7.239999771118164,70.0,22.34000015258789,21.559999465942383,7.170000076293945,38.939998626708984,20.059999465942383,11.699999809265137,10.109999656677246,204.0,49.41999816894531,92.5999984741211,55.79999923706055,21.280000686645508,58.0,239.1999969482422,268.25,143.8000030517578,98.1500015258789,296.0,50.79999923706055,105.19999694824219,94.05000305175781,137.3000030517578,5.809999942779541,51.900001525878906,429.5,3.809999942779541,1.9900000095367432,388.5,5.980000019073486,28.920000076293945,90.44999694824219,66.0,1.899999976158142,10.520000457763672,9.859999656677246,14012.400390625
2026-09-07,18.790000915527344,12.399999618530273,34.540000915527344,38.939998626708984,249.60000610351562,9.880000114440918,113.9000015258789,39.68000030517578,120.80000305175781,93.4000015258789,83.69999694824219,3.9600000381469727,392.5,305.75,54.0,25.540000915527344,318.5,26.84000015258789,45.060001373291016,13.069999694824219,125.69999694824219,418.0,6.400000095367432,76.3499984741211,7.699999809265137,728.0,5.670000076293945,1.309999942779541,79.44999694824219,24.200000762939453,44.939998626708984,1446.0,35.13999938964844,94.30000305175781,10.600000381469727,4.550000190734863,163.5,21.81999969482422,80.6500015258789,107.0,2.9600000381469727,160.0,10.789999961853027,113.0,89.0,4.320000171661377,38.31999969482422,5.179999828338623,287.75,4.75,111.4000015258789,296.0,13.279999732971191,4.739999771118164,491.25,22.65999984741211,35.7400016784668,1.9500000476837158,11.84000015258789,408.5,248.39999389648438,6.71999979019165,750.0,59.5,23.639999389648438,219.6999969482422,4.71999979019165,26.479999542236328,61.70000076293945,3835.0,23.739999771118164,12.430000305175781,2.2799999713897705,28.5,12.869999885559082,22.559999465942383,137.0,1004.0,35.2400016784668,15.680000305175781,2.200000047683716,13.199999809265137,424.25,1578.0,99.69999694824219,215.0,5.260000228881836,7.349999904632568,66.94999694824219,23.0,21.8799991607666,7.099999904632568,38.599998474121094,22.059999465942383,12.289999961853027,10.380000114440918,196.60000610351562,44.720001220703125,94.05000305175781,57.70000076293945,20.799999237060547,58.0,241.0,269.75,139.60000610351562,99.05000305175781,296.75,51.29999923706055,105.0,93.4000015258789,138.1999969482422,5.829999923706055,52.349998474121094,432.0,3.950000047683716,2.0299999713897705,394.25,6.070000171661377,31.219999313354492,92.5999984741211,67.5,1.899999976158142,10.670000076293945,10.0,14151.599609375
2026-09-08,19.260000228881836,12.640000343322754,35.15999984741211,38.36000061035156,252.0,9.869999885559082,115.0,40.20000076293945,121.19999694824219,95.0,81.80000305175781,3.9200000762939453,390.0,294.5,54.79999923706055,25.6200008392334,324.25,28.459999084472656,45.040000915527344,13.279999732971191,128.3000030517578,420.5,6.449999809265137,78.55000305175781,7.699999809265137,728.5,5.760000228881836,1.3300000429153442,81.69999694824219,25.139999389648438,45.939998626708984,1474.0,35.41999816894531,95.80000305175781,10.510000228881836,4.639999866485596,166.6999969482422,21.760000228881836,81.25,108.69999694824219,2.990000009536743,157.6999969482422,10.819999694824219,115.30000305175781,89.6500015258789,4.400000095367432,39.91999816894531,5.190000057220459,293.75,4.75,116.5999984741211,296.0,13.229999542236328,4.789999961853027,504.0,22.959999084472656,35.47999954223633,1.9500000476837158,11.800000190734863,378.5,249.39999389648438,6.880000114440918,751.0,59.650001525878906,24.700000762939453,224.8000030517578,4.78000020980835,26.639999389648438,61.5,4062.5,22.899999618530273,12.140000343322754,2.2799999713897705,29.0,12.989999771118164,22.979999542236328,137.6999969482422,1014.0,34.7599983215332,15.869999885559082,2.240000009536743,13.420000076293945,427.0,1629.0,95.05000305175781,216.0,5.329999923706055,7.570000171661377,67.30000305175781,23.34000015258789,22.440000534057617,7.110000133514404,40.84000015258789,24.260000228881836,12.039999961853027,10.369999885559082,197.6999969482422,46.5,96.5,55.79999923706055,20.100000381469727,59.0,241.1999969482422,275.25,138.1999969482422,101.5999984741211,305.0,53.0,109.69999694824219,94.5999984741211,141.3000030517578,5.96999979019165,54.5,437.75,3.940000057220459,2.049999952316284,394.5,6.110000133514404,31.5,94.8499984741211,67.25,1.9199999570846558,10.869999885559082,10.199999809265137,14405.2998046875
2026-09-09,19.459999084472656,12.479999542236328,35.58000183105469,38.41999816894531,250.5,10.010000228881836,116.30000305175781,39.939998626708984,128.6999969482422,95.4000015258789,80.6500015258789,3.859999895095825,402.25,288.0,55.20000076293945,25.65999984741211,331.25,28.780000686645508,45.2599983215332,13.300000190734863,128.6999969482422,427.5,6.340000152587891,78.55000305175781,7.849999904632568,715.5,5.840000152587891,1.3300000429153442,80.0,25.0,45.86000061035156,1462.0,34.65999984741211,95.55000305175781,10.6899995803833,4.860000133514404,164.6999969482422,21.5,83.5,108.80000305175781,2.9800000190734863,157.6999969482422,11.09000015258789,118.5999984741211,90.3499984741211,4.400000095367432,39.08000183105469,5.21999979019165,294.0,4.78000020980835,115.0,300.0,13.229999542236328,4.690000057220459,512.0,22.920000076293945,35.439998626708984,1.9600000381469727,11.920000076293945,373.0,254.25,6.900000095367432,760.0,59.650001525878906,25.0,223.6999969482422,4.849999904632568,26.6200008392334,61.45000076293945,4032.5,22.100000381469727,12.5,2.2899999618530273,28.81999969482422,13.0,22.860000610351562,138.10000610351562,1004.0,35.18000030517578,15.680000305175781,2.25,13.220000267028809,434.75,1663.0,100.4000015258789,222.8000030517578,5.380000114440918,7.670000076293945,65.0,23.399999618530273,22.3799991607666,7.019999980926514,42.0,25.899999618530273,12.09000015258789,10.359999656677246,200.0,45.619998931884766,96.05000305175781,54.849998474121094,20.100000381469727,60.400001525878906,232.89999389648438,276.0,137.0,101.80000305175781,301.0,53.900001525878906,109.0999984741211,94.80000305175781,142.0,5.849999904632568,55.400001525878906,435.0,3.930000066757202,2.0899999141693115,414.25,6.019999980926514,30.0,96.1500015258789,67.44999694824219,1.9299999475479126,10.739999771118164,10.279999732971191,14505.5
2026-09-10,19.579999923706055,12.5,34.0,39.2400016784668,252.75,9.930000305175781,116.5999984741211,39.29999923706055,123.0999984741211,94.9000015258789,80.69999694824219,4.010000228881836,398.5,287.5,55.599998474121094,26.799999237060547,328.75,28.860000610351562,45.400001525878906,13.09000015258789,128.60000610351562,430.0,6.349999904632568,76.6500015258789,7.889999866485596,704.5,5.829999923706055,1.350000023841858,79.5,26.299999237060547,45.36000061035156,1465.0,35.31999969482422,105.0999984741211,10.600000381469727,5.019999980926514,164.5,21.639999389648438,81.80000305175781,112.0,2.990000009536743,155.0,11.470000267028809,117.0,89.75,4.409999847412109,38.97999954223633,5.210000038146973,290.25,4.679999828338623,118.19999694824219,298.5,13.15999984741211,4.679999828338623,504.5,23.139999389648438,35.29999923706055,1.9500000476837158,11.829999923706055,373.0,247.60000610351562,6.829999923706055,775.0,60.54999923706055,24.020000457763672,224.3000030517578,4.800000190734863,26.700000762939453,63.75,4000.0,21.959999084472656,13.75,2.319999933242798,29.079999923706055,12.720000267028809,22.739999771118164,143.10000610351562,1011.0,34.58000183105469,15.699999809265137,2.25,13.15999984741211,443.0,1626.0,97.05000305175781,219.60000610351562,5.420000076293945,7.480000019073486,66.5,23.3799991607666,22.15999984741211,6.989999771118164,41.02000045776367,24.979999542236328,12.199999809265137,10.319999694824219,200.5,44.0,94.80000305175781,53.54999923706055,19.700000762939453,60.599998474121094,230.89999389648438,275.25,134.6999969482422,101.5999984741211,299.25,52.45000076293945,107.80000305175781,94.75,138.8000030517578,5.800000190734863,55.349998474121094,439.75,3.8499999046325684,2.049999952316284,416.75,6.090000152587891,29.700000762939453,94.19999694824219,66.94999694824219,1.9299999475479126,10.65999984741211,10.109999656677246,14393.900390625
2026-09-11,19.739999771118164,12.520000457763672,34.20000076293945,40.540000915527344,245.0,10.199999809265137,117.4000015258789,38.939998626708984,122.0,95.80000305175781,80.44999694824219,4.079999923706055,393.75,277.75,55.95000076293945,26.760000228881836,327.75,28.0,45.099998474121094,13.069999694824219,128.8000030517578,434.75,6.289999961853027,78.44999694824219,7.769999980926514,701.0,5.869999885559082,1.3200000524520874,80.19999694824219,28.920000076293945,45.65999984741211,1463.0,35.040000915527344,102.5999984741211,10.460000038146973,4.880000114440918,165.10000610351562,21.8799991607666,85.19999694824219,112.19999694824219,2.950000047683716,153.5,12.180000305175781,117.30000305175781,91.25,4.300000190734863,39.400001525878906,5.28000020980835,303.0,4.579999923706055,115.0999984741211,298.5,13.6899995803833,4.650000095367432,502.5,22.979999542236328,34.880001068115234,1.9900000095367432,11.829999923706055,367.5,246.1999969482422,6.769999980926514,781.0,61.0,23.5,225.5,4.800000190734863,26.520000457763672,61.70000076293945,4260.0,21.81999969482422,13.329999923706055,2.319999933242798,28.540000915527344,13.59000015258789,22.559999465942383,140.89999389648438,1012.0,34.380001068115234,16.06999969482422,2.309999942779541,13.149999618530273,443.0,1788.0,94.9000015258789,222.1999969482422,5.460000038146973,7.400000095367432,66.0999984741211,23.0,22.31999969482422,6.940000057220459,41.13999938964844,24.68000030517578,11.899999618530273,10.220000267028809,201.3000030517578,44.119998931884766,95.30000305175781,53.79999923706055,19.549999237060547,61.400001525878906,234.8000030517578,274.5,135.0,103.69999694824219,300.25,53.650001525878906,108.30000305175781,94.5,140.0,5.829999923706055,60.849998474121094,436.0,3.880000114440918,2.0399999618530273,413.5,6.050000190734863,31.15999984741211,94.25,66.5999984741211,1.9500000476837158,10.59000015258789,10.100000381469727,14467.2998046875
2026-09-14,19.700000762939453,12.479999542236328,34.47999954223633,40.779998779296875,245.0,10.0,113.19999694824219,37.84000015258789,120.19999694824219,94.3499984741211,77.69999694824219,4.070000171661377,372.5,282.0,58.20000076293945,26.040000915527344,335.0,28.34000015258789,45.279998779296875,12.90999984741211,127.0,429.75,6.159999847412109,77.25,7.730000019073486,682.5,5.760000228881836,1.3200000524520874,80.6500015258789,29.780000686645508,44.84000015258789,1445.0,34.29999923706055,104.19999694824219,10.5,4.900000095367432,163.1999969482422,21.739999771118164,82.3499984741211,111.4000015258789,2.9100000858306885,154.0,12.399999618530273,114.30000305175781,89.30000305175781,4.199999809265137,38.86000061035156,5.170000076293945,292.75,4.429999828338623,118.19999694824219,295.0,14.149999618530273,4.710000038146973,478.75,22.65999984741211,34.2400016784668,2.0899999141693115,11.65999984741211,363.0,238.60000610351562,6.550000190734863,777.5,60.0,23.479999542236328,225.5,4.559999942779541,25.399999618530273,62.0,4300.0,21.31999969482422,12.510000228881836,2.299999952316284,27.860000610351562,13.520000457763672,21.940000534057617,139.5,1022.0,34.31999969482422,15.8100004196167,2.25,12.600000381469727,438.5,1684.0,98.3499984741211,219.60000610351562,5.409999847412109,7.210000038146973,66.0,22.739999771118164,21.780000686645508,6.889999866485596,40.02000045776367,23.65999984741211,11.729999542236328,10.029999732971191,198.89999389648438,44.0,94.94999694824219,51.20000076293945,19.309999465942383,60.400001525878906,231.89999389648438,268.5,131.3000030517578,102.4000015258789,295.5,52.25,105.9000015258789,93.9000015258789,136.5,5.699999809265137,57.400001525878906,426.0,3.819999933242798,2.0399999618530273,415.75,5.889999866485596,30.0,93.19999694824219,66.9000015258789,1.909999966621399,10.539999961853027,9.960000038146973,14235.7998046875
2026-09-15,18.979999542236328,12.229999542236328,33.720001220703125,41.099998474121094,240.89999389648438,9.890000343322754,109.0,36.560001373291016,114.5999984741211,91.19999694824219,74.4000015258789,3.869999885559082,377.0,270.25,56.79999923706055,25.399999618530273,326.75,27.3799991607666,43.7400016784668,12.529999732971191,123.19999694824219,415.75,6.119999885559082,75.5,7.559999942779541,647.5,5.550000190734863,1.2699999809265137,78.0,31.799999237060547,43.02000045776367,1408.0,33.58000183105469,97.19999694824219,10.5,4.75,160.3000030517578,21.34000015258789,82.5,109.4000015258789,2.869999885559082,150.89999389648438,12.699999809265137,112.80000305175781,85.80000305175781,4.269999980926514,38.2599983215332,4.980000019073486,286.75,4.260000228881836,112.30000305175781,293.0,13.479999542236328,4.599999904632568,461.0,22.1200008392334,32.900001525878906,1.9700000286102295,11.149999618530273,363.0,229.39999389648438,6.630000114440918,773.0,61.0,22.3799991607666,218.8000030517578,4.400000095367432,25.399999618530273,59.900001525878906,4122.5,20.799999237060547,12.0,2.240000009536743,27.3799991607666,13.15999984741211,21.360000610351562,134.39999389648438,1050.0,34.2400016784668,15.529999732971191,2.1600000858306885,12.399999618530273,427.25,1628.0,96.94999694824219,214.0,5.190000057220459,6.989999771118164,64.55000305175781,22.5,20.959999084472656,6.760000228881836,39.79999923706055,22.68000030517578,11.460000038146973,9.890000343322754,192.5,42.20000076293945,90.30000305175781,50.0,18.200000762939453,58.29999923706055,225.0,254.75,129.1999969482422,99.4000015258789,285.25,50.45000076293945,103.5999984741211,92.0,132.10000610351562,5.559999942779541,54.849998474121094,419.5,3.759999990463257,2.0,412.5,5.800000190734863,27.860000610351562,89.1500015258789,66.4000015258789,1.8899999856948853,10.210000038146973,9.710000038146973,13892.2998046875
2026-09-16,18.139999389648438,11.720000267028809,33.220001220703125,39.0,235.0,9.609999656677246,104.5999984741211,34.880001068115234,109.19999694824219,86.8499984741211,67.0,3.7699999809265137,360.0,267.75,54.20000076293945,23.979999542236328,314.5,25.5,40.79999923706055,12.029999732971191,119.5,405.5,5.739999771118164,71.0,7.400000095367432,637.5,5.360000133514404,1.350000023841858,76.5,30.0,40.58000183105469,1364.0,31.899999618530273,94.19999694824219,10.800000190734863,4.489999771118164,155.0,20.520000457763672,80.19999694824219,100.30000305175781,2.7799999713897705,149.0,11.9399995803833,107.30000305175781,81.94999694824219,3.869999885559082,34.779998779296875,4.710000038146973,276.25,4.119999885559082,102.80000305175781,284.0,12.979999542236328,4.369999885559082,415.0,21.260000228881836,31.299999237060547,1.850000023841858,10.59000015258789,349.5,218.3000030517578,6.320000171661377,781.0,57.29999923706055,21.81999969482422,206.5,4.059999942779541,24.040000915527344,57.5,4017.5,19.780000686645508,11.5600004196167,2.0999999046325684,25.600000381469727,12.34000015258789,20.219999313354492,127.4000015258789,990.0,32.65999984741211,14.819999694824219,2.0,12.399999618530273,414.5,1570.0,93.5,210.39999389648438,4.800000190734863,6.880000114440918,60.400001525878906,21.899999618530273,19.399999618530273,6.579999923706055,38.599998474121094,20.979999542236328,11.050000190734863,9.4399995803833,190.0,42.599998474121094,84.30000305175781,48.18000030517578,18.09000015258789,56.25,226.89999389648438,252.5,126.0999984741211,95.75,273.0,47.34000015258789,99.05000305175781,89.9000015258789,125.0999984741211,5.230000019073486,49.84000015258789,409.5,3.8399999141693115,1.909999966621399,401.75,5.380000114440918,28.200000762939453,85.25,64.9000015258789,1.7599999904632568,10.130000114440918,9.039999961853027,13122.599609375
2026-09-17,19.079999923706055,11.899999618530273,34.880001068115234,40.97999954223633,238.8000030517578,9.5600004196167,109.5,33.79999923706055,114.9000015258789,89.75,60.29999923706055,3.819999933242798,379.75,265.0,55.04999923706055,24.459999084472656,320.0,25.8799991607666,42.29999923706055,12.300000190734863,120.4000015258789,418.0,5.800000190734863,75.0,7.199999809265137,666.0,5.360000133514404,1.25,80.4000015258789,32.0,42.099998474121094,1417.0,31.440000534057617,99.9000015258789,11.880000114440918,4.460000038146973,156.89999389648438,20.860000610351562,82.75,102.4000015258789,2.7899999618530273,145.0,12.65999984741211,111.5,85.75,4.03000020980835,36.13999938964844,4.760000228881836,284.5,4.039999961853027,100.30000305175781,276.0,13.479999542236328,4.320000171661377,429.25,21.5,32.70000076293945,1.8300000429153442,10.819999694824219,342.5,224.0,6.150000095367432,782.0,62.099998474121094,23.399999618530273,218.6999969482422,4.0,24.1200008392334,58.70000076293945,3977.5,19.799999237060547,11.880000114440918,2.059999942779541,25.899999618530273,13.100000381469727,22.239999771118164,138.39999389648438,987.0,32.779998779296875,15.0600004196167,1.9600000381469727,12.0,435.0,1587.0,84.1500015258789,209.89999389648438,4.730000019073486,7.059999942779541,63.400001525878906,22.360000610351562,20.420000076293945,6.440000057220459,38.29999923706055,21.540000915527344,11.199999809265137,9.470000267028809,191.3000030517578,42.939998626708984,90.5999984741211,46.68000030517578,18.43000030517578,57.150001525878906,231.5,273.75,132.6999969482422,99.1500015258789,289.25,49.560001373291016,103.80000305175781,92.0,132.0,5.349999904632568,52.79999923706055,419.0,3.640000104904175,1.899999976158142,412.0,5.300000190734863,27.200000762939453,89.5999984741211,65.0999984741211,1.7999999523162842,10.010000228881836,9.029999732971191,13509.7998046875
2026-09-18,18.790000915527344,11.550000190734863,34.060001373291016,41.7599983215332,229.0,9.270000457763672,107.80000305175781,33.560001373291016,107.0999984741211,87.1500015258789,61.400001525878906,3.5899999141693115,372.75,250.0,54.099998474121094,23.719999313354492,324.25,24.399999618530273,41.619998931884766,11.949999809265137,117.0,419.75,5.519999980926514,73.4000015258789,6.860000133514404,655.5,5.050000190734863,1.2300000190734863,80.0,30.219999313354492,41.31999969482422,1385.0,30.0,99.0999984741211,11.140000343322754,4.400000095367432,154.60000610351562,20.200000762939453,80.55000305175781,101.5,2.690000057220459,130.5,12.850000381469727,108.0,85.3499984741211,4.0,36.41999816894531,4.5,267.0,4.059999942779541,97.4000015258789,266.0,12.75,4.170000076293945,443.5,21.479999542236328,30.3799991607666,1.7400000095367432,10.489999771118164,331.0,213.5,6.380000114440918,795.0,61.650001525878906,23.15999984741211,214.6999969482422,4.059999942779541,23.1200008392334,56.349998474121094,3852.5,19.15999984741211,11.5,2.0799999237060547,26.299999237060547,12.479999542236328,22.299999237060547,143.5,942.0,30.700000762939453,14.430000305175781,1.9199999570846558,10.800000190734863,436.75,1544.0,81.44999694824219,204.1999969482422,4.389999866485596,6.769999980926514,60.900001525878906,22.200000762939453,20.200000762939453,6.21999979019165,37.41999816894531,21.440000534057617,10.8100004196167,9.15999984741211,190.39999389648438,46.599998474121094,88.05000305175781,45.939998626708984,18.530000686645508,58.79999923706055,230.0,276.25,129.39999389648438,97.19999694824219,285.5,50.20000076293945,102.4000015258789,91.80000305175781,130.5,5.179999828338623,52.45000076293945,427.25,3.4100000858306885,1.840000033378601,417.25,5.039999961853027,25.440000534057617,87.5,63.25,1.7300000190734863,9.710000038146973,8.600000381469727,13284.400390625
2026-09-21,19.200000762939453,11.300000190734863,34.02000045776367,41.599998474121094,228.5,9.489999771118164,107.4000015258789,33.040000915527344,104.5999984741211,86.9000015258789,62.0,3.430000066757202,378.0,244.5,54.0,22.940000534057617,311.5,23.559999465942383,41.65999984741211,11.569999694824219,113.0,433.0,5.380000114440918,71.25,6.619999885559082,659.0,5.039999961853027,1.1100000143051147,80.0999984741211,30.420000076293945,41.720001220703125,1418.0,29.81999969482422,96.69999694824219,10.029999732971191,4.150000095367432,154.5,19.84000015258789,80.9000015258789,99.0,2.5999999046325684,135.0,11.84000015258789,109.0,86.30000305175781,3.9800000190734863,37.380001068115234,4.579999923706055,260.0,4.079999923706055,97.19999694824219,267.75,12.199999809265137,4.070000171661377,443.5,20.799999237060547,30.739999771118164,1.6699999570846558,10.5,318.5,213.0,6.360000133514404,748.5,62.400001525878906,24.100000381469727,222.3000030517578,4.050000190734863,23.3799991607666,57.0,3572.5,19.010000228881836,11.5600004196167,2.0299999713897705,26.100000381469727,12.140000343322754,22.3799991607666,138.8000030517578,906.5,30.700000762939453,14.460000038146973,1.940000057220459,9.949999809265137,439.25,1485.0,78.0,203.60000610351562,4.25,6.610000133514404,59.650001525878906,22.420000076293945,20.360000610351562,6.360000133514404,39.34000015258789,21.299999237060547,10.3100004196167,8.979999542236328,190.39999389648438,48.0,90.55000305175781,46.040000915527344,18.34000015258789,58.599998474121094,226.39999389648438,279.25,130.5,99.9000015258789,293.5,51.150001525878906,105.5,92.9000015258789,129.6999969482422,5.119999885559082,53.400001525878906,406.0,3.6600000858306885,2.0199999809265137,414.75,4.949999809265137,24.940000534057617,87.19999694824219,63.0,1.7599999904632568,9.300000190734863,8.5,13337.7001953125
2026-09-22,18.829999923706055,11.399999618530273,34.13999938964844,44.0,229.0,9.40999984741211,108.80000305175781,33.880001068115234,99.5999984741211,88.0,66.6500015258789,3.700000047683716,374.5,241.8000030517578,54.150001525878906,23.799999237060547,301.75,24.0,41.20000076293945,11.640000343322754,115.0,430.25,5.5,73.30000305175781,6.75,669.0,5.210000038146973,1.1699999570846558,78.5999984741211,27.3799991607666,42.91999816894531,1429.0,29.219999313354492,102.19999694824219,9.029999732971191,4.230000019073486,158.5,20.260000228881836,81.0999984741211,104.5999984741211,2.680000066757202,139.3000030517578,12.609999656677246,109.0999984741211,86.75,4.079999923706055,37.81999969482422,4.559999942779541,258.5,4.230000019073486,99.0,279.25,12.399999618530273,4.170000076293945,440.0,21.3799991607666,31.15999984741211,1.6699999570846558,10.8100004196167,319.0,214.89999389648438,6.260000228881836,752.0,62.400001525878906,24.8799991607666,221.10000610351562,4.150000095367432,23.81999969482422,56.0,3705.0,19.389999389648438,11.75,2.130000114440918,25.84000015258789,12.25,22.799999237060547,145.89999389648438,914.5,28.059999465942383,14.59000015258789,1.909999966621399,9.680000305175781,437.75,1500.0,75.9000015258789,206.1999969482422,4.340000152587891,6.650000095367432,59.400001525878906,22.6200008392334,21.18000030517578,6.369999885559082,41.97999954223633,20.920000076293945,10.40999984741211,8.979999542236328,200.0,48.58000183105469,91.1500015258789,47.439998626708984,18.479999542236328,57.599998474121094,227.10000610351562,278.0,129.1999969482422,100.30000305175781,298.0,50.04999923706055,106.30000305175781,93.0,137.89999389648438,5.150000095367432,54.099998474121094,411.0,3.9700000286102295,2.130000114440918,397.0,5.079999923706055,24.719999313354492,88.5999984741211,64.5,1.7400000095367432,9.390000343322754,8.970000267028809,13198.7998046875
2026-09-23,18.81999969482422,11.25,34.84000015258789,44.20000076293945,226.89999389648438,9.470000267028809,109.19999694824219,33.7599983215332,100.0,88.30000305175781,67.0,3.8499999046325684,381.5,254.75,54.04999923706055,24.0,309.0,23.81999969482422,41.5,12.050000190734863,114.4000015258789,433.75,5.480000019073486,73.0,6.760000228881836,667.5,5.170000076293945,1.1699999570846558,77.8499984741211,24.65999984741211,42.7400016784668,1418.0,29.700000762939453,101.4000015258789,9.119999885559082,4.150000095367432,158.10000610351562,20.239999771118164,82.69999694824219,102.19999694824219,2.7100000381469727,143.6999969482422,13.029999732971191,109.0999984741211,88.44999694824219,4.150000095367432,38.540000915527344,4.710000038146973,284.25,4.239999771118164,99.4000015258789,275.0,12.25,4.090000152587891,448.25,21.1200008392334,31.139999389648438,1.6799999475479126,10.729999542236328,321.25,216.5,6.25,744.0,63.099998474121094,24.260000228881836,221.10000610351562,3.930000066757202,23.700000762939453,55.0,3925.0,18.8799991607666,12.449999809265137,2.0999999046325684,25.520000457763672,12.109999656677246,22.760000228881836,143.5,930.0,27.780000686645508,14.430000305175781,1.8600000143051147,10.34000015258789,433.25,1540.0,77.8499984741211,205.3000030517578,4.480000019073486,6.900000095367432,59.45000076293945,22.899999618530273,21.15999984741211,6.28000020980835,39.040000915527344,23.0,10.859999656677246,9.0600004196167,197.60000610351562,49.31999969482422,91.0999984741211,46.97999954223633,18.780000686645508,58.54999923706055,222.5,281.0,128.0,100.80000305175781,298.5,50.150001525878906,105.19999694824219,92.5999984741211,142.8000030517578,5.199999809265137,54.5,413.75,4.090000152587891,2.3399999141693115,411.0,5.579999923706055,26.5,90.1500015258789,63.849998474121094,1.75,9.649999618530273,8.90999984741211,13251.900390625
2026-09-24,18.690000534057617,11.229999542236328,34.099998474121094,44.2400016784668,223.5,9.470000267028809,105.0,32.97999954223633,96.69999694824219,86.44999694824219,63.29999923706055,3.6600000858306885,367.75,237.6999969482422,53.75,23.520000457763672,305.5,23.020000457763672,41.119998931884766,11.600000381469727,110.4000015258789,422.75,5.289999961853027,71.3499984741211,6.400000095367432,647.0,5.050000190734863,1.1299999952316284,77.0,22.200000762939453,42.29999923706055,1382.0,27.979999542236328,96.0,9.430000305175781,4.050000190734863,155.39999389648438,20.079999923706055,80.6500015258789,99.75,2.619999885559082,144.0,13.039999961853027,105.9000015258789,86.4000015258789,4.210000038146973,37.939998626708984,4.389999866485596,276.0,4.039999961853027,94.4000015258789,268.75,12.0600004196167,4.039999961853027,430.25,20.600000381469727,30.68000030517578,1.6299999952316284,10.359999656677246,313.75,214.5,6.019999980926514,715.0,62.45000076293945,23.84000015258789,216.0,3.75,23.020000457763672,52.599998474121094,3785.0,20.280000686645508,11.399999618530273,2.1700000762939453,25.420000076293945,11.6899995803833,22.200000762939453,139.8000030517578,915.0,27.020000457763672,14.050000190734863,1.7999999523162842,10.350000381469727,426.5,1505.0,78.75,207.10000610351562,4.409999847412109,6.849999904632568,58.599998474121094,22.559999465942383,20.899999618530273,6.0,37.91999816894531,22.0,10.5,9.210000038146973,195.10000610351562,49.2599983215332,88.19999694824219,44.540000915527344,19.0,57.5,215.0,272.0,127.9000015258789,99.44999694824219,288.5,48.400001525878906,101.30000305175781,91.0,138.10000610351562,5.139999866485596,54.54999923706055,407.5,3.9800000190734863,2.3299999237060547,410.75,5.550000190734863,24.8799991607666,87.5,62.150001525878906,1.7000000476837158,9.25,8.550000190734863,12888.2998046875
2026-09-25,18.829999923706055,11.149999618530273,34.0,44.2599983215332,227.3000030517578,9.40999984741211,107.0,32.939998626708984,99.25,85.80000305175781,67.0,3.680000066757202,372.25,244.10000610351562,53.29999923706055,24.3799991607666,299.25,23.260000228881836,40.91999816894531,11.59000015258789,110.80000305175781,424.75,5.360000133514404,72.4000015258789,6.369999885559082,672.0,5.059999942779541,1.1399999856948853,77.9000015258789,20.239999771118164,42.79999923706055,1400.0,27.979999542236328,97.75,10.279999732971191,4.099999904632568,154.60000610351562,20.139999389648438,80.6500015258789,102.0,2.609999895095825,140.0,13.510000228881836,107.30000305175781,86.44999694824219,4.179999828338623,37.7400016784668,4.519999980926514,277.0,4.369999885559082,95.80000305175781,271.25,12.479999542236328,4.190000057220459,458.0,21.020000457763672,31.1200008392334,1.690000057220459,10.609999656677246,315.25,212.60000610351562,6.110000133514404,706.0,63.45000076293945,23.760000228881836,216.5,3.7699999809265137,22.940000534057617,53.150001525878906,3782.5,19.520000457763672,11.800000190734863,2.130000114440918,25.200000762939453,12.279999732971191,23.899999618530273,140.0,900.0,26.899999618530273,14.029999732971191,1.840000033378601,10.649999618530273,427.0,1491.0,79.0,206.89999389648438,4.460000038146973,7.050000190734863,60.20000076293945,22.84000015258789,21.100000381469727,6.179999828338623,39.2400016784668,21.059999465942383,10.5,9.180000305175781,193.8000030517578,49.900001525878906,88.25,45.279998779296875,19.040000915527344,57.25,220.1999969482422,272.75,127.5999984741211,99.94999694824219,290.75,49.84000015258789,105.0,91.19999694824219,140.39999389648438,5.070000171661377,54.650001525878906,407.0,4.369999885559082,2.2899999618530273,406.0,6.0,25.18000030517578,88.0999984741211,62.400001525878906,1.690000057220459,9.109999656677246,8.699999809265137,12899.349609375
